[INFO] Scanning for projects...
[INFO] ------------------------------------------------------------------------
[INFO] Reactor Build Order:
[INFO] 
[INFO] WTA-Plus                                                           [pom]
[INFO] wta-common                                                         [pom]
[INFO] wta-common-core                                                    [jar]
[INFO] wta-common-doc                                                     [jar]
[INFO] wta-common-json                                                    [jar]
[INFO] wta-common-redis                                                   [jar]
[INFO] wta-common-social                                                  [jar]
[INFO] wta-common-nacos                                                   [jar]
[INFO] wta-common-notify                                                  [jar]
[INFO] wta-common-mail                                                    [jar]
[INFO] wta-common-mcp                                                     [jar]
[INFO] wta-api                                                            [jar]
[INFO] wta-common-satoken                                                 [jar]
[INFO] wta-common-openapi                                                 [jar]
[INFO] wta-common-mybatis                                                 [jar]
[INFO] wta-common-translation                                             [jar]
[INFO] wta-common-oss                                                     [jar]
[INFO] wta-common-log                                                     [jar]
[INFO] wta-common-excel                                                   [jar]
[INFO] wta-common-sms                                                     [jar]
[INFO] wta-common-security                                                [jar]
[INFO] wta-common-web                                                     [jar]
[INFO] wta-common-sensitive                                               [jar]
[INFO] wta-common-encrypt                                                 [jar]
[INFO] wta-common-push                                                    [jar]
[INFO] wta-modules                                                        [pom]
[INFO] wta-system                                                         [jar]
[INFO] wta-third                                                          [jar]
[INFO] wta-notify                                                         [jar]
[INFO] wta-sso                                                            [jar]
[INFO] wta-common-job                                                     [jar]
[INFO] wta-job                                                            [jar]
[INFO] wta-common-ai                                                      [jar]
[INFO] wta-ai                                                             [jar]
[INFO] wta-common-richtext                                                [jar]
[INFO] wta-common-elasticsearch                                           [jar]
[INFO] wta-common-mqtt                                                    [jar]
[INFO] wta-demo                                                           [jar]
[INFO] wta-common-liteflow                                                [jar]
[INFO] wta-workflow                                                       [jar]
[INFO] wta-profile                                                        [pom]
[INFO] wta-profile-person                                                 [jar]
[INFO] wta-profile-enterprise                                             [jar]
[INFO] wta-admin                                                          [jar]
[INFO] wta-common-bom                                                     [pom]
[INFO] wta-extend                                                         [pom]
[INFO] wta-monitor-admin                                                  [jar]
[INFO] wta-snailjob-server                                                [jar]
[INFO] wta-profile-bom                                                    [pom]
[INFO] 
[INFO] ----------------------< org.namewta:wta-vue-plus >----------------------
[INFO] Building WTA-Plus 6.0.0                                           [1/49]
[INFO]   from pom.xml
[INFO] --------------------------------[ pom ]---------------------------------
[INFO] 
[INFO] --- flatten:1.7.3:flatten (flatten) @ wta-vue-plus ---
[INFO] Generating flattened POM of project org.namewta:wta-vue-plus:pom:6.0.0...
[INFO] 
[INFO] -----------------------< org.namewta:wta-common >-----------------------
[INFO] Building wta-common 6.0.0                                         [2/49]
[INFO]   from wta-common/pom.xml
[INFO] --------------------------------[ pom ]---------------------------------
[INFO] 
[INFO] --- flatten:1.7.3:flatten (flatten) @ wta-common ---
[INFO] Generating flattened POM of project org.namewta:wta-common:pom:6.0.0...
[INFO] 
[INFO] --------------------< org.namewta:wta-common-core >---------------------
[INFO] Building wta-common-core 6.0.0                                    [3/49]
[INFO]   from wta-common/wta-common-core/pom.xml
[INFO] --------------------------------[ jar ]---------------------------------
[INFO] 
[INFO] --- resources:3.3.1:resources (default-resources) @ wta-common-core ---
[INFO] Copying 1 resource from src/main/resources to target/classes
[INFO] Copying 0 resource from src/main/resources to target/classes
[INFO] 
[INFO] --- flatten:1.7.3:flatten (flatten) @ wta-common-core ---
[INFO] Generating flattened POM of project org.namewta:wta-common-core:jar:6.0.0...
[INFO] 
[INFO] --- compiler:3.15.0:compile (default-compile) @ wta-common-core ---
[INFO] Nothing to compile - all classes are up to date.
[INFO] 
[INFO] --- resources:3.3.1:testResources (default-testResources) @ wta-common-core ---
[INFO] skip non existing resourceDirectory /srv/WTA-plus/backend/wta-common/wta-common-core/src/test/resources
[INFO] 
[INFO] --- compiler:3.15.0:testCompile (default-testCompile) @ wta-common-core ---
[INFO] Nothing to compile - all classes are up to date.
[INFO] 
[INFO] --- surefire:3.5.5:test (default-test) @ wta-common-core ---
[INFO] Using auto detected provider org.apache.maven.surefire.junitplatform.JUnitPlatformProvider
[INFO] 
[INFO] -------------------------------------------------------
[INFO]  T E S T S
[INFO] -------------------------------------------------------
[INFO] Running org.namewta.common.core.utils.ServletUtilsClientAddressTest
[INFO] Tests run: 1, Failures: 0, Errors: 0, Skipped: 0, Time elapsed: 0.102 s -- in org.namewta.common.core.utils.ServletUtilsClientAddressTest
[INFO] 
[INFO] Results:
[INFO] 
[INFO] Tests run: 1, Failures: 0, Errors: 0, Skipped: 0
[INFO] 
[INFO] 
[INFO] ---------------------< org.namewta:wta-common-doc >---------------------
[INFO] Building wta-common-doc 6.0.0                                     [4/49]
[INFO]   from wta-common/wta-common-doc/pom.xml
[INFO] --------------------------------[ jar ]---------------------------------
[INFO] 
[INFO] --- resources:3.3.1:resources (default-resources) @ wta-common-doc ---
[INFO] Copying 1 resource from src/main/resources to target/classes
[INFO] Copying 0 resource from src/main/resources to target/classes
[INFO] 
[INFO] --- flatten:1.7.3:flatten (flatten) @ wta-common-doc ---
[INFO] Generating flattened POM of project org.namewta:wta-common-doc:jar:6.0.0...
[INFO] 
[INFO] --- compiler:3.15.0:compile (default-compile) @ wta-common-doc ---
[INFO] Nothing to compile - all classes are up to date.
[INFO] 
[INFO] --- resources:3.3.1:testResources (default-testResources) @ wta-common-doc ---
[INFO] skip non existing resourceDirectory /srv/WTA-plus/backend/wta-common/wta-common-doc/src/test/resources
[INFO] 
[INFO] --- compiler:3.15.0:testCompile (default-testCompile) @ wta-common-doc ---
[INFO] No sources to compile
[INFO] 
[INFO] --- surefire:3.5.5:test (default-test) @ wta-common-doc ---
[INFO] No tests to run.
[INFO] 
[INFO] --------------------< org.namewta:wta-common-json >---------------------
[INFO] Building wta-common-json 6.0.0                                    [5/49]
[INFO]   from wta-common/wta-common-json/pom.xml
[INFO] --------------------------------[ jar ]---------------------------------
[INFO] 
[INFO] --- resources:3.3.1:resources (default-resources) @ wta-common-json ---
[INFO] Copying 1 resource from src/main/resources to target/classes
[INFO] Copying 0 resource from src/main/resources to target/classes
[INFO] 
[INFO] --- flatten:1.7.3:flatten (flatten) @ wta-common-json ---
[INFO] Generating flattened POM of project org.namewta:wta-common-json:jar:6.0.0...
[INFO] 
[INFO] --- compiler:3.15.0:compile (default-compile) @ wta-common-json ---
[INFO] Nothing to compile - all classes are up to date.
[INFO] 
[INFO] --- resources:3.3.1:testResources (default-testResources) @ wta-common-json ---
[INFO] skip non existing resourceDirectory /srv/WTA-plus/backend/wta-common/wta-common-json/src/test/resources
[INFO] 
[INFO] --- compiler:3.15.0:testCompile (default-testCompile) @ wta-common-json ---
[INFO] Nothing to compile - all classes are up to date.
[INFO] 
[INFO] --- surefire:3.5.5:test (default-test) @ wta-common-json ---
[INFO] Using auto detected provider org.apache.maven.surefire.junitplatform.JUnitPlatformProvider
[INFO] 
[INFO] -------------------------------------------------------
[INFO]  T E S T S
[INFO] -------------------------------------------------------
[INFO] Running org.namewta.common.json.utils.LogSanitizerTest
[INFO] Tests run: 11, Failures: 0, Errors: 0, Skipped: 0, Time elapsed: 0.320 s -- in org.namewta.common.json.utils.LogSanitizerTest
[INFO] 
[INFO] Results:
[INFO] 
[INFO] Tests run: 11, Failures: 0, Errors: 0, Skipped: 0
[INFO] 
[INFO] 
[INFO] --------------------< org.namewta:wta-common-redis >--------------------
[INFO] Building wta-common-redis 6.0.0                                   [6/49]
[INFO]   from wta-common/wta-common-redis/pom.xml
[INFO] --------------------------------[ jar ]---------------------------------
[INFO] 
[INFO] --- resources:3.3.1:resources (default-resources) @ wta-common-redis ---
[INFO] Copying 2 resources from src/main/resources to target/classes
[INFO] Copying 0 resource from src/main/resources to target/classes
[INFO] 
[INFO] --- flatten:1.7.3:flatten (flatten) @ wta-common-redis ---
[INFO] Generating flattened POM of project org.namewta:wta-common-redis:jar:6.0.0...
[INFO] 
[INFO] --- compiler:3.15.0:compile (default-compile) @ wta-common-redis ---
[INFO] Nothing to compile - all classes are up to date.
[INFO] 
[INFO] --- resources:3.3.1:testResources (default-testResources) @ wta-common-redis ---
[INFO] skip non existing resourceDirectory /srv/WTA-plus/backend/wta-common/wta-common-redis/src/test/resources
[INFO] 
[INFO] --- compiler:3.15.0:testCompile (default-testCompile) @ wta-common-redis ---
[INFO] Nothing to compile - all classes are up to date.
[INFO] 
[INFO] --- surefire:3.5.5:test (default-test) @ wta-common-redis ---
[INFO] Using auto detected provider org.apache.maven.surefire.junitplatform.JUnitPlatformProvider
[INFO] 
[INFO] -------------------------------------------------------
[INFO]  T E S T S
[INFO] -------------------------------------------------------
[INFO] Running org.namewta.common.redis.utils.RedisUtilsDeadlineIntegrationTest
[WARNING] Tests run: 2, Failures: 0, Errors: 0, Skipped: 2, Time elapsed: 0.011 s -- in org.namewta.common.redis.utils.RedisUtilsDeadlineIntegrationTest
[INFO] Running org.namewta.common.redis.aspectj.RepeatSubmitRedisIntegrationTest
[INFO] Tests run: 0, Failures: 0, Errors: 0, Skipped: 0, Time elapsed: 0.046 s -- in org.namewta.common.redis.aspectj.RepeatSubmitRedisIntegrationTest
[INFO] 
[INFO] Results:
[INFO] 
[INFO] Tests run: 2, Failures: 0, Errors: 0, Skipped: 2
[INFO] 
[INFO] 
[INFO] -------------------< org.namewta:wta-common-social >--------------------
[INFO] Building wta-common-social 6.0.0                                  [7/49]
[INFO]   from wta-common/wta-common-social/pom.xml
[INFO] --------------------------------[ jar ]---------------------------------
[INFO] 
[INFO] --- resources:3.3.1:resources (default-resources) @ wta-common-social ---
[INFO] Copying 1 resource from src/main/resources to target/classes
[INFO] Copying 0 resource from src/main/resources to target/classes
[INFO] 
[INFO] --- flatten:1.7.3:flatten (flatten) @ wta-common-social ---
[INFO] Generating flattened POM of project org.namewta:wta-common-social:jar:6.0.0...
[INFO] 
[INFO] --- compiler:3.15.0:compile (default-compile) @ wta-common-social ---
[INFO] Nothing to compile - all classes are up to date.
[INFO] 
[INFO] --- resources:3.3.1:testResources (default-testResources) @ wta-common-social ---
[INFO] skip non existing resourceDirectory /srv/WTA-plus/backend/wta-common/wta-common-social/src/test/resources
[INFO] 
[INFO] --- compiler:3.15.0:testCompile (default-testCompile) @ wta-common-social ---
[INFO] No sources to compile
[INFO] 
[INFO] --- surefire:3.5.5:test (default-test) @ wta-common-social ---
[INFO] No tests to run.
[INFO] 
[INFO] --------------------< org.namewta:wta-common-nacos >--------------------
[INFO] Building wta-common-nacos 6.0.0                                   [8/49]
[INFO]   from wta-common/wta-common-nacos/pom.xml
[INFO] --------------------------------[ jar ]---------------------------------
[INFO] 
[INFO] --- resources:3.3.1:resources (default-resources) @ wta-common-nacos ---
[INFO] Copying 2 resources from src/main/resources to target/classes
[INFO] Copying 0 resource from src/main/resources to target/classes
[INFO] 
[INFO] --- flatten:1.7.3:flatten (flatten) @ wta-common-nacos ---
[INFO] Generating flattened POM of project org.namewta:wta-common-nacos:jar:6.0.0...
[INFO] 
[INFO] --- compiler:3.15.0:compile (default-compile) @ wta-common-nacos ---
[INFO] Nothing to compile - all classes are up to date.
[INFO] 
[INFO] --- resources:3.3.1:testResources (default-testResources) @ wta-common-nacos ---
[INFO] skip non existing resourceDirectory /srv/WTA-plus/backend/wta-common/wta-common-nacos/src/test/resources
[INFO] 
[INFO] --- compiler:3.15.0:testCompile (default-testCompile) @ wta-common-nacos ---
[INFO] Nothing to compile - all classes are up to date.
[INFO] 
[INFO] --- surefire:3.5.5:test (default-test) @ wta-common-nacos ---
[INFO] Using auto detected provider org.apache.maven.surefire.junitplatform.JUnitPlatformProvider
[INFO] 
[INFO] -------------------------------------------------------
[INFO]  T E S T S
[INFO] -------------------------------------------------------
[INFO] Running org.namewta.common.nacos.NacosConfigBootstrapTest
12:42:57.589 [main] WARN org.namewta.common.nacos.NacosConfigBootstrap -- Nacos 配置启动读取失败，已使用本地配置并等待服务恢复，profile=local dataId=wta-namewta.yml
[INFO] Tests run: 1, Failures: 0, Errors: 0, Skipped: 0, Time elapsed: 0.217 s -- in org.namewta.common.nacos.NacosConfigBootstrapTest
[INFO] Running org.namewta.common.nacos.NacosConfigManagerTest
[INFO] Tests run: 9, Failures: 0, Errors: 0, Skipped: 0, Time elapsed: 0.157 s -- in org.namewta.common.nacos.NacosConfigManagerTest
[INFO] Running org.namewta.common.nacos.NacosConfigAutoConfigurationTest
[INFO] Tests run: 1, Failures: 0, Errors: 0, Skipped: 0, Time elapsed: 0.147 s -- in org.namewta.common.nacos.NacosConfigAutoConfigurationTest
[INFO] Running org.namewta.common.nacos.NacosSnapshotPolicyUnitTest
12:42:57.974 [main] INFO com.alibaba.nacos.client.logging.NacosLogging -- Nacos Logging Adapter Builder: com.alibaba.nacos.logger.adapter.logback12.LogbackNacosLoggingAdapterBuilder
12:42:57.978 [main] INFO com.alibaba.nacos.client.logging.NacosLogging -- Nacos Logging Adapter Builder: com.alibaba.nacos.logger.adapter.logback14.LogbackNacosLoggingAdapterBuilder
12:42:57.978 [main] INFO com.alibaba.nacos.client.logging.NacosLogging -- Nacos Logging Adapter: com.alibaba.nacos.logger.adapter.logback14.LogbackNacosLoggingAdapter match ch.qos.logback.classic.Logger success.
12:42:57.983 [main] INFO com.alibaba.nacos.client.logging.NacosLogging -- Nacos Logging Adapter Builder: com.alibaba.nacos.logger.adapter.log4j2.Log4j2NacosLoggingAdapterBuilder
[INFO] Tests run: 1, Failures: 0, Errors: 0, Skipped: 0, Time elapsed: 0.145 s -- in org.namewta.common.nacos.NacosSnapshotPolicyUnitTest
[INFO] Running org.namewta.common.nacos.NacosConfigSettingsTest
[INFO] Tests run: 2, Failures: 0, Errors: 0, Skipped: 0, Time elapsed: 0.003 s -- in org.namewta.common.nacos.NacosConfigSettingsTest
[INFO] Running org.namewta.common.nacos.NacosPropertySourceRegistrarTest
[INFO] Tests run: 2, Failures: 0, Errors: 0, Skipped: 0, Time elapsed: 0.006 s -- in org.namewta.common.nacos.NacosPropertySourceRegistrarTest
[INFO] 
[INFO] Results:
[INFO] 
[INFO] Tests run: 16, Failures: 0, Errors: 0, Skipped: 0
[INFO] 
[INFO] 
[INFO] -------------------< org.namewta:wta-common-notify >--------------------
[INFO] Building wta-common-notify 6.0.0                                  [9/49]
[INFO]   from wta-common/wta-common-notify/pom.xml
[INFO] --------------------------------[ jar ]---------------------------------
[INFO] 
[INFO] --- resources:3.3.1:resources (default-resources) @ wta-common-notify ---
[INFO] Copying 1 resource from src/main/resources to target/classes
[INFO] Copying 0 resource from src/main/resources to target/classes
[INFO] 
[INFO] --- flatten:1.7.3:flatten (flatten) @ wta-common-notify ---
[INFO] Generating flattened POM of project org.namewta:wta-common-notify:jar:6.0.0...
[INFO] 
[INFO] --- compiler:3.15.0:compile (default-compile) @ wta-common-notify ---
[INFO] Nothing to compile - all classes are up to date.
[INFO] 
[INFO] --- resources:3.3.1:testResources (default-testResources) @ wta-common-notify ---
[INFO] skip non existing resourceDirectory /srv/WTA-plus/backend/wta-common/wta-common-notify/src/test/resources
[INFO] 
[INFO] --- compiler:3.15.0:testCompile (default-testCompile) @ wta-common-notify ---
[INFO] No sources to compile
[INFO] 
[INFO] --- surefire:3.5.5:test (default-test) @ wta-common-notify ---
[INFO] No tests to run.
[INFO] 
[INFO] --------------------< org.namewta:wta-common-mail >---------------------
[INFO] Building wta-common-mail 6.0.0                                   [10/49]
[INFO]   from wta-common/wta-common-mail/pom.xml
[INFO] --------------------------------[ jar ]---------------------------------
[INFO] 
[INFO] --- resources:3.3.1:resources (default-resources) @ wta-common-mail ---
[INFO] Copying 1 resource from src/main/resources to target/classes
[INFO] Copying 0 resource from src/main/resources to target/classes
[INFO] 
[INFO] --- flatten:1.7.3:flatten (flatten) @ wta-common-mail ---
[INFO] Generating flattened POM of project org.namewta:wta-common-mail:jar:6.0.0...
[INFO] 
[INFO] --- compiler:3.15.0:compile (default-compile) @ wta-common-mail ---
[INFO] Nothing to compile - all classes are up to date.
[INFO] 
[INFO] --- resources:3.3.1:testResources (default-testResources) @ wta-common-mail ---
[INFO] skip non existing resourceDirectory /srv/WTA-plus/backend/wta-common/wta-common-mail/src/test/resources
[INFO] 
[INFO] --- compiler:3.15.0:testCompile (default-testCompile) @ wta-common-mail ---
[INFO] No sources to compile
[INFO] 
[INFO] --- surefire:3.5.5:test (default-test) @ wta-common-mail ---
[INFO] No tests to run.
[INFO] 
[INFO] ---------------------< org.namewta:wta-common-mcp >---------------------
[INFO] Building wta-common-mcp 6.0.0                                    [11/49]
[INFO]   from wta-common/wta-common-mcp/pom.xml
[INFO] --------------------------------[ jar ]---------------------------------
[INFO] 
[INFO] --- resources:3.3.1:resources (default-resources) @ wta-common-mcp ---
[INFO] Copying 1 resource from src/main/resources to target/classes
[INFO] Copying 0 resource from src/main/resources to target/classes
[INFO] 
[INFO] --- flatten:1.7.3:flatten (flatten) @ wta-common-mcp ---
[INFO] Generating flattened POM of project org.namewta:wta-common-mcp:jar:6.0.0...
[INFO] 
[INFO] --- compiler:3.15.0:compile (default-compile) @ wta-common-mcp ---
[INFO] Nothing to compile - all classes are up to date.
[INFO] 
[INFO] --- resources:3.3.1:testResources (default-testResources) @ wta-common-mcp ---
[INFO] skip non existing resourceDirectory /srv/WTA-plus/backend/wta-common/wta-common-mcp/src/test/resources
[INFO] 
[INFO] --- compiler:3.15.0:testCompile (default-testCompile) @ wta-common-mcp ---
[INFO] No sources to compile
[INFO] 
[INFO] --- surefire:3.5.5:test (default-test) @ wta-common-mcp ---
[INFO] No tests to run.
[INFO] 
[INFO] ------------------------< org.namewta:wta-api >-------------------------
[INFO] Building wta-api 6.0.0                                           [12/49]
[INFO]   from wta-api/pom.xml
[INFO] --------------------------------[ jar ]---------------------------------
[INFO] 
[INFO] --- resources:3.3.1:resources (default-resources) @ wta-api ---
[INFO] skip non existing resourceDirectory /srv/WTA-plus/backend/wta-api/src/main/resources
[INFO] skip non existing resourceDirectory /srv/WTA-plus/backend/wta-api/src/main/resources
[INFO] 
[INFO] --- flatten:1.7.3:flatten (flatten) @ wta-api ---
[INFO] Generating flattened POM of project org.namewta:wta-api:jar:6.0.0...
[INFO] 
[INFO] --- compiler:3.15.0:compile (default-compile) @ wta-api ---
[INFO] Nothing to compile - all classes are up to date.
[INFO] 
[INFO] --- resources:3.3.1:testResources (default-testResources) @ wta-api ---
[INFO] skip non existing resourceDirectory /srv/WTA-plus/backend/wta-api/src/test/resources
[INFO] 
[INFO] --- compiler:3.15.0:testCompile (default-testCompile) @ wta-api ---
[INFO] No sources to compile
[INFO] 
[INFO] --- surefire:3.5.5:test (default-test) @ wta-api ---
[INFO] No tests to run.
[INFO] 
[INFO] -------------------< org.namewta:wta-common-satoken >-------------------
[INFO] Building wta-common-satoken 6.0.0                                [13/49]
[INFO]   from wta-common/wta-common-satoken/pom.xml
[INFO] --------------------------------[ jar ]---------------------------------
[INFO] 
[INFO] --- resources:3.3.1:resources (default-resources) @ wta-common-satoken ---
[INFO] Copying 2 resources from src/main/resources to target/classes
[INFO] Copying 0 resource from src/main/resources to target/classes
[INFO] 
[INFO] --- flatten:1.7.3:flatten (flatten) @ wta-common-satoken ---
[INFO] Generating flattened POM of project org.namewta:wta-common-satoken:jar:6.0.0...
[INFO] 
[INFO] --- compiler:3.15.0:compile (default-compile) @ wta-common-satoken ---
[INFO] Nothing to compile - all classes are up to date.
[INFO] 
[INFO] --- resources:3.3.1:testResources (default-testResources) @ wta-common-satoken ---
[INFO] skip non existing resourceDirectory /srv/WTA-plus/backend/wta-common/wta-common-satoken/src/test/resources
[INFO] 
[INFO] --- compiler:3.15.0:testCompile (default-testCompile) @ wta-common-satoken ---
[INFO] No sources to compile
[INFO] 
[INFO] --- surefire:3.5.5:test (default-test) @ wta-common-satoken ---
[INFO] No tests to run.
[INFO] 
[INFO] -------------------< org.namewta:wta-common-openapi >-------------------
[INFO] Building wta-common-openapi 6.0.0                                [14/49]
[INFO]   from wta-common/wta-common-openapi/pom.xml
[INFO] --------------------------------[ jar ]---------------------------------
[INFO] 
[INFO] --- resources:3.3.1:resources (default-resources) @ wta-common-openapi ---
[INFO] Copying 1 resource from src/main/resources to target/classes
[INFO] Copying 0 resource from src/main/resources to target/classes
[INFO] 
[INFO] --- flatten:1.7.3:flatten (flatten) @ wta-common-openapi ---
[INFO] Generating flattened POM of project org.namewta:wta-common-openapi:jar:6.0.0...
[INFO] 
[INFO] --- compiler:3.15.0:compile (default-compile) @ wta-common-openapi ---
[INFO] Nothing to compile - all classes are up to date.
[INFO] 
[INFO] --- resources:3.3.1:testResources (default-testResources) @ wta-common-openapi ---
[INFO] skip non existing resourceDirectory /srv/WTA-plus/backend/wta-common/wta-common-openapi/src/test/resources
[INFO] 
[INFO] --- compiler:3.15.0:testCompile (default-testCompile) @ wta-common-openapi ---
[INFO] Nothing to compile - all classes are up to date.
[INFO] 
[INFO] --- surefire:3.5.5:test (default-test) @ wta-common-openapi ---
[INFO] Using auto detected provider org.apache.maven.surefire.junitplatform.JUnitPlatformProvider
[INFO] 
[INFO] -------------------------------------------------------
[INFO]  T E S T S
[INFO] -------------------------------------------------------
[INFO] Running org.namewta.common.openapi.session.SaTokenOpenApiMachineSessionOperationsTest
Mockito is currently self-attaching to enable the inline-mock-maker. This will no longer work in future releases of the JDK. Please add Mockito as an agent to your build as described in Mockito's documentation: https://javadoc.io/doc/org.mockito/mockito-core/latest/org.mockito/org/mockito/Mockito.html#0.3
WARNING: A Java agent has been loaded dynamically (/root/.m2/repository/net/bytebuddy/byte-buddy-agent/1.18.10/byte-buddy-agent-1.18.10.jar)
WARNING: If a serviceability tool is in use, please run with -XX:+EnableDynamicAgentLoading to hide this warning
WARNING: If a serviceability tool is not in use, please run with -Djdk.instrument.traceUsage for more information
WARNING: Dynamic loading of agents will be disallowed by default in a future release
OpenJDK 64-Bit Server VM warning: Sharing is only supported for boot loader classes because bootstrap classpath has been appended
[INFO] Tests run: 3, Failures: 0, Errors: 0, Skipped: 0, Time elapsed: 1.460 s -- in org.namewta.common.openapi.session.SaTokenOpenApiMachineSessionOperationsTest
[INFO] Running org.namewta.common.openapi.session.OpenApiMachineSessionBridgeTest
[INFO] Tests run: 3, Failures: 0, Errors: 0, Skipped: 0, Time elapsed: 0.020 s -- in org.namewta.common.openapi.session.OpenApiMachineSessionBridgeTest
[INFO] Running org.namewta.common.openapi.registry.OpenApiOperationRegistryTest
12:43:02.517 [main] INFO org.hibernate.validator.internal.util.Version -- HV000001: Hibernate Validator 9.1.0.Final
[INFO] Tests run: 2, Failures: 0, Errors: 0, Skipped: 0, Time elapsed: 2.043 s -- in org.namewta.common.openapi.registry.OpenApiOperationRegistryTest
[INFO] Running org.namewta.common.openapi.gateway.OpenApiGatewayStateStoreTest
[INFO] Tests run: 2, Failures: 0, Errors: 0, Skipped: 0, Time elapsed: 0.148 s -- in org.namewta.common.openapi.gateway.OpenApiGatewayStateStoreTest
[INFO] Running org.namewta.common.openapi.protocol.OpenApiProtocolTest
[INFO] Tests run: 4, Failures: 0, Errors: 0, Skipped: 0, Time elapsed: 0.062 s -- in org.namewta.common.openapi.protocol.OpenApiProtocolTest
[INFO] 
[INFO] Results:
[INFO] 
[INFO] Tests run: 14, Failures: 0, Errors: 0, Skipped: 0
[INFO] 
[INFO] 
[INFO] -------------------< org.namewta:wta-common-mybatis >-------------------
[INFO] Building wta-common-mybatis 6.0.0                                [15/49]
[INFO]   from wta-common/wta-common-mybatis/pom.xml
[INFO] --------------------------------[ jar ]---------------------------------
[INFO] 
[INFO] --- resources:3.3.1:resources (default-resources) @ wta-common-mybatis ---
[INFO] Copying 2 resources from src/main/resources to target/classes
[INFO] Copying 0 resource from src/main/resources to target/classes
[INFO] 
[INFO] --- flatten:1.7.3:flatten (flatten) @ wta-common-mybatis ---
[INFO] Generating flattened POM of project org.namewta:wta-common-mybatis:jar:6.0.0...
[INFO] 
[INFO] --- compiler:3.15.0:compile (default-compile) @ wta-common-mybatis ---
[INFO] Nothing to compile - all classes are up to date.
[INFO] 
[INFO] --- resources:3.3.1:testResources (default-testResources) @ wta-common-mybatis ---
[INFO] skip non existing resourceDirectory /srv/WTA-plus/backend/wta-common/wta-common-mybatis/src/test/resources
[INFO] 
[INFO] --- compiler:3.15.0:testCompile (default-testCompile) @ wta-common-mybatis ---
[INFO] No sources to compile
[INFO] 
[INFO] --- surefire:3.5.5:test (default-test) @ wta-common-mybatis ---
[INFO] No tests to run.
[INFO] 
[INFO] -----------------< org.namewta:wta-common-translation >-----------------
[INFO] Building wta-common-translation 6.0.0                            [16/49]
[INFO]   from wta-common/wta-common-translation/pom.xml
[INFO] --------------------------------[ jar ]---------------------------------
[INFO] 
[INFO] --- resources:3.3.1:resources (default-resources) @ wta-common-translation ---
[INFO] Copying 1 resource from src/main/resources to target/classes
[INFO] Copying 0 resource from src/main/resources to target/classes
[INFO] 
[INFO] --- flatten:1.7.3:flatten (flatten) @ wta-common-translation ---
[INFO] Generating flattened POM of project org.namewta:wta-common-translation:jar:6.0.0...
[INFO] 
[INFO] --- compiler:3.15.0:compile (default-compile) @ wta-common-translation ---
[INFO] Nothing to compile - all classes are up to date.
[INFO] 
[INFO] --- resources:3.3.1:testResources (default-testResources) @ wta-common-translation ---
[INFO] skip non existing resourceDirectory /srv/WTA-plus/backend/wta-common/wta-common-translation/src/test/resources
[INFO] 
[INFO] --- compiler:3.15.0:testCompile (default-testCompile) @ wta-common-translation ---
[INFO] No sources to compile
[INFO] 
[INFO] --- surefire:3.5.5:test (default-test) @ wta-common-translation ---
[INFO] No tests to run.
[INFO] 
[INFO] ---------------------< org.namewta:wta-common-oss >---------------------
[INFO] Building wta-common-oss 6.0.0                                    [17/49]
[INFO]   from wta-common/wta-common-oss/pom.xml
[INFO] --------------------------------[ jar ]---------------------------------
[INFO] 
[INFO] --- resources:3.3.1:resources (default-resources) @ wta-common-oss ---
[INFO] skip non existing resourceDirectory /srv/WTA-plus/backend/wta-common/wta-common-oss/src/main/resources
[INFO] skip non existing resourceDirectory /srv/WTA-plus/backend/wta-common/wta-common-oss/src/main/resources
[INFO] 
[INFO] --- flatten:1.7.3:flatten (flatten) @ wta-common-oss ---
[INFO] Generating flattened POM of project org.namewta:wta-common-oss:jar:6.0.0...
[INFO] 
[INFO] --- compiler:3.15.0:compile (default-compile) @ wta-common-oss ---
[INFO] Nothing to compile - all classes are up to date.
[INFO] 
[INFO] --- resources:3.3.1:testResources (default-testResources) @ wta-common-oss ---
[INFO] skip non existing resourceDirectory /srv/WTA-plus/backend/wta-common/wta-common-oss/src/test/resources
[INFO] 
[INFO] --- compiler:3.15.0:testCompile (default-testCompile) @ wta-common-oss ---
[INFO] No sources to compile
[INFO] 
[INFO] --- surefire:3.5.5:test (default-test) @ wta-common-oss ---
[INFO] No tests to run.
[INFO] 
[INFO] ---------------------< org.namewta:wta-common-log >---------------------
[INFO] Building wta-common-log 6.0.0                                    [18/49]
[INFO]   from wta-common/wta-common-log/pom.xml
[INFO] --------------------------------[ jar ]---------------------------------
[INFO] 
[INFO] --- resources:3.3.1:resources (default-resources) @ wta-common-log ---
[INFO] Copying 1 resource from src/main/resources to target/classes
[INFO] Copying 0 resource from src/main/resources to target/classes
[INFO] 
[INFO] --- flatten:1.7.3:flatten (flatten) @ wta-common-log ---
[INFO] Generating flattened POM of project org.namewta:wta-common-log:jar:6.0.0...
[INFO] 
[INFO] --- compiler:3.15.0:compile (default-compile) @ wta-common-log ---
[INFO] Nothing to compile - all classes are up to date.
[INFO] 
[INFO] --- resources:3.3.1:testResources (default-testResources) @ wta-common-log ---
[INFO] skip non existing resourceDirectory /srv/WTA-plus/backend/wta-common/wta-common-log/src/test/resources
[INFO] 
[INFO] --- compiler:3.15.0:testCompile (default-testCompile) @ wta-common-log ---
[INFO] Nothing to compile - all classes are up to date.
[INFO] 
[INFO] --- surefire:3.5.5:test (default-test) @ wta-common-log ---
[INFO] Using auto detected provider org.apache.maven.surefire.junitplatform.JUnitPlatformProvider
[INFO] 
[INFO] -------------------------------------------------------
[INFO]  T E S T S
[INFO] -------------------------------------------------------
[INFO] Running org.namewta.common.log.aspect.LogAspectRedactionTest
[INFO] Tests run: 1, Failures: 0, Errors: 0, Skipped: 0, Time elapsed: 0.361 s -- in org.namewta.common.log.aspect.LogAspectRedactionTest
[INFO] 
[INFO] Results:
[INFO] 
[INFO] Tests run: 1, Failures: 0, Errors: 0, Skipped: 0
[INFO] 
[INFO] 
[INFO] --------------------< org.namewta:wta-common-excel >--------------------
[INFO] Building wta-common-excel 6.0.0                                  [19/49]
[INFO]   from wta-common/wta-common-excel/pom.xml
[INFO] --------------------------------[ jar ]---------------------------------
[INFO] 
[INFO] --- resources:3.3.1:resources (default-resources) @ wta-common-excel ---
[INFO] skip non existing resourceDirectory /srv/WTA-plus/backend/wta-common/wta-common-excel/src/main/resources
[INFO] skip non existing resourceDirectory /srv/WTA-plus/backend/wta-common/wta-common-excel/src/main/resources
[INFO] 
[INFO] --- flatten:1.7.3:flatten (flatten) @ wta-common-excel ---
[INFO] Generating flattened POM of project org.namewta:wta-common-excel:jar:6.0.0...
[INFO] 
[INFO] --- compiler:3.15.0:compile (default-compile) @ wta-common-excel ---
[INFO] Nothing to compile - all classes are up to date.
[INFO] 
[INFO] --- resources:3.3.1:testResources (default-testResources) @ wta-common-excel ---
[INFO] skip non existing resourceDirectory /srv/WTA-plus/backend/wta-common/wta-common-excel/src/test/resources
[INFO] 
[INFO] --- compiler:3.15.0:testCompile (default-testCompile) @ wta-common-excel ---
[INFO] No sources to compile
[INFO] 
[INFO] --- surefire:3.5.5:test (default-test) @ wta-common-excel ---
[INFO] No tests to run.
[INFO] 
[INFO] ---------------------< org.namewta:wta-common-sms >---------------------
[INFO] Building wta-common-sms 6.0.0                                    [20/49]
[INFO]   from wta-common/wta-common-sms/pom.xml
[INFO] --------------------------------[ jar ]---------------------------------
[INFO] 
[INFO] --- resources:3.3.1:resources (default-resources) @ wta-common-sms ---
[INFO] Copying 1 resource from src/main/resources to target/classes
[INFO] Copying 0 resource from src/main/resources to target/classes
[INFO] 
[INFO] --- flatten:1.7.3:flatten (flatten) @ wta-common-sms ---
[INFO] Generating flattened POM of project org.namewta:wta-common-sms:jar:6.0.0...
[INFO] 
[INFO] --- compiler:3.15.0:compile (default-compile) @ wta-common-sms ---
[INFO] Nothing to compile - all classes are up to date.
[INFO] 
[INFO] --- resources:3.3.1:testResources (default-testResources) @ wta-common-sms ---
[INFO] skip non existing resourceDirectory /srv/WTA-plus/backend/wta-common/wta-common-sms/src/test/resources
[INFO] 
[INFO] --- compiler:3.15.0:testCompile (default-testCompile) @ wta-common-sms ---
[INFO] Nothing to compile - all classes are up to date.
[INFO] 
[INFO] --- surefire:3.5.5:test (default-test) @ wta-common-sms ---
[INFO] Using auto detected provider org.apache.maven.surefire.junitplatform.JUnitPlatformProvider
[INFO] 
[INFO] -------------------------------------------------------
[INFO]  T E S T S
[INFO] -------------------------------------------------------
[INFO] Running org.namewta.common.sms.notify.SmsDeliveryQueryClientTest
[INFO] Tests run: 11, Failures: 0, Errors: 0, Skipped: 0, Time elapsed: 5.776 s -- in org.namewta.common.sms.notify.SmsDeliveryQueryClientTest
[INFO] 
[INFO] Results:
[INFO] 
[INFO] Tests run: 11, Failures: 0, Errors: 0, Skipped: 0
[INFO] 
[INFO] 
[INFO] ------------------< org.namewta:wta-common-security >-------------------
[INFO] Building wta-common-security 6.0.0                               [21/49]
[INFO]   from wta-common/wta-common-security/pom.xml
[INFO] --------------------------------[ jar ]---------------------------------
[INFO] 
[INFO] --- resources:3.3.1:resources (default-resources) @ wta-common-security ---
[INFO] Copying 1 resource from src/main/resources to target/classes
[INFO] Copying 0 resource from src/main/resources to target/classes
[INFO] 
[INFO] --- flatten:1.7.3:flatten (flatten) @ wta-common-security ---
[INFO] Generating flattened POM of project org.namewta:wta-common-security:jar:6.0.0...
[INFO] 
[INFO] --- compiler:3.15.0:compile (default-compile) @ wta-common-security ---
[INFO] Nothing to compile - all classes are up to date.
[INFO] 
[INFO] --- resources:3.3.1:testResources (default-testResources) @ wta-common-security ---
[INFO] skip non existing resourceDirectory /srv/WTA-plus/backend/wta-common/wta-common-security/src/test/resources
[INFO] 
[INFO] --- compiler:3.15.0:testCompile (default-testCompile) @ wta-common-security ---
[INFO] No sources to compile
[INFO] 
[INFO] --- surefire:3.5.5:test (default-test) @ wta-common-security ---
[INFO] No tests to run.
[INFO] 
[INFO] ---------------------< org.namewta:wta-common-web >---------------------
[INFO] Building wta-common-web 6.0.0                                    [22/49]
[INFO]   from wta-common/wta-common-web/pom.xml
[INFO] --------------------------------[ jar ]---------------------------------
[INFO] 
[INFO] --- resources:3.3.1:resources (default-resources) @ wta-common-web ---
[INFO] Copying 1 resource from src/main/resources to target/classes
[INFO] Copying 0 resource from src/main/resources to target/classes
[INFO] 
[INFO] --- flatten:1.7.3:flatten (flatten) @ wta-common-web ---
[INFO] Generating flattened POM of project org.namewta:wta-common-web:jar:6.0.0...
[INFO] 
[INFO] --- compiler:3.15.0:compile (default-compile) @ wta-common-web ---
[INFO] Nothing to compile - all classes are up to date.
[INFO] 
[INFO] --- resources:3.3.1:testResources (default-testResources) @ wta-common-web ---
[INFO] skip non existing resourceDirectory /srv/WTA-plus/backend/wta-common/wta-common-web/src/test/resources
[INFO] 
[INFO] --- compiler:3.15.0:testCompile (default-testCompile) @ wta-common-web ---
[INFO] Nothing to compile - all classes are up to date.
[INFO] 
[INFO] --- surefire:3.5.5:test (default-test) @ wta-common-web ---
[INFO] Using auto detected provider org.apache.maven.surefire.junitplatform.JUnitPlatformProvider
[INFO] 
[INFO] -------------------------------------------------------
[INFO]  T E S T S
[INFO] -------------------------------------------------------
[INFO] Running org.namewta.common.web.logging.SysLogFailureRedactionTest
12:43:13.194 [main] ERROR org.namewta.common.web.handler.GlobalExceptionHandler -- 请求地址'/app/monitor/online/[REDACTED]',发生未知异常, 错误编号: 68101851，类型=java.lang.IllegalStateException
12:43:13.201 [main] ERROR org.namewta.common.web.handler.GlobalExceptionHandler -- 请求地址'/app/monitor/online/myself/[REDACTED]',发生未知异常, 错误编号: 05787393，类型=java.lang.IllegalStateException
12:43:13.201 [main] ERROR org.namewta.common.web.handler.GlobalExceptionHandler -- 请求地址'/app/monitor/online/list',发生未知异常, 错误编号: 45878554，类型=java.lang.IllegalStateException
12:43:13.210 [main] ERROR org.namewta.common.web.logging.SysLogFilter -- 系统 HTTP 日志采集失败：阶段=请求事件输出，请求标识=b032d724-d84f-4f88-bc11-22fd15fca0dd，异常类型=java.lang.IllegalStateException
12:43:13.215 [main] ERROR org.namewta.common.web.logging.SysLogFilter -- 系统 HTTP 日志采集失败：阶段=响应事件输出，请求标识=b032d724-d84f-4f88-bc11-22fd15fca0dd，异常类型=java.lang.IllegalStateException
12:43:13.215 [main] ERROR org.namewta.common.web.handler.GlobalExceptionHandler -- 请求地址'/failed',发生未知异常, 错误编号: 73801888，类型=java.lang.IllegalStateException
[INFO] Tests run: 5, Failures: 0, Errors: 0, Skipped: 0, Time elapsed: 0.521 s -- in org.namewta.common.web.logging.SysLogFailureRedactionTest
[INFO] Running org.namewta.common.web.logging.SysLogFilterTest
12:43:13.273 [main] ERROR org.namewta.common.web.logging.SysLogFilter -- 系统 HTTP 日志采集失败：阶段=请求事件输出，请求标识=29aff21f-81d6-4700-b8c7-69f9cc98eb4f，异常类型=java.lang.IllegalStateException
12:43:13.274 [main] ERROR org.namewta.common.web.logging.SysLogFilter -- 系统 HTTP 日志采集失败：阶段=响应事件输出，请求标识=29aff21f-81d6-4700-b8c7-69f9cc98eb4f，异常类型=java.lang.IllegalStateException
[INFO] Tests run: 14, Failures: 0, Errors: 0, Skipped: 0, Time elapsed: 0.092 s -- in org.namewta.common.web.logging.SysLogFilterTest
[INFO] Running org.namewta.common.web.logging.SysLogEventWriterTest
12:43:13.333 [main] INFO org.namewta.system.http -- {"事件类型":"请求进入","请求标识":"request-id","正文已记录":true,"正文":"line1\n\"quoted\"\u0001"}
12:43:13.339 [main] INFO org.namewta.system.http -- {"事件类型":"响应返回","响应状态":200,"正文已记录":false,"正文省略原因":"非文本内容"}
[INFO] Tests run: 2, Failures: 0, Errors: 0, Skipped: 0, Time elapsed: 0.018 s -- in org.namewta.common.web.logging.SysLogEventWriterTest
[INFO] Running org.namewta.common.web.filter.ClientAddressFilterTest
[INFO] Tests run: 8, Failures: 0, Errors: 0, Skipped: 0, Time elapsed: 0.060 s -- in org.namewta.common.web.filter.ClientAddressFilterTest
[INFO] Running org.namewta.common.web.filter.RequestBodyLimitTest
[INFO] Tests run: 9, Failures: 0, Errors: 0, Skipped: 0, Time elapsed: 0.073 s -- in org.namewta.common.web.filter.RequestBodyLimitTest
[INFO] Running org.namewta.common.web.config.CorsPolicyTest
[INFO] Tests run: 7, Failures: 0, Errors: 0, Skipped: 0, Time elapsed: 0.055 s -- in org.namewta.common.web.config.CorsPolicyTest
[INFO] Running org.namewta.common.web.config.CorsServletHttpTest
12:43:14.032 [main] INFO org.eclipse.jetty.server.Server -- jetty-12.1.10; built: 2026-05-31T04:45:52.925Z; git: 986024525891c2c20ff08c58ba300dc3b9847586; jvm 21.0.12.1+1-LTS
12:43:14.061 [main] INFO org.eclipse.jetty.server.handler.ContextHandler -- Started oeje11s.ServletContextHandler@74fab04a{ROOT,/,b=null,a=AVAILABLE,h=oeje11s.ServletHandler@3c83468e{STARTED}}
12:43:14.066 [main] INFO org.eclipse.jetty.ee11.servlet.ServletContextHandler -- Started oeje11s.ServletContextHandler@74fab04a{ROOT,/,b=null,a=AVAILABLE,h=oeje11s.ServletHandler@3c83468e{STARTED}}
12:43:14.074 [main] INFO org.eclipse.jetty.server.AbstractConnector -- Started oejs.ServerConnector@29821053{HTTP/1.1, (http/1.1)}{127.0.0.1:36059}
12:43:14.075 [main] INFO org.eclipse.jetty.server.Server -- Started oejs.Server@3b27b497{STARTING}[12.1.10,sto=0] @46ms
12:43:14.238 [main] INFO org.eclipse.jetty.server.Server -- Stopped oejs.Server@3b27b497{STOPPING}[12.1.10,sto=0]
12:43:14.242 [main] INFO org.eclipse.jetty.server.AbstractConnector -- Stopped oejs.ServerConnector@29821053{HTTP/1.1, (http/1.1)}{127.0.0.1:0}
12:43:14.244 [main] INFO org.eclipse.jetty.ee11.servlet.ServletContextHandler -- Stopped oeje11s.ServletContextHandler@74fab04a{ROOT,/,b=null,a=AVAILABLE,h=oeje11s.ServletHandler@3c83468e{STOPPED}}
12:43:14.252 [main] INFO org.eclipse.jetty.server.Server -- jetty-12.1.10; built: 2026-05-31T04:45:52.925Z; git: 986024525891c2c20ff08c58ba300dc3b9847586; jvm 21.0.12.1+1-LTS
12:43:14.273 [main] INFO org.eclipse.jetty.server.handler.ContextHandler -- Started oeje11s.ServletContextHandler@178f268a{ROOT,/,b=null,a=AVAILABLE,h=oeje11s.ServletHandler@33ecbd6c{STARTED}}
12:43:14.273 [main] INFO org.eclipse.jetty.ee11.servlet.ServletContextHandler -- Started oeje11s.ServletContextHandler@178f268a{ROOT,/,b=null,a=AVAILABLE,h=oeje11s.ServletHandler@33ecbd6c{STARTED}}
12:43:14.274 [main] INFO org.eclipse.jetty.server.AbstractConnector -- Started oejs.ServerConnector@5c723f2d{HTTP/1.1, (http/1.1)}{127.0.0.1:37873}
12:43:14.275 [main] INFO org.eclipse.jetty.server.Server -- Started oejs.Server@432f521f{STARTING}[12.1.10,sto=0] @22ms
12:43:14.303 [main] INFO org.eclipse.jetty.server.Server -- Stopped oejs.Server@432f521f{STOPPING}[12.1.10,sto=0]
12:43:14.305 [main] INFO org.eclipse.jetty.server.AbstractConnector -- Stopped oejs.ServerConnector@5c723f2d{HTTP/1.1, (http/1.1)}{127.0.0.1:0}
12:43:14.306 [main] INFO org.eclipse.jetty.ee11.servlet.ServletContextHandler -- Stopped oeje11s.ServletContextHandler@178f268a{ROOT,/,b=null,a=AVAILABLE,h=oeje11s.ServletHandler@33ecbd6c{STOPPED}}
12:43:14.312 [main] INFO org.eclipse.jetty.server.Server -- jetty-12.1.10; built: 2026-05-31T04:45:52.925Z; git: 986024525891c2c20ff08c58ba300dc3b9847586; jvm 21.0.12.1+1-LTS
12:43:14.314 [main] INFO org.eclipse.jetty.server.handler.ContextHandler -- Started oeje11s.ServletContextHandler@69923ac3{ROOT,/,b=null,a=AVAILABLE,h=oeje11s.ServletHandler@1f1ff879{STARTED}}
12:43:14.314 [main] INFO org.eclipse.jetty.ee11.servlet.ServletContextHandler -- Started oeje11s.ServletContextHandler@69923ac3{ROOT,/,b=null,a=AVAILABLE,h=oeje11s.ServletHandler@1f1ff879{STARTED}}
12:43:14.316 [main] INFO org.eclipse.jetty.server.AbstractConnector -- Started oejs.ServerConnector@73d60e76{HTTP/1.1, (http/1.1)}{127.0.0.1:44885}
12:43:14.316 [main] INFO org.eclipse.jetty.server.Server -- Started oejs.Server@24f870ee{STARTING}[12.1.10,sto=0] @3ms
12:43:14.369 [main] INFO org.eclipse.jetty.server.Server -- Stopped oejs.Server@24f870ee{STOPPING}[12.1.10,sto=0]
12:43:14.371 [main] INFO org.eclipse.jetty.server.AbstractConnector -- Stopped oejs.ServerConnector@73d60e76{HTTP/1.1, (http/1.1)}{127.0.0.1:0}
12:43:14.371 [main] INFO org.eclipse.jetty.ee11.servlet.ServletContextHandler -- Stopped oeje11s.ServletContextHandler@69923ac3{ROOT,/,b=null,a=AVAILABLE,h=oeje11s.ServletHandler@1f1ff879{STOPPED}}
[INFO] Tests run: 3, Failures: 0, Errors: 0, Skipped: 0, Time elapsed: 0.839 s -- in org.namewta.common.web.config.CorsServletHttpTest
[INFO] Running org.namewta.common.web.config.SysLogConfigTest
12:43:14.627 [main] INFO org.hibernate.validator.internal.util.Version -- HV000001: Hibernate Validator 9.1.0.Final
12:43:14.999 [main] WARN org.springframework.context.annotation.AnnotationConfigApplicationContext -- Exception encountered during context initialization - cancelling refresh attempt: org.springframework.beans.factory.UnsatisfiedDependencyException: Error creating bean with name 'sysLogFilter' defined in org.namewta.common.web.config.SysLogConfig: Unsatisfied dependency expressed through method 'sysLogFilter' parameter 1: Error creating bean with name 'namewta.web.request-body-org.namewta.common.web.config.properties.RequestBodyProperties': Could not bind properties to 'RequestBodyProperties' : prefix=namewta.web.request-body, ignoreInvalidFields=false, ignoreUnknownFields=true
12:43:15.022 [main] WARN org.springframework.context.annotation.AnnotationConfigApplicationContext -- Exception encountered during context initialization - cancelling refresh attempt: org.springframework.beans.factory.UnsatisfiedDependencyException: Error creating bean with name 'sysLogFilter' defined in org.namewta.common.web.config.SysLogConfig: Unsatisfied dependency expressed through method 'sysLogFilter' parameter 1: Error creating bean with name 'namewta.web.request-body-org.namewta.common.web.config.properties.RequestBodyProperties': Could not bind properties to 'RequestBodyProperties' : prefix=namewta.web.request-body, ignoreInvalidFields=false, ignoreUnknownFields=true
12:43:15.046 [main] WARN org.springframework.context.annotation.AnnotationConfigApplicationContext -- Exception encountered during context initialization - cancelling refresh attempt: org.springframework.beans.factory.UnsatisfiedDependencyException: Error creating bean with name 'sysLogFilter' defined in org.namewta.common.web.config.SysLogConfig: Unsatisfied dependency expressed through method 'sysLogFilter' parameter 1: Error creating bean with name 'namewta.web.request-body-org.namewta.common.web.config.properties.RequestBodyProperties': Could not bind properties to 'RequestBodyProperties' : prefix=namewta.web.request-body, ignoreInvalidFields=false, ignoreUnknownFields=true
12:43:15.063 [main] WARN org.springframework.context.annotation.AnnotationConfigApplicationContext -- Exception encountered during context initialization - cancelling refresh attempt: org.springframework.beans.factory.UnsatisfiedDependencyException: Error creating bean with name 'sysLogFilter' defined in org.namewta.common.web.config.SysLogConfig: Unsatisfied dependency expressed through method 'sysLogFilter' parameter 1: Error creating bean with name 'namewta.web.request-body-org.namewta.common.web.config.properties.RequestBodyProperties': Could not bind properties to 'RequestBodyProperties' : prefix=namewta.web.request-body, ignoreInvalidFields=false, ignoreUnknownFields=true
12:43:15.082 [main] WARN org.springframework.context.annotation.AnnotationConfigApplicationContext -- Exception encountered during context initialization - cancelling refresh attempt: org.springframework.beans.factory.UnsatisfiedDependencyException: Error creating bean with name 'sysLogFilter' defined in org.namewta.common.web.config.SysLogConfig: Unsatisfied dependency expressed through method 'sysLogFilter' parameter 0: Error creating bean with name 'sys.log-org.namewta.common.web.config.SysLogProperties': Could not bind properties to 'SysLogProperties' : prefix=sys.log, ignoreInvalidFields=false, ignoreUnknownFields=true
12:43:15.096 [main] WARN org.springframework.context.annotation.AnnotationConfigApplicationContext -- Exception encountered during context initialization - cancelling refresh attempt: org.springframework.beans.factory.UnsatisfiedDependencyException: Error creating bean with name 'sysLogFilter' defined in org.namewta.common.web.config.SysLogConfig: Unsatisfied dependency expressed through method 'sysLogFilter' parameter 0: Error creating bean with name 'sys.log-org.namewta.common.web.config.SysLogProperties': Could not bind properties to 'SysLogProperties' : prefix=sys.log, ignoreInvalidFields=false, ignoreUnknownFields=true
12:43:15.107 [main] WARN org.springframework.context.annotation.AnnotationConfigApplicationContext -- Exception encountered during context initialization - cancelling refresh attempt: org.springframework.beans.factory.UnsatisfiedDependencyException: Error creating bean with name 'sysLogFilter' defined in org.namewta.common.web.config.SysLogConfig: Unsatisfied dependency expressed through method 'sysLogFilter' parameter 0: Error creating bean with name 'sys.log-org.namewta.common.web.config.SysLogProperties': Could not bind properties to 'SysLogProperties' : prefix=sys.log, ignoreInvalidFields=false, ignoreUnknownFields=true
[INFO] Tests run: 4, Failures: 0, Errors: 0, Skipped: 0, Time elapsed: 0.732 s -- in org.namewta.common.web.config.SysLogConfigTest
[INFO] Running org.namewta.common.web.config.ClientAddressConfigTest
12:43:15.135 [main] WARN org.springframework.context.annotation.AnnotationConfigApplicationContext -- Exception encountered during context initialization - cancelling refresh attempt: org.springframework.beans.factory.BeanCreationException: Error creating bean with name 'clientAddressFilter' defined in org.namewta.common.web.config.ClientAddressConfig: Failed to instantiate [org.namewta.common.web.filter.ClientAddressFilter]: Factory method 'clientAddressFilter' threw exception with message: Invalid IPv4 literal
12:43:15.140 [main] WARN org.springframework.context.annotation.AnnotationConfigApplicationContext -- Exception encountered during context initialization - cancelling refresh attempt: org.springframework.beans.factory.BeanCreationException: Error creating bean with name 'clientAddressFilter' defined in org.namewta.common.web.config.ClientAddressConfig: Failed to instantiate [org.namewta.common.web.filter.ClientAddressFilter]: Factory method 'clientAddressFilter' threw exception with message: Client address resolution requires server.forward-headers-strategy=none
12:43:15.145 [main] WARN org.springframework.context.annotation.AnnotationConfigApplicationContext -- Exception encountered during context initialization - cancelling refresh attempt: org.springframework.beans.factory.BeanCreationException: Error creating bean with name 'clientAddressFilter' defined in org.namewta.common.web.config.ClientAddressConfig: Failed to instantiate [org.namewta.common.web.filter.ClientAddressFilter]: Factory method 'clientAddressFilter' threw exception with message: Client address resolution requires server.forward-headers-strategy=none
[INFO] Tests run: 2, Failures: 0, Errors: 0, Skipped: 0, Time elapsed: 0.054 s -- in org.namewta.common.web.config.ClientAddressConfigTest
[INFO] 
[INFO] Results:
[INFO] 
[INFO] Tests run: 54, Failures: 0, Errors: 0, Skipped: 0
[INFO] 
[INFO] 
[INFO] ------------------< org.namewta:wta-common-sensitive >------------------
[INFO] Building wta-common-sensitive 6.0.0                              [23/49]
[INFO]   from wta-common/wta-common-sensitive/pom.xml
[INFO] --------------------------------[ jar ]---------------------------------
[INFO] 
[INFO] --- resources:3.3.1:resources (default-resources) @ wta-common-sensitive ---
[INFO] Copying 1 resource from src/main/resources to target/classes
[INFO] Copying 0 resource from src/main/resources to target/classes
[INFO] 
[INFO] --- flatten:1.7.3:flatten (flatten) @ wta-common-sensitive ---
[INFO] Generating flattened POM of project org.namewta:wta-common-sensitive:jar:6.0.0...
[INFO] 
[INFO] --- compiler:3.15.0:compile (default-compile) @ wta-common-sensitive ---
[INFO] Nothing to compile - all classes are up to date.
[INFO] 
[INFO] --- resources:3.3.1:testResources (default-testResources) @ wta-common-sensitive ---
[INFO] skip non existing resourceDirectory /srv/WTA-plus/backend/wta-common/wta-common-sensitive/src/test/resources
[INFO] 
[INFO] --- compiler:3.15.0:testCompile (default-testCompile) @ wta-common-sensitive ---
[INFO] No sources to compile
[INFO] 
[INFO] --- surefire:3.5.5:test (default-test) @ wta-common-sensitive ---
[INFO] No tests to run.
[INFO] 
[INFO] -------------------< org.namewta:wta-common-encrypt >-------------------
[INFO] Building wta-common-encrypt 6.0.0                                [24/49]
[INFO]   from wta-common/wta-common-encrypt/pom.xml
[INFO] --------------------------------[ jar ]---------------------------------
[INFO] 
[INFO] --- resources:3.3.1:resources (default-resources) @ wta-common-encrypt ---
[INFO] Copying 1 resource from src/main/resources to target/classes
[INFO] Copying 0 resource from src/main/resources to target/classes
[INFO] 
[INFO] --- flatten:1.7.3:flatten (flatten) @ wta-common-encrypt ---
[INFO] Generating flattened POM of project org.namewta:wta-common-encrypt:jar:6.0.0...
[INFO] 
[INFO] --- compiler:3.15.0:compile (default-compile) @ wta-common-encrypt ---
[INFO] Nothing to compile - all classes are up to date.
[INFO] 
[INFO] --- resources:3.3.1:testResources (default-testResources) @ wta-common-encrypt ---
[INFO] skip non existing resourceDirectory /srv/WTA-plus/backend/wta-common/wta-common-encrypt/src/test/resources
[INFO] 
[INFO] --- compiler:3.15.0:testCompile (default-testCompile) @ wta-common-encrypt ---
[INFO] No sources to compile
[INFO] 
[INFO] --- surefire:3.5.5:test (default-test) @ wta-common-encrypt ---
[INFO] No tests to run.
[INFO] 
[INFO] --------------------< org.namewta:wta-common-push >---------------------
[INFO] Building wta-common-push 6.0.0                                   [25/49]
[INFO]   from wta-common/wta-common-push/pom.xml
[INFO] --------------------------------[ jar ]---------------------------------
[INFO] 
[INFO] --- resources:3.3.1:resources (default-resources) @ wta-common-push ---
[INFO] Copying 1 resource from src/main/resources to target/classes
[INFO] Copying 0 resource from src/main/resources to target/classes
[INFO] 
[INFO] --- flatten:1.7.3:flatten (flatten) @ wta-common-push ---
[INFO] Generating flattened POM of project org.namewta:wta-common-push:jar:6.0.0...
[INFO] 
[INFO] --- compiler:3.15.0:compile (default-compile) @ wta-common-push ---
[INFO] Nothing to compile - all classes are up to date.
[INFO] 
[INFO] --- resources:3.3.1:testResources (default-testResources) @ wta-common-push ---
[INFO] skip non existing resourceDirectory /srv/WTA-plus/backend/wta-common/wta-common-push/src/test/resources
[INFO] 
[INFO] --- compiler:3.15.0:testCompile (default-testCompile) @ wta-common-push ---
[INFO] Nothing to compile - all classes are up to date.
[INFO] 
[INFO] --- surefire:3.5.5:test (default-test) @ wta-common-push ---
[INFO] Using auto detected provider org.apache.maven.surefire.junitplatform.JUnitPlatformProvider
[INFO] 
[INFO] -------------------------------------------------------
[INFO]  T E S T S
[INFO] -------------------------------------------------------
[INFO] 
[INFO] Results:
[INFO] 
[INFO] Tests run: 0, Failures: 0, Errors: 0, Skipped: 0
[INFO] 
[INFO] 
[INFO] ----------------------< org.namewta:wta-modules >-----------------------
[INFO] Building wta-modules 6.0.0                                       [26/49]
[INFO]   from wta-modules/pom.xml
[INFO] --------------------------------[ pom ]---------------------------------
[INFO] 
[INFO] --- flatten:1.7.3:flatten (flatten) @ wta-modules ---
[INFO] Generating flattened POM of project org.namewta:wta-modules:pom:6.0.0...
[INFO] 
[INFO] -----------------------< org.namewta:wta-system >-----------------------
[INFO] Building wta-system 6.0.0                                        [27/49]
[INFO]   from wta-modules/wta-system/pom.xml
[INFO] --------------------------------[ jar ]---------------------------------
[INFO] 
[INFO] --- resources:3.3.1:resources (default-resources) @ wta-system ---
[INFO] Copying 23 resources from src/main/resources to target/classes
[INFO] Copying 0 resource from src/main/resources to target/classes
[INFO] 
[INFO] --- flatten:1.7.3:flatten (flatten) @ wta-system ---
[INFO] Generating flattened POM of project org.namewta:wta-system:jar:6.0.0...
[INFO] 
[INFO] --- compiler:3.15.0:compile (default-compile) @ wta-system ---
[INFO] Nothing to compile - all classes are up to date.
[INFO] 
[INFO] --- resources:3.3.1:testResources (default-testResources) @ wta-system ---
[INFO] skip non existing resourceDirectory /srv/WTA-plus/backend/wta-modules/wta-system/src/test/resources
[INFO] 
[INFO] --- compiler:3.15.0:testCompile (default-testCompile) @ wta-system ---
[INFO] Nothing to compile - all classes are up to date.
[INFO] 
[INFO] --- surefire:3.5.5:test (default-test) @ wta-system ---
[INFO] Using auto detected provider org.apache.maven.surefire.junitplatform.JUnitPlatformProvider
[INFO] 
[INFO] -------------------------------------------------------
[INFO]  T E S T S
[INFO] -------------------------------------------------------
[INFO] Running org.namewta.system.service.impl.SysClientServiceSsoUnitTest
Mockito is currently self-attaching to enable the inline-mock-maker. This will no longer work in future releases of the JDK. Please add Mockito as an agent to your build as described in Mockito's documentation: https://javadoc.io/doc/org.mockito/mockito-core/latest/org.mockito/org/mockito/Mockito.html#0.3
OpenJDK 64-Bit Server VM warning: Sharing is only supported for boot loader classes because bootstrap classpath has been appended
WARNING: A Java agent has been loaded dynamically (/root/.m2/repository/net/bytebuddy/byte-buddy-agent/1.18.10/byte-buddy-agent-1.18.10.jar)
WARNING: If a serviceability tool is in use, please run with -XX:+EnableDynamicAgentLoading to hide this warning
WARNING: If a serviceability tool is not in use, please run with -Djdk.instrument.traceUsage for more information
WARNING: Dynamic loading of agents will be disallowed by default in a future release
[INFO] Tests run: 3, Failures: 0, Errors: 0, Skipped: 0, Time elapsed: 1.646 s -- in org.namewta.system.service.impl.SysClientServiceSsoUnitTest
[INFO] Running org.namewta.system.phone.UserPhoneWriteServiceTest
[INFO] Tests run: 14, Failures: 0, Errors: 0, Skipped: 0, Time elapsed: 1.615 s -- in org.namewta.system.phone.UserPhoneWriteServiceTest
[INFO] Running org.namewta.system.sso.SsoClientFieldsSupportTest
[INFO] Tests run: 4, Failures: 0, Errors: 0, Skipped: 0, Time elapsed: 0.311 s -- in org.namewta.system.sso.SsoClientFieldsSupportTest
[INFO] Running org.namewta.system.sso.ClientAccessPathsTest
[INFO] Tests run: 3, Failures: 0, Errors: 0, Skipped: 0, Time elapsed: 0.040 s -- in org.namewta.system.sso.ClientAccessPathsTest
[INFO] Running org.namewta.system.sso.SsoAppRegistrationTest
[INFO] Tests run: 4, Failures: 0, Errors: 0, Skipped: 0, Time elapsed: 0.009 s -- in org.namewta.system.sso.SsoAppRegistrationTest
[INFO] Running org.namewta.system.sso.SsoRedirectUrisTest
[INFO] Tests run: 2, Failures: 0, Errors: 0, Skipped: 0, Time elapsed: 0.007 s -- in org.namewta.system.sso.SsoRedirectUrisTest
[INFO] Running org.namewta.system.sso.SsoAccessSupportTest
[INFO] Tests run: 3, Failures: 0, Errors: 0, Skipped: 0, Time elapsed: 0.021 s -- in org.namewta.system.sso.SsoAccessSupportTest
[INFO] 
[INFO] Results:
[INFO] 
[INFO] Tests run: 33, Failures: 0, Errors: 0, Skipped: 0
[INFO] 
[INFO] 
[INFO] -----------------------< org.namewta:wta-third >------------------------
[INFO] Building wta-third 6.0.0                                         [28/49]
[INFO]   from wta-modules/wta-third/pom.xml
[INFO] --------------------------------[ jar ]---------------------------------
[INFO] 
[INFO] --- resources:3.3.1:resources (default-resources) @ wta-third ---
[INFO] Copying 1 resource from src/main/resources to target/classes
[INFO] Copying 0 resource from src/main/resources to target/classes
[INFO] 
[INFO] --- flatten:1.7.3:flatten (flatten) @ wta-third ---
[INFO] Generating flattened POM of project org.namewta:wta-third:jar:6.0.0...
[INFO] 
[INFO] --- compiler:3.15.0:compile (default-compile) @ wta-third ---
[INFO] Nothing to compile - all classes are up to date.
[INFO] 
[INFO] --- resources:3.3.1:testResources (default-testResources) @ wta-third ---
[INFO] skip non existing resourceDirectory /srv/WTA-plus/backend/wta-modules/wta-third/src/test/resources
[INFO] 
[INFO] --- compiler:3.15.0:testCompile (default-testCompile) @ wta-third ---
[INFO] Nothing to compile - all classes are up to date.
[INFO] 
[INFO] --- surefire:3.5.5:test (default-test) @ wta-third ---
[INFO] Using auto detected provider org.apache.maven.surefire.junitplatform.JUnitPlatformProvider
[INFO] 
[INFO] -------------------------------------------------------
[INFO]  T E S T S
[INFO] -------------------------------------------------------
[INFO] 
[INFO] Results:
[INFO] 
[INFO] Tests run: 0, Failures: 0, Errors: 0, Skipped: 0
[INFO] 
[INFO] 
[INFO] -----------------------< org.namewta:wta-notify >-----------------------
[INFO] Building wta-notify 6.0.0                                        [29/49]
[INFO]   from wta-modules/wta-notify/pom.xml
[INFO] --------------------------------[ jar ]---------------------------------
[INFO] 
[INFO] --- resources:3.3.1:resources (default-resources) @ wta-notify ---
[INFO] Copying 4 resources from src/main/resources to target/classes
[INFO] Copying 0 resource from src/main/resources to target/classes
[INFO] 
[INFO] --- flatten:1.7.3:flatten (flatten) @ wta-notify ---
[INFO] Generating flattened POM of project org.namewta:wta-notify:jar:6.0.0...
[INFO] 
[INFO] --- compiler:3.15.0:compile (default-compile) @ wta-notify ---
[INFO] Nothing to compile - all classes are up to date.
[INFO] 
[INFO] --- resources:3.3.1:testResources (default-testResources) @ wta-notify ---
[INFO] skip non existing resourceDirectory /srv/WTA-plus/backend/wta-modules/wta-notify/src/test/resources
[INFO] 
[INFO] --- compiler:3.15.0:testCompile (default-testCompile) @ wta-notify ---
[INFO] Recompiling the module because of changed source code.
[INFO] Compiling 23 source files with javac [debug release 21] to target/test-classes
[INFO] /srv/WTA-plus/backend/wta-modules/wta-notify/src/test/java/org/namewta/notify/support/outbox/NotifyOutboxWakeRedisGate.java: /srv/WTA-plus/backend/wta-modules/wta-notify/src/test/java/org/namewta/notify/support/outbox/NotifyOutboxWakeRedisGate.java uses or overrides a deprecated API.
[INFO] /srv/WTA-plus/backend/wta-modules/wta-notify/src/test/java/org/namewta/notify/support/outbox/NotifyOutboxWakeRedisGate.java: Recompile with -Xlint:deprecation for details.
[INFO] /srv/WTA-plus/backend/wta-modules/wta-notify/src/test/java/org/namewta/notify/adapter/provider/Sms4jReceiptTest.java: Some input files use unchecked or unsafe operations.
[INFO] /srv/WTA-plus/backend/wta-modules/wta-notify/src/test/java/org/namewta/notify/adapter/provider/Sms4jReceiptTest.java: Recompile with -Xlint:unchecked for details.
[INFO] 
[INFO] --- surefire:3.5.5:test (default-test) @ wta-notify ---
[INFO] Using auto detected provider org.apache.maven.surefire.junitplatform.JUnitPlatformProvider
[INFO] 
[INFO] -------------------------------------------------------
[INFO]  T E S T S
[INFO] -------------------------------------------------------
[INFO] Running org.namewta.notify.service.runtime.InAppNotificationServiceTest
Mockito is currently self-attaching to enable the inline-mock-maker. This will no longer work in future releases of the JDK. Please add Mockito as an agent to your build as described in Mockito's documentation: https://javadoc.io/doc/org.mockito/mockito-core/latest/org.mockito/org/mockito/Mockito.html#0.3
OpenJDK 64-Bit Server VM warning: Sharing is only supported for boot loader classes because bootstrap classpath has been appended
WARNING: A Java agent has been loaded dynamically (/root/.m2/repository/net/bytebuddy/byte-buddy-agent/1.18.10/byte-buddy-agent-1.18.10.jar)
WARNING: If a serviceability tool is in use, please run with -XX:+EnableDynamicAgentLoading to hide this warning
WARNING: If a serviceability tool is not in use, please run with -Djdk.instrument.traceUsage for more information
WARNING: Dynamic loading of agents will be disallowed by default in a future release
12:43:27.108 [main] WARN com.baomidou.mybatisplus.core.toolkit.Sequence -- Unable to get network interface for wta-ubuntu/127.0.1.1
[INFO] Tests run: 2, Failures: 0, Errors: 0, Skipped: 0, Time elapsed: 1.425 s -- in org.namewta.notify.service.runtime.InAppNotificationServiceTest
[INFO] Running org.namewta.notify.service.runtime.NotificationDeadlineRuntimeTest
[INFO] Tests run: 1, Failures: 0, Errors: 0, Skipped: 0, Time elapsed: 0.115 s -- in org.namewta.notify.service.runtime.NotificationDeadlineRuntimeTest
[INFO] Running org.namewta.notify.service.runtime.NotificationSupportedModeRuntimeTest
[INFO] Tests run: 7, Failures: 0, Errors: 0, Skipped: 0, Time elapsed: 0.098 s -- in org.namewta.notify.service.runtime.NotificationSupportedModeRuntimeTest
[INFO] Running org.namewta.notify.service.runtime.DispatchNotificationServiceTest
[INFO] Tests run: 23, Failures: 0, Errors: 0, Skipped: 0, Time elapsed: 0.645 s -- in org.namewta.notify.service.runtime.DispatchNotificationServiceTest
[INFO] Running org.namewta.notify.service.runtime.NotificationMonitorServiceTest
[INFO] Tests run: 2, Failures: 0, Errors: 0, Skipped: 0, Time elapsed: 0.010 s -- in org.namewta.notify.service.runtime.NotificationMonitorServiceTest
[INFO] Running org.namewta.notify.service.runtime.NotifyOutboxClaimConcurrencyTest
[INFO] Tests run: 1, Failures: 0, Errors: 0, Skipped: 0, Time elapsed: 0.023 s -- in org.namewta.notify.service.runtime.NotifyOutboxClaimConcurrencyTest
[INFO] Running org.namewta.notify.service.NotifyTestSendServiceTest
[INFO] Tests run: 3, Failures: 0, Errors: 0, Skipped: 0, Time elapsed: 0.064 s -- in org.namewta.notify.service.NotifyTestSendServiceTest
[INFO] Running org.namewta.notify.service.NotifyNoticeServiceTest
[INFO] Tests run: 1, Failures: 0, Errors: 0, Skipped: 0, Time elapsed: 0.045 s -- in org.namewta.notify.service.NotifyNoticeServiceTest
[INFO] Running org.namewta.notify.service.NotifyNoticePublisherServiceTest
[INFO] Tests run: 2, Failures: 0, Errors: 0, Skipped: 0, Time elapsed: 0.053 s -- in org.namewta.notify.service.NotifyNoticePublisherServiceTest
[INFO] Running org.namewta.notify.service.NotifyConfigServiceTest
12:43:28.360 [main] WARN org.namewta.notify.service.NotifyConfigService -- 加载短信渠道账号失败，进程继续启动；发送将失败关闭。原因=select; bad SQL grammar [SELECT * FROM notify_channel_account]
[INFO] Tests run: 14, Failures: 0, Errors: 0, Skipped: 0, Time elapsed: 0.126 s -- in org.namewta.notify.service.NotifyConfigServiceTest
[INFO] Running org.namewta.notify.support.NotifySendPlannerTest
[INFO] Tests run: 4, Failures: 0, Errors: 0, Skipped: 0, Time elapsed: 0.013 s -- in org.namewta.notify.support.NotifySendPlannerTest
[INFO] Running org.namewta.notify.support.NotifyAuditSupportTest
[INFO] Tests run: 1, Failures: 0, Errors: 0, Skipped: 0, Time elapsed: 0.011 s -- in org.namewta.notify.support.NotifyAuditSupportTest
[INFO] Running org.namewta.notify.adapter.provider.Sms4jBlendRegistryTest
[INFO] Tests run: 5, Failures: 0, Errors: 0, Skipped: 0, Time elapsed: 0.099 s -- in org.namewta.notify.adapter.provider.Sms4jBlendRegistryTest
[INFO] Running org.namewta.notify.adapter.provider.Sms4jReceiptTest
[INFO] Tests run: 7, Failures: 0, Errors: 0, Skipped: 0, Time elapsed: 0.086 s -- in org.namewta.notify.adapter.provider.Sms4jReceiptTest
[INFO] Running org.namewta.notify.adapter.worker.NotifyOutboxWorkerWakePollTest
12:43:28.649 [main] INFO org.namewta.notify.adapter.worker.NotifyOutboxWorker -- notify outbox drain trigger=WAKE claimed=0 batches=1
12:43:28.652 [main] INFO org.namewta.notify.adapter.worker.NotifyOutboxWorker -- notify outbox drain trigger=POLL claimed=1 batches=2
12:43:28.652 [main] INFO org.namewta.notify.adapter.worker.NotifyOutboxWorker -- notify outbox drain trigger=WAKE claimed=1 batches=2
12:43:28.659 [pool-4-thread-1] INFO org.namewta.notify.adapter.worker.NotifyOutboxWorker -- notify outbox drain trigger=POLL claimed=1 batches=2
12:43:28.660 [main] INFO org.namewta.notify.adapter.worker.NotifyOutboxWorker -- notify outbox drain trigger=POLL claimed=0 batches=1
12:43:28.663 [main] INFO org.namewta.notify.adapter.worker.NotifyOutboxWorker -- notify outbox drain trigger=POLL claimed=1 batches=2
12:43:28.668 [main] WARN org.namewta.notify.adapter.worker.NotifyOutboxWakeSubscriber -- notify outbox wake subscribe failed, slow poll remains
java.lang.IllegalStateException: redis down
	at org.namewta.notify.adapter.worker.NotifyOutboxWorkerWakePollTest$1.subscribe(NotifyOutboxWorkerWakePollTest.java:159)
	at org.namewta.notify.adapter.worker.NotifyOutboxWakeSubscriber.afterPropertiesSet(NotifyOutboxWakeSubscriber.java:54)
	at org.junit.jupiter.api.AssertDoesNotThrow.assertDoesNotThrow(AssertDoesNotThrow.java:52)
	at org.junit.jupiter.api.AssertDoesNotThrow.assertDoesNotThrow(AssertDoesNotThrow.java:39)
	at org.junit.jupiter.api.Assertions.assertDoesNotThrow(Assertions.java:3295)
	at org.namewta.notify.adapter.worker.NotifyOutboxWorkerWakePollTest.subscribeFailureDoesNotPreventConstruction(NotifyOutboxWorkerWakePollTest.java:167)
	at java.base/jdk.internal.reflect.DirectMethodHandleAccessor.invoke(DirectMethodHandleAccessor.java:103)
	at java.base/java.lang.reflect.Method.invoke(Method.java:580)
	at org.junit.platform.commons.util.ReflectionUtils.invokeMethod(ReflectionUtils.java:701)
	at org.junit.platform.commons.support.ReflectionSupport.invokeMethod(ReflectionSupport.java:502)
	at org.junit.jupiter.engine.support.MethodReflectionUtils.invoke(MethodReflectionUtils.java:45)
	at org.junit.jupiter.engine.execution.MethodInvocation.proceed(MethodInvocation.java:61)
	at org.junit.jupiter.engine.execution.InvocationInterceptorChain$ValidatingInvocation.proceed(InvocationInterceptorChain.java:124)
	at org.junit.jupiter.engine.extension.TimeoutExtension.intercept(TimeoutExtension.java:163)
	at org.junit.jupiter.engine.extension.TimeoutExtension.interceptTestableMethod(TimeoutExtension.java:148)
	at org.junit.jupiter.engine.extension.TimeoutExtension.interceptTestMethod(TimeoutExtension.java:86)
	at org.junit.jupiter.engine.execution.InterceptingExecutableInvoker$ReflectiveInterceptorCall.lambda$ofVoidMethod$0(InterceptingExecutableInvoker.java:123)
	at org.junit.jupiter.engine.execution.InterceptingExecutableInvoker.lambda$invoke$0(InterceptingExecutableInvoker.java:105)
	at org.junit.jupiter.engine.execution.InvocationInterceptorChain$InterceptedInvocation.proceed(InvocationInterceptorChain.java:99)
	at org.junit.jupiter.engine.execution.InvocationInterceptorChain.proceed(InvocationInterceptorChain.java:66)
	at org.junit.jupiter.engine.execution.InvocationInterceptorChain.chainAndInvoke(InvocationInterceptorChain.java:47)
	at org.junit.jupiter.engine.execution.InvocationInterceptorChain.invoke(InvocationInterceptorChain.java:39)
	at org.junit.jupiter.engine.execution.InterceptingExecutableInvoker.invoke(InterceptingExecutableInvoker.java:104)
	at org.junit.jupiter.engine.execution.InterceptingExecutableInvoker.invoke(InterceptingExecutableInvoker.java:98)
	at org.junit.jupiter.engine.execution.InterceptingExecutableInvoker.invokeVoid(InterceptingExecutableInvoker.java:71)
	at org.junit.jupiter.engine.descriptor.TestMethodTestDescriptor.lambda$invokeTestMethod$0(TestMethodTestDescriptor.java:219)
	at org.junit.platform.engine.support.hierarchical.ThrowableCollector.execute(ThrowableCollector.java:74)
	at org.junit.jupiter.engine.descriptor.TestMethodTestDescriptor.invokeTestMethod(TestMethodTestDescriptor.java:215)
	at org.junit.jupiter.engine.descriptor.TestMethodTestDescriptor.execute(TestMethodTestDescriptor.java:157)
	at org.junit.jupiter.engine.descriptor.TestMethodTestDescriptor.execute(TestMethodTestDescriptor.java:70)
	at org.junit.platform.engine.support.hierarchical.NodeTestTask.lambda$executeRecursively$2(NodeTestTask.java:176)
	at org.junit.platform.engine.support.hierarchical.ThrowableCollector.execute(ThrowableCollector.java:74)
	at org.junit.platform.engine.support.hierarchical.NodeTestTask.lambda$executeRecursively$1(NodeTestTask.java:166)
	at org.junit.platform.engine.support.hierarchical.Node.around(Node.java:138)
	at org.junit.platform.engine.support.hierarchical.NodeTestTask.lambda$executeRecursively$0(NodeTestTask.java:164)
	at org.junit.platform.engine.support.hierarchical.ThrowableCollector.execute(ThrowableCollector.java:74)
	at org.junit.platform.engine.support.hierarchical.NodeTestTask.executeRecursively(NodeTestTask.java:163)
	at org.junit.platform.engine.support.hierarchical.NodeTestTask.execute(NodeTestTask.java:116)
	at java.base/java.util.ArrayList.forEach(ArrayList.java:1596)
	at org.junit.platform.engine.support.hierarchical.SameThreadHierarchicalTestExecutorService.invokeAll(SameThreadHierarchicalTestExecutorService.java:42)
	at org.junit.platform.engine.support.hierarchical.NodeTestTask.lambda$executeRecursively$2(NodeTestTask.java:180)
	at org.junit.platform.engine.support.hierarchical.ThrowableCollector.execute(ThrowableCollector.java:74)
	at org.junit.platform.engine.support.hierarchical.NodeTestTask.lambda$executeRecursively$1(NodeTestTask.java:166)
	at org.junit.platform.engine.support.hierarchical.Node.around(Node.java:138)
	at org.junit.platform.engine.support.hierarchical.NodeTestTask.lambda$executeRecursively$0(NodeTestTask.java:164)
	at org.junit.platform.engine.support.hierarchical.ThrowableCollector.execute(ThrowableCollector.java:74)
	at org.junit.platform.engine.support.hierarchical.NodeTestTask.executeRecursively(NodeTestTask.java:163)
	at org.junit.platform.engine.support.hierarchical.NodeTestTask.execute(NodeTestTask.java:116)
	at java.base/java.util.ArrayList.forEach(ArrayList.java:1596)
	at org.junit.platform.engine.support.hierarchical.SameThreadHierarchicalTestExecutorService.invokeAll(SameThreadHierarchicalTestExecutorService.java:42)
	at org.junit.platform.engine.support.hierarchical.NodeTestTask.lambda$executeRecursively$2(NodeTestTask.java:180)
	at org.junit.platform.engine.support.hierarchical.ThrowableCollector.execute(ThrowableCollector.java:74)
	at org.junit.platform.engine.support.hierarchical.NodeTestTask.lambda$executeRecursively$1(NodeTestTask.java:166)
	at org.junit.platform.engine.support.hierarchical.Node.around(Node.java:138)
	at org.junit.platform.engine.support.hierarchical.NodeTestTask.lambda$executeRecursively$0(NodeTestTask.java:164)
	at org.junit.platform.engine.support.hierarchical.ThrowableCollector.execute(ThrowableCollector.java:74)
	at org.junit.platform.engine.support.hierarchical.NodeTestTask.executeRecursively(NodeTestTask.java:163)
	at org.junit.platform.engine.support.hierarchical.NodeTestTask.execute(NodeTestTask.java:116)
	at org.junit.platform.engine.support.hierarchical.SameThreadHierarchicalTestExecutorService.submit(SameThreadHierarchicalTestExecutorService.java:36)
	at org.junit.platform.engine.support.hierarchical.HierarchicalTestExecutor.execute(HierarchicalTestExecutor.java:52)
	at org.junit.platform.engine.support.hierarchical.HierarchicalTestEngine.execute(HierarchicalTestEngine.java:58)
	at org.junit.platform.launcher.core.EngineExecutionOrchestrator.executeEngine(EngineExecutionOrchestrator.java:246)
	at org.junit.platform.launcher.core.EngineExecutionOrchestrator.failOrExecuteEngine(EngineExecutionOrchestrator.java:218)
	at org.junit.platform.launcher.core.EngineExecutionOrchestrator.execute(EngineExecutionOrchestrator.java:179)
	at org.junit.platform.launcher.core.EngineExecutionOrchestrator.execute(EngineExecutionOrchestrator.java:108)
	at org.junit.platform.launcher.core.EngineExecutionOrchestrator.lambda$execute$0(EngineExecutionOrchestrator.java:66)
	at org.junit.platform.launcher.core.EngineExecutionOrchestrator.withInterceptedStreams(EngineExecutionOrchestrator.java:157)
	at org.junit.platform.launcher.core.EngineExecutionOrchestrator.execute(EngineExecutionOrchestrator.java:65)
	at org.junit.platform.launcher.core.DefaultLauncher.execute(DefaultLauncher.java:125)
	at org.junit.platform.launcher.core.DefaultLauncher.execute(DefaultLauncher.java:114)
	at org.junit.platform.launcher.core.DelegatingLauncher.execute(DelegatingLauncher.java:58)
	at org.junit.platform.launcher.core.InterceptingLauncher.lambda$execute$2(InterceptingLauncher.java:57)
	at org.junit.platform.launcher.core.ClasspathAlignmentCheckingLauncherInterceptor.intercept(ClasspathAlignmentCheckingLauncherInterceptor.java:25)
	at org.junit.platform.launcher.core.InterceptingLauncher.execute(InterceptingLauncher.java:56)
	at org.junit.platform.launcher.core.DelegatingLauncher.execute(DelegatingLauncher.java:58)
	at java.base/jdk.internal.reflect.DirectMethodHandleAccessor.invoke(DirectMethodHandleAccessor.java:103)
	at java.base/java.lang.reflect.Method.invoke(Method.java:580)
	at org.apache.maven.surefire.api.util.ReflectionUtils.invokeMethodWithArray(ReflectionUtils.java:125)
	at org.apache.maven.surefire.junitplatform.LauncherAdapter.executeWithCancellationToken(LauncherAdapter.java:68)
	at org.apache.maven.surefire.junitplatform.LauncherAdapter.execute(LauncherAdapter.java:54)
	at org.apache.maven.surefire.junitplatform.JUnitPlatformProvider.execute(JUnitPlatformProvider.java:203)
	at org.apache.maven.surefire.junitplatform.JUnitPlatformProvider.invokeAllTests(JUnitPlatformProvider.java:168)
	at org.apache.maven.surefire.junitplatform.JUnitPlatformProvider.invoke(JUnitPlatformProvider.java:136)
	at org.apache.maven.surefire.booter.ForkedBooter.runSuitesInProcess(ForkedBooter.java:385)
	at org.apache.maven.surefire.booter.ForkedBooter.execute(ForkedBooter.java:162)
	at org.apache.maven.surefire.booter.ForkedBooter.run(ForkedBooter.java:507)
	at org.apache.maven.surefire.booter.ForkedBooter.main(ForkedBooter.java:495)
12:43:28.674 [main] INFO org.namewta.notify.adapter.worker.NotifyOutboxWorker -- notify outbox drain trigger=POLL claimed=0 batches=1
12:43:28.676 [main] INFO org.namewta.notify.adapter.worker.NotifyOutboxWorker -- notify outbox drain trigger=POLL claimed=2 batches=3
12:43:28.686 [main] INFO org.namewta.notify.adapter.worker.NotifyOutboxWorker -- notify outbox drain trigger=WAKE claimed=0 batches=1
[INFO] Tests run: 9, Failures: 0, Errors: 0, Skipped: 0, Time elapsed: 0.101 s -- in org.namewta.notify.adapter.worker.NotifyOutboxWorkerWakePollTest
[INFO] Running org.namewta.notify.adapter.event.NotifyOutboxWakePublisherTest
12:43:28.862 [main] WARN org.namewta.notify.adapter.event.NotifyOutboxWakePublisher -- notify outbox cross-process wake publish failed, outboxId=7, reason=IllegalStateException, fallback poll remains
12:43:28.867 [main] WARN org.namewta.notify.adapter.event.NotifyOutboxWakePublisher -- notify outbox wake interrupted, outboxId=1, fallback poll remains
12:43:28.930 [junit-timeout-thread-1] WARN org.namewta.notify.adapter.event.NotifyOutboxWakePublisher -- notify outbox cross-process wake publish failed, outboxId=1, reason=TimeoutException, fallback poll remains
[INFO] Tests run: 10, Failures: 0, Errors: 0, Skipped: 0, Time elapsed: 0.277 s -- in org.namewta.notify.adapter.event.NotifyOutboxWakePublisherTest
[INFO] Running org.namewta.notify.NotifyOutboxWakeScopeGateTest
[INFO] Tests run: 3, Failures: 0, Errors: 0, Skipped: 0, Time elapsed: 0.027 s -- in org.namewta.notify.NotifyOutboxWakeScopeGateTest
[INFO] Running org.namewta.notify.domain.policy.NotificationAggregatePolicyTest
[INFO] Tests run: 3, Failures: 0, Errors: 0, Skipped: 0, Time elapsed: 0.003 s -- in org.namewta.notify.domain.policy.NotificationAggregatePolicyTest
[INFO] Running org.namewta.notify.domain.policy.NoticeAudiencePolicyTest
[INFO] Tests run: 4, Failures: 0, Errors: 0, Skipped: 0, Time elapsed: 0.007 s -- in org.namewta.notify.domain.policy.NoticeAudiencePolicyTest
[INFO] Running org.namewta.notify.usecase.NotifyNoticeUseCaseTest
[INFO] Tests run: 3, Failures: 0, Errors: 0, Skipped: 0, Time elapsed: 0.092 s -- in org.namewta.notify.usecase.NotifyNoticeUseCaseTest
[INFO] Running org.namewta.notify.controller.admin.NotifyConfigControllerContractTest
[INFO] Tests run: 1, Failures: 0, Errors: 0, Skipped: 0, Time elapsed: 0.010 s -- in org.namewta.notify.controller.admin.NotifyConfigControllerContractTest
[INFO] 
[INFO] Results:
[INFO] 
[INFO] Tests run: 106, Failures: 0, Errors: 0, Skipped: 0
[INFO] 
[INFO] 
[INFO] ------------------------< org.namewta:wta-sso >-------------------------
[INFO] Building wta-sso 6.0.0                                           [30/49]
[INFO]   from wta-modules/wta-sso/pom.xml
[INFO] --------------------------------[ jar ]---------------------------------
[INFO] 
[INFO] --- resources:3.3.1:resources (default-resources) @ wta-sso ---
[INFO] Copying 1 resource from src/main/resources to target/classes
[INFO] Copying 0 resource from src/main/resources to target/classes
[INFO] 
[INFO] --- flatten:1.7.3:flatten (flatten) @ wta-sso ---
[INFO] Generating flattened POM of project org.namewta:wta-sso:jar:6.0.0...
[INFO] 
[INFO] --- compiler:3.15.0:compile (default-compile) @ wta-sso ---
[INFO] Nothing to compile - all classes are up to date.
[INFO] 
[INFO] --- resources:3.3.1:testResources (default-testResources) @ wta-sso ---
[INFO] skip non existing resourceDirectory /srv/WTA-plus/backend/wta-modules/wta-sso/src/test/resources
[INFO] 
[INFO] --- compiler:3.15.0:testCompile (default-testCompile) @ wta-sso ---
[INFO] Nothing to compile - all classes are up to date.
[INFO] 
[INFO] --- surefire:3.5.5:test (default-test) @ wta-sso ---
[INFO] Using auto detected provider org.apache.maven.surefire.junitplatform.JUnitPlatformProvider
[INFO] 
[INFO] -------------------------------------------------------
[INFO]  T E S T S
[INFO] -------------------------------------------------------
[INFO] Running org.namewta.sso.service.SsoSessionServiceTest
[INFO] Tests run: 1, Failures: 0, Errors: 0, Skipped: 0, Time elapsed: 0.070 s -- in org.namewta.sso.service.SsoSessionServiceTest
[INFO] Running org.namewta.sso.service.SsoAuthorizationServiceTest
12:43:30.182 [main] WARN com.baomidou.mybatisplus.core.toolkit.Sequence -- Unable to get network interface for wta-ubuntu/127.0.1.1
[INFO] Tests run: 7, Failures: 0, Errors: 0, Skipped: 0, Time elapsed: 0.134 s -- in org.namewta.sso.service.SsoAuthorizationServiceTest
[INFO] Running org.namewta.sso.support.SsoBearerTokensTest
[INFO] Tests run: 1, Failures: 0, Errors: 0, Skipped: 0, Time elapsed: 0.007 s -- in org.namewta.sso.support.SsoBearerTokensTest
[INFO] Running org.namewta.sso.support.PkceS256Test
[INFO] Tests run: 3, Failures: 0, Errors: 0, Skipped: 0, Time elapsed: 0.010 s -- in org.namewta.sso.support.PkceS256Test
[INFO] Running org.namewta.sso.adapter.gateway.SsoTokenExtrasTest
[INFO] Tests run: 1, Failures: 0, Errors: 0, Skipped: 0, Time elapsed: 0.010 s -- in org.namewta.sso.adapter.gateway.SsoTokenExtrasTest
[INFO] Running org.namewta.sso.adapter.http.SsoSessionCookieTest
[INFO] Tests run: 2, Failures: 0, Errors: 0, Skipped: 0, Time elapsed: 0.039 s -- in org.namewta.sso.adapter.http.SsoSessionCookieTest
[INFO] Running org.namewta.sso.config.SsoCookieConfigurationTest
12:43:30.673 [main] WARN org.springframework.context.annotation.AnnotationConfigApplicationContext -- Exception encountered during context initialization - cancelling refresh attempt: org.springframework.beans.factory.BeanCreationException: Error creating bean with name 'ssoAutoConfiguration': Failed to instantiate [org.namewta.sso.config.SsoAutoConfiguration]: Constructor threw exception
12:43:30.684 [main] WARN org.springframework.context.annotation.AnnotationConfigApplicationContext -- Exception encountered during context initialization - cancelling refresh attempt: org.springframework.beans.factory.BeanCreationException: Error creating bean with name 'ssoAutoConfiguration': Failed to instantiate [org.namewta.sso.config.SsoAutoConfiguration]: Constructor threw exception
12:43:30.697 [main] WARN org.springframework.context.annotation.AnnotationConfigApplicationContext -- Exception encountered during context initialization - cancelling refresh attempt: org.springframework.beans.factory.BeanCreationException: Error creating bean with name 'ssoAutoConfiguration': Failed to instantiate [org.namewta.sso.config.SsoAutoConfiguration]: Constructor threw exception
12:43:30.705 [main] WARN org.springframework.context.annotation.AnnotationConfigApplicationContext -- Exception encountered during context initialization - cancelling refresh attempt: org.springframework.beans.factory.BeanCreationException: Error creating bean with name 'ssoAutoConfiguration': Failed to instantiate [org.namewta.sso.config.SsoAutoConfiguration]: Constructor threw exception
12:43:30.713 [main] WARN org.springframework.context.annotation.AnnotationConfigApplicationContext -- Exception encountered during context initialization - cancelling refresh attempt: org.springframework.beans.factory.BeanCreationException: Error creating bean with name 'ssoAutoConfiguration': Failed to instantiate [org.namewta.sso.config.SsoAutoConfiguration]: Constructor threw exception
[INFO] Tests run: 1, Failures: 0, Errors: 0, Skipped: 0, Time elapsed: 0.421 s -- in org.namewta.sso.config.SsoCookieConfigurationTest
[INFO] 
[INFO] Results:
[INFO] 
[INFO] Tests run: 16, Failures: 0, Errors: 0, Skipped: 0
[INFO] 
[INFO] 
[INFO] ---------------------< org.namewta:wta-common-job >---------------------
[INFO] Building wta-common-job 6.0.0                                    [31/49]
[INFO]   from wta-common/wta-common-job/pom.xml
[INFO] --------------------------------[ jar ]---------------------------------
[INFO] 
[INFO] --- resources:3.3.1:resources (default-resources) @ wta-common-job ---
[INFO] Copying 1 resource from src/main/resources to target/classes
[INFO] Copying 0 resource from src/main/resources to target/classes
[INFO] 
[INFO] --- flatten:1.7.3:flatten (flatten) @ wta-common-job ---
[INFO] Generating flattened POM of project org.namewta:wta-common-job:jar:6.0.0...
[INFO] 
[INFO] --- compiler:3.15.0:compile (default-compile) @ wta-common-job ---
[INFO] Nothing to compile - all classes are up to date.
[INFO] 
[INFO] --- resources:3.3.1:testResources (default-testResources) @ wta-common-job ---
[INFO] skip non existing resourceDirectory /srv/WTA-plus/backend/wta-common/wta-common-job/src/test/resources
[INFO] 
[INFO] --- compiler:3.15.0:testCompile (default-testCompile) @ wta-common-job ---
[INFO] No sources to compile
[INFO] 
[INFO] --- surefire:3.5.5:test (default-test) @ wta-common-job ---
[INFO] No tests to run.
[INFO] 
[INFO] ------------------------< org.namewta:wta-job >-------------------------
[INFO] Building wta-job 6.0.0                                           [32/49]
[INFO]   from wta-modules/wta-job/pom.xml
[INFO] --------------------------------[ jar ]---------------------------------
[INFO] 
[INFO] --- resources:3.3.1:resources (default-resources) @ wta-job ---
[INFO] skip non existing resourceDirectory /srv/WTA-plus/backend/wta-modules/wta-job/src/main/resources
[INFO] skip non existing resourceDirectory /srv/WTA-plus/backend/wta-modules/wta-job/src/main/resources
[INFO] 
[INFO] --- flatten:1.7.3:flatten (flatten) @ wta-job ---
[INFO] Generating flattened POM of project org.namewta:wta-job:jar:6.0.0...
[INFO] 
[INFO] --- compiler:3.15.0:compile (default-compile) @ wta-job ---
[INFO] Nothing to compile - all classes are up to date.
[INFO] 
[INFO] --- resources:3.3.1:testResources (default-testResources) @ wta-job ---
[INFO] skip non existing resourceDirectory /srv/WTA-plus/backend/wta-modules/wta-job/src/test/resources
[INFO] 
[INFO] --- compiler:3.15.0:testCompile (default-testCompile) @ wta-job ---
[INFO] No sources to compile
[INFO] 
[INFO] --- surefire:3.5.5:test (default-test) @ wta-job ---
[INFO] No tests to run.
[INFO] 
[INFO] ---------------------< org.namewta:wta-common-ai >----------------------
[INFO] Building wta-common-ai 6.0.0                                     [33/49]
[INFO]   from wta-common/wta-common-ai/pom.xml
[INFO] --------------------------------[ jar ]---------------------------------
[INFO] 
[INFO] --- resources:3.3.1:resources (default-resources) @ wta-common-ai ---
[INFO] Copying 0 resource from src/main/resources to target/classes
[INFO] Copying 0 resource from src/main/resources to target/classes
[INFO] 
[INFO] --- flatten:1.7.3:flatten (flatten) @ wta-common-ai ---
[INFO] Generating flattened POM of project org.namewta:wta-common-ai:jar:6.0.0...
[INFO] 
[INFO] --- compiler:3.15.0:compile (default-compile) @ wta-common-ai ---
[INFO] Nothing to compile - all classes are up to date.
[INFO] 
[INFO] --- resources:3.3.1:testResources (default-testResources) @ wta-common-ai ---
[INFO] skip non existing resourceDirectory /srv/WTA-plus/backend/wta-common/wta-common-ai/src/test/resources
[INFO] 
[INFO] --- compiler:3.15.0:testCompile (default-testCompile) @ wta-common-ai ---
[INFO] No sources to compile
[INFO] 
[INFO] --- surefire:3.5.5:test (default-test) @ wta-common-ai ---
[INFO] No tests to run.
[INFO] 
[INFO] -------------------------< org.namewta:wta-ai >-------------------------
[INFO] Building wta-ai 6.0.0                                            [34/49]
[INFO]   from wta-modules/wta-ai/pom.xml
[INFO] --------------------------------[ jar ]---------------------------------
[INFO] 
[INFO] --- resources:3.3.1:resources (default-resources) @ wta-ai ---
[INFO] skip non existing resourceDirectory /srv/WTA-plus/backend/wta-modules/wta-ai/src/main/resources
[INFO] skip non existing resourceDirectory /srv/WTA-plus/backend/wta-modules/wta-ai/src/main/resources
[INFO] 
[INFO] --- flatten:1.7.3:flatten (flatten) @ wta-ai ---
[INFO] Generating flattened POM of project org.namewta:wta-ai:jar:6.0.0...
[INFO] 
[INFO] --- compiler:3.15.0:compile (default-compile) @ wta-ai ---
[INFO] Nothing to compile - all classes are up to date.
[INFO] 
[INFO] --- resources:3.3.1:testResources (default-testResources) @ wta-ai ---
[INFO] skip non existing resourceDirectory /srv/WTA-plus/backend/wta-modules/wta-ai/src/test/resources
[INFO] 
[INFO] --- compiler:3.15.0:testCompile (default-testCompile) @ wta-ai ---
[INFO] No sources to compile
[INFO] 
[INFO] --- surefire:3.5.5:test (default-test) @ wta-ai ---
[INFO] No tests to run.
[INFO] 
[INFO] ------------------< org.namewta:wta-common-richtext >-------------------
[INFO] Building wta-common-richtext 6.0.0                               [35/49]
[INFO]   from wta-common/wta-common-richtext/pom.xml
[INFO] --------------------------------[ jar ]---------------------------------
[INFO] 
[INFO] --- resources:3.3.1:resources (default-resources) @ wta-common-richtext ---
[INFO] skip non existing resourceDirectory /srv/WTA-plus/backend/wta-common/wta-common-richtext/src/main/resources
[INFO] skip non existing resourceDirectory /srv/WTA-plus/backend/wta-common/wta-common-richtext/src/main/resources
[INFO] 
[INFO] --- flatten:1.7.3:flatten (flatten) @ wta-common-richtext ---
[INFO] Generating flattened POM of project org.namewta:wta-common-richtext:jar:6.0.0...
[INFO] 
[INFO] --- compiler:3.15.0:compile (default-compile) @ wta-common-richtext ---
[INFO] Nothing to compile - all classes are up to date.
[INFO] 
[INFO] --- resources:3.3.1:testResources (default-testResources) @ wta-common-richtext ---
[INFO] skip non existing resourceDirectory /srv/WTA-plus/backend/wta-common/wta-common-richtext/src/test/resources
[INFO] 
[INFO] --- compiler:3.15.0:testCompile (default-testCompile) @ wta-common-richtext ---
[INFO] Nothing to compile - all classes are up to date.
[INFO] 
[INFO] --- surefire:3.5.5:test (default-test) @ wta-common-richtext ---
[INFO] Using auto detected provider org.apache.maven.surefire.junitplatform.JUnitPlatformProvider
[INFO] 
[INFO] -------------------------------------------------------
[INFO]  T E S T S
[INFO] -------------------------------------------------------
[INFO] Running org.namewta.common.richtext.RichTextProcessorTest
[INFO] Tests run: 4, Failures: 0, Errors: 0, Skipped: 0, Time elapsed: 0.146 s -- in org.namewta.common.richtext.RichTextProcessorTest
[INFO] 
[INFO] Results:
[INFO] 
[INFO] Tests run: 4, Failures: 0, Errors: 0, Skipped: 0
[INFO] 
[INFO] 
[INFO] ----------------< org.namewta:wta-common-elasticsearch >----------------
[INFO] Building wta-common-elasticsearch 6.0.0                          [36/49]
[INFO]   from wta-common/wta-common-elasticsearch/pom.xml
[INFO] --------------------------------[ jar ]---------------------------------
[INFO] 
[INFO] --- resources:3.3.1:resources (default-resources) @ wta-common-elasticsearch ---
[INFO] Copying 2 resources from src/main/resources to target/classes
[INFO] Copying 0 resource from src/main/resources to target/classes
[INFO] 
[INFO] --- flatten:1.7.3:flatten (flatten) @ wta-common-elasticsearch ---
[INFO] Generating flattened POM of project org.namewta:wta-common-elasticsearch:jar:6.0.0...
[INFO] 
[INFO] --- compiler:3.15.0:compile (default-compile) @ wta-common-elasticsearch ---
[INFO] Nothing to compile - all classes are up to date.
[INFO] 
[INFO] --- resources:3.3.1:testResources (default-testResources) @ wta-common-elasticsearch ---
[INFO] skip non existing resourceDirectory /srv/WTA-plus/backend/wta-common/wta-common-elasticsearch/src/test/resources
[INFO] 
[INFO] --- compiler:3.15.0:testCompile (default-testCompile) @ wta-common-elasticsearch ---
[INFO] No sources to compile
[INFO] 
[INFO] --- surefire:3.5.5:test (default-test) @ wta-common-elasticsearch ---
[INFO] No tests to run.
[INFO] 
[INFO] --------------------< org.namewta:wta-common-mqtt >---------------------
[INFO] Building wta-common-mqtt 6.0.0                                   [37/49]
[INFO]   from wta-common/wta-common-mqtt/pom.xml
[INFO] --------------------------------[ jar ]---------------------------------
[INFO] 
[INFO] --- resources:3.3.1:resources (default-resources) @ wta-common-mqtt ---
[INFO] Copying 1 resource from src/main/resources to target/classes
[INFO] Copying 0 resource from src/main/resources to target/classes
[INFO] 
[INFO] --- flatten:1.7.3:flatten (flatten) @ wta-common-mqtt ---
[INFO] Generating flattened POM of project org.namewta:wta-common-mqtt:jar:6.0.0...
[INFO] 
[INFO] --- compiler:3.15.0:compile (default-compile) @ wta-common-mqtt ---
[INFO] Nothing to compile - all classes are up to date.
[INFO] 
[INFO] --- resources:3.3.1:testResources (default-testResources) @ wta-common-mqtt ---
[INFO] skip non existing resourceDirectory /srv/WTA-plus/backend/wta-common/wta-common-mqtt/src/test/resources
[INFO] 
[INFO] --- compiler:3.15.0:testCompile (default-testCompile) @ wta-common-mqtt ---
[INFO] No sources to compile
[INFO] 
[INFO] --- surefire:3.5.5:test (default-test) @ wta-common-mqtt ---
[INFO] No tests to run.
[INFO] 
[INFO] ------------------------< org.namewta:wta-demo >------------------------
[INFO] Building wta-demo 6.0.0                                          [38/49]
[INFO]   from wta-modules/wta-demo/pom.xml
[INFO] --------------------------------[ jar ]---------------------------------
[INFO] 
[INFO] --- resources:3.3.1:resources (default-resources) @ wta-demo ---
[INFO] Copying 6 resources from src/main/resources to target/classes
[INFO] Copying 0 resource from src/main/resources to target/classes
[INFO] 
[INFO] --- flatten:1.7.3:flatten (flatten) @ wta-demo ---
[INFO] Generating flattened POM of project org.namewta:wta-demo:jar:6.0.0...
[INFO] 
[INFO] --- compiler:3.15.0:compile (default-compile) @ wta-demo ---
[INFO] Nothing to compile - all classes are up to date.
[INFO] 
[INFO] --- resources:3.3.1:testResources (default-testResources) @ wta-demo ---
[INFO] skip non existing resourceDirectory /srv/WTA-plus/backend/wta-modules/wta-demo/src/test/resources
[INFO] 
[INFO] --- compiler:3.15.0:testCompile (default-testCompile) @ wta-demo ---
[INFO] Nothing to compile - all classes are up to date.
[INFO] 
[INFO] --- surefire:3.5.5:test (default-test) @ wta-demo ---
[INFO] Using auto detected provider org.apache.maven.surefire.junitplatform.JUnitPlatformProvider
[INFO] 
[INFO] -------------------------------------------------------
[INFO]  T E S T S
[INFO] -------------------------------------------------------
[INFO] Running org.namewta.demo.service.impl.TestRichTextListAutoMapperTest
[INFO] Tests run: 2, Failures: 0, Errors: 0, Skipped: 0, Time elapsed: 0.385 s -- in org.namewta.demo.service.impl.TestRichTextListAutoMapperTest
[INFO] 
[INFO] Results:
[INFO] 
[INFO] Tests run: 2, Failures: 0, Errors: 0, Skipped: 0
[INFO] 
[INFO] 
[INFO] ------------------< org.namewta:wta-common-liteflow >-------------------
[INFO] Building wta-common-liteflow 6.0.0                               [39/49]
[INFO]   from wta-common/wta-common-liteflow/pom.xml
[INFO] --------------------------------[ jar ]---------------------------------
[INFO] 
[INFO] --- resources:3.3.1:resources (default-resources) @ wta-common-liteflow ---
[INFO] Copying 1 resource from src/main/resources to target/classes
[INFO] Copying 0 resource from src/main/resources to target/classes
[INFO] 
[INFO] --- flatten:1.7.3:flatten (flatten) @ wta-common-liteflow ---
[INFO] Generating flattened POM of project org.namewta:wta-common-liteflow:jar:6.0.0...
[INFO] 
[INFO] --- compiler:3.15.0:compile (default-compile) @ wta-common-liteflow ---
[INFO] Nothing to compile - all classes are up to date.
[INFO] 
[INFO] --- resources:3.3.1:testResources (default-testResources) @ wta-common-liteflow ---
[INFO] skip non existing resourceDirectory /srv/WTA-plus/backend/wta-common/wta-common-liteflow/src/test/resources
[INFO] 
[INFO] --- compiler:3.15.0:testCompile (default-testCompile) @ wta-common-liteflow ---
[INFO] No sources to compile
[INFO] 
[INFO] --- surefire:3.5.5:test (default-test) @ wta-common-liteflow ---
[INFO] No tests to run.
[INFO] 
[INFO] ----------------------< org.namewta:wta-workflow >----------------------
[INFO] Building wta-workflow 6.0.0                                      [40/49]
[INFO]   from wta-modules/wta-workflow/pom.xml
[INFO] --------------------------------[ jar ]---------------------------------
[INFO] 
[INFO] --- resources:3.3.1:resources (default-resources) @ wta-workflow ---
[INFO] Copying 11 resources from src/main/resources to target/classes
[INFO] Copying 0 resource from src/main/resources to target/classes
[INFO] 
[INFO] --- flatten:1.7.3:flatten (flatten) @ wta-workflow ---
[INFO] Generating flattened POM of project org.namewta:wta-workflow:jar:6.0.0...
[INFO] 
[INFO] --- compiler:3.15.0:compile (default-compile) @ wta-workflow ---
[INFO] Nothing to compile - all classes are up to date.
[INFO] 
[INFO] --- resources:3.3.1:testResources (default-testResources) @ wta-workflow ---
[INFO] skip non existing resourceDirectory /srv/WTA-plus/backend/wta-modules/wta-workflow/src/test/resources
[INFO] 
[INFO] --- compiler:3.15.0:testCompile (default-testCompile) @ wta-workflow ---
[INFO] No sources to compile
[INFO] 
[INFO] --- surefire:3.5.5:test (default-test) @ wta-workflow ---
[INFO] No tests to run.
[INFO] 
[INFO] ----------------------< org.namewta:wta-profile >-----------------------
[INFO] Building wta-profile 6.0.0                                       [41/49]
[INFO]   from wta-modules/wta-profile/pom.xml
[INFO] --------------------------------[ pom ]---------------------------------
[INFO] 
[INFO] --- flatten:1.7.3:flatten (flatten) @ wta-profile ---
[INFO] Generating flattened POM of project org.namewta:wta-profile:pom:6.0.0...
[INFO] 
[INFO] -------------------< org.namewta:wta-profile-person >-------------------
[INFO] Building wta-profile-person 6.0.0                                [42/49]
[INFO]   from wta-modules/wta-profile/wta-profile-person/pom.xml
[INFO] --------------------------------[ jar ]---------------------------------
[INFO] 
[INFO] --- resources:3.3.1:resources (default-resources) @ wta-profile-person ---
[INFO] Copying 6 resources from src/main/resources to target/classes
[INFO] Copying 0 resource from src/main/resources to target/classes
[INFO] 
[INFO] --- flatten:1.7.3:flatten (flatten) @ wta-profile-person ---
[INFO] Generating flattened POM of project org.namewta:wta-profile-person:jar:6.0.0...
[INFO] 
[INFO] --- compiler:3.15.0:compile (default-compile) @ wta-profile-person ---
[INFO] Nothing to compile - all classes are up to date.
[INFO] 
[INFO] --- resources:3.3.1:testResources (default-testResources) @ wta-profile-person ---
[INFO] skip non existing resourceDirectory /srv/WTA-plus/backend/wta-modules/wta-profile/wta-profile-person/src/test/resources
[INFO] 
[INFO] --- compiler:3.15.0:testCompile (default-testCompile) @ wta-profile-person ---
[INFO] Recompiling the module because of changed source code.
[INFO] Compiling 38 source files with javac [debug release 21] to target/test-classes
[INFO] /srv/WTA-plus/backend/wta-modules/wta-profile/wta-profile-person/src/test/java/org/namewta/profile/person/controller/admin/PersonAdminHttpContractTest.java: Some input files use unchecked or unsafe operations.
[INFO] /srv/WTA-plus/backend/wta-modules/wta-profile/wta-profile-person/src/test/java/org/namewta/profile/person/controller/admin/PersonAdminHttpContractTest.java: Recompile with -Xlint:unchecked for details.
[INFO] 
[INFO] --- surefire:3.5.5:test (default-test) @ wta-profile-person ---
[INFO] Using auto detected provider org.apache.maven.surefire.junitplatform.JUnitPlatformProvider
[INFO] 
[INFO] -------------------------------------------------------
[INFO]  T E S T S
[INFO] -------------------------------------------------------
[INFO] Running org.namewta.profile.person.service.impl.PersonRebindServicePersistenceTest
Mockito is currently self-attaching to enable the inline-mock-maker. This will no longer work in future releases of the JDK. Please add Mockito as an agent to your build as described in Mockito's documentation: https://javadoc.io/doc/org.mockito/mockito-core/latest/org.mockito/org/mockito/Mockito.html#0.3
OpenJDK 64-Bit Server VM warning: Sharing is only supported for boot loader classes because bootstrap classpath has been appended
WARNING: A Java agent has been loaded dynamically (/root/.m2/repository/net/bytebuddy/byte-buddy-agent/1.18.10/byte-buddy-agent-1.18.10.jar)
WARNING: If a serviceability tool is in use, please run with -XX:+EnableDynamicAgentLoading to hide this warning
WARNING: If a serviceability tool is not in use, please run with -Djdk.instrument.traceUsage for more information
WARNING: Dynamic loading of agents will be disallowed by default in a future release
12:43:38.055 [main] WARN com.baomidou.mybatisplus.core.toolkit.Sequence -- Unable to get network interface for wta-ubuntu/127.0.1.1
[INFO] Tests run: 4, Failures: 0, Errors: 0, Skipped: 0, Time elapsed: 1.732 s -- in org.namewta.profile.person.service.impl.PersonRebindServicePersistenceTest
[INFO] Running org.namewta.profile.person.service.impl.PersonVerificationEvidenceCodecTest
[INFO] Tests run: 1, Failures: 0, Errors: 0, Skipped: 0, Time elapsed: 0.304 s -- in org.namewta.profile.person.service.impl.PersonVerificationEvidenceCodecTest
[INFO] Running org.namewta.profile.person.service.impl.PersonProfileMaterialOwnerContributorTest
[INFO] Tests run: 2, Failures: 0, Errors: 0, Skipped: 0, Time elapsed: 0.017 s -- in org.namewta.profile.person.service.impl.PersonProfileMaterialOwnerContributorTest
[INFO] Running org.namewta.profile.person.service.impl.PersonVerificationAttemptServiceTest
[INFO] Tests run: 2, Failures: 0, Errors: 0, Skipped: 0, Time elapsed: 0.072 s -- in org.namewta.profile.person.service.impl.PersonVerificationAttemptServiceTest
[INFO] Running org.namewta.profile.person.service.impl.PersonProfileProjectionContributorTest
[INFO] Tests run: 1, Failures: 0, Errors: 0, Skipped: 0, Time elapsed: 0.009 s -- in org.namewta.profile.person.service.impl.PersonProfileProjectionContributorTest
[INFO] Running org.namewta.profile.person.service.impl.PersonApplicationServiceTest
[INFO] Tests run: 14, Failures: 0, Errors: 0, Skipped: 0, Time elapsed: 0.249 s -- in org.namewta.profile.person.service.impl.PersonApplicationServiceTest
[INFO] Running org.namewta.profile.person.service.impl.PersonAdminServiceTest
[INFO] Tests run: 4, Failures: 0, Errors: 0, Skipped: 0, Time elapsed: 0.164 s -- in org.namewta.profile.person.service.impl.PersonAdminServiceTest
[INFO] Running org.namewta.profile.person.service.impl.PersonIdentityLookupServiceImplTest
[INFO] Tests run: 2, Failures: 0, Errors: 0, Skipped: 0, Time elapsed: 0.006 s -- in org.namewta.profile.person.service.impl.PersonIdentityLookupServiceImplTest
[INFO] Running org.namewta.profile.person.service.impl.PersonRebindServiceTest
[INFO] Tests run: 5, Failures: 0, Errors: 0, Skipped: 0, Time elapsed: 0.078 s -- in org.namewta.profile.person.service.impl.PersonRebindServiceTest
[INFO] Running org.namewta.profile.person.service.impl.PersonApplicationServicePersistenceTest
[INFO] Tests run: 4, Failures: 0, Errors: 0, Skipped: 0, Time elapsed: 0.014 s -- in org.namewta.profile.person.service.impl.PersonApplicationServicePersistenceTest
[INFO] Running org.namewta.profile.person.service.impl.SpringPersonWorkflowGatewayTest
[INFO] Tests run: 4, Failures: 0, Errors: 0, Skipped: 0, Time elapsed: 0.095 s -- in org.namewta.profile.person.service.impl.SpringPersonWorkflowGatewayTest
[INFO] Running org.namewta.profile.person.service.impl.PersonVerificationProviderRegistryTest
[INFO] Tests run: 2, Failures: 0, Errors: 0, Skipped: 0, Time elapsed: 0.004 s -- in org.namewta.profile.person.service.impl.PersonVerificationProviderRegistryTest
[INFO] Running org.namewta.profile.person.service.impl.ProfileMaterialServiceTest
[INFO] Tests run: 9, Failures: 0, Errors: 0, Skipped: 0, Time elapsed: 0.237 s -- in org.namewta.profile.person.service.impl.ProfileMaterialServiceTest
[INFO] Running org.namewta.profile.person.service.impl.PersonRebindNotificationTest
12:43:39.858 [main] WARN org.namewta.profile.person.service.PersonRebindNotificationService -- 个人换绑通知失败，channel=PERSON_REBIND_INTERNAL，category=DELIVERY_FAILED
12:43:39.860 [main] WARN org.namewta.profile.person.service.PersonRebindNotificationService -- 个人换绑通知失败，channel=PERSON_REBIND_SMS，category=DELIVERY_FAILED
[INFO] Tests run: 6, Failures: 0, Errors: 0, Skipped: 0, Time elapsed: 0.384 s -- in org.namewta.profile.person.service.impl.PersonRebindNotificationTest
[INFO] Running org.namewta.profile.person.service.impl.PersonVerificationCallbackContractTest
[INFO] Tests run: 4, Failures: 0, Errors: 0, Skipped: 0, Time elapsed: 0.060 s -- in org.namewta.profile.person.service.impl.PersonVerificationCallbackContractTest
[INFO] Running org.namewta.profile.person.listener.PersonRebindProcessListenerTest
[INFO] Tests run: 2, Failures: 0, Errors: 0, Skipped: 0, Time elapsed: 0.025 s -- in org.namewta.profile.person.listener.PersonRebindProcessListenerTest
[INFO] Running org.namewta.profile.person.controller.anonymous.PersonVerificationAnonymousControllerTest
12:43:40.564 [main] INFO org.hibernate.validator.internal.util.Version -- HV000001: Hibernate Validator 9.1.0.Final
12:43:40.965 [main] INFO org.springframework.mock.web.MockServletContext -- Initializing Spring TestDispatcherServlet ''
12:43:40.965 [main] INFO org.springframework.test.web.servlet.TestDispatcherServlet -- Initializing Servlet ''
12:43:40.967 [main] INFO org.springframework.test.web.servlet.TestDispatcherServlet -- Completed initialization in 2 ms
[INFO] Tests run: 1, Failures: 0, Errors: 0, Skipped: 0, Time elapsed: 1.452 s -- in org.namewta.profile.person.controller.anonymous.PersonVerificationAnonymousControllerTest
[INFO] Running org.namewta.profile.person.controller.self.PersonRebindHttpContractTest
[INFO] Tests run: 3, Failures: 0, Errors: 0, Skipped: 0, Time elapsed: 0.013 s -- in org.namewta.profile.person.controller.self.PersonRebindHttpContractTest
[INFO] Running org.namewta.profile.person.controller.self.PersonApplicationHttpContractTest
[INFO] Tests run: 2, Failures: 0, Errors: 0, Skipped: 0, Time elapsed: 0.007 s -- in org.namewta.profile.person.controller.self.PersonApplicationHttpContractTest
[INFO] Running org.namewta.profile.person.controller.admin.ProfileMaterialHttpContractTest
[INFO] Tests run: 3, Failures: 0, Errors: 0, Skipped: 0, Time elapsed: 0.007 s -- in org.namewta.profile.person.controller.admin.ProfileMaterialHttpContractTest
[INFO] Running org.namewta.profile.person.controller.admin.PersonAdminHttpContractTest
[INFO] Tests run: 1, Failures: 0, Errors: 0, Skipped: 0, Time elapsed: 0.002 s -- in org.namewta.profile.person.controller.admin.PersonAdminHttpContractTest
[INFO] Running org.namewta.profile.person.controller.admin.MaterialRequirementsHttpContractTest
12:43:41.492 [main] INFO org.springframework.mock.web.MockServletContext -- Initializing Spring TestDispatcherServlet ''
12:43:41.492 [main] INFO org.springframework.test.web.servlet.TestDispatcherServlet -- Initializing Servlet ''
12:43:41.492 [main] INFO org.springframework.test.web.servlet.TestDispatcherServlet -- Completed initialization in 0 ms
12:43:41.557 [main] INFO org.springframework.mock.web.MockServletContext -- Initializing Spring TestDispatcherServlet ''
12:43:41.557 [main] INFO org.springframework.test.web.servlet.TestDispatcherServlet -- Initializing Servlet ''
12:43:41.557 [main] INFO org.springframework.test.web.servlet.TestDispatcherServlet -- Completed initialization in 0 ms
12:43:41.567 [main] ERROR org.namewta.common.satoken.handler.SaTokenExceptionHandler -- 请求地址'/profile/person/materials/WORKING/123',权限码校验失败'无此权限：profile:person:material:self'
12:43:41.586 [main] INFO org.springframework.mock.web.MockServletContext -- Initializing Spring TestDispatcherServlet ''
12:43:41.586 [main] INFO org.springframework.test.web.servlet.TestDispatcherServlet -- Initializing Servlet ''
12:43:41.587 [main] INFO org.springframework.test.web.servlet.TestDispatcherServlet -- Completed initialization in 0 ms
12:43:41.623 [main] INFO org.springframework.mock.web.MockServletContext -- Initializing Spring TestDispatcherServlet ''
12:43:41.623 [main] INFO org.springframework.test.web.servlet.TestDispatcherServlet -- Initializing Servlet ''
12:43:41.623 [main] INFO org.springframework.test.web.servlet.TestDispatcherServlet -- Completed initialization in 0 ms
12:43:41.628 [main] WARN org.springframework.web.servlet.mvc.support.DefaultHandlerExceptionResolver -- Resolved [org.springframework.web.bind.MissingServletRequestParameterException: Required request parameter 'documentTypeCode' for method parameter type String is not present]
12:43:41.637 [main] WARN org.springframework.web.servlet.mvc.support.DefaultHandlerExceptionResolver -- Resolved [org.springframework.web.method.annotation.MethodArgumentTypeMismatchException: Method parameter 'profileType': Failed to convert value of type 'java.lang.String' to required type 'org.namewta.profile.api.domain.ProfileType'; Failed to convert from type [java.lang.String] to type [@org.springframework.web.bind.annotation.RequestParam org.namewta.profile.api.domain.ProfileType] for value [OTHER]]
12:43:41.646 [main] INFO org.springframework.mock.web.MockServletContext -- Initializing Spring TestDispatcherServlet ''
12:43:41.647 [main] INFO org.springframework.test.web.servlet.TestDispatcherServlet -- Initializing Servlet ''
12:43:41.647 [main] INFO org.springframework.test.web.servlet.TestDispatcherServlet -- Completed initialization in 0 ms
12:43:41.654 [main] INFO org.springframework.mock.web.MockServletContext -- Initializing Spring TestDispatcherServlet ''
12:43:41.654 [main] INFO org.springframework.test.web.servlet.TestDispatcherServlet -- Initializing Servlet ''
12:43:41.654 [main] INFO org.springframework.test.web.servlet.TestDispatcherServlet -- Completed initialization in 0 ms
12:43:41.659 [main] ERROR org.namewta.common.satoken.handler.SaTokenExceptionHandler -- 请求地址'/profile/person/materials/WORKING/123',认证失败'login',无法访问系统资源
12:43:41.673 [main] INFO org.springframework.mock.web.MockServletContext -- Initializing Spring TestDispatcherServlet ''
12:43:41.674 [main] INFO org.springframework.test.web.servlet.TestDispatcherServlet -- Initializing Servlet ''
12:43:41.674 [main] INFO org.springframework.test.web.servlet.TestDispatcherServlet -- Completed initialization in 0 ms
12:43:41.691 [main] INFO org.springframework.mock.web.MockServletContext -- Initializing Spring TestDispatcherServlet ''
12:43:41.692 [main] INFO org.springframework.test.web.servlet.TestDispatcherServlet -- Initializing Servlet ''
12:43:41.692 [main] INFO org.springframework.test.web.servlet.TestDispatcherServlet -- Completed initialization in 0 ms
12:43:41.704 [main] INFO org.springframework.mock.web.MockServletContext -- Initializing Spring TestDispatcherServlet ''
12:43:41.704 [main] INFO org.springframework.test.web.servlet.TestDispatcherServlet -- Initializing Servlet ''
12:43:41.704 [main] INFO org.springframework.test.web.servlet.TestDispatcherServlet -- Completed initialization in 0 ms
[INFO] Tests run: 6, Failures: 0, Errors: 0, Skipped: 0, Time elapsed: 0.276 s -- in org.namewta.profile.person.controller.admin.MaterialRequirementsHttpContractTest
[INFO] Running org.namewta.profile.person.config.ProfileApiConfigurationTest
[INFO] Tests run: 3, Failures: 0, Errors: 0, Skipped: 0, Time elapsed: 0.056 s -- in org.namewta.profile.person.config.ProfileApiConfigurationTest
[INFO] Running org.namewta.profile.person.architecture.PersonModuleArchitectureTest
[INFO] Tests run: 7, Failures: 0, Errors: 0, Skipped: 0, Time elapsed: 0.322 s -- in org.namewta.profile.person.architecture.PersonModuleArchitectureTest
[INFO] Running org.namewta.profile.person.architecture.ExplicitProfileIdentityContractTest
[INFO] Tests run: 13, Failures: 0, Errors: 0, Skipped: 0, Time elapsed: 4.106 s -- in org.namewta.profile.person.architecture.ExplicitProfileIdentityContractTest
[INFO] 
[INFO] Results:
[INFO] 
[INFO] Tests run: 105, Failures: 0, Errors: 0, Skipped: 0
[INFO] 
[INFO] 
[INFO] -----------------< org.namewta:wta-profile-enterprise >-----------------
[INFO] Building wta-profile-enterprise 6.0.0                            [43/49]
[INFO]   from wta-modules/wta-profile/wta-profile-enterprise/pom.xml
[INFO] --------------------------------[ jar ]---------------------------------
[INFO] 
[INFO] --- resources:3.3.1:resources (default-resources) @ wta-profile-enterprise ---
[INFO] Copying 4 resources from src/main/resources to target/classes
[INFO] Copying 0 resource from src/main/resources to target/classes
[INFO] 
[INFO] --- flatten:1.7.3:flatten (flatten) @ wta-profile-enterprise ---
[INFO] Generating flattened POM of project org.namewta:wta-profile-enterprise:jar:6.0.0...
[INFO] 
[INFO] --- compiler:3.15.0:compile (default-compile) @ wta-profile-enterprise ---
[INFO] Nothing to compile - all classes are up to date.
[INFO] 
[INFO] --- resources:3.3.1:testResources (default-testResources) @ wta-profile-enterprise ---
[INFO] skip non existing resourceDirectory /srv/WTA-plus/backend/wta-modules/wta-profile/wta-profile-enterprise/src/test/resources
[INFO] 
[INFO] --- compiler:3.15.0:testCompile (default-testCompile) @ wta-profile-enterprise ---
[INFO] Recompiling the module because of changed source code.
[INFO] Compiling 31 source files with javac [debug release 21] to target/test-classes
[INFO] /srv/WTA-plus/backend/wta-modules/wta-profile/wta-profile-enterprise/src/test/java/org/namewta/profile/enterprise/service/impl/EnterpriseTransferMySqlRedisE2ETest.java: Some input files use or override a deprecated API.
[INFO] /srv/WTA-plus/backend/wta-modules/wta-profile/wta-profile-enterprise/src/test/java/org/namewta/profile/enterprise/service/impl/EnterpriseTransferMySqlRedisE2ETest.java: Recompile with -Xlint:deprecation for details.
[INFO] /srv/WTA-plus/backend/wta-modules/wta-profile/wta-profile-enterprise/src/test/java/org/namewta/profile/enterprise/controller/admin/EnterpriseAdminHttpContractTest.java: Some input files use unchecked or unsafe operations.
[INFO] /srv/WTA-plus/backend/wta-modules/wta-profile/wta-profile-enterprise/src/test/java/org/namewta/profile/enterprise/controller/admin/EnterpriseAdminHttpContractTest.java: Recompile with -Xlint:unchecked for details.
[INFO] 
[INFO] --- surefire:3.5.5:test (default-test) @ wta-profile-enterprise ---
[INFO] Using auto detected provider org.apache.maven.surefire.junitplatform.JUnitPlatformProvider
[INFO] 
[INFO] -------------------------------------------------------
[INFO]  T E S T S
[INFO] -------------------------------------------------------
[INFO] Running org.namewta.profile.enterprise.service.impl.EnterpriseApplicationServiceTest
Mockito is currently self-attaching to enable the inline-mock-maker. This will no longer work in future releases of the JDK. Please add Mockito as an agent to your build as described in Mockito's documentation: https://javadoc.io/doc/org.mockito/mockito-core/latest/org.mockito/org/mockito/Mockito.html#0.3
OpenJDK 64-Bit Server VM warning: Sharing is only supported for boot loader classes because bootstrap classpath has been appended
WARNING: A Java agent has been loaded dynamically (/root/.m2/repository/net/bytebuddy/byte-buddy-agent/1.18.10/byte-buddy-agent-1.18.10.jar)
WARNING: If a serviceability tool is in use, please run with -XX:+EnableDynamicAgentLoading to hide this warning
WARNING: If a serviceability tool is not in use, please run with -Djdk.instrument.traceUsage for more information
WARNING: Dynamic loading of agents will be disallowed by default in a future release
[INFO] Tests run: 11, Failures: 0, Errors: 0, Skipped: 0, Time elapsed: 2.108 s -- in org.namewta.profile.enterprise.service.impl.EnterpriseApplicationServiceTest
[INFO] Running org.namewta.profile.enterprise.service.impl.EnterpriseProfileProjectionContributorTest
[INFO] Tests run: 1, Failures: 0, Errors: 0, Skipped: 0, Time elapsed: 0.041 s -- in org.namewta.profile.enterprise.service.impl.EnterpriseProfileProjectionContributorTest
[INFO] Running org.namewta.profile.enterprise.service.impl.EnterpriseTransferPersistenceTest
12:43:51.480 [main] WARN com.baomidou.mybatisplus.core.toolkit.Sequence -- Unable to get network interface for wta-ubuntu/127.0.1.1
[INFO] Tests run: 3, Failures: 0, Errors: 0, Skipped: 0, Time elapsed: 0.203 s -- in org.namewta.profile.enterprise.service.impl.EnterpriseTransferPersistenceTest
[INFO] Running org.namewta.profile.enterprise.service.impl.EnterpriseMaterialOwnerContributorTest
[INFO] Tests run: 3, Failures: 0, Errors: 0, Skipped: 0, Time elapsed: 0.039 s -- in org.namewta.profile.enterprise.service.impl.EnterpriseMaterialOwnerContributorTest
[INFO] Running org.namewta.profile.enterprise.service.impl.EnterpriseApplicationPersistenceTest
[INFO] Tests run: 3, Failures: 0, Errors: 0, Skipped: 0, Time elapsed: 0.018 s -- in org.namewta.profile.enterprise.service.impl.EnterpriseApplicationPersistenceTest
[INFO] Running org.namewta.profile.enterprise.service.impl.EnterpriseVerificationCallbackContractTest
[INFO] Tests run: 3, Failures: 0, Errors: 0, Skipped: 0, Time elapsed: 0.538 s -- in org.namewta.profile.enterprise.service.impl.EnterpriseVerificationCallbackContractTest
[INFO] Running org.namewta.profile.enterprise.service.impl.EnterpriseVerificationProviderRegistryTest
[INFO] Tests run: 2, Failures: 0, Errors: 0, Skipped: 0, Time elapsed: 0.014 s -- in org.namewta.profile.enterprise.service.impl.EnterpriseVerificationProviderRegistryTest
[INFO] Running org.namewta.profile.enterprise.service.impl.EnterpriseVerificationAttemptServiceTest
[INFO] Tests run: 2, Failures: 0, Errors: 0, Skipped: 0, Time elapsed: 0.017 s -- in org.namewta.profile.enterprise.service.impl.EnterpriseVerificationAttemptServiceTest
[INFO] Running org.namewta.profile.enterprise.service.impl.EnterpriseAdminServiceTest
[INFO] Tests run: 4, Failures: 0, Errors: 0, Skipped: 0, Time elapsed: 0.326 s -- in org.namewta.profile.enterprise.service.impl.EnterpriseAdminServiceTest
[INFO] Running org.namewta.profile.enterprise.service.impl.EnterpriseTransferServiceTest
[INFO] Tests run: 12, Failures: 0, Errors: 0, Skipped: 0, Time elapsed: 0.534 s -- in org.namewta.profile.enterprise.service.impl.EnterpriseTransferServiceTest
[INFO] Running org.namewta.profile.enterprise.service.impl.SpringEnterpriseWorkflowGatewayTest
[INFO] Tests run: 4, Failures: 0, Errors: 0, Skipped: 0, Time elapsed: 0.120 s -- in org.namewta.profile.enterprise.service.impl.SpringEnterpriseWorkflowGatewayTest
[INFO] Running org.namewta.profile.enterprise.service.impl.EnterpriseVerificationEvidenceCodecTest
[INFO] Tests run: 1, Failures: 0, Errors: 0, Skipped: 0, Time elapsed: 0.005 s -- in org.namewta.profile.enterprise.service.impl.EnterpriseVerificationEvidenceCodecTest
[INFO] Running org.namewta.profile.enterprise.controller.anonymous.EnterpriseVerificationAnonymousControllerTest
12:43:53.896 [main] INFO org.hibernate.validator.internal.util.Version -- HV000001: Hibernate Validator 9.1.0.Final
12:43:54.382 [main] INFO org.springframework.mock.web.MockServletContext -- Initializing Spring TestDispatcherServlet ''
12:43:54.383 [main] INFO org.springframework.test.web.servlet.TestDispatcherServlet -- Initializing Servlet ''
12:43:54.386 [main] INFO org.springframework.test.web.servlet.TestDispatcherServlet -- Completed initialization in 2 ms
[INFO] Tests run: 1, Failures: 0, Errors: 0, Skipped: 0, Time elapsed: 1.760 s -- in org.namewta.profile.enterprise.controller.anonymous.EnterpriseVerificationAnonymousControllerTest
[INFO] Running org.namewta.profile.enterprise.controller.self.EnterpriseTransferHttpContractTest
[INFO] Tests run: 1, Failures: 0, Errors: 0, Skipped: 0, Time elapsed: 0.015 s -- in org.namewta.profile.enterprise.controller.self.EnterpriseTransferHttpContractTest
[INFO] Running org.namewta.profile.enterprise.controller.self.EnterpriseMaterialSelfControllerContractTest
[INFO] Tests run: 2, Failures: 0, Errors: 0, Skipped: 0, Time elapsed: 0.069 s -- in org.namewta.profile.enterprise.controller.self.EnterpriseMaterialSelfControllerContractTest
[INFO] Running org.namewta.profile.enterprise.controller.self.EnterpriseApplicationHttpContractTest
[INFO] Tests run: 2, Failures: 0, Errors: 0, Skipped: 0, Time elapsed: 0.018 s -- in org.namewta.profile.enterprise.controller.self.EnterpriseApplicationHttpContractTest
[INFO] Running org.namewta.profile.enterprise.controller.EnterpriseBeanValidationContractTest
[INFO] Tests run: 3, Failures: 0, Errors: 0, Skipped: 0, Time elapsed: 0.248 s -- in org.namewta.profile.enterprise.controller.EnterpriseBeanValidationContractTest
[INFO] Running org.namewta.profile.enterprise.controller.admin.EnterpriseMaterialAdminControllerContractTest
[INFO] Tests run: 2, Failures: 0, Errors: 0, Skipped: 0, Time elapsed: 0.005 s -- in org.namewta.profile.enterprise.controller.admin.EnterpriseMaterialAdminControllerContractTest
[INFO] Running org.namewta.profile.enterprise.controller.admin.EnterpriseAdminHttpContractTest
[INFO] Tests run: 1, Failures: 0, Errors: 0, Skipped: 0, Time elapsed: 0.005 s -- in org.namewta.profile.enterprise.controller.admin.EnterpriseAdminHttpContractTest
[INFO] Running org.namewta.profile.enterprise.architecture.EnterpriseModuleArchitectureTest
[INFO] Tests run: 7, Failures: 0, Errors: 0, Skipped: 0, Time elapsed: 0.170 s -- in org.namewta.profile.enterprise.architecture.EnterpriseModuleArchitectureTest
[INFO] Running org.namewta.profile.enterprise.architecture.ExplicitProfileIdentityContractTest
[INFO] Tests run: 12, Failures: 0, Errors: 0, Skipped: 0, Time elapsed: 3.936 s -- in org.namewta.profile.enterprise.architecture.ExplicitProfileIdentityContractTest
[INFO] 
[INFO] Results:
[INFO] 
[INFO] Tests run: 80, Failures: 0, Errors: 0, Skipped: 0
[INFO] 
[INFO] 
[INFO] -----------------------< org.namewta:wta-admin >------------------------
[INFO] Building wta-admin 6.0.0                                         [44/49]
[INFO]   from wta-admin/pom.xml
[INFO] --------------------------------[ jar ]---------------------------------
[INFO] 
[INFO] --- resources:3.3.1:resources (default-resources) @ wta-admin ---
[INFO] Copying 9 resources from src/main/resources to target/classes
[INFO] Copying 4 resources from src/main/resources to target/classes
[INFO] 
[INFO] --- flatten:1.7.3:flatten (flatten) @ wta-admin ---
[INFO] Generating flattened POM of project org.namewta:wta-admin:jar:6.0.0...
[INFO] 
[INFO] --- compiler:3.15.0:compile (default-compile) @ wta-admin ---
[INFO] Nothing to compile - all classes are up to date.
[INFO] 
[INFO] --- resources:3.3.1:testResources (default-testResources) @ wta-admin ---
[INFO] Copying 2 resources from src/test/resources to target/test-classes
[INFO] 
[INFO] --- compiler:3.15.0:testCompile (default-testCompile) @ wta-admin ---
[INFO] Recompiling the module because of changed source code.
[INFO] Compiling 161 source files with javac [debug release 21] to target/test-classes
[INFO] /srv/WTA-plus/backend/wta-admin/src/test/java/org/namewta/common/redis/cache/ThirdRedisIntegrationTest.java: Some input files use or override a deprecated API.
[INFO] /srv/WTA-plus/backend/wta-admin/src/test/java/org/namewta/common/redis/cache/ThirdRedisIntegrationTest.java: Recompile with -Xlint:deprecation for details.
[INFO] /srv/WTA-plus/backend/wta-admin/src/test/java/org/namewta/test/notify/NotifyDeadlineIntegrationTest.java: Some input files use unchecked or unsafe operations.
[INFO] /srv/WTA-plus/backend/wta-admin/src/test/java/org/namewta/test/notify/NotifyDeadlineIntegrationTest.java: Recompile with -Xlint:unchecked for details.
[INFO] 
[INFO] --- surefire:3.5.5:test (default-test) @ wta-admin ---
[INFO] Using auto detected provider org.apache.maven.surefire.junitplatform.JUnitPlatformProvider
[INFO] 
[INFO] -------------------------------------------------------
[INFO]  T E S T S
[INFO] -------------------------------------------------------
[INFO] Running org.namewta.common.redis.cache.ThirdRedisIntegrationTest
[WARNING] Tests run: 2, Failures: 0, Errors: 0, Skipped: 2, Time elapsed: 0.073 s -- in org.namewta.common.redis.cache.ThirdRedisIntegrationTest
[INFO] Running org.namewta.common.oss.client.OssAccessDiagnosticUnitTest
Mockito is currently self-attaching to enable the inline-mock-maker. This will no longer work in future releases of the JDK. Please add Mockito as an agent to your build as described in Mockito's documentation: https://javadoc.io/doc/org.mockito/mockito-core/latest/org.mockito/org/mockito/Mockito.html#0.3
WARNING: A Java agent has been loaded dynamically (/root/.m2/repository/net/bytebuddy/byte-buddy-agent/1.18.10/byte-buddy-agent-1.18.10.jar)
WARNING: If a serviceability tool is in use, please run with -XX:+EnableDynamicAgentLoading to hide this warning
WARNING: If a serviceability tool is not in use, please run with -Djdk.instrument.traceUsage for more information
WARNING: Dynamic loading of agents will be disallowed by default in a future release
OpenJDK 64-Bit Server VM warning: Sharing is only supported for boot loader classes because bootstrap classpath has been appended
[INFO] Tests run: 6, Failures: 0, Errors: 0, Skipped: 0, Time elapsed: 2.582 s -- in org.namewta.common.oss.client.OssAccessDiagnosticUnitTest
[INFO] Running org.namewta.common.oss.client.OssClientProviderUnitTest
[INFO] Tests run: 4, Failures: 0, Errors: 0, Skipped: 0, Time elapsed: 0.119 s -- in org.namewta.common.oss.client.OssClientProviderUnitTest
[INFO] Running org.namewta.web.service.SysRegisterServiceRegistrationUnitTest
[INFO] Tests run: 7, Failures: 0, Errors: 0, Skipped: 0, Time elapsed: 0.343 s -- in org.namewta.web.service.SysRegisterServiceRegistrationUnitTest
[INFO] Running org.namewta.web.service.impl.PasswordAuthStrategyTemporaryUnitTest
[INFO] Tests run: 5, Failures: 0, Errors: 0, Skipped: 0, Time elapsed: 1.385 s -- in org.namewta.web.service.impl.PasswordAuthStrategyTemporaryUnitTest
[INFO] Running org.namewta.web.service.HomeClientLoginAccessPathTest
[INFO] Tests run: 1, Failures: 0, Errors: 0, Skipped: 0, Time elapsed: 0.020 s -- in org.namewta.web.service.HomeClientLoginAccessPathTest
[INFO] Running org.namewta.web.controller.AuthClientContextSsoUnitTest
[INFO] Tests run: 3, Failures: 0, Errors: 0, Skipped: 0, Time elapsed: 0.015 s -- in org.namewta.web.controller.AuthClientContextSsoUnitTest
[INFO] Running org.namewta.NamewtaApplicationUnitTest
12:44:12.397 [main] INFO org.namewta.NamewtaApplication -- 
==================
访问地址：https://localhost:9090/api
启动时间：2026-08-25 21:02:03
运行的系统：Linux 7.0.0-31-generic（amd64）
启动耗时：2.50 秒
运行内存：已用 50.08 MB / 最大 5.79 GB
==================
[INFO] Tests run: 1, Failures: 0, Errors: 0, Skipped: 0, Time elapsed: 0.192 s -- in org.namewta.NamewtaApplicationUnitTest
[INFO] Running org.namewta.test.logging.LogRedactionHttpMySqlIntegrationTest
[WARNING] Tests run: 2, Failures: 0, Errors: 0, Skipped: 2, Time elapsed: 0.005 s -- in org.namewta.test.logging.LogRedactionHttpMySqlIntegrationTest
[INFO] Running org.namewta.test.logging.OperationLogRedactionTest
[INFO] Tests run: 4, Failures: 0, Errors: 0, Skipped: 0, Time elapsed: 0.341 s -- in org.namewta.test.logging.OperationLogRedactionTest
[INFO] Running org.namewta.test.logging.SysConsoleLoggingUnitTest
2026-09-23 12:44:13 [main] INFO  org.namewta.system.http
 - {"请求标识":"request-id","正文":"line1\n\"quoted\"\u0001","事件类型":"响应返回"}
2026-09-23 12:44:13 [main] INFO  example.normal
 - normal marker
[INFO] Tests run: 1, Failures: 0, Errors: 0, Skipped: 0, Time elapsed: 0.275 s -- in org.namewta.test.logging.SysConsoleLoggingUnitTest
[INFO] Running org.namewta.test.ai.SnailAiRetirementTest
12:44:13.548 [main] INFO org.hibernate.validator.internal.util.Version -- HV000001: Hibernate Validator 9.1.0.Final
12:44:13.978 [main] INFO org.springframework.mock.web.MockServletContext -- Initializing Spring TestDispatcherServlet ''
12:44:13.979 [main] INFO org.springframework.test.web.servlet.TestDispatcherServlet -- Initializing Servlet ''
12:44:13.980 [main] INFO org.springframework.test.web.servlet.TestDispatcherServlet -- Completed initialization in 1 ms
12:44:14.026 [main] WARN org.springframework.web.servlet.PageNotFound -- No mapping for POST /snail-ai/user/register
12:44:14.028 [main] WARN org.springframework.web.servlet.PageNotFound -- No endpoint POST /snail-ai/user/register.
12:44:14.029 [main] WARN org.springframework.web.servlet.PageNotFound -- No mapping for POST /snail-chat/chat
12:44:14.030 [main] WARN org.springframework.web.servlet.PageNotFound -- No endpoint POST /snail-chat/chat.
12:44:14.030 [main] WARN org.springframework.web.servlet.PageNotFound -- No mapping for POST /api/snail/chat/chat
12:44:14.030 [main] WARN org.springframework.web.servlet.PageNotFound -- No endpoint POST /api/snail/chat/chat.
[INFO] Tests run: 2, Failures: 0, Errors: 0, Skipped: 0, Time elapsed: 0.990 s -- in org.namewta.test.ai.SnailAiRetirementTest
[INFO] Running org.namewta.test.notify.context.RequestNotifyContextResolverUnitTest
[INFO] Tests run: 3, Failures: 0, Errors: 0, Skipped: 0, Time elapsed: 0.134 s -- in org.namewta.test.notify.context.RequestNotifyContextResolverUnitTest
[INFO] Running org.namewta.test.notify.caller.NotifyCallerMigrationContractUnitTest
[INFO] Tests run: 1, Failures: 0, Errors: 0, Skipped: 0, Time elapsed: 0.013 s -- in org.namewta.test.notify.caller.NotifyCallerMigrationContractUnitTest
[INFO] Running org.namewta.test.notify.caller.DemoNotifyCallerUnitTest
[INFO] Tests run: 3, Failures: 0, Errors: 0, Skipped: 0, Time elapsed: 0.047 s -- in org.namewta.test.notify.caller.DemoNotifyCallerUnitTest
[INFO] Running org.namewta.test.notify.caller.AuthNotifyCallerUnitTest
[INFO] Tests run: 1, Failures: 0, Errors: 0, Skipped: 0, Time elapsed: 0.161 s -- in org.namewta.test.notify.caller.AuthNotifyCallerUnitTest
[INFO] Running org.namewta.test.notify.caller.WorkflowNotifyCallerUnitTest
12:44:14.439 [main] ERROR org.namewta.workflow.service.impl.FlwCommonServiceImpl -- 【消息发送失败】类型=EMAIL_MESSAGE，异常类型=IllegalStateException
[INFO] Tests run: 2, Failures: 0, Errors: 0, Skipped: 0, Time elapsed: 0.048 s -- in org.namewta.test.notify.caller.WorkflowNotifyCallerUnitTest
[INFO] Running org.namewta.test.notify.caller.CaptchaNotifyCallerUnitTest
12:44:14.466 [main] ERROR org.namewta.web.controller.CaptchaController -- 验证码短信发送失败，异常类型=IllegalStateException
12:44:14.475 [main] ERROR org.namewta.web.controller.CaptchaController -- 验证码邮件发送失败，异常类型=ServiceException
12:44:14.477 [main] ERROR org.namewta.web.controller.CaptchaController -- 验证码邮件发送失败，异常类型=ServiceException
12:44:14.479 [main] ERROR org.namewta.web.controller.CaptchaController -- 验证码邮件发送失败，异常类型=IllegalStateException
[INFO] Tests run: 9, Failures: 0, Errors: 0, Skipped: 0, Time elapsed: 0.033 s -- in org.namewta.test.notify.caller.CaptchaNotifyCallerUnitTest
[INFO] Running org.namewta.test.notify.NotificationModeOpenApiTest
[INFO] Tests run: 1, Failures: 0, Errors: 0, Skipped: 0, Time elapsed: 0.367 s -- in org.namewta.test.notify.NotificationModeOpenApiTest
[INFO] Running org.namewta.test.notify.NotifyDeadlineIntegrationTest
[WARNING] Tests run: 15, Failures: 0, Errors: 0, Skipped: 15, Time elapsed: 0 s -- in org.namewta.test.notify.NotifyDeadlineIntegrationTest
[INFO] Running org.namewta.test.notify.NotifyWakeIntegrationTest
[WARNING] Tests run: 1, Failures: 0, Errors: 0, Skipped: 1, Time elapsed: 0 s -- in org.namewta.test.notify.NotifyWakeIntegrationTest
[INFO] Running org.namewta.test.notify.NotifySmsDispatchIntegrationTest
[WARNING] Tests run: 10, Failures: 0, Errors: 0, Skipped: 10, Time elapsed: 0 s -- in org.namewta.test.notify.NotifySmsDispatchIntegrationTest
[INFO] Running org.namewta.test.notify.NotifySupportedModeIntegrationTest
[WARNING] Tests run: 16, Failures: 0, Errors: 0, Skipped: 16, Time elapsed: 0 s -- in org.namewta.test.notify.NotifySupportedModeIntegrationTest
[INFO] Running org.namewta.test.notify.EnterpriseQueuedNotificationIntegrationTest
[WARNING] Tests run: 8, Failures: 0, Errors: 0, Skipped: 8, Time elapsed: 0 s -- in org.namewta.test.notify.EnterpriseQueuedNotificationIntegrationTest
[INFO] Running org.namewta.test.notify.idempotency.NotifyIdempotencyAutoConfigurationUnitTest
[INFO] Tests run: 2, Failures: 0, Errors: 0, Skipped: 0, Time elapsed: 0.235 s -- in org.namewta.test.notify.idempotency.NotifyIdempotencyAutoConfigurationUnitTest
[INFO] Running org.namewta.test.notify.idempotency.RedisNotifyIdempotencyStoreIntegrationTest
[WARNING] Tests run: 3, Failures: 0, Errors: 0, Skipped: 3, Time elapsed: 0.006 s -- in org.namewta.test.notify.idempotency.RedisNotifyIdempotencyStoreIntegrationTest
[INFO] Running org.namewta.test.notify.idempotency.NotifyIdempotencyDispatcherUnitTest
[INFO] Tests run: 11, Failures: 0, Errors: 0, Skipped: 0, Time elapsed: 0.076 s -- in org.namewta.test.notify.idempotency.NotifyIdempotencyDispatcherUnitTest
[INFO] Running org.namewta.test.notify.NotifyAtomicResultIntegrationTest
[WARNING] Tests run: 49, Failures: 0, Errors: 0, Skipped: 49, Time elapsed: 0 s -- in org.namewta.test.notify.NotifyAtomicResultIntegrationTest
[INFO] Running org.namewta.test.notify.NotifyManualRetryIntegrationTest
[WARNING] Tests run: 13, Failures: 0, Errors: 0, Skipped: 13, Time elapsed: 0 s -- in org.namewta.test.notify.NotifyManualRetryIntegrationTest
[INFO] Running org.namewta.test.notify.NotificationRetryControllerContractTest
12:44:15.234 [main] INFO org.springframework.mock.web.MockServletContext -- Initializing Spring TestDispatcherServlet ''
12:44:15.235 [main] INFO org.springframework.test.web.servlet.TestDispatcherServlet -- Initializing Servlet ''
12:44:15.235 [main] INFO org.springframework.test.web.servlet.TestDispatcherServlet -- Completed initialization in 0 ms
____ ____    ___ ____ _  _ ____ _  _ 
[__  |__| __  |  |  | |_/  |___ |\ | 
___] |  |     |  |__| | \_ |___ | \| 
https://sa-token.cc (v1.45.0)
12:44:15.317 [main] INFO org.springframework.mock.web.MockServletContext -- Initializing Spring TestDispatcherServlet ''
12:44:15.317 [main] INFO org.springframework.test.web.servlet.TestDispatcherServlet -- Initializing Servlet ''
12:44:15.318 [main] INFO org.springframework.test.web.servlet.TestDispatcherServlet -- Completed initialization in 1 ms
12:44:15.324 [main] ERROR org.namewta.common.satoken.handler.SaTokenExceptionHandler -- 请求地址'/notify/notification/101/retry',权限码校验失败'无此权限：notify:notification:retry'
12:44:15.402 [main] ERROR org.namewta.common.satoken.handler.SaTokenExceptionHandler -- 请求地址'/notify/notification/101/cancel',权限码校验失败'无此权限：notify:notification:cancel'
12:44:15.407 [main] ERROR org.namewta.common.satoken.handler.SaTokenExceptionHandler -- 请求地址'/notify/notification/101/cancel',权限码校验失败'无此权限：notify:notification:cancel'
12:44:15.415 [main] ERROR org.namewta.common.satoken.handler.SaTokenExceptionHandler -- 请求地址'/notify/notification/101/retry',权限码校验失败'无此权限：notify:notification:retry'
____ ____    ___ ____ _  _ ____ _  _ 
[__  |__| __  |  |  | |_/  |___ |\ | 
___] |  |     |  |__| | \_ |___ | \| 
https://sa-token.cc (v1.45.0)
12:44:15.435 [main] INFO org.springframework.mock.web.MockServletContext -- Initializing Spring TestDispatcherServlet ''
12:44:15.435 [main] INFO org.springframework.test.web.servlet.TestDispatcherServlet -- Initializing Servlet ''
12:44:15.435 [main] INFO org.springframework.test.web.servlet.TestDispatcherServlet -- Completed initialization in 0 ms
12:44:15.454 [main] INFO org.springframework.mock.web.MockServletContext -- Initializing Spring TestDispatcherServlet ''
12:44:15.454 [main] INFO org.springframework.test.web.servlet.TestDispatcherServlet -- Initializing Servlet ''
12:44:15.454 [main] INFO org.springframework.test.web.servlet.TestDispatcherServlet -- Completed initialization in 0 ms
[INFO] Tests run: 4, Failures: 0, Errors: 0, Skipped: 0, Time elapsed: 0.256 s -- in org.namewta.test.notify.NotificationRetryControllerContractTest
[INFO] Running org.namewta.test.notify.attachment.NotifyAttachmentDispatcherUnitTest
12:44:15.479 [main] WARN org.namewta.common.notify.core.NotifyDispatcher -- 通知监控事件发布失败，requestId=request-1, exception=IllegalStateException
[INFO] Tests run: 5, Failures: 0, Errors: 0, Skipped: 0, Time elapsed: 0.016 s -- in org.namewta.test.notify.attachment.NotifyAttachmentDispatcherUnitTest
[INFO] Running org.namewta.test.notify.attachment.MailAttachmentSnapshotUnitTest
[INFO] Tests run: 3, Failures: 0, Errors: 0, Skipped: 0, Time elapsed: 0.009 s -- in org.namewta.test.notify.attachment.MailAttachmentSnapshotUnitTest
[INFO] Running org.namewta.test.notify.NotifySmsLogEntryTest
[INFO] Tests run: 2, Failures: 0, Errors: 0, Skipped: 0, Time elapsed: 0.038 s -- in org.namewta.test.notify.NotifySmsLogEntryTest
[INFO] Running org.namewta.test.notify.monitor.NotifyMonitorMySqlIntegrationTest
[WARNING] Tests run: 1, Failures: 0, Errors: 0, Skipped: 1, Time elapsed: 0.002 s -- in org.namewta.test.notify.monitor.NotifyMonitorMySqlIntegrationTest
[INFO] Running org.namewta.test.notify.NotifyInboxPagingIntegrationTest
[WARNING] Tests run: 4, Failures: 0, Errors: 0, Skipped: 4, Time elapsed: 0 s -- in org.namewta.test.notify.NotifyInboxPagingIntegrationTest
[INFO] Running org.namewta.test.notify.core.NotifyChannelUnitTest
[INFO] Tests run: 3, Failures: 0, Errors: 0, Skipped: 0, Time elapsed: 0.040 s -- in org.namewta.test.notify.core.NotifyChannelUnitTest
[INFO] Running org.namewta.test.notify.core.NotifyDispatcherUnitTest
12:44:15.619 [main] WARN org.namewta.common.notify.core.NotifyDispatcher -- 通知监控事件发布失败，requestId=[REDACTED], exception=IllegalStateException
12:44:15.620 [main] WARN org.namewta.common.notify.core.NotifyDispatcher -- 通知重复监控事件发布失败，requestId=[REDACTED], exception=IllegalStateException
12:44:15.632 [main] WARN org.namewta.common.notify.core.NotifyDispatcher -- 通知监控事件发布失败，requestId=1570ac8f-fa10-4d15-b919-2d6a5662cfe7, exception=IllegalStateException
[INFO] Tests run: 9, Failures: 0, Errors: 0, Skipped: 0, Time elapsed: 0.092 s -- in org.namewta.test.notify.core.NotifyDispatcherUnitTest
[INFO] Running org.namewta.test.notify.core.NotifyAutoConfigurationUnitTest
[INFO] Tests run: 1, Failures: 0, Errors: 0, Skipped: 0, Time elapsed: 0.069 s -- in org.namewta.test.notify.core.NotifyAutoConfigurationUnitTest
[INFO] Running org.namewta.test.notify.core.MailNotifyChannelAdapterUnitTest
[INFO] Tests run: 2, Failures: 0, Errors: 0, Skipped: 0, Time elapsed: 0.004 s -- in org.namewta.test.notify.core.MailNotifyChannelAdapterUnitTest
[INFO] Running org.namewta.test.notify.core.SmsNotifyChannelAdapterUnitTest
[INFO] Tests run: 2, Failures: 0, Errors: 0, Skipped: 0, Time elapsed: 0.004 s -- in org.namewta.test.notify.core.SmsNotifyChannelAdapterUnitTest
[INFO] Running org.namewta.test.migration.ossnotify.OssNotifyMigrationUnitTest
[INFO] Tests run: 2, Failures: 0, Errors: 0, Skipped: 0, Time elapsed: 0.028 s -- in org.namewta.test.migration.ossnotify.OssNotifyMigrationUnitTest
[INFO] Running org.namewta.test.migration.adminruntime.AdminRuntimeCapabilityMySqlIntegrationTest
[WARNING] Tests run: 5, Failures: 0, Errors: 0, Skipped: 5, Time elapsed: 0.010 s -- in org.namewta.test.migration.adminruntime.AdminRuntimeCapabilityMySqlIntegrationTest
[INFO] Running org.namewta.test.migration.adminruntime.AdminRuntimeCapabilitySqlContractTest
[INFO] Tests run: 2, Failures: 0, Errors: 0, Skipped: 0, Time elapsed: 0.185 s -- in org.namewta.test.migration.adminruntime.AdminRuntimeCapabilitySqlContractTest
[INFO] Running org.namewta.test.migration.password.PasswordMigrationMySqlIntegrationTest
[WARNING] Tests run: 1, Failures: 0, Errors: 0, Skipped: 1, Time elapsed: 0.002 s -- in org.namewta.test.migration.password.PasswordMigrationMySqlIntegrationTest
[INFO] Running org.namewta.test.migration.password.PasswordMigrationUnitTest
[INFO] Tests run: 4, Failures: 0, Errors: 0, Skipped: 0, Time elapsed: 0.037 s -- in org.namewta.test.migration.password.PasswordMigrationUnitTest
[INFO] Running org.namewta.test.migration.ossaccess.OssAccessMigrationContractUnitTest
[INFO] Tests run: 3, Failures: 0, Errors: 0, Skipped: 0, Time elapsed: 0.018 s -- in org.namewta.test.migration.ossaccess.OssAccessMigrationContractUnitTest
[INFO] Running org.namewta.test.migration.ossaccess.OssAccessMigrationMySqlIntegrationTest
[WARNING] Tests run: 1, Failures: 0, Errors: 0, Skipped: 1, Time elapsed: 0.002 s -- in org.namewta.test.migration.ossaccess.OssAccessMigrationMySqlIntegrationTest
[INFO] Running org.namewta.test.migration.BusinessMenuRetirementMySqlIntegrationTest
[WARNING] Tests run: 1, Failures: 0, Errors: 0, Skipped: 1, Time elapsed: 0.002 s -- in org.namewta.test.migration.BusinessMenuRetirementMySqlIntegrationTest
[INFO] Running org.namewta.test.requestbody.RequestBodyHttpIntegrationTest
12:44:16.377 [main] INFO org.eclipse.jetty.server.Server -- jetty-12.1.10; built: 2026-05-31T04:45:52.925Z; git: 986024525891c2c20ff08c58ba300dc3b9847586; jvm 21.0.12.1+1-LTS
12:44:16.410 [main] INFO org.eclipse.jetty.server.handler.ContextHandler -- Started oeje11s.ServletContextHandler@31201bf6{ROOT,/,b=null,a=AVAILABLE,h=oeje11s.ServletHandler@4159113f{STARTED}}
12:44:16.413 [main] INFO org.eclipse.jetty.server.handler.ContextHandler.ROOT -- Initializing Spring DispatcherServlet 'org.springframework.web.servlet.DispatcherServlet-75643efa'
12:44:16.413 [main] INFO org.springframework.web.servlet.DispatcherServlet -- Initializing Servlet 'org.springframework.web.servlet.DispatcherServlet-75643efa'
12:44:16.414 [main] INFO org.springframework.web.servlet.DispatcherServlet -- Completed initialization in 1 ms
12:44:16.414 [main] INFO org.eclipse.jetty.ee11.servlet.ServletContextHandler -- Started oeje11s.ServletContextHandler@31201bf6{ROOT,/,b=null,a=AVAILABLE,h=oeje11s.ServletHandler@4159113f{STARTED}}
12:44:16.421 [main] INFO org.eclipse.jetty.server.AbstractConnector -- Started oejs.ServerConnector@8e03290{HTTP/1.1, (http/1.1)}{localhost:42189}
12:44:16.422 [main] INFO org.eclipse.jetty.server.Server -- Started oejs.Server@201b8a01{STARTING}[12.1.10,sto=0] @49ms
12:44:16.951 [main] INFO org.eclipse.jetty.server.Server -- Stopped oejs.Server@201b8a01{STOPPING}[12.1.10,sto=0]
12:44:16.955 [main] INFO org.eclipse.jetty.server.AbstractConnector -- Stopped oejs.ServerConnector@8e03290{HTTP/1.1, (http/1.1)}{localhost:0}
12:44:16.956 [main] INFO org.eclipse.jetty.server.handler.ContextHandler.ROOT -- Destroying Spring FrameworkServlet 'org.springframework.web.servlet.DispatcherServlet-75643efa'
12:44:16.962 [main] INFO org.eclipse.jetty.ee11.servlet.ServletContextHandler -- Stopped oeje11s.ServletContextHandler@31201bf6{ROOT,/,b=null,a=AVAILABLE,h=oeje11s.ServletHandler@4159113f{STOPPED}}
12:44:16.999 [main] INFO org.eclipse.jetty.server.Server -- jetty-12.1.10; built: 2026-05-31T04:45:52.925Z; git: 986024525891c2c20ff08c58ba300dc3b9847586; jvm 21.0.12.1+1-LTS
12:44:17.000 [main] INFO org.eclipse.jetty.server.handler.ContextHandler -- Started oeje11s.ServletContextHandler@584bfadb{ROOT,/,b=null,a=AVAILABLE,h=oeje11s.ServletHandler@7bd6185a{STARTED}}
12:44:17.001 [main] INFO org.eclipse.jetty.server.handler.ContextHandler.ROOT -- Initializing Spring DispatcherServlet 'org.springframework.web.servlet.DispatcherServlet-156437f7'
12:44:17.001 [main] INFO org.springframework.web.servlet.DispatcherServlet -- Initializing Servlet 'org.springframework.web.servlet.DispatcherServlet-156437f7'
12:44:17.001 [main] INFO org.springframework.web.servlet.DispatcherServlet -- Completed initialization in 0 ms
12:44:17.002 [main] INFO org.eclipse.jetty.ee11.servlet.ServletContextHandler -- Started oeje11s.ServletContextHandler@584bfadb{ROOT,/,b=null,a=AVAILABLE,h=oeje11s.ServletHandler@7bd6185a{STARTED}}
12:44:17.002 [main] INFO org.eclipse.jetty.server.AbstractConnector -- Started oejs.ServerConnector@55e9b119{HTTP/1.1, (http/1.1)}{localhost:36909}
12:44:17.003 [main] INFO org.eclipse.jetty.server.Server -- Started oejs.Server@7c33d81f{STARTING}[12.1.10,sto=0] @3ms
12:44:17.018 [main] INFO org.eclipse.jetty.server.Server -- Stopped oejs.Server@7c33d81f{STOPPING}[12.1.10,sto=0]
12:44:17.019 [main] INFO org.eclipse.jetty.server.AbstractConnector -- Stopped oejs.ServerConnector@55e9b119{HTTP/1.1, (http/1.1)}{localhost:0}
12:44:17.020 [main] INFO org.eclipse.jetty.server.handler.ContextHandler.ROOT -- Destroying Spring FrameworkServlet 'org.springframework.web.servlet.DispatcherServlet-156437f7'
12:44:17.020 [main] INFO org.eclipse.jetty.ee11.servlet.ServletContextHandler -- Stopped oeje11s.ServletContextHandler@584bfadb{ROOT,/,b=null,a=AVAILABLE,h=oeje11s.ServletHandler@7bd6185a{STOPPED}}
12:44:17.062 [main] INFO org.eclipse.jetty.server.Server -- jetty-12.1.10; built: 2026-05-31T04:45:52.925Z; git: 986024525891c2c20ff08c58ba300dc3b9847586; jvm 21.0.12.1+1-LTS
12:44:17.064 [main] INFO org.eclipse.jetty.server.handler.ContextHandler -- Started oeje11s.ServletContextHandler@3d020409{ROOT,/,b=null,a=AVAILABLE,h=oeje11s.ServletHandler@42afbce5{STARTED}}
12:44:17.064 [main] INFO org.eclipse.jetty.server.handler.ContextHandler.ROOT -- Initializing Spring DispatcherServlet 'org.springframework.web.servlet.DispatcherServlet-96b00fb'
12:44:17.064 [main] INFO org.springframework.web.servlet.DispatcherServlet -- Initializing Servlet 'org.springframework.web.servlet.DispatcherServlet-96b00fb'
12:44:17.065 [main] INFO org.springframework.web.servlet.DispatcherServlet -- Completed initialization in 1 ms
12:44:17.065 [main] INFO org.eclipse.jetty.ee11.servlet.ServletContextHandler -- Started oeje11s.ServletContextHandler@3d020409{ROOT,/,b=null,a=AVAILABLE,h=oeje11s.ServletHandler@42afbce5{STARTED}}
12:44:17.067 [main] INFO org.eclipse.jetty.server.AbstractConnector -- Started oejs.ServerConnector@56b37d59{HTTP/1.1, (http/1.1)}{localhost:41005}
12:44:17.068 [main] INFO org.eclipse.jetty.server.Server -- Started oejs.Server@3b22cae9{STARTING}[12.1.10,sto=0] @6ms
12:44:17.128 [main] INFO org.eclipse.jetty.server.Server -- Stopped oejs.Server@3b22cae9{STOPPING}[12.1.10,sto=0]
12:44:17.132 [main] INFO org.eclipse.jetty.server.AbstractConnector -- Stopped oejs.ServerConnector@56b37d59{HTTP/1.1, (http/1.1)}{localhost:0}
12:44:17.132 [main] INFO org.eclipse.jetty.server.handler.ContextHandler.ROOT -- Destroying Spring FrameworkServlet 'org.springframework.web.servlet.DispatcherServlet-96b00fb'
12:44:17.132 [main] INFO org.eclipse.jetty.ee11.servlet.ServletContextHandler -- Stopped oeje11s.ServletContextHandler@3d020409{ROOT,/,b=null,a=AVAILABLE,h=oeje11s.ServletHandler@42afbce5{STOPPED}}
12:44:17.170 [main] INFO org.eclipse.jetty.server.Server -- jetty-12.1.10; built: 2026-05-31T04:45:52.925Z; git: 986024525891c2c20ff08c58ba300dc3b9847586; jvm 21.0.12.1+1-LTS
12:44:17.172 [main] INFO org.eclipse.jetty.server.handler.ContextHandler -- Started oeje11s.ServletContextHandler@1a787480{ROOT,/,b=null,a=AVAILABLE,h=oeje11s.ServletHandler@5b3847f5{STARTED}}
12:44:17.173 [main] INFO org.eclipse.jetty.server.handler.ContextHandler.ROOT -- Initializing Spring DispatcherServlet 'org.springframework.web.servlet.DispatcherServlet-332815a3'
12:44:17.173 [main] INFO org.springframework.web.servlet.DispatcherServlet -- Initializing Servlet 'org.springframework.web.servlet.DispatcherServlet-332815a3'
12:44:17.173 [main] INFO org.springframework.web.servlet.DispatcherServlet -- Completed initialization in 0 ms
12:44:17.174 [main] INFO org.eclipse.jetty.ee11.servlet.ServletContextHandler -- Started oeje11s.ServletContextHandler@1a787480{ROOT,/,b=null,a=AVAILABLE,h=oeje11s.ServletHandler@5b3847f5{STARTED}}
12:44:17.176 [main] INFO org.eclipse.jetty.server.AbstractConnector -- Started oejs.ServerConnector@5e7177f6{HTTP/1.1, (http/1.1)}{localhost:44737}
12:44:17.176 [main] INFO org.eclipse.jetty.server.Server -- Started oejs.Server@10b60a9c{STARTING}[12.1.10,sto=0] @5ms
12:44:17.200 [main] INFO org.eclipse.jetty.server.Server -- Stopped oejs.Server@10b60a9c{STOPPING}[12.1.10,sto=0]
12:44:17.205 [main] INFO org.eclipse.jetty.server.AbstractConnector -- Stopped oejs.ServerConnector@5e7177f6{HTTP/1.1, (http/1.1)}{localhost:0}
12:44:17.205 [main] INFO org.eclipse.jetty.server.handler.ContextHandler.ROOT -- Destroying Spring FrameworkServlet 'org.springframework.web.servlet.DispatcherServlet-332815a3'
12:44:17.206 [main] INFO org.eclipse.jetty.ee11.servlet.ServletContextHandler -- Stopped oeje11s.ServletContextHandler@1a787480{ROOT,/,b=null,a=AVAILABLE,h=oeje11s.ServletHandler@5b3847f5{STOPPED}}
12:44:17.241 [main] INFO org.eclipse.jetty.server.Server -- jetty-12.1.10; built: 2026-05-31T04:45:52.925Z; git: 986024525891c2c20ff08c58ba300dc3b9847586; jvm 21.0.12.1+1-LTS
12:44:17.244 [main] INFO org.eclipse.jetty.server.handler.ContextHandler -- Started oeje11s.ServletContextHandler@5596f2bb{ROOT,/,b=null,a=AVAILABLE,h=oeje11s.ServletHandler@44e4fa97{STARTED}}
12:44:17.244 [main] INFO org.eclipse.jetty.server.handler.ContextHandler.ROOT -- Initializing Spring DispatcherServlet 'org.springframework.web.servlet.DispatcherServlet-7c74d262'
12:44:17.244 [main] INFO org.springframework.web.servlet.DispatcherServlet -- Initializing Servlet 'org.springframework.web.servlet.DispatcherServlet-7c74d262'
12:44:17.245 [main] INFO org.springframework.web.servlet.DispatcherServlet -- Completed initialization in 1 ms
12:44:17.245 [main] INFO org.eclipse.jetty.ee11.servlet.ServletContextHandler -- Started oeje11s.ServletContextHandler@5596f2bb{ROOT,/,b=null,a=AVAILABLE,h=oeje11s.ServletHandler@44e4fa97{STARTED}}
12:44:17.247 [main] INFO org.eclipse.jetty.server.AbstractConnector -- Started oejs.ServerConnector@4f94e30c{HTTP/1.1, (http/1.1)}{localhost:40343}
12:44:17.247 [main] INFO org.eclipse.jetty.server.Server -- Started oejs.Server@cfec1ec{STARTING}[12.1.10,sto=0] @6ms
12:44:17.260 [main] INFO org.eclipse.jetty.server.Server -- Stopped oejs.Server@cfec1ec{STOPPING}[12.1.10,sto=0]
12:44:17.262 [main] INFO org.eclipse.jetty.server.AbstractConnector -- Stopped oejs.ServerConnector@4f94e30c{HTTP/1.1, (http/1.1)}{localhost:0}
12:44:17.263 [main] INFO org.eclipse.jetty.server.handler.ContextHandler.ROOT -- Destroying Spring FrameworkServlet 'org.springframework.web.servlet.DispatcherServlet-7c74d262'
12:44:17.263 [main] INFO org.eclipse.jetty.ee11.servlet.ServletContextHandler -- Stopped oeje11s.ServletContextHandler@5596f2bb{ROOT,/,b=null,a=AVAILABLE,h=oeje11s.ServletHandler@44e4fa97{STOPPED}}
12:44:17.299 [main] INFO org.eclipse.jetty.server.Server -- jetty-12.1.10; built: 2026-05-31T04:45:52.925Z; git: 986024525891c2c20ff08c58ba300dc3b9847586; jvm 21.0.12.1+1-LTS
12:44:17.302 [main] INFO org.eclipse.jetty.server.handler.ContextHandler -- Started oeje11s.ServletContextHandler@3c81a51a{ROOT,/,b=null,a=AVAILABLE,h=oeje11s.ServletHandler@4a536b4e{STARTED}}
12:44:17.303 [main] INFO org.eclipse.jetty.server.handler.ContextHandler.ROOT -- Initializing Spring DispatcherServlet 'org.springframework.web.servlet.DispatcherServlet-5bf52832'
12:44:17.303 [main] INFO org.springframework.web.servlet.DispatcherServlet -- Initializing Servlet 'org.springframework.web.servlet.DispatcherServlet-5bf52832'
12:44:17.304 [main] INFO org.springframework.web.servlet.DispatcherServlet -- Completed initialization in 1 ms
12:44:17.304 [main] INFO org.eclipse.jetty.ee11.servlet.ServletContextHandler -- Started oeje11s.ServletContextHandler@3c81a51a{ROOT,/,b=null,a=AVAILABLE,h=oeje11s.ServletHandler@4a536b4e{STARTED}}
12:44:17.306 [main] INFO org.eclipse.jetty.server.AbstractConnector -- Started oejs.ServerConnector@642c5000{HTTP/1.1, (http/1.1)}{localhost:43165}
12:44:17.306 [main] INFO org.eclipse.jetty.server.Server -- Started oejs.Server@43f50bfe{STARTING}[12.1.10,sto=0] @6ms
12:44:17.323 [main] INFO org.eclipse.jetty.server.Server -- Stopped oejs.Server@43f50bfe{STOPPING}[12.1.10,sto=0]
12:44:17.325 [main] INFO org.eclipse.jetty.server.AbstractConnector -- Stopped oejs.ServerConnector@642c5000{HTTP/1.1, (http/1.1)}{localhost:0}
12:44:17.325 [main] INFO org.eclipse.jetty.server.handler.ContextHandler.ROOT -- Destroying Spring FrameworkServlet 'org.springframework.web.servlet.DispatcherServlet-5bf52832'
12:44:17.325 [main] INFO org.eclipse.jetty.ee11.servlet.ServletContextHandler -- Stopped oeje11s.ServletContextHandler@3c81a51a{ROOT,/,b=null,a=AVAILABLE,h=oeje11s.ServletHandler@4a536b4e{STOPPED}}
12:44:17.366 [main] INFO org.eclipse.jetty.server.Server -- jetty-12.1.10; built: 2026-05-31T04:45:52.925Z; git: 986024525891c2c20ff08c58ba300dc3b9847586; jvm 21.0.12.1+1-LTS
12:44:17.369 [main] INFO org.eclipse.jetty.server.handler.ContextHandler -- Started oeje11s.ServletContextHandler@619cdd5e{ROOT,/,b=null,a=AVAILABLE,h=oeje11s.ServletHandler@3ac726af{STARTED}}
12:44:17.369 [main] INFO org.eclipse.jetty.server.handler.ContextHandler.ROOT -- Initializing Spring DispatcherServlet 'org.springframework.web.servlet.DispatcherServlet-16f52d68'
12:44:17.369 [main] INFO org.springframework.web.servlet.DispatcherServlet -- Initializing Servlet 'org.springframework.web.servlet.DispatcherServlet-16f52d68'
12:44:17.370 [main] INFO org.springframework.web.servlet.DispatcherServlet -- Completed initialization in 1 ms
12:44:17.370 [main] INFO org.eclipse.jetty.ee11.servlet.ServletContextHandler -- Started oeje11s.ServletContextHandler@619cdd5e{ROOT,/,b=null,a=AVAILABLE,h=oeje11s.ServletHandler@3ac726af{STARTED}}
12:44:17.372 [main] INFO org.eclipse.jetty.server.AbstractConnector -- Started oejs.ServerConnector@748ebfc6{HTTP/1.1, (http/1.1)}{localhost:45637}
12:44:17.373 [main] INFO org.eclipse.jetty.server.Server -- Started oejs.Server@5d8c9945{STARTING}[12.1.10,sto=0] @6ms
12:44:17.398 [main] INFO org.eclipse.jetty.server.Server -- Stopped oejs.Server@5d8c9945{STOPPING}[12.1.10,sto=0]
12:44:17.400 [main] INFO org.eclipse.jetty.server.AbstractConnector -- Stopped oejs.ServerConnector@748ebfc6{HTTP/1.1, (http/1.1)}{localhost:0}
12:44:17.400 [main] INFO org.eclipse.jetty.server.handler.ContextHandler.ROOT -- Destroying Spring FrameworkServlet 'org.springframework.web.servlet.DispatcherServlet-16f52d68'
12:44:17.401 [main] INFO org.eclipse.jetty.ee11.servlet.ServletContextHandler -- Stopped oeje11s.ServletContextHandler@619cdd5e{ROOT,/,b=null,a=AVAILABLE,h=oeje11s.ServletHandler@3ac726af{STOPPED}}
12:44:17.444 [main] INFO org.eclipse.jetty.server.Server -- jetty-12.1.10; built: 2026-05-31T04:45:52.925Z; git: 986024525891c2c20ff08c58ba300dc3b9847586; jvm 21.0.12.1+1-LTS
12:44:17.447 [main] INFO org.eclipse.jetty.server.handler.ContextHandler -- Started oeje11s.ServletContextHandler@12278d1c{ROOT,/,b=null,a=AVAILABLE,h=oeje11s.ServletHandler@1b232da1{STARTED}}
12:44:17.447 [main] INFO org.eclipse.jetty.server.handler.ContextHandler.ROOT -- Initializing Spring DispatcherServlet 'org.springframework.web.servlet.DispatcherServlet-618a237f'
12:44:17.447 [main] INFO org.springframework.web.servlet.DispatcherServlet -- Initializing Servlet 'org.springframework.web.servlet.DispatcherServlet-618a237f'
12:44:17.448 [main] INFO org.springframework.web.servlet.DispatcherServlet -- Completed initialization in 1 ms
12:44:17.448 [main] INFO org.eclipse.jetty.ee11.servlet.ServletContextHandler -- Started oeje11s.ServletContextHandler@12278d1c{ROOT,/,b=null,a=AVAILABLE,h=oeje11s.ServletHandler@1b232da1{STARTED}}
12:44:17.451 [main] INFO org.eclipse.jetty.server.AbstractConnector -- Started oejs.ServerConnector@790431bf{HTTP/1.1, (http/1.1)}{localhost:43401}
12:44:17.451 [main] INFO org.eclipse.jetty.server.Server -- Started oejs.Server@7c8f8206{STARTING}[12.1.10,sto=0] @7ms
12:44:17.465 [main] INFO org.eclipse.jetty.server.Server -- Stopped oejs.Server@7c8f8206{STOPPING}[12.1.10,sto=0]
12:44:17.470 [main] INFO org.eclipse.jetty.server.AbstractConnector -- Stopped oejs.ServerConnector@790431bf{HTTP/1.1, (http/1.1)}{localhost:0}
12:44:17.470 [main] INFO org.eclipse.jetty.server.handler.ContextHandler.ROOT -- Destroying Spring FrameworkServlet 'org.springframework.web.servlet.DispatcherServlet-618a237f'
12:44:17.471 [main] INFO org.eclipse.jetty.ee11.servlet.ServletContextHandler -- Stopped oeje11s.ServletContextHandler@12278d1c{ROOT,/,b=null,a=AVAILABLE,h=oeje11s.ServletHandler@1b232da1{STOPPED}}
12:44:17.518 [main] INFO org.eclipse.jetty.server.Server -- jetty-12.1.10; built: 2026-05-31T04:45:52.925Z; git: 986024525891c2c20ff08c58ba300dc3b9847586; jvm 21.0.12.1+1-LTS
12:44:17.520 [main] INFO org.eclipse.jetty.server.handler.ContextHandler -- Started oeje11s.ServletContextHandler@6b0fece4{ROOT,/,b=null,a=AVAILABLE,h=oeje11s.ServletHandler@46bf0d38{STARTED}}
12:44:17.521 [main] INFO org.eclipse.jetty.server.handler.ContextHandler.ROOT -- Initializing Spring DispatcherServlet 'org.springframework.web.servlet.DispatcherServlet-33c5e228'
12:44:17.521 [main] INFO org.springframework.web.servlet.DispatcherServlet -- Initializing Servlet 'org.springframework.web.servlet.DispatcherServlet-33c5e228'
12:44:17.521 [main] INFO org.springframework.web.servlet.DispatcherServlet -- Completed initialization in 0 ms
12:44:17.521 [main] INFO org.eclipse.jetty.ee11.servlet.ServletContextHandler -- Started oeje11s.ServletContextHandler@6b0fece4{ROOT,/,b=null,a=AVAILABLE,h=oeje11s.ServletHandler@46bf0d38{STARTED}}
12:44:17.523 [main] INFO org.eclipse.jetty.server.AbstractConnector -- Started oejs.ServerConnector@2c6c67e0{HTTP/1.1, (http/1.1)}{localhost:37237}
12:44:17.524 [main] INFO org.eclipse.jetty.server.Server -- Started oejs.Server@227497ef{STARTING}[12.1.10,sto=0] @5ms
12:44:17.568 [main] INFO org.eclipse.jetty.server.Server -- Stopped oejs.Server@227497ef{STOPPING}[12.1.10,sto=0]
12:44:17.570 [main] INFO org.eclipse.jetty.server.AbstractConnector -- Stopped oejs.ServerConnector@2c6c67e0{HTTP/1.1, (http/1.1)}{localhost:0}
12:44:17.571 [main] INFO org.eclipse.jetty.server.handler.ContextHandler.ROOT -- Destroying Spring FrameworkServlet 'org.springframework.web.servlet.DispatcherServlet-33c5e228'
12:44:17.571 [main] INFO org.eclipse.jetty.ee11.servlet.ServletContextHandler -- Stopped oeje11s.ServletContextHandler@6b0fece4{ROOT,/,b=null,a=AVAILABLE,h=oeje11s.ServletHandler@46bf0d38{STOPPED}}
12:44:17.615 [main] INFO org.eclipse.jetty.server.Server -- jetty-12.1.10; built: 2026-05-31T04:45:52.925Z; git: 986024525891c2c20ff08c58ba300dc3b9847586; jvm 21.0.12.1+1-LTS
12:44:17.618 [main] INFO org.eclipse.jetty.server.handler.ContextHandler -- Started oeje11s.ServletContextHandler@4c7e7855{ROOT,/,b=null,a=AVAILABLE,h=oeje11s.ServletHandler@259c3ddf{STARTED}}
12:44:17.618 [main] INFO org.eclipse.jetty.server.handler.ContextHandler.ROOT -- Initializing Spring DispatcherServlet 'org.springframework.web.servlet.DispatcherServlet-5a5c9a46'
12:44:17.618 [main] INFO org.springframework.web.servlet.DispatcherServlet -- Initializing Servlet 'org.springframework.web.servlet.DispatcherServlet-5a5c9a46'
12:44:17.619 [main] INFO org.springframework.web.servlet.DispatcherServlet -- Completed initialization in 1 ms
12:44:17.619 [main] INFO org.eclipse.jetty.ee11.servlet.ServletContextHandler -- Started oeje11s.ServletContextHandler@4c7e7855{ROOT,/,b=null,a=AVAILABLE,h=oeje11s.ServletHandler@259c3ddf{STARTED}}
12:44:17.620 [main] INFO org.eclipse.jetty.server.AbstractConnector -- Started oejs.ServerConnector@632e4d5d{HTTP/1.1, (http/1.1)}{localhost:42889}
12:44:17.620 [main] INFO org.eclipse.jetty.server.Server -- Started oejs.Server@4363f0ee{STARTING}[12.1.10,sto=0] @5ms
12:44:17.632 [main] INFO org.eclipse.jetty.server.Server -- Stopped oejs.Server@4363f0ee{STOPPING}[12.1.10,sto=0]
12:44:17.636 [main] INFO org.eclipse.jetty.server.AbstractConnector -- Stopped oejs.ServerConnector@632e4d5d{HTTP/1.1, (http/1.1)}{localhost:0}
12:44:17.637 [main] INFO org.eclipse.jetty.server.handler.ContextHandler.ROOT -- Destroying Spring FrameworkServlet 'org.springframework.web.servlet.DispatcherServlet-5a5c9a46'
12:44:17.637 [main] INFO org.eclipse.jetty.ee11.servlet.ServletContextHandler -- Stopped oeje11s.ServletContextHandler@4c7e7855{ROOT,/,b=null,a=AVAILABLE,h=oeje11s.ServletHandler@259c3ddf{STOPPED}}
12:44:17.683 [main] INFO org.eclipse.jetty.server.Server -- jetty-12.1.10; built: 2026-05-31T04:45:52.925Z; git: 986024525891c2c20ff08c58ba300dc3b9847586; jvm 21.0.12.1+1-LTS
12:44:17.687 [main] INFO org.eclipse.jetty.server.handler.ContextHandler -- Started oeje11s.ServletContextHandler@7b4b2dcd{ROOT,/,b=null,a=AVAILABLE,h=oeje11s.ServletHandler@4396910{STARTED}}
12:44:17.688 [main] INFO org.eclipse.jetty.server.handler.ContextHandler.ROOT -- Initializing Spring DispatcherServlet 'org.springframework.web.servlet.DispatcherServlet-2b465e1a'
12:44:17.688 [main] INFO org.springframework.web.servlet.DispatcherServlet -- Initializing Servlet 'org.springframework.web.servlet.DispatcherServlet-2b465e1a'
12:44:17.688 [main] INFO org.springframework.web.servlet.DispatcherServlet -- Completed initialization in 0 ms
12:44:17.688 [main] INFO org.eclipse.jetty.ee11.servlet.ServletContextHandler -- Started oeje11s.ServletContextHandler@7b4b2dcd{ROOT,/,b=null,a=AVAILABLE,h=oeje11s.ServletHandler@4396910{STARTED}}
12:44:17.690 [main] INFO org.eclipse.jetty.server.AbstractConnector -- Started oejs.ServerConnector@46ab3c70{HTTP/1.1, (http/1.1)}{localhost:40849}
12:44:17.690 [main] INFO org.eclipse.jetty.server.Server -- Started oejs.Server@cfe4f8c{STARTING}[12.1.10,sto=0] @7ms
12:44:18.055 [main] INFO org.eclipse.jetty.server.Server -- Stopped oejs.Server@cfe4f8c{STOPPING}[12.1.10,sto=0]
12:44:18.057 [main] INFO org.eclipse.jetty.server.AbstractConnector -- Stopped oejs.ServerConnector@46ab3c70{HTTP/1.1, (http/1.1)}{localhost:0}
12:44:18.057 [main] INFO org.eclipse.jetty.server.handler.ContextHandler.ROOT -- Destroying Spring FrameworkServlet 'org.springframework.web.servlet.DispatcherServlet-2b465e1a'
12:44:18.058 [main] INFO org.eclipse.jetty.ee11.servlet.ServletContextHandler -- Stopped oeje11s.ServletContextHandler@7b4b2dcd{ROOT,/,b=null,a=AVAILABLE,h=oeje11s.ServletHandler@4396910{STOPPED}}
12:44:18.092 [main] INFO org.eclipse.jetty.server.Server -- jetty-12.1.10; built: 2026-05-31T04:45:52.925Z; git: 986024525891c2c20ff08c58ba300dc3b9847586; jvm 21.0.12.1+1-LTS
12:44:18.094 [main] INFO org.eclipse.jetty.server.handler.ContextHandler -- Started oeje11s.ServletContextHandler@486ab192{ROOT,/,b=null,a=AVAILABLE,h=oeje11s.ServletHandler@144ba8cb{STARTED}}
12:44:18.095 [main] INFO org.eclipse.jetty.server.handler.ContextHandler.ROOT -- Initializing Spring DispatcherServlet 'org.springframework.web.servlet.DispatcherServlet-5f83de4e'
12:44:18.095 [main] INFO org.springframework.web.servlet.DispatcherServlet -- Initializing Servlet 'org.springframework.web.servlet.DispatcherServlet-5f83de4e'
12:44:18.096 [main] INFO org.springframework.web.servlet.DispatcherServlet -- Completed initialization in 1 ms
12:44:18.096 [main] INFO org.eclipse.jetty.ee11.servlet.ServletContextHandler -- Started oeje11s.ServletContextHandler@486ab192{ROOT,/,b=null,a=AVAILABLE,h=oeje11s.ServletHandler@144ba8cb{STARTED}}
12:44:18.098 [main] INFO org.eclipse.jetty.server.AbstractConnector -- Started oejs.ServerConnector@1d87c137{HTTP/1.1, (http/1.1)}{localhost:35007}
12:44:18.098 [main] INFO org.eclipse.jetty.server.Server -- Started oejs.Server@55117fea{STARTING}[12.1.10,sto=0] @6ms
12:44:18.114 [main] INFO org.eclipse.jetty.server.Server -- Stopped oejs.Server@55117fea{STOPPING}[12.1.10,sto=0]
12:44:18.120 [main] INFO org.eclipse.jetty.server.AbstractConnector -- Stopped oejs.ServerConnector@1d87c137{HTTP/1.1, (http/1.1)}{localhost:0}
12:44:18.120 [main] INFO org.eclipse.jetty.server.handler.ContextHandler.ROOT -- Destroying Spring FrameworkServlet 'org.springframework.web.servlet.DispatcherServlet-5f83de4e'
12:44:18.120 [main] INFO org.eclipse.jetty.ee11.servlet.ServletContextHandler -- Stopped oeje11s.ServletContextHandler@486ab192{ROOT,/,b=null,a=AVAILABLE,h=oeje11s.ServletHandler@144ba8cb{STOPPED}}
[INFO] Tests run: 11, Failures: 0, Errors: 0, Skipped: 0, Time elapsed: 2.077 s -- in org.namewta.test.requestbody.RequestBodyHttpIntegrationTest
[INFO] Running 标签单元测试案例
@BeforeEach ==================
@AfterEach ==================
[INFO] Tests run: 1, Failures: 0, Errors: 0, Skipped: 0, Time elapsed: 0.002 s -- in 标签单元测试案例
[INFO] Running org.namewta.test.phone.PhoneTestDatabaseGuardTest
[INFO] Tests run: 11, Failures: 0, Errors: 0, Skipped: 0, Time elapsed: 0.034 s -- in org.namewta.test.phone.PhoneTestDatabaseGuardTest
[INFO] Running org.namewta.test.phone.PhoneControllerUnitTest
[INFO] Tests run: 3, Failures: 0, Errors: 0, Skipped: 0, Time elapsed: 0.232 s -- in org.namewta.test.phone.PhoneControllerUnitTest
[INFO] Running org.namewta.test.phone.PhoneRegistrationMySqlIntegrationTest
[WARNING] Tests run: 5, Failures: 0, Errors: 0, Skipped: 5, Time elapsed: 0 s -- in org.namewta.test.phone.PhoneRegistrationMySqlIntegrationTest
[INFO] Running org.namewta.test.phone.PhoneValidationUnitTest
[INFO] Tests run: 8, Failures: 0, Errors: 0, Skipped: 0, Time elapsed: 0.176 s -- in org.namewta.test.phone.PhoneValidationUnitTest
[INFO] Running org.namewta.test.password.write.PasswordWritePathUnitTest
[INFO] Tests run: 3, Failures: 0, Errors: 0, Skipped: 0, Time elapsed: 0.608 s -- in org.namewta.test.password.write.PasswordWritePathUnitTest
[INFO] Running org.namewta.test.password.write.PasswordImportUnitTest
[INFO] Tests run: 2, Failures: 0, Errors: 0, Skipped: 0, Time elapsed: 0.255 s -- in org.namewta.test.password.write.PasswordImportUnitTest
[INFO] Running org.namewta.test.password.write.PasswordCandidateContractUnitTest
12:44:19.454 [main] INFO org.springframework.mock.web.MockServletContext -- Initializing Spring TestDispatcherServlet ''
12:44:19.454 [main] INFO org.springframework.test.web.servlet.TestDispatcherServlet -- Initializing Servlet ''
12:44:19.454 [main] INFO org.springframework.test.web.servlet.TestDispatcherServlet -- Completed initialization in 0 ms
12:44:19.494 [main] INFO org.springframework.mock.web.MockServletContext -- Initializing Spring TestDispatcherServlet ''
12:44:19.494 [main] INFO org.springframework.test.web.servlet.TestDispatcherServlet -- Initializing Servlet ''
12:44:19.494 [main] INFO org.springframework.test.web.servlet.TestDispatcherServlet -- Completed initialization in 0 ms
[INFO] Tests run: 3, Failures: 0, Errors: 0, Skipped: 0, Time elapsed: 0.060 s -- in org.namewta.test.password.write.PasswordCandidateContractUnitTest
[INFO] Running org.namewta.test.password.policy.PasswordPolicyContractUnitTest
12:44:19.597 [main] WARN org.namewta.system.password.PasswordPolicyConfigParser -- 密码策略配置不可用，configKey=sys.user.passwordPolicy，exception=IllegalArgumentException
12:44:19.600 [main] WARN org.namewta.system.password.PasswordPolicyConfigParser -- 密码策略配置不可用，configKey=sys.user.passwordPolicy，exception=StreamReadException
12:44:19.602 [main] WARN org.namewta.system.password.PasswordPolicyConfigParser -- 密码策略配置不可用，configKey=sys.user.passwordPolicy，exception=IllegalArgumentException
12:44:19.602 [main] WARN org.namewta.system.password.PasswordPolicyConfigParser -- 密码策略配置不可用，configKey=sys.user.passwordPolicy，exception=IllegalArgumentException
12:44:19.602 [main] WARN org.namewta.system.password.PasswordPolicyConfigParser -- 密码策略配置不可用，configKey=sys.user.passwordPolicy，exception=IllegalArgumentException
12:44:19.602 [main] WARN org.namewta.system.password.PasswordPolicyConfigParser -- 密码策略配置不可用，configKey=sys.user.passwordPolicy，exception=IllegalArgumentException
12:44:19.602 [main] WARN org.namewta.system.password.PasswordPolicyConfigParser -- 密码策略配置不可用，configKey=sys.user.passwordPolicy，exception=IllegalArgumentException
12:44:19.602 [main] WARN org.namewta.system.password.PasswordPolicyConfigParser -- 密码策略配置不可用，configKey=sys.user.passwordPolicy，exception=IllegalArgumentException
12:44:19.609 [main] ERROR org.namewta.common.web.handler.GlobalExceptionHandler -- 请求处理失败，异常类型=org.namewta.common.core.exception.ServiceException
12:44:19.611 [main] ERROR org.namewta.common.web.handler.GlobalExceptionHandler -- 请求处理失败，异常类型=org.namewta.common.core.exception.ServiceException
[INFO] Tests run: 4, Failures: 0, Errors: 0, Skipped: 0, Time elapsed: 0.106 s -- in org.namewta.test.password.policy.PasswordPolicyContractUnitTest
[INFO] Running org.namewta.test.password.policy.PasswordPolicyRedisIntegrationTest
[WARNING] Tests run: 1, Failures: 0, Errors: 0, Skipped: 1, Time elapsed: 0.001 s -- in org.namewta.test.password.policy.PasswordPolicyRedisIntegrationTest
[INFO] Running org.namewta.test.password.policy.PasswordPolicyBoundaryUnitTest
12:44:19.663 [main] WARN org.namewta.system.password.PasswordPolicyConfigParser -- 密码策略配置不可用，configKey=sys.user.passwordPolicy，exception=IllegalArgumentException
12:44:19.676 [main] INFO org.springframework.mock.web.MockServletContext -- Initializing Spring TestDispatcherServlet ''
12:44:19.677 [main] INFO org.springframework.test.web.servlet.TestDispatcherServlet -- Initializing Servlet ''
12:44:19.677 [main] INFO org.springframework.test.web.servlet.TestDispatcherServlet -- Completed initialization in 0 ms
[INFO] Tests run: 2, Failures: 0, Errors: 0, Skipped: 0, Time elapsed: 0.068 s -- in org.namewta.test.password.policy.PasswordPolicyBoundaryUnitTest
[INFO] Running org.namewta.test.password.temporary.TemporaryPasswordRedisIntegrationTest
[WARNING] Tests run: 1, Failures: 0, Errors: 0, Skipped: 1, Time elapsed: 0.002 s -- in org.namewta.test.password.temporary.TemporaryPasswordRedisIntegrationTest
[INFO] Running org.namewta.test.password.temporary.TemporaryPasswordControllerContractUnitTest
12:44:19.735 [main] INFO org.springframework.mock.web.MockServletContext -- Initializing Spring TestDispatcherServlet ''
12:44:19.736 [main] INFO org.springframework.test.web.servlet.TestDispatcherServlet -- Initializing Servlet ''
12:44:19.736 [main] INFO org.springframework.test.web.servlet.TestDispatcherServlet -- Completed initialization in 0 ms
[INFO] Tests run: 2, Failures: 0, Errors: 0, Skipped: 0, Time elapsed: 0.058 s -- in org.namewta.test.password.temporary.TemporaryPasswordControllerContractUnitTest
[INFO] Running org.namewta.test.password.temporary.TemporaryPasswordAuditUnitTest
[INFO] Tests run: 1, Failures: 0, Errors: 0, Skipped: 0, Time elapsed: 0.002 s -- in org.namewta.test.password.temporary.TemporaryPasswordAuditUnitTest
[INFO] Running org.namewta.test.password.temporary.TemporaryPasswordServiceUnitTest
12:44:19.798 [main] WARN org.namewta.system.temporarypassword.TemporaryPasswordService -- 临时密码校验存储不可用: userId=42, error=IllegalStateException
[INFO] Tests run: 4, Failures: 0, Errors: 0, Skipped: 0, Time elapsed: 0.502 s -- in org.namewta.test.password.temporary.TemporaryPasswordServiceUnitTest
[INFO] Running org.namewta.test.security.TrustedClientAddressIntegrationTest
[WARNING] Tests run: 1, Failures: 0, Errors: 0, Skipped: 1, Time elapsed: 0.004 s -- in org.namewta.test.security.TrustedClientAddressIntegrationTest
[INFO] Running org.namewta.test.security.BrowserHttpsTransportIntegrationTest
[WARNING] Tests run: 1, Failures: 0, Errors: 0, Skipped: 1, Time elapsed: 0.003 s -- in org.namewta.test.security.BrowserHttpsTransportIntegrationTest
[INFO] Running org.namewta.test.authorization.session.ClientSessionServiceUnitTest
12:44:20.306 [main] INFO org.namewta.system.service.ClientSessionService -- 授权会话失效完成 targetType=client userId=null clientPk=10 matched=2 invalidated=2 clusterAcknowledged=true
12:44:20.309 [main] INFO org.namewta.system.service.ClientSessionService -- 授权会话失效完成 targetType=userClient userId=1 clientPk=10 matched=2 invalidated=2 clusterAcknowledged=true
12:44:20.314 [main] ERROR org.namewta.system.service.ClientSessionService -- 授权会话失效失败 targetType=client userId=null clientPk=10 matched=2 invalidated=1 errorType=IllegalStateException
12:44:20.315 [main] INFO org.namewta.system.service.ClientSessionService -- 授权会话失效完成 targetType=client userId=null clientPk=10 matched=1 invalidated=1 clusterAcknowledged=true
[INFO] Tests run: 4, Failures: 0, Errors: 0, Skipped: 0, Time elapsed: 0.050 s -- in org.namewta.test.authorization.session.ClientSessionServiceUnitTest
[INFO] Running org.namewta.test.authorization.session.AuthorizationSessionRedisIntegrationTest
[WARNING] Tests run: 1, Failures: 0, Errors: 0, Skipped: 1, Time elapsed: 0.001 s -- in org.namewta.test.authorization.session.AuthorizationSessionRedisIntegrationTest
[INFO] Running org.namewta.test.authorization.session.AuthorizationInvalidationCallSiteUnitTest
[INFO] Tests run: 2, Failures: 0, Errors: 0, Skipped: 0, Time elapsed: 0.763 s -- in org.namewta.test.authorization.session.AuthorizationInvalidationCallSiteUnitTest
[INFO] Running org.namewta.test.oss.lifecycle.OssControllerExceptionHandlerTest
12:44:21.185 [main] WARN org.namewta.system.controller.advice.OssControllerExceptionHandler -- OSS 访问被拒绝，错误码=OBJECT_DELETE_PENDING
12:44:21.187 [main] ERROR org.namewta.system.controller.advice.OssControllerExceptionHandler -- 请求地址'/resource/oss/1/download-url',发生未知异常, 错误编号: 94619220，类型=org.namewta.system.oss.exception.OssLifecycleException
[INFO] Tests run: 2, Failures: 0, Errors: 0, Skipped: 0, Time elapsed: 0.106 s -- in org.namewta.test.oss.lifecycle.OssControllerExceptionHandlerTest
[INFO] Running org.namewta.test.oss.lifecycle.OssReferenceReconciliationUnitTest
[INFO] Tests run: 5, Failures: 0, Errors: 0, Skipped: 0, Time elapsed: 0.181 s -- in org.namewta.test.oss.lifecycle.OssReferenceReconciliationUnitTest
[INFO] Running org.namewta.test.oss.lifecycle.OssLifecycleManagerUnitTest
[INFO] Tests run: 24, Failures: 0, Errors: 0, Skipped: 0, Time elapsed: 0.099 s -- in org.namewta.test.oss.lifecycle.OssLifecycleManagerUnitTest
[INFO] Running org.namewta.test.oss.lifecycle.OssLifecycleContractUnitTest
[INFO] Tests run: 5, Failures: 0, Errors: 0, Skipped: 0, Time elapsed: 0.007 s -- in org.namewta.test.oss.lifecycle.OssLifecycleContractUnitTest
[INFO] Running org.namewta.test.oss.migration.OssStorageMigrationServiceUnitTest
[INFO] Tests run: 12, Failures: 0, Errors: 0, Skipped: 0, Time elapsed: 0.036 s -- in org.namewta.test.oss.migration.OssStorageMigrationServiceUnitTest
[INFO] Running org.namewta.test.oss.migration.OssMigrationHttpContractUnitTest
[INFO] Tests run: 2, Failures: 0, Errors: 0, Skipped: 0, Time elapsed: 0.011 s -- in org.namewta.test.oss.migration.OssMigrationHttpContractUnitTest
[INFO] Running org.namewta.test.oss.migration.OssStorageMigrationIntegrationTest
[WARNING] Tests run: 1, Failures: 0, Errors: 0, Skipped: 1, Time elapsed: 0.003 s -- in org.namewta.test.oss.migration.OssStorageMigrationIntegrationTest
[INFO] Running org.namewta.test.oss.client.OssClientContractUnitTest
[INFO] Tests run: 2, Failures: 0, Errors: 0, Skipped: 0, Time elapsed: 0.633 s -- in org.namewta.test.oss.client.OssClientContractUnitTest
[INFO] Running org.namewta.test.oss.client.OssClientS3CompatibilityUnitTest
[INFO] Tests run: 1, Failures: 0, Errors: 0, Skipped: 0, Time elapsed: 0.633 s -- in org.namewta.test.oss.client.OssClientS3CompatibilityUnitTest
[INFO] Running org.namewta.test.oss.client.MinioOssClientIntegrationTest
[WARNING] Tests run: 1, Failures: 0, Errors: 0, Skipped: 1, Time elapsed: 0.002 s -- in org.namewta.test.oss.client.MinioOssClientIntegrationTest
[INFO] Running org.namewta.test.oss.cutover.OssProtocolCutoverUnitTest
[INFO] Tests run: 2, Failures: 0, Errors: 0, Skipped: 0, Time elapsed: 0.006 s -- in org.namewta.test.oss.cutover.OssProtocolCutoverUnitTest
[INFO] Running org.namewta.test.oss.access.OssAccessUrlProviderUnitTest
[INFO] Tests run: 1, Failures: 0, Errors: 0, Skipped: 0, Time elapsed: 0.143 s -- in org.namewta.test.oss.access.OssAccessUrlProviderUnitTest
[INFO] Running org.namewta.test.oss.access.OssAccessUrlMinioIntegrationTest
[WARNING] Tests run: 1, Failures: 0, Errors: 0, Skipped: 1, Time elapsed: 0.002 s -- in org.namewta.test.oss.access.OssAccessUrlMinioIntegrationTest
[INFO] Running org.namewta.test.oss.access.OssAccessUrlServiceUnitTest
[INFO] Tests run: 3, Failures: 0, Errors: 0, Skipped: 0, Time elapsed: 0.261 s -- in org.namewta.test.oss.access.OssAccessUrlServiceUnitTest
[INFO] Running org.namewta.test.oss.access.OssAccessUrlArchitectureUnitTest
[INFO] Tests run: 1, Failures: 0, Errors: 0, Skipped: 0, Time elapsed: 0.005 s -- in org.namewta.test.oss.access.OssAccessUrlArchitectureUnitTest
[INFO] Running org.namewta.test.oss.access.OssObjectMetadataServiceUnitTest
[INFO] Tests run: 3, Failures: 0, Errors: 0, Skipped: 0, Time elapsed: 0.015 s -- in org.namewta.test.oss.access.OssObjectMetadataServiceUnitTest
[INFO] Running org.namewta.test.oss.access.OssAccessUrlContractUnitTest
[INFO] Tests run: 3, Failures: 0, Errors: 0, Skipped: 0, Time elapsed: 0.003 s -- in org.namewta.test.oss.access.OssAccessUrlContractUnitTest
[INFO] Running org.namewta.test.oss.readiness.OssStorageReadinessPropertiesUnitTest
[INFO] Tests run: 2, Failures: 0, Errors: 0, Skipped: 0, Time elapsed: 0.002 s -- in org.namewta.test.oss.readiness.OssStorageReadinessPropertiesUnitTest
[INFO] Running org.namewta.test.oss.readiness.OssStorageReadinessMinioIntegrationTest
[WARNING] Tests run: 1, Failures: 0, Errors: 0, Skipped: 1, Time elapsed: 0.002 s -- in org.namewta.test.oss.readiness.OssStorageReadinessMinioIntegrationTest
[INFO] Running org.namewta.test.oss.readiness.OssStorageReadinessArchitectureUnitTest
[INFO] Tests run: 1, Failures: 0, Errors: 0, Skipped: 0, Time elapsed: 0.006 s -- in org.namewta.test.oss.readiness.OssStorageReadinessArchitectureUnitTest
[INFO] Running org.namewta.test.oss.readiness.OssStorageReadinessHealthUnitTest
[INFO] Tests run: 1, Failures: 0, Errors: 0, Skipped: 0, Time elapsed: 0.006 s -- in org.namewta.test.oss.readiness.OssStorageReadinessHealthUnitTest
[INFO] Running org.namewta.test.oss.readiness.OssStorageReadinessSchedulingUnitTest
[INFO] Tests run: 1, Failures: 0, Errors: 0, Skipped: 0, Time elapsed: 0.006 s -- in org.namewta.test.oss.readiness.OssStorageReadinessSchedulingUnitTest
[INFO] Running org.namewta.test.oss.readiness.OssStorageReadinessRegistryUnitTest
[INFO] Tests run: 3, Failures: 0, Errors: 0, Skipped: 0, Time elapsed: 0.015 s -- in org.namewta.test.oss.readiness.OssStorageReadinessRegistryUnitTest
[INFO] Running org.namewta.test.oss.readiness.OssStorageReadinessServiceUnitTest
12:44:23.378 [main] ERROR org.namewta.system.oss.readiness.OssStorageReadinessService -- OSS readiness 必检集合发现失败: DISCOVERY_FAILED (IllegalStateException)
[INFO] Tests run: 4, Failures: 0, Errors: 0, Skipped: 0, Time elapsed: 0.082 s -- in org.namewta.test.oss.readiness.OssStorageReadinessServiceUnitTest
[INFO] Running org.namewta.test.oss.release.OssReleaseContractionUnitTest
[INFO] Tests run: 2, Failures: 0, Errors: 0, Skipped: 0, Time elapsed: 0.004 s -- in org.namewta.test.oss.release.OssReleaseContractionUnitTest
[INFO] Running org.namewta.test.oss.owner.BusinessOssFreshBaselineUnitTest
[INFO] Tests run: 5, Failures: 0, Errors: 0, Skipped: 0, Time elapsed: 0.011 s -- in org.namewta.test.oss.owner.BusinessOssFreshBaselineUnitTest
[INFO] Running org.namewta.test.oss.owner.workflow.WorkflowHistoryOssOwnerUnitTest
[INFO] Tests run: 7, Failures: 0, Errors: 0, Skipped: 0, Time elapsed: 0.118 s -- in org.namewta.test.oss.owner.workflow.WorkflowHistoryOssOwnerUnitTest
[INFO] Running org.namewta.test.oss.owner.system.SystemUserAvatarOssOwnerUnitTest
[INFO] Tests run: 1, Failures: 0, Errors: 0, Skipped: 0, Time elapsed: 0.648 s -- in org.namewta.test.oss.owner.system.SystemUserAvatarOssOwnerUnitTest
[INFO] Running org.namewta.test.oss.owner.BusinessOssOwnerArchitectureUnitTest
[INFO] Tests run: 4, Failures: 0, Errors: 0, Skipped: 0, Time elapsed: 0.327 s -- in org.namewta.test.oss.owner.BusinessOssOwnerArchitectureUnitTest
[INFO] Running org.namewta.test.oss.config.OssConfigHttpContractUnitTest
[INFO] Tests run: 2, Failures: 0, Errors: 0, Skipped: 0, Time elapsed: 0.005 s -- in org.namewta.test.oss.config.OssConfigHttpContractUnitTest
[INFO] Running org.namewta.test.oss.config.OssConfigGovernanceUnitTest
[INFO] Tests run: 9, Failures: 0, Errors: 0, Skipped: 0, Time elapsed: 0.085 s -- in org.namewta.test.oss.config.OssConfigGovernanceUnitTest
[INFO] Running org.namewta.test.oss.config.OssAccessConfigurationUnitTest
[INFO] Tests run: 4, Failures: 0, Errors: 0, Skipped: 0, Time elapsed: 0.004 s -- in org.namewta.test.oss.config.OssAccessConfigurationUnitTest
[INFO] Running org.namewta.test.oss.config.OssLifecycleConfigurationUnitTest
12:44:24.635 [main] WARN org.springframework.context.annotation.AnnotationConfigApplicationContext -- Exception encountered during context initialization - cancelling refresh attempt: org.springframework.beans.factory.BeanCreationException: Error creating bean with name 'oss.lifecycle-org.namewta.system.oss.config.OssLifecycleProperties': 命名下载策略 TTL: preview 超出安全范围
12:44:24.653 [main] WARN org.springframework.context.annotation.AnnotationConfigApplicationContext -- Exception encountered during context initialization - cancelling refresh attempt: org.springframework.beans.factory.BeanCreationException: Error creating bean with name 'oss.lifecycle-org.namewta.system.oss.config.OssLifecycleProperties': 默认下载签名 TTL 超出安全范围
[INFO] Tests run: 3, Failures: 0, Errors: 0, Skipped: 0, Time elapsed: 0.039 s -- in org.namewta.test.oss.config.OssLifecycleConfigurationUnitTest
[INFO] Running org.namewta.test.oss.upload.OssUploadStorageRoutingMinioIntegrationTest
[WARNING] Tests run: 1, Failures: 0, Errors: 0, Skipped: 1, Time elapsed: 0.001 s -- in org.namewta.test.oss.upload.OssUploadStorageRoutingMinioIntegrationTest
[INFO] Running org.namewta.test.oss.upload.OssUploadPropertiesUnitTest
[INFO] Tests run: 3, Failures: 0, Errors: 0, Skipped: 0, Time elapsed: 0.004 s -- in org.namewta.test.oss.upload.OssUploadPropertiesUnitTest
[INFO] Running org.namewta.test.oss.upload.RedisOssUploadTicketStoreIntegrationTest
[WARNING] Tests run: 1, Failures: 0, Errors: 0, Skipped: 1, Time elapsed: 0.001 s -- in org.namewta.test.oss.upload.RedisOssUploadTicketStoreIntegrationTest
[INFO] Running org.namewta.test.oss.upload.OssUploadConfigurationUnitTest
12:44:24.702 [main] WARN org.springframework.context.annotation.AnnotationConfigApplicationContext -- Exception encountered during context initialization - cancelling refresh attempt: org.springframework.beans.factory.BeanCreationException: Error creating bean with name 'oss.direct-upload-org.namewta.system.oss.upload.OssUploadProperties': uploadPolicy objectPrefix 不安全: general
12:44:24.718 [main] WARN org.springframework.context.annotation.AnnotationConfigApplicationContext -- Exception encountered during context initialization - cancelling refresh attempt: org.springframework.boot.context.properties.ConfigurationPropertiesBindException: Error creating bean with name 'oss.direct-upload-org.namewta.system.oss.upload.OssUploadProperties': Could not bind properties to 'OssUploadProperties' : prefix=oss.direct-upload, ignoreInvalidFields=false, ignoreUnknownFields=true
[INFO] Tests run: 4, Failures: 0, Errors: 0, Skipped: 0, Time elapsed: 0.070 s -- in org.namewta.test.oss.upload.OssUploadConfigurationUnitTest
[INFO] Running org.namewta.test.oss.upload.BrowserUploadLifecycleIntegrationTest
[WARNING] Tests run: 1, Failures: 0, Errors: 0, Skipped: 1, Time elapsed: 0 s -- in org.namewta.test.oss.upload.BrowserUploadLifecycleIntegrationTest
[INFO] Running org.namewta.test.oss.upload.OssUploadHttpContractUnitTest
[INFO] Tests run: 4, Failures: 0, Errors: 0, Skipped: 0, Time elapsed: 0.058 s -- in org.namewta.test.oss.upload.OssUploadHttpContractUnitTest
[INFO] Running org.namewta.test.oss.upload.OssUploadServiceUnitTest
[INFO] Tests run: 14, Failures: 0, Errors: 0, Skipped: 0, Time elapsed: 0.019 s -- in org.namewta.test.oss.upload.OssUploadServiceUnitTest
[INFO] Running org.namewta.test.oss.upload.OssUploadMetadataStoreUnitTest
[INFO] Tests run: 2, Failures: 0, Errors: 0, Skipped: 0, Time elapsed: 0.006 s -- in org.namewta.test.oss.upload.OssUploadMetadataStoreUnitTest
[INFO] Running org.namewta.test.contracts.CrudMySqlHttpIntegrationTest
[WARNING] Tests run: 1, Failures: 0, Errors: 0, Skipped: 1, Time elapsed: 0 s -- in org.namewta.test.contracts.CrudMySqlHttpIntegrationTest
[INFO] Running org.namewta.test.contracts.DemoTreeMySqlIntegrationTest
[WARNING] Tests run: 15, Failures: 0, Errors: 0, Skipped: 15, Time elapsed: 0 s -- in org.namewta.test.contracts.DemoTreeMySqlIntegrationTest
[INFO] Running org.namewta.test.contracts.CrudHttpDispatchIntegrationTest
____ ____    ___ ____ _  _ ____ _  _ 
[__  |__| __  |  |  | |_/  |___ |\ | 
___] |  |     |  |__| | \_ |___ | \| 
https://sa-token.cc (v1.45.0)
12:44:27.443 [main] INFO org.eclipse.jetty.server.Server -- jetty-12.1.10; built: 2026-05-31T04:45:52.925Z; git: 986024525891c2c20ff08c58ba300dc3b9847586; jvm 21.0.12.1+1-LTS
12:44:27.444 [main] INFO org.eclipse.jetty.server.handler.ContextHandler -- Started oeje11s.ServletContextHandler@50121079{ROOT,/,b=null,a=AVAILABLE,h=oeje11s.ServletHandler@3aa8cbcb{STARTED}}
12:44:27.445 [main] INFO org.eclipse.jetty.server.handler.ContextHandler.ROOT -- Initializing Spring DispatcherServlet 'org.springframework.web.servlet.DispatcherServlet-2ff8844e'
12:44:27.445 [main] INFO org.springframework.web.servlet.DispatcherServlet -- Initializing Servlet 'org.springframework.web.servlet.DispatcherServlet-2ff8844e'
12:44:27.445 [main] INFO org.springframework.web.servlet.DispatcherServlet -- Completed initialization in 0 ms
12:44:27.445 [main] INFO org.eclipse.jetty.ee11.servlet.ServletContextHandler -- Started oeje11s.ServletContextHandler@50121079{ROOT,/,b=null,a=AVAILABLE,h=oeje11s.ServletHandler@3aa8cbcb{STARTED}}
12:44:27.446 [main] INFO org.eclipse.jetty.server.AbstractConnector -- Started oejs.ServerConnector@8e9079{HTTP/1.1, (http/1.1)}{127.0.0.1:39231}
12:44:27.446 [main] INFO org.eclipse.jetty.server.Server -- Started oejs.Server@3ed6d23e{STARTING}[12.1.10,sto=0] @2ms
12:44:28.131 [qtp1097965321-284] ERROR org.namewta.common.web.handler.GlobalExceptionHandler -- 请求地址'/auth/unlock/17',不支持'DELETE'请求
12:44:28.168 [qtp1097965321-285] ERROR org.namewta.common.web.handler.GlobalExceptionHandler -- 请求地址'/es/update',不支持'PUT'请求
12:44:28.195 [qtp1097965321-277] ERROR org.namewta.common.web.handler.GlobalExceptionHandler -- 请求地址'/es/delete/17',不支持'DELETE'请求
12:44:28.212 [qtp1097965321-277] ERROR org.namewta.common.web.handler.GlobalExceptionHandler -- 请求地址'/demo/batch',不支持'DELETE'请求
12:44:28.228 [qtp1097965321-277] ERROR org.namewta.common.web.handler.GlobalExceptionHandler -- 请求地址'/demo/demo',不支持'PUT'请求
12:44:28.246 [qtp1097965321-279] ERROR org.namewta.common.web.handler.GlobalExceptionHandler -- 请求处理失败，异常类型=org.springframework.web.bind.MethodArgumentNotValidException
12:44:28.255 [qtp1097965321-277] ERROR org.namewta.common.satoken.handler.SaTokenExceptionHandler -- 请求地址'/demo/demo/update',权限码校验失败'无此权限：demo:demo:edit'
12:44:28.268 [qtp1097965321-279] ERROR org.namewta.common.web.handler.GlobalExceptionHandler -- 请求地址'/demo/demo/17',不支持'DELETE'请求
12:44:28.312 [qtp1097965321-279] ERROR org.namewta.common.satoken.handler.SaTokenExceptionHandler -- 请求地址'/demo/demo/17',权限码校验失败'无此权限：demo:demo:remove'
12:44:28.318 [qtp1097965321-277] ERROR org.namewta.common.web.handler.GlobalExceptionHandler -- 请求地址'/demo/tree',不支持'PUT'请求
12:44:28.331 [qtp1097965321-279] ERROR org.namewta.common.web.handler.GlobalExceptionHandler -- 请求处理失败，异常类型=org.springframework.web.bind.MethodArgumentNotValidException
12:44:28.338 [qtp1097965321-277] ERROR org.namewta.common.satoken.handler.SaTokenExceptionHandler -- 请求地址'/demo/tree/update',权限码校验失败'无此权限：demo:tree:edit'
12:44:28.345 [qtp1097965321-279] ERROR org.namewta.common.web.handler.GlobalExceptionHandler -- 请求地址'/demo/tree/17',不支持'DELETE'请求
12:44:28.363 [qtp1097965321-279] ERROR org.namewta.common.satoken.handler.SaTokenExceptionHandler -- 请求地址'/demo/tree/17',权限码校验失败'无此权限：demo:tree:remove'
12:44:28.374 [qtp1097965321-277] ERROR org.namewta.common.web.handler.GlobalExceptionHandler -- 请求地址'/workflow/leave',不支持'PUT'请求
12:44:28.399 [qtp1097965321-279] ERROR org.namewta.common.web.handler.GlobalExceptionHandler -- 请求处理失败，异常类型=org.springframework.web.bind.MethodArgumentNotValidException
12:44:28.404 [qtp1097965321-277] ERROR org.namewta.common.satoken.handler.SaTokenExceptionHandler -- 请求地址'/workflow/leave/update',权限码校验失败'无此权限：workflow:leave:edit'
12:44:28.411 [qtp1097965321-279] ERROR org.namewta.common.web.handler.GlobalExceptionHandler -- 请求地址'/workflow/leave/17',不支持'DELETE'请求
12:44:28.428 [qtp1097965321-279] ERROR org.namewta.common.satoken.handler.SaTokenExceptionHandler -- 请求地址'/workflow/leave/17',权限码校验失败'无此权限：workflow:leave:remove'
12:44:28.435 [qtp1097965321-285] ERROR org.namewta.common.web.handler.GlobalExceptionHandler -- 请求地址'/workflow/instance/deleteByBusinessIds/17',不支持'DELETE'请求
12:44:28.453 [qtp1097965321-279] ERROR org.namewta.common.satoken.handler.SaTokenExceptionHandler -- 请求地址'/workflow/instance/deleteByBusinessIds/17',权限码校验失败'无此权限：workflow:instance:remove'
12:44:28.462 [qtp1097965321-277] ERROR org.namewta.common.web.handler.GlobalExceptionHandler -- 请求地址'/workflow/instance/deleteByInstanceIds/17',不支持'DELETE'请求
12:44:28.482 [qtp1097965321-277] ERROR org.namewta.common.satoken.handler.SaTokenExceptionHandler -- 请求地址'/workflow/instance/deleteByInstanceIds/17',权限码校验失败'无此权限：workflow:instance:remove'
12:44:28.489 [qtp1097965321-279] ERROR org.namewta.common.web.handler.GlobalExceptionHandler -- 请求地址'/workflow/instance/deleteHisByInstanceIds/17',不支持'DELETE'请求
12:44:28.505 [qtp1097965321-279] ERROR org.namewta.common.satoken.handler.SaTokenExceptionHandler -- 请求地址'/workflow/instance/deleteHisByInstanceIds/17',权限码校验失败'无此权限：workflow:instance:remove'
12:44:28.512 [qtp1097965321-277] ERROR org.namewta.common.web.handler.GlobalExceptionHandler -- 请求地址'/workflow/instance/cancelProcessApply',不支持'PUT'请求
12:44:28.530 [qtp1097965321-277] ERROR org.namewta.common.satoken.handler.SaTokenExceptionHandler -- 请求地址'/workflow/instance/cancelProcessApply',权限码校验失败'无此权限：workflow:instance:cancel'
12:44:28.543 [qtp1097965321-279] ERROR org.namewta.common.web.handler.GlobalExceptionHandler -- 请求地址'/workflow/instance/active/17',不支持'PUT'请求
12:44:28.557 [qtp1097965321-277] ERROR org.namewta.common.web.handler.GlobalExceptionHandler -- 请求地址'/workflow/instance/active/17',发生未知异常，类型=org.springframework.web.bind.MissingServletRequestParameterException
12:44:28.562 [qtp1097965321-279] ERROR org.namewta.common.satoken.handler.SaTokenExceptionHandler -- 请求地址'/workflow/instance/active/17',权限码校验失败'无此权限：workflow:instance:active'
12:44:28.567 [qtp1097965321-277] ERROR org.namewta.common.web.handler.GlobalExceptionHandler -- 请求地址'/workflow/instance/updateVariable',不支持'PUT'请求
12:44:28.591 [qtp1097965321-277] ERROR org.namewta.common.satoken.handler.SaTokenExceptionHandler -- 请求地址'/workflow/instance/updateVariable',权限码校验失败'无此权限：workflow:instance:variable'
12:44:28.596 [qtp1097965321-279] ERROR org.namewta.common.web.handler.GlobalExceptionHandler -- 请求地址'/workflow/task/updateAssignee/17',不支持'PUT'请求
12:44:28.607 [qtp1097965321-277] ERROR org.namewta.common.web.handler.GlobalExceptionHandler -- 请求地址'/workflow/task/updateAssignee/17', 参数解析失败: org.springframework.http.converter.HttpMessageNotReadableException
12:44:28.615 [qtp1097965321-279] ERROR org.namewta.common.satoken.handler.SaTokenExceptionHandler -- 请求地址'/workflow/task/updateAssignee/17',权限码校验失败'无此权限：workflow:task:edit'
12:44:28.628 [qtp1097965321-277] ERROR org.namewta.common.web.handler.GlobalExceptionHandler -- 请求地址'/workflow/definition',不支持'PUT'请求
12:44:28.650 [qtp1097965321-277] ERROR org.namewta.common.satoken.handler.SaTokenExceptionHandler -- 请求地址'/workflow/definition/update',权限码校验失败'无此权限：workflow:definition:edit'
12:44:28.655 [qtp1097965321-279] ERROR org.namewta.common.web.handler.GlobalExceptionHandler -- 请求地址'/workflow/definition/publish/17',不支持'PUT'请求
12:44:28.671 [qtp1097965321-279] ERROR org.namewta.common.satoken.handler.SaTokenExceptionHandler -- 请求地址'/workflow/definition/publish/17',权限码校验失败'无此权限：workflow:definition:publish'
12:44:28.677 [qtp1097965321-277] ERROR org.namewta.common.web.handler.GlobalExceptionHandler -- 请求地址'/workflow/definition/unPublish/17',不支持'PUT'请求
12:44:28.688 [qtp1097965321-277] ERROR org.namewta.common.satoken.handler.SaTokenExceptionHandler -- 请求地址'/workflow/definition/unPublish/17',权限码校验失败'无此权限：workflow:definition:publish'
12:44:28.693 [qtp1097965321-279] ERROR org.namewta.common.web.handler.GlobalExceptionHandler -- 请求地址'/workflow/definition/17',不支持'DELETE'请求
12:44:28.714 [qtp1097965321-279] ERROR org.namewta.common.satoken.handler.SaTokenExceptionHandler -- 请求地址'/workflow/definition/17',权限码校验失败'无此权限：workflow:definition:remove'
12:44:28.721 [qtp1097965321-277] ERROR org.namewta.common.web.handler.GlobalExceptionHandler -- 请求地址'/workflow/definition/active/17',不支持'PUT'请求
12:44:28.727 [qtp1097965321-279] ERROR org.namewta.common.web.handler.GlobalExceptionHandler -- 请求地址'/workflow/definition/active/17',发生未知异常，类型=org.springframework.web.bind.MissingServletRequestParameterException
12:44:28.735 [qtp1097965321-277] ERROR org.namewta.common.satoken.handler.SaTokenExceptionHandler -- 请求地址'/workflow/definition/active/17',权限码校验失败'无此权限：workflow:definition:active'
12:44:28.739 [qtp1097965321-279] ERROR org.namewta.common.web.handler.GlobalExceptionHandler -- 请求地址'/workflow/spel',不支持'PUT'请求
12:44:28.754 [qtp1097965321-277] ERROR org.namewta.common.web.handler.GlobalExceptionHandler -- 请求处理失败，异常类型=org.springframework.web.bind.MethodArgumentNotValidException
12:44:28.760 [qtp1097965321-279] ERROR org.namewta.common.satoken.handler.SaTokenExceptionHandler -- 请求地址'/workflow/spel/update',权限码校验失败'无此权限：workflow:spel:edit'
12:44:28.764 [qtp1097965321-277] ERROR org.namewta.common.web.handler.GlobalExceptionHandler -- 请求地址'/workflow/spel/17',不支持'DELETE'请求
12:44:28.778 [qtp1097965321-277] ERROR org.namewta.common.satoken.handler.SaTokenExceptionHandler -- 请求地址'/workflow/spel/17',权限码校验失败'无此权限：workflow:spel:remove'
12:44:28.785 [qtp1097965321-279] ERROR org.namewta.common.web.handler.GlobalExceptionHandler -- 请求地址'/workflow/category',不支持'PUT'请求
12:44:28.797 [qtp1097965321-277] ERROR org.namewta.common.web.handler.GlobalExceptionHandler -- 请求处理失败，异常类型=org.springframework.web.bind.MethodArgumentNotValidException
12:44:28.801 [qtp1097965321-279] ERROR org.namewta.common.satoken.handler.SaTokenExceptionHandler -- 请求地址'/workflow/category/update',权限码校验失败'无此权限：workflow:category:edit'
12:44:28.808 [qtp1097965321-277] ERROR org.namewta.common.web.handler.GlobalExceptionHandler -- 请求地址'/workflow/category/17',不支持'DELETE'请求
12:44:28.821 [qtp1097965321-277] ERROR org.namewta.common.satoken.handler.SaTokenExceptionHandler -- 请求地址'/workflow/category/17',权限码校验失败'无此权限：workflow:category:remove'
12:44:28.827 [qtp1097965321-279] ERROR org.namewta.common.web.handler.GlobalExceptionHandler -- 请求地址'/monitor/operlog/17',不支持'DELETE'请求
12:44:28.839 [qtp1097965321-279] ERROR org.namewta.common.satoken.handler.SaTokenExceptionHandler -- 请求地址'/monitor/operlog/17',权限码校验失败'无此权限：monitor:operlog:remove'
12:44:28.845 [qtp1097965321-277] ERROR org.namewta.common.web.handler.GlobalExceptionHandler -- 请求地址'/monitor/operlog/clean',不支持'DELETE'请求
12:44:28.856 [qtp1097965321-277] ERROR org.namewta.common.satoken.handler.SaTokenExceptionHandler -- 请求地址'/monitor/operlog/clean',权限码校验失败'无此权限：monitor:operlog:remove'
12:44:28.861 [qtp1097965321-279] ERROR org.namewta.common.web.handler.GlobalExceptionHandler -- 请求地址'/monitor/loginInfo/17',不支持'DELETE'请求
12:44:28.872 [qtp1097965321-279] ERROR org.namewta.common.satoken.handler.SaTokenExceptionHandler -- 请求地址'/monitor/loginInfo/17',权限码校验失败'无此权限：monitor:logininfo:remove'
12:44:28.877 [qtp1097965321-277] ERROR org.namewta.common.web.handler.GlobalExceptionHandler -- 请求地址'/monitor/loginInfo/clean',不支持'DELETE'请求
12:44:28.886 [qtp1097965321-277] ERROR org.namewta.common.satoken.handler.SaTokenExceptionHandler -- 请求地址'/monitor/loginInfo/clean',权限码校验失败'无此权限：monitor:logininfo:remove'
12:44:28.891 [qtp1097965321-279] ERROR org.namewta.common.web.handler.GlobalExceptionHandler -- 请求地址'/monitor/online/[REDACTED]',不支持'DELETE'请求
12:44:28.908 [qtp1097965321-279] ERROR org.namewta.common.satoken.handler.SaTokenExceptionHandler -- 请求地址'/monitor/online/17',权限码校验失败'无此权限：monitor:online:forceLogout'
12:44:28.912 [qtp1097965321-277] ERROR org.namewta.common.web.handler.GlobalExceptionHandler -- 请求地址'/monitor/online/myself/[REDACTED]',不支持'DELETE'请求
12:44:28.921 [qtp1097965321-277] ERROR org.namewta.common.web.handler.GlobalExceptionHandler -- 请求地址'/system/dict/data',不支持'PUT'请求
12:44:28.938 [qtp1097965321-279] ERROR org.namewta.common.web.handler.GlobalExceptionHandler -- 请求处理失败，异常类型=org.springframework.web.bind.MethodArgumentNotValidException
12:44:28.945 [qtp1097965321-277] ERROR org.namewta.common.satoken.handler.SaTokenExceptionHandler -- 请求地址'/system/dict/data/update',权限码校验失败'无此权限：system:dict:edit'
12:44:28.949 [qtp1097965321-279] ERROR org.namewta.common.web.handler.GlobalExceptionHandler -- 请求地址'/system/dict/data/17',不支持'DELETE'请求
12:44:28.964 [qtp1097965321-279] ERROR org.namewta.common.satoken.handler.SaTokenExceptionHandler -- 请求地址'/system/dict/data/17',权限码校验失败'无此权限：system:dict:remove'
12:44:28.968 [qtp1097965321-277] ERROR org.namewta.common.web.handler.GlobalExceptionHandler -- 请求地址'/system/role',不支持'PUT'请求
12:44:28.979 [qtp1097965321-279] ERROR org.namewta.common.web.handler.GlobalExceptionHandler -- 请求处理失败，异常类型=org.springframework.web.bind.MethodArgumentNotValidException
12:44:28.985 [qtp1097965321-277] ERROR org.namewta.common.satoken.handler.SaTokenExceptionHandler -- 请求地址'/system/role/update',权限码校验失败'无此权限：system:role:edit'
12:44:28.989 [qtp1097965321-279] ERROR org.namewta.common.web.handler.GlobalExceptionHandler -- 请求地址'/system/role/permission',不支持'PUT'请求
12:44:29.004 [qtp1097965321-279] ERROR org.namewta.common.satoken.handler.SaTokenExceptionHandler -- 请求地址'/system/role/permission',权限码校验失败'无此权限：system:role:edit'
12:44:29.010 [qtp1097965321-277] ERROR org.namewta.common.web.handler.GlobalExceptionHandler -- 请求地址'/system/role/changeStatus',不支持'PUT'请求
12:44:29.026 [qtp1097965321-277] ERROR org.namewta.common.satoken.handler.SaTokenExceptionHandler -- 请求地址'/system/role/changeStatus',权限码校验失败'无此权限：system:role:edit'
12:44:29.031 [qtp1097965321-279] ERROR org.namewta.common.web.handler.GlobalExceptionHandler -- 请求地址'/system/role/17',不支持'DELETE'请求
12:44:29.042 [qtp1097965321-279] ERROR org.namewta.common.satoken.handler.SaTokenExceptionHandler -- 请求地址'/system/role/17',权限码校验失败'无此权限：system:role:remove'
12:44:29.048 [qtp1097965321-277] ERROR org.namewta.common.web.handler.GlobalExceptionHandler -- 请求地址'/system/role/authUser/cancel',不支持'PUT'请求
12:44:29.059 [qtp1097965321-277] ERROR org.namewta.common.satoken.handler.SaTokenExceptionHandler -- 请求地址'/system/role/authUser/cancel',权限码校验失败'无此权限：system:role:edit'
12:44:29.064 [qtp1097965321-279] ERROR org.namewta.common.web.handler.GlobalExceptionHandler -- 请求地址'/system/role/authUser/cancelAll',不支持'PUT'请求
12:44:29.077 [qtp1097965321-279] ERROR org.namewta.common.satoken.handler.SaTokenExceptionHandler -- 请求地址'/system/role/authUser/cancelAll',权限码校验失败'无此权限：system:role:edit'
12:44:29.080 [qtp1097965321-277] ERROR org.namewta.common.web.handler.GlobalExceptionHandler -- 请求地址'/system/role/authUser/selectAll',不支持'PUT'请求
12:44:29.093 [qtp1097965321-277] ERROR org.namewta.common.satoken.handler.SaTokenExceptionHandler -- 请求地址'/system/role/authUser/selectAll',权限码校验失败'无此权限：system:role:edit'
12:44:29.097 [qtp1097965321-279] ERROR org.namewta.common.web.handler.GlobalExceptionHandler -- 请求地址'/system/user/profile',不支持'PUT'请求
12:44:29.110 [qtp1097965321-279] ERROR org.namewta.common.web.handler.GlobalExceptionHandler -- 请求地址'/system/user/profile/updatePwd',不支持'PUT'请求
12:44:29.120 [qtp1097965321-277] ERROR org.namewta.common.web.handler.GlobalExceptionHandler -- 请求处理失败，异常类型=org.springframework.web.bind.MethodArgumentNotValidException
12:44:29.123 [qtp1097965321-279] ERROR org.namewta.common.web.handler.GlobalExceptionHandler -- 请求地址'/system/menu',不支持'PUT'请求
12:44:29.147 [qtp1097965321-277] ERROR org.namewta.common.web.handler.GlobalExceptionHandler -- 请求处理失败，异常类型=org.springframework.web.bind.MethodArgumentNotValidException
12:44:29.150 [qtp1097965321-279] ERROR org.namewta.common.satoken.handler.SaTokenExceptionHandler -- 请求地址'/system/menu/update',角色权限校验失败'无此角色：superadmin'
12:44:29.154 [qtp1097965321-277] ERROR org.namewta.common.web.handler.GlobalExceptionHandler -- 请求地址'/system/menu/17',不支持'DELETE'请求
12:44:29.168 [qtp1097965321-277] ERROR org.namewta.common.satoken.handler.SaTokenExceptionHandler -- 请求地址'/system/menu/17',角色权限校验失败'无此角色：superadmin'
12:44:29.175 [qtp1097965321-279] ERROR org.namewta.common.web.handler.GlobalExceptionHandler -- 请求地址'/system/menu/cascade/17',不支持'DELETE'请求
12:44:29.182 [qtp1097965321-279] ERROR org.namewta.common.satoken.handler.SaTokenExceptionHandler -- 请求地址'/system/menu/cascade/17',角色权限校验失败'无此角色：superadmin'
12:44:29.185 [qtp1097965321-277] ERROR org.namewta.common.web.handler.GlobalExceptionHandler -- 请求地址'/system/dict/type',不支持'PUT'请求
12:44:29.197 [qtp1097965321-279] ERROR org.namewta.common.web.handler.GlobalExceptionHandler -- 请求处理失败，异常类型=org.springframework.web.bind.MethodArgumentNotValidException
12:44:29.201 [qtp1097965321-277] ERROR org.namewta.common.satoken.handler.SaTokenExceptionHandler -- 请求地址'/system/dict/type/update',权限码校验失败'无此权限：system:dict:edit'
12:44:29.205 [qtp1097965321-279] ERROR org.namewta.common.web.handler.GlobalExceptionHandler -- 请求地址'/system/dict/type/17',不支持'DELETE'请求
12:44:29.221 [qtp1097965321-279] ERROR org.namewta.common.satoken.handler.SaTokenExceptionHandler -- 请求地址'/system/dict/type/17',权限码校验失败'无此权限：system:dict:remove'
12:44:29.224 [qtp1097965321-277] ERROR org.namewta.common.web.handler.GlobalExceptionHandler -- 请求地址'/system/dict/type/refreshCache',不支持'DELETE'请求
12:44:29.236 [qtp1097965321-277] ERROR org.namewta.common.satoken.handler.SaTokenExceptionHandler -- 请求地址'/system/dict/type/refreshCache',权限码校验失败'无此权限：system:dict:remove'
12:44:29.243 [qtp1097965321-279] ERROR org.namewta.common.web.handler.GlobalExceptionHandler -- 请求地址'/resource/oss/17',不支持'DELETE'请求
12:44:29.256 [qtp1097965321-279] ERROR org.namewta.common.satoken.handler.SaTokenExceptionHandler -- 请求地址'/resource/oss/17',权限码校验失败'无此权限：system:oss:remove'
12:44:29.260 [qtp1097965321-277] ERROR org.namewta.common.web.handler.GlobalExceptionHandler -- 请求地址'/system/client',不支持'PUT'请求
12:44:29.270 [qtp1097965321-279] ERROR org.namewta.common.web.handler.GlobalExceptionHandler -- 请求处理失败，异常类型=org.springframework.web.bind.MethodArgumentNotValidException
12:44:29.282 [qtp1097965321-277] ERROR org.namewta.common.satoken.handler.SaTokenExceptionHandler -- 请求地址'/system/client/update',权限码校验失败'无此权限：system:client:edit'
12:44:29.287 [qtp1097965321-279] ERROR org.namewta.common.web.handler.GlobalExceptionHandler -- 请求地址'/system/client/changeStatus',不支持'PUT'请求
12:44:29.298 [qtp1097965321-279] ERROR org.namewta.common.satoken.handler.SaTokenExceptionHandler -- 请求地址'/system/client/changeStatus',权限码校验失败'无此权限：system:client:edit'
12:44:29.303 [qtp1097965321-277] ERROR org.namewta.common.web.handler.GlobalExceptionHandler -- 请求地址'/system/client/17',不支持'DELETE'请求
12:44:29.314 [qtp1097965321-277] ERROR org.namewta.common.satoken.handler.SaTokenExceptionHandler -- 请求地址'/system/client/17',权限码校验失败'无此权限：system:client:remove'
12:44:29.319 [qtp1097965321-279] ERROR org.namewta.common.web.handler.GlobalExceptionHandler -- 请求地址'/resource/oss/uploads/17',不支持'DELETE'请求
12:44:29.328 [qtp1097965321-279] ERROR org.namewta.common.satoken.handler.SaTokenExceptionHandler -- 请求地址'/resource/oss/uploads/17',权限码校验失败'无此权限：system:oss:upload'
12:44:29.332 [qtp1097965321-277] ERROR org.namewta.common.web.handler.GlobalExceptionHandler -- 请求地址'/system/userType',不支持'PUT'请求
12:44:29.339 [qtp1097965321-279] ERROR org.namewta.common.web.handler.GlobalExceptionHandler -- 请求处理失败，异常类型=org.springframework.web.bind.MethodArgumentNotValidException
12:44:29.346 [qtp1097965321-277] ERROR org.namewta.common.satoken.handler.SaTokenExceptionHandler -- 请求地址'/system/userType/update',权限码校验失败'无此权限：system:userType:edit'
12:44:29.350 [qtp1097965321-279] ERROR org.namewta.common.web.handler.GlobalExceptionHandler -- 请求地址'/system/userType/changeStatus',不支持'PUT'请求
12:44:29.360 [qtp1097965321-279] ERROR org.namewta.common.satoken.handler.SaTokenExceptionHandler -- 请求地址'/system/userType/changeStatus',权限码校验失败'无此权限：system:userType:edit'
12:44:29.363 [qtp1097965321-277] ERROR org.namewta.common.web.handler.GlobalExceptionHandler -- 请求地址'/system/userType/17',不支持'DELETE'请求
12:44:29.371 [qtp1097965321-277] ERROR org.namewta.common.satoken.handler.SaTokenExceptionHandler -- 请求地址'/system/userType/17',权限码校验失败'无此权限：system:userType:remove'
12:44:29.377 [qtp1097965321-279] ERROR org.namewta.common.web.handler.GlobalExceptionHandler -- 请求地址'/system/dept',不支持'PUT'请求
12:44:29.386 [qtp1097965321-277] ERROR org.namewta.common.web.handler.GlobalExceptionHandler -- 请求处理失败，异常类型=org.springframework.web.bind.MethodArgumentNotValidException
12:44:29.391 [qtp1097965321-279] ERROR org.namewta.common.satoken.handler.SaTokenExceptionHandler -- 请求地址'/system/dept/update',权限码校验失败'无此权限：system:dept:edit'
12:44:29.395 [qtp1097965321-277] ERROR org.namewta.common.web.handler.GlobalExceptionHandler -- 请求地址'/system/dept/17',不支持'DELETE'请求
12:44:29.405 [qtp1097965321-277] ERROR org.namewta.common.satoken.handler.SaTokenExceptionHandler -- 请求地址'/system/dept/17',权限码校验失败'无此权限：system:dept:remove'
12:44:29.411 [qtp1097965321-279] ERROR org.namewta.common.web.handler.GlobalExceptionHandler -- 请求地址'/system/post',不支持'PUT'请求
12:44:29.424 [qtp1097965321-277] ERROR org.namewta.common.web.handler.GlobalExceptionHandler -- 请求处理失败，异常类型=org.springframework.web.bind.MethodArgumentNotValidException
12:44:29.430 [qtp1097965321-279] ERROR org.namewta.common.satoken.handler.SaTokenExceptionHandler -- 请求地址'/system/post/update',权限码校验失败'无此权限：system:post:edit'
12:44:29.435 [qtp1097965321-277] ERROR org.namewta.common.web.handler.GlobalExceptionHandler -- 请求地址'/system/post/17',不支持'DELETE'请求
12:44:29.445 [qtp1097965321-277] ERROR org.namewta.common.satoken.handler.SaTokenExceptionHandler -- 请求地址'/system/post/17',权限码校验失败'无此权限：system:post:remove'
12:44:29.451 [qtp1097965321-279] ERROR org.namewta.common.web.handler.GlobalExceptionHandler -- 请求地址'/system/config',不支持'PUT'请求
12:44:29.459 [qtp1097965321-277] ERROR org.namewta.common.web.handler.GlobalExceptionHandler -- 请求处理失败，异常类型=org.springframework.web.bind.MethodArgumentNotValidException
12:44:29.462 [qtp1097965321-279] ERROR org.namewta.common.satoken.handler.SaTokenExceptionHandler -- 请求地址'/system/config/update',权限码校验失败'无此权限：system:config:edit'
12:44:29.466 [qtp1097965321-277] ERROR org.namewta.common.web.handler.GlobalExceptionHandler -- 请求地址'/system/config/updateByKey',不支持'PUT'请求
12:44:29.478 [qtp1097965321-277] ERROR org.namewta.common.satoken.handler.SaTokenExceptionHandler -- 请求地址'/system/config/updateByKey',权限码校验失败'无此权限：system:config:edit'
12:44:29.486 [qtp1097965321-279] ERROR org.namewta.common.web.handler.GlobalExceptionHandler -- 请求地址'/system/config/17',不支持'DELETE'请求
12:44:29.494 [qtp1097965321-279] ERROR org.namewta.common.satoken.handler.SaTokenExceptionHandler -- 请求地址'/system/config/17',权限码校验失败'无此权限：system:config:remove'
12:44:29.501 [qtp1097965321-277] ERROR org.namewta.common.web.handler.GlobalExceptionHandler -- 请求地址'/system/config/refreshCache',不支持'DELETE'请求
12:44:29.509 [qtp1097965321-277] ERROR org.namewta.common.satoken.handler.SaTokenExceptionHandler -- 请求地址'/system/config/refreshCache',权限码校验失败'无此权限：system:config:remove'
12:44:29.514 [qtp1097965321-279] ERROR org.namewta.common.web.handler.GlobalExceptionHandler -- 请求地址'/system/user',不支持'PUT'请求
12:44:29.523 [qtp1097965321-277] ERROR org.namewta.common.web.handler.GlobalExceptionHandler -- 请求处理失败，异常类型=org.springframework.web.bind.MethodArgumentNotValidException
12:44:29.527 [qtp1097965321-279] ERROR org.namewta.common.satoken.handler.SaTokenExceptionHandler -- 请求地址'/system/user/update',权限码校验失败'无此权限：system:user:edit'
12:44:29.529 [qtp1097965321-277] ERROR org.namewta.common.web.handler.GlobalExceptionHandler -- 请求地址'/system/user/17',不支持'DELETE'请求
12:44:29.537 [qtp1097965321-277] ERROR org.namewta.common.satoken.handler.SaTokenExceptionHandler -- 请求地址'/system/user/17',权限码校验失败'无此权限：system:user:remove'
12:44:29.540 [qtp1097965321-279] ERROR org.namewta.common.web.handler.GlobalExceptionHandler -- 请求地址'/system/user/resetPwd',不支持'PUT'请求
12:44:29.549 [qtp1097965321-279] ERROR org.namewta.common.satoken.handler.SaTokenExceptionHandler -- 请求地址'/system/user/resetPwd',权限码校验失败'无此权限：system:user:resetPwd'
12:44:29.553 [qtp1097965321-277] ERROR org.namewta.common.web.handler.GlobalExceptionHandler -- 请求地址'/system/user/changeStatus',不支持'PUT'请求
12:44:29.566 [qtp1097965321-277] ERROR org.namewta.common.satoken.handler.SaTokenExceptionHandler -- 请求地址'/system/user/changeStatus',权限码校验失败'无此权限：system:user:edit'
12:44:29.569 [qtp1097965321-279] ERROR org.namewta.common.web.handler.GlobalExceptionHandler -- 请求地址'/system/user/authRole',不支持'PUT'请求
12:44:29.579 [qtp1097965321-279] ERROR org.namewta.common.satoken.handler.SaTokenExceptionHandler -- 请求地址'/system/user/authRole',权限码校验失败'无此权限：system:user:edit'
12:44:29.582 [qtp1097965321-277] ERROR org.namewta.common.web.handler.GlobalExceptionHandler -- 请求地址'/demo/websocket/send',不支持'GET'请求
12:44:29.589 [qtp1097965321-277] ERROR org.namewta.common.web.handler.GlobalExceptionHandler -- 请求地址'/demo/mail/sendSimpleMessage',不支持'GET'请求
12:44:29.603 [qtp1097965321-277] ERROR org.namewta.common.web.handler.GlobalExceptionHandler -- 请求地址'/demo/mail/sendMessageWithAttachment',不支持'GET'请求
12:44:29.613 [qtp1097965321-277] ERROR org.namewta.common.satoken.handler.SaTokenExceptionHandler -- 请求地址'/demo/mail/sendMessageWithAttachment',权限码校验失败'无此权限：system:oss:download'
12:44:29.618 [qtp1097965321-279] ERROR org.namewta.common.web.handler.GlobalExceptionHandler -- 请求地址'/demo/mail/sendMessageWithAttachments',不支持'GET'请求
12:44:29.621 [qtp1097965321-277] ERROR org.namewta.common.web.handler.GlobalExceptionHandler -- 请求地址'/demo/mail/sendMessageWithAttachments',发生未知异常, 错误编号: 76948865，类型=java.lang.IllegalStateException
12:44:29.629 [qtp1097965321-279] ERROR org.namewta.common.satoken.handler.SaTokenExceptionHandler -- 请求地址'/demo/mail/sendMessageWithAttachments',权限码校验失败'无此权限：system:oss:download'
12:44:29.633 [qtp1097965321-277] ERROR org.namewta.common.web.handler.GlobalExceptionHandler -- 请求地址'/demo/mcp/receive',不支持'GET'请求
12:44:29.647 [qtp1097965321-277] ERROR org.namewta.common.web.handler.GlobalExceptionHandler -- 请求地址'/demo/mqtt/send',不支持'GET'请求
12:44:29.655 [qtp1097965321-277] ERROR org.namewta.common.web.handler.GlobalExceptionHandler -- 请求地址'/demo/cache/test2',不支持'GET'请求
12:44:29.667 [qtp1097965321-277] ERROR org.namewta.common.web.handler.GlobalExceptionHandler -- 请求地址'/demo/cache/test3',不支持'GET'请求
12:44:29.675 [qtp1097965321-277] ERROR org.namewta.common.web.handler.GlobalExceptionHandler -- 请求地址'/demo/cache/test6',不支持'GET'请求
12:44:29.689 [qtp1097965321-277] ERROR org.namewta.common.web.handler.GlobalExceptionHandler -- 请求地址'/demo/redis/pubsub/pub',不支持'GET'请求
12:44:29.701 [qtp1097965321-277] ERROR org.namewta.common.web.handler.GlobalExceptionHandler -- 请求地址'/demo/redis/pubsub/sub',不支持'GET'请求
12:44:29.710 [qtp1097965321-277] ERROR org.namewta.common.web.handler.GlobalExceptionHandler -- 请求地址'/demo/sms/sendAliyun',不支持'GET'请求
12:44:29.721 [qtp1097965321-277] ERROR org.namewta.common.web.handler.GlobalExceptionHandler -- 请求地址'/demo/sms/sendTencent',不支持'GET'请求
12:44:29.735 [qtp1097965321-277] ERROR org.namewta.common.web.handler.GlobalExceptionHandler -- 请求地址'/demo/sms/addBlacklist',不支持'GET'请求
12:44:29.744 [qtp1097965321-277] ERROR org.namewta.common.web.handler.GlobalExceptionHandler -- 请求地址'/demo/sms/removeBlacklist',不支持'GET'请求
12:44:29.752 [qtp1097965321-277] ERROR org.namewta.common.web.handler.GlobalExceptionHandler -- 请求地址'/demo/queue/priority/add',不支持'GET'请求
12:44:29.762 [qtp1097965321-277] ERROR org.namewta.common.web.handler.GlobalExceptionHandler -- 请求地址'/demo/queue/priority/remove',不支持'GET'请求
12:44:29.774 [qtp1097965321-277] ERROR org.namewta.common.web.handler.GlobalExceptionHandler -- 请求地址'/demo/queue/priority/get',不支持'GET'请求
12:44:29.787 [qtp1097965321-277] ERROR org.namewta.common.web.handler.GlobalExceptionHandler -- 请求地址'/monitor/loginInfo/unlock/17',不支持'GET'请求
12:44:29.803 [qtp1097965321-277] ERROR org.namewta.common.satoken.handler.SaTokenExceptionHandler -- 请求地址'/monitor/loginInfo/unlock/17',权限码校验失败'无此权限：monitor:logininfo:unlock'
12:44:29.808 [qtp1097965321-279] ERROR org.namewta.common.web.handler.GlobalExceptionHandler -- 请求地址'/system/user/unlock/17',不支持'GET'请求
12:44:29.816 [qtp1097965321-279] ERROR org.namewta.common.satoken.handler.SaTokenExceptionHandler -- 请求地址'/system/user/unlock/17',权限码校验失败'无此权限：system:user:edit'
12:44:29.819 [qtp1097965321-277] ERROR org.namewta.common.web.handler.GlobalExceptionHandler -- 请求地址'/workflow/task/getNextNodeList',不支持'POST'请求
12:44:29.824 [qtp1097965321-279] ERROR org.namewta.common.web.handler.GlobalExceptionHandler -- 请求地址'/workflow/task/getNextNodeList',发生未知异常，类型=org.springframework.web.bind.MissingServletRequestParameterException
12:44:29.829 [qtp1097965321-277] ERROR org.namewta.common.satoken.handler.SaTokenExceptionHandler -- 请求地址'/system/dept/update',认证失败'未能读取到有效 token',无法访问系统资源
12:44:29.832 [qtp1097965321-279] ERROR org.namewta.common.satoken.handler.SaTokenExceptionHandler -- 请求地址'/system/dept/update',认证失败'客户端ID与Token不匹配：[REDACTED_JWT]',无法访问系统资源
12:44:29.838 [qtp1097965321-277] ERROR org.namewta.common.satoken.handler.SaTokenExceptionHandler -- 请求地址'/auth/unlock/17',认证失败'未能读取到有效 token',无法访问系统资源
12:44:29.862 [qtp1097965321-277] ERROR org.namewta.common.web.handler.GlobalExceptionHandler -- 请求处理失败，异常类型=org.namewta.common.core.exception.ServiceException
12:44:29.866 [qtp1097965321-279] ERROR org.namewta.common.web.handler.GlobalExceptionHandler -- 请求处理失败，异常类型=org.namewta.common.core.exception.ServiceException
12:44:29.873 [qtp1097965321-277] ERROR org.namewta.common.web.handler.GlobalExceptionHandler -- 请求处理失败，异常类型=org.namewta.common.core.exception.ServiceException
12:44:29.878 [main] INFO org.eclipse.jetty.server.Server -- Stopped oejs.Server@3ed6d23e{STOPPING}[12.1.10,sto=0]
12:44:29.878 [main] INFO org.eclipse.jetty.server.AbstractConnector -- Stopped oejs.ServerConnector@8e9079{HTTP/1.1, (http/1.1)}{127.0.0.1:0}
12:44:29.878 [main] INFO org.eclipse.jetty.server.handler.ContextHandler.ROOT -- Destroying Spring FrameworkServlet 'org.springframework.web.servlet.DispatcherServlet-2ff8844e'
12:44:29.879 [main] INFO org.eclipse.jetty.ee11.servlet.ServletContextHandler -- Stopped oeje11s.ServletContextHandler@50121079{ROOT,/,b=null,a=AVAILABLE,h=oeje11s.ServletHandler@3aa8cbcb{STOPPED}}
____ ____    ___ ____ _  _ ____ _  _ 
[__  |__| __  |  |  | |_/  |___ |\ | 
___] |  |     |  |__| | \_ |___ | \| 
https://sa-token.cc (v1.45.0)
[INFO] Tests run: 1, Failures: 0, Errors: 0, Skipped: 0, Time elapsed: 5.061 s -- in org.namewta.test.contracts.CrudHttpDispatchIntegrationTest
[INFO] Running org.namewta.test.contracts.CrudHttpMappingContractTest
[INFO] Tests run: 2, Failures: 0, Errors: 0, Skipped: 0, Time elapsed: 1.423 s -- in org.namewta.test.contracts.CrudHttpMappingContractTest
[INFO] Running org.namewta.test.profile.schema.ProfileSchemaMySqlIntegrationTest
[WARNING] Tests run: 1, Failures: 0, Errors: 0, Skipped: 1, Time elapsed: 0.001 s -- in org.namewta.test.profile.schema.ProfileSchemaMySqlIntegrationTest
[INFO] Running org.namewta.test.profile.schema.ProfileSchemaContractTest
[INFO] Tests run: 5, Failures: 0, Errors: 0, Skipped: 0, Time elapsed: 0.010 s -- in org.namewta.test.profile.schema.ProfileSchemaContractTest
[INFO] Running org.namewta.test.profile.material.ProfileSelfMaterialsBrowserIntegrationTest
[WARNING] Tests run: 1, Failures: 0, Errors: 0, Skipped: 1, Time elapsed: 0 s -- in org.namewta.test.profile.material.ProfileSelfMaterialsBrowserIntegrationTest
[INFO] Running org.namewta.test.profile.contract.ProfileCrossModuleBoundaryContractTest
[INFO] Tests run: 6, Failures: 0, Errors: 0, Skipped: 0, Time elapsed: 0.104 s -- in org.namewta.test.profile.contract.ProfileCrossModuleBoundaryContractTest
[INFO] Running org.namewta.test.profile.contract.ProfileStructureContractTest
[INFO] Tests run: 4, Failures: 0, Errors: 0, Skipped: 0, Time elapsed: 0.126 s -- in org.namewta.test.profile.contract.ProfileStructureContractTest
[INFO] Running org.namewta.test.profile.contract.WorkflowTerminationContractTest
[INFO] Tests run: 4, Failures: 0, Errors: 0, Skipped: 0, Time elapsed: 0.166 s -- in org.namewta.test.profile.contract.WorkflowTerminationContractTest
[INFO] Running org.namewta.test.profile.contract.WorkflowGlobalListenerContractTest
[INFO] Tests run: 1, Failures: 0, Errors: 0, Skipped: 0, Time elapsed: 0.362 s -- in org.namewta.test.profile.contract.WorkflowGlobalListenerContractTest
[INFO] Running org.namewta.test.profile.contract.ProfileModuleGraphContractTest
[INFO] Tests run: 2, Failures: 0, Errors: 0, Skipped: 0, Time elapsed: 0.002 s -- in org.namewta.test.profile.contract.ProfileModuleGraphContractTest
[INFO] Running org.namewta.test.profile.contract.ProfileApiContractTest
[INFO] Tests run: 5, Failures: 0, Errors: 0, Skipped: 0, Time elapsed: 0.006 s -- in org.namewta.test.profile.contract.ProfileApiContractTest
[INFO] Running org.namewta.test.nacos.refresh.NacosLiveRefreshContractUnitTest
[INFO] Tests run: 7, Failures: 0, Errors: 0, Skipped: 0, Time elapsed: 0.124 s -- in org.namewta.test.nacos.refresh.NacosLiveRefreshContractUnitTest
[INFO] Running org.namewta.test.nacos.menu.NacosMenuContractUnitTest
[INFO] Tests run: 1, Failures: 0, Errors: 0, Skipped: 0, Time elapsed: 0.002 s -- in org.namewta.test.nacos.menu.NacosMenuContractUnitTest
[INFO] Running org.namewta.test.department.DepartmentTreeMySqlIntegrationTest
[WARNING] Tests run: 14, Failures: 0, Errors: 0, Skipped: 14, Time elapsed: 0 s -- in org.namewta.test.department.DepartmentTreeMySqlIntegrationTest
[INFO] Running org.namewta.test.openapi.credential.OpenApiCredentialSqlContractTest
[INFO] Tests run: 1, Failures: 0, Errors: 0, Skipped: 0, Time elapsed: 24.99 s -- in org.namewta.test.openapi.credential.OpenApiCredentialSqlContractTest
[INFO] Running org.namewta.test.openapi.credential.OpenApiCredentialCryptoTest
[INFO] Tests run: 3, Failures: 0, Errors: 0, Skipped: 0, Time elapsed: 2.198 s -- in org.namewta.test.openapi.credential.OpenApiCredentialCryptoTest
[INFO] Running org.namewta.test.openapi.credential.SystemOpenApiCredentialServiceTest
[INFO] Tests run: 6, Failures: 0, Errors: 0, Skipped: 0, Time elapsed: 2.864 s -- in org.namewta.test.openapi.credential.SystemOpenApiCredentialServiceTest
[INFO] Running org.namewta.test.openapi.credential.SysOpenApiCredentialControllerContractTest
12:45:05.456 [main] INFO org.springframework.mock.web.MockServletContext -- Initializing Spring TestDispatcherServlet ''
12:45:05.456 [main] INFO org.springframework.test.web.servlet.TestDispatcherServlet -- Initializing Servlet ''
12:45:05.456 [main] INFO org.springframework.test.web.servlet.TestDispatcherServlet -- Completed initialization in 0 ms
[INFO] Tests run: 4, Failures: 0, Errors: 0, Skipped: 0, Time elapsed: 3.172 s -- in org.namewta.test.openapi.credential.SysOpenApiCredentialControllerContractTest
[INFO] Running org.namewta.test.openapi.authorization.SystemOpenApiAuthorizationResolverTest
[INFO] Tests run: 4, Failures: 0, Errors: 0, Skipped: 0, Time elapsed: 0.126 s -- in org.namewta.test.openapi.authorization.SystemOpenApiAuthorizationResolverTest
[INFO] Running org.namewta.test.openapi.assembly.OpenApiAssemblyContextTest
12:45:06.222 [main] WARN org.springframework.context.annotation.AnnotationConfigApplicationContext -- Exception encountered during context initialization - cancelling refresh attempt: org.springframework.beans.factory.UnsatisfiedDependencyException: Error creating bean with name 'openApiNonceStore' defined in org.namewta.common.openapi.config.OpenApiAutoConfiguration: Unsatisfied dependency expressed through method 'openApiNonceStore' parameter 0: No qualifying bean of type 'org.redisson.api.RedissonClient' available: expected at least 1 bean which qualifies as autowire candidate. Dependency annotations: {}
12:45:06.244 [main] WARN org.springframework.context.annotation.AnnotationConfigApplicationContext -- Exception encountered during context initialization - cancelling refresh attempt: org.springframework.beans.factory.UnsatisfiedDependencyException: Error creating bean with name 'openApiGatewayFilterRegistration' defined in org.namewta.common.openapi.config.OpenApiAutoConfiguration: Unsatisfied dependency expressed through method 'openApiGatewayFilterRegistration' parameter 2: No qualifying bean of type 'org.namewta.common.openapi.spi.OpenApiCredentialResolver' available: expected at least 1 bean which qualifies as autowire candidate. Dependency annotations: {}
12:45:06.257 [main] WARN org.springframework.context.annotation.AnnotationConfigApplicationContext -- Exception encountered during context initialization - cancelling refresh attempt: org.springframework.beans.factory.BeanCreationException: Error creating bean with name 'openApiStartupValidator' defined in org.namewta.common.openapi.config.OpenApiAutoConfiguration: openapi.kek-version must contain 1-64 letters, digits, dots, underscores, or hyphens
12:45:06.271 [main] WARN org.springframework.context.annotation.AnnotationConfigApplicationContext -- Exception encountered during context initialization - cancelling refresh attempt: org.springframework.beans.factory.BeanCreationException: Error creating bean with name 'openApiStartupValidator' defined in org.namewta.common.openapi.config.OpenApiAutoConfiguration: openapi.nonce-ttl must be positive
12:45:06.282 [main] WARN org.springframework.context.annotation.AnnotationConfigApplicationContext -- Exception encountered during context initialization - cancelling refresh attempt: org.springframework.beans.factory.BeanCreationException: Error creating bean with name 'openApiStartupValidator' defined in org.namewta.common.openapi.config.OpenApiAutoConfiguration: openapi.app-rate-limit-per-minute must be positive
12:45:06.337 [main] WARN org.springframework.context.annotation.AnnotationConfigApplicationContext -- Exception encountered during context initialization - cancelling refresh attempt: org.springframework.beans.factory.BeanCreationException: Error creating bean with name 'openApiStartupValidator' defined in org.namewta.common.openapi.config.OpenApiAutoConfiguration: openapi.kek must be a Base64-encoded 32-byte key
12:45:06.386 [main] WARN org.springframework.context.annotation.AnnotationConfigApplicationContext -- Exception encountered during context initialization - cancelling refresh attempt: org.springframework.beans.factory.BeanCreationException: Error creating bean with name 'openApiStartupValidator' defined in org.namewta.common.openapi.config.OpenApiAutoConfiguration: openapi.kek must be a Base64-encoded 32-byte key
12:45:07.060 [main] INFO org.springframework.mock.web.MockServletContext -- Initializing Spring TestDispatcherServlet ''
12:45:07.060 [main] INFO org.springframework.test.web.servlet.TestDispatcherServlet -- Initializing Servlet ''
12:45:07.062 [main] INFO org.springframework.test.web.servlet.TestDispatcherServlet -- Completed initialization in 2 ms
12:45:07.279 [main] WARN org.springframework.context.annotation.AnnotationConfigApplicationContext -- Exception encountered during context initialization - cancelling refresh attempt: org.springframework.beans.factory.BeanCreationException: Error creating bean with name 'openApiStartupValidator' defined in org.namewta.common.openapi.config.OpenApiAutoConfiguration: openapi.max-body-size 必须为正数且在JVM数组范围内
12:45:07.300 [main] WARN org.springframework.context.annotation.AnnotationConfigApplicationContext -- Exception encountered during context initialization - cancelling refresh attempt: org.springframework.beans.factory.BeanCreationException: Error creating bean with name 'openApiStartupValidator' defined in org.namewta.common.openapi.config.OpenApiAutoConfiguration: openapi.max-body-size 必须为正数且在JVM数组范围内
12:45:07.316 [main] WARN org.springframework.context.annotation.AnnotationConfigApplicationContext -- Exception encountered during context initialization - cancelling refresh attempt: org.springframework.beans.factory.BeanCreationException: Error creating bean with name 'openApiStartupValidator' defined in org.namewta.common.openapi.config.OpenApiAutoConfiguration: openapi.max-body-size 必须为正数且在JVM数组范围内
12:45:07.327 [main] WARN org.springframework.context.annotation.AnnotationConfigApplicationContext -- Exception encountered during context initialization - cancelling refresh attempt: org.springframework.beans.factory.UnsatisfiedDependencyException: Error creating bean with name 'openApiStartupValidator' defined in org.namewta.common.openapi.config.OpenApiAutoConfiguration: Unsatisfied dependency expressed through method 'openApiStartupValidator' parameter 0: Error creating bean with name 'openapi-org.namewta.common.openapi.config.properties.OpenApiProperties': Could not bind properties to 'OpenApiProperties' : prefix=openapi, ignoreInvalidFields=false, ignoreUnknownFields=true
12:45:07.345 [main] WARN org.springframework.context.annotation.AnnotationConfigApplicationContext -- Exception encountered during context initialization - cancelling refresh attempt: org.springframework.beans.factory.UnsatisfiedDependencyException: Error creating bean with name 'openApiGatewayFilterRegistration' defined in org.namewta.common.openapi.config.OpenApiAutoConfiguration: Unsatisfied dependency expressed through method 'openApiGatewayFilterRegistration' parameter 2: No qualifying bean of type 'org.namewta.common.openapi.spi.OpenApiCredentialResolver' available: expected single matching bean but found 2: openApiCredentialResolver,secondCredentialResolver
[INFO] Tests run: 9, Failures: 0, Errors: 0, Skipped: 0, Time elapsed: 1.746 s -- in org.namewta.test.openapi.assembly.OpenApiAssemblyContextTest
[INFO] Running org.namewta.test.openapi.gateway.OpenApiGatewayE2ETest
12:45:07.425 [main] INFO org.springframework.mock.web.MockServletContext -- Initializing Spring TestDispatcherServlet ''
12:45:07.425 [main] INFO org.springframework.test.web.servlet.TestDispatcherServlet -- Initializing Servlet ''
12:45:07.426 [main] INFO org.springframework.test.web.servlet.TestDispatcherServlet -- Completed initialization in 1 ms
12:45:07.480 [main] INFO org.springframework.mock.web.MockServletContext -- Initializing Spring TestDispatcherServlet ''
12:45:07.480 [main] INFO org.springframework.test.web.servlet.TestDispatcherServlet -- Initializing Servlet ''
12:45:07.481 [main] INFO org.springframework.test.web.servlet.TestDispatcherServlet -- Completed initialization in 1 ms
12:45:07.531 [main] INFO org.springframework.mock.web.MockServletContext -- Initializing Spring TestDispatcherServlet ''
12:45:07.531 [main] INFO org.springframework.test.web.servlet.TestDispatcherServlet -- Initializing Servlet ''
12:45:07.532 [main] INFO org.springframework.test.web.servlet.TestDispatcherServlet -- Completed initialization in 1 ms
12:45:07.564 [main] INFO org.springframework.mock.web.MockServletContext -- Initializing Spring TestDispatcherServlet ''
12:45:07.564 [main] INFO org.springframework.test.web.servlet.TestDispatcherServlet -- Initializing Servlet ''
12:45:07.564 [main] INFO org.springframework.test.web.servlet.TestDispatcherServlet -- Completed initialization in 0 ms
12:45:07.601 [main] INFO org.springframework.mock.web.MockServletContext -- Initializing Spring TestDispatcherServlet ''
12:45:07.601 [main] INFO org.springframework.test.web.servlet.TestDispatcherServlet -- Initializing Servlet ''
12:45:07.602 [main] INFO org.springframework.test.web.servlet.TestDispatcherServlet -- Completed initialization in 1 ms
12:45:07.783 [main] INFO org.springframework.mock.web.MockServletContext -- Initializing Spring TestDispatcherServlet ''
12:45:07.783 [main] INFO org.springframework.test.web.servlet.TestDispatcherServlet -- Initializing Servlet ''
12:45:07.784 [main] INFO org.springframework.test.web.servlet.TestDispatcherServlet -- Completed initialization in 1 ms
12:45:07.879 [main] INFO org.springframework.mock.web.MockServletContext -- Initializing Spring TestDispatcherServlet ''
12:45:07.879 [main] INFO org.springframework.test.web.servlet.TestDispatcherServlet -- Initializing Servlet ''
12:45:07.880 [main] INFO org.springframework.test.web.servlet.TestDispatcherServlet -- Completed initialization in 1 ms
[INFO] Tests run: 7, Failures: 0, Errors: 0, Skipped: 0, Time elapsed: 0.522 s -- in org.namewta.test.openapi.gateway.OpenApiGatewayE2ETest
[INFO] Running org.namewta.test.openapi.invalidation.IdentityOpenApiSessionInvalidationTest
[INFO] Tests run: 6, Failures: 0, Errors: 0, Skipped: 0, Time elapsed: 1.204 s -- in org.namewta.test.openapi.invalidation.IdentityOpenApiSessionInvalidationTest
[INFO] Running org.namewta.test.openapi.invalidation.RbacOpenApiSessionInvalidationTest
[INFO] Tests run: 5, Failures: 0, Errors: 0, Skipped: 0, Time elapsed: 0.675 s -- in org.namewta.test.openapi.invalidation.RbacOpenApiSessionInvalidationTest
[INFO] Running org.namewta.test.openapi.catalog.SystemOpenApiCatalogTest
12:45:10.222 [main] INFO org.springframework.mock.web.MockServletContext -- Initializing Spring TestDispatcherServlet ''
12:45:10.222 [main] INFO org.springframework.test.web.servlet.TestDispatcherServlet -- Initializing Servlet ''
12:45:10.222 [main] INFO org.springframework.test.web.servlet.TestDispatcherServlet -- Completed initialization in 0 ms
[INFO] Tests run: 2, Failures: 0, Errors: 0, Skipped: 0, Time elapsed: 0.413 s -- in org.namewta.test.openapi.catalog.SystemOpenApiCatalogTest
[INFO] Running org.namewta.test.cache.invalidation.ClusterCacheInvalidationCoordinatorUnitTest
[INFO] Tests run: 4, Failures: 0, Errors: 0, Skipped: 0, Time elapsed: 0.006 s -- in org.namewta.test.cache.invalidation.ClusterCacheInvalidationCoordinatorUnitTest
[INFO] Running org.namewta.test.cache.invalidation.ClusterCacheInvalidationRedisIntegrationTest
[WARNING] Tests run: 2, Failures: 0, Errors: 0, Skipped: 2, Time elapsed: 0.007 s -- in org.namewta.test.cache.invalidation.ClusterCacheInvalidationRedisIntegrationTest
[INFO] Running org.namewta.test.workflow.WorkflowTaskEngineIntegrationTest
[WARNING] Tests run: 1, Failures: 0, Errors: 0, Skipped: 1, Time elapsed: 0 s -- in org.namewta.test.workflow.WorkflowTaskEngineIntegrationTest
[INFO] Running org.namewta.test.third.schema.ThirdSchemaContractTest
[INFO] Tests run: 1, Failures: 0, Errors: 0, Skipped: 0, Time elapsed: 0.245 s -- in org.namewta.test.third.schema.ThirdSchemaContractTest
[INFO] Running org.namewta.test.third.schema.ThirdSchemaMySqlIntegrationTest
[WARNING] Tests run: 1, Failures: 0, Errors: 0, Skipped: 1, Time elapsed: 0.003 s -- in org.namewta.test.third.schema.ThirdSchemaMySqlIntegrationTest
[INFO] Running org.namewta.test.third.ThirdLimitConfigurationIntegrationTest
[WARNING] Tests run: 1, Failures: 0, Errors: 0, Skipped: 1, Time elapsed: 0 s -- in org.namewta.test.third.ThirdLimitConfigurationIntegrationTest
[INFO] Running org.namewta.test.third.ThirdResilienceRecoveryIntegrationTest
[WARNING] Tests run: 11, Failures: 0, Errors: 0, Skipped: 11, Time elapsed: 0.036 s -- in org.namewta.test.third.ThirdResilienceRecoveryIntegrationTest
[INFO] Running org.namewta.test.controller.IndexControllerUnitTest
[INFO] Tests run: 1, Failures: 0, Errors: 0, Skipped: 0, Time elapsed: 0.077 s -- in org.namewta.test.controller.IndexControllerUnitTest
[INFO] Running org.namewta.test.sso.SsoCorsProfileBindingTest
12:45:10.932 [main] WARN org.springframework.context.annotation.AnnotationConfigApplicationContext -- Exception encountered during context initialization - cancelling refresh attempt: org.springframework.beans.factory.BeanCreationException: Error creating bean with name 'corsFilter' defined in org.namewta.common.web.config.ResourcesConfig: Failed to instantiate [org.springframework.web.filter.CorsFilter]: Factory method 'corsFilter' threw exception with message: CORS requires exact HTTP(S) origins without wildcards
[INFO] Tests run: 4, Failures: 0, Errors: 0, Skipped: 0, Time elapsed: 0.371 s -- in org.namewta.test.sso.SsoCorsProfileBindingTest
[INFO] Running org.namewta.test.sso.SsoHttpsSessionIntegrationTest
[WARNING] Tests run: 1, Failures: 0, Errors: 0, Skipped: 1, Time elapsed: 0.001 s -- in org.namewta.test.sso.SsoHttpsSessionIntegrationTest
[INFO] Running org.namewta.test.system.service.SysClientDefaultRoleResolverServiceImplUnitTest
[INFO] Tests run: 6, Failures: 0, Errors: 0, Skipped: 0, Time elapsed: 0.012 s -- in org.namewta.test.system.service.SysClientDefaultRoleResolverServiceImplUnitTest
[INFO] Running org.namewta.test.config.LocalConfigurationUnitTest
12:45:11.070 [main] WARN org.springframework.context.annotation.AnnotationConfigApplicationContext -- Exception encountered during context initialization - cancelling refresh attempt: org.springframework.beans.factory.BeanCreationException: Error creating bean with name 'credentials' defined in org.namewta.test.config.LocalConfigurationUnitTest$CredentialProbe: Failed to instantiate [org.namewta.test.config.LocalConfigurationUnitTest$Credentials]: Factory method 'credentials' threw exception with message: Could not resolve placeholder 'DB_PASSWORD' in value "${DB_PASSWORD}"
12:45:11.088 [main] WARN org.springframework.context.annotation.AnnotationConfigApplicationContext -- Exception encountered during context initialization - cancelling refresh attempt: org.springframework.beans.factory.BeanCreationException: Error creating bean with name 'credentials' defined in org.namewta.test.config.LocalConfigurationUnitTest$CredentialProbe: Failed to instantiate [org.namewta.test.config.LocalConfigurationUnitTest$Credentials]: Factory method 'credentials' threw exception with message: Could not resolve placeholder 'REDIS_PASSWORD' in value "${REDIS_PASSWORD}"
[INFO] Tests run: 3, Failures: 0, Errors: 0, Skipped: 0, Time elapsed: 0.040 s -- in org.namewta.test.config.LocalConfigurationUnitTest
[INFO] Running org.namewta.test.airetirement.AiRetirementMySqlIntegrationTest
[WARNING] Tests run: 1, Failures: 0, Errors: 0, Skipped: 1, Time elapsed: 0.001 s -- in org.namewta.test.airetirement.AiRetirementMySqlIntegrationTest
[INFO] 
[INFO] Results:
[INFO] 
[INFO] Tests run: 615, Failures: 0, Errors: 0, Skipped: 199
[INFO] 
[INFO] 
[INFO] ---------------------< org.namewta:wta-common-bom >---------------------
[INFO] Building wta-common-bom 6.0.0                                    [45/49]
[INFO]   from wta-common/wta-common-bom/pom.xml
[INFO] --------------------------------[ pom ]---------------------------------
[INFO] 
[INFO] -----------------------< org.namewta:wta-extend >-----------------------
[INFO] Building wta-extend 6.0.0                                        [46/49]
[INFO]   from wta-extend/pom.xml
[INFO] --------------------------------[ pom ]---------------------------------
[INFO] 
[INFO] --- flatten:1.7.3:flatten (flatten) @ wta-extend ---
[INFO] Generating flattened POM of project org.namewta:wta-extend:pom:6.0.0...
[INFO] 
[INFO] -------------------< org.namewta:wta-monitor-admin >--------------------
[INFO] Building wta-monitor-admin 6.0.0                                 [47/49]
[INFO]   from wta-extend/wta-monitor-admin/pom.xml
[INFO] --------------------------------[ jar ]---------------------------------
[INFO] 
[INFO] --- resources:3.3.1:resources (default-resources) @ wta-monitor-admin ---
[INFO] Copying 3 resources from src/main/resources to target/classes
[INFO] Copying 2 resources from src/main/resources to target/classes
[INFO] 
[INFO] --- flatten:1.7.3:flatten (flatten) @ wta-monitor-admin ---
[INFO] Generating flattened POM of project org.namewta:wta-monitor-admin:jar:6.0.0...
[INFO] 
[INFO] --- compiler:3.15.0:compile (default-compile) @ wta-monitor-admin ---
[INFO] Nothing to compile - all classes are up to date.
[INFO] 
[INFO] --- resources:3.3.1:testResources (default-testResources) @ wta-monitor-admin ---
[INFO] skip non existing resourceDirectory /srv/WTA-plus/backend/wta-extend/wta-monitor-admin/src/test/resources
[INFO] 
[INFO] --- compiler:3.15.0:testCompile (default-testCompile) @ wta-monitor-admin ---
[INFO] No sources to compile
[INFO] 
[INFO] --- surefire:3.5.5:test (default-test) @ wta-monitor-admin ---
[INFO] No tests to run.
[INFO] 
[INFO] ------------------< org.namewta:wta-snailjob-server >-------------------
[INFO] Building wta-snailjob-server 6.0.0                               [48/49]
[INFO]   from wta-extend/wta-snailjob-server/pom.xml
[INFO] --------------------------------[ jar ]---------------------------------
[INFO] 
[INFO] --- resources:3.3.1:resources (default-resources) @ wta-snailjob-server ---
[INFO] Copying 5 resources from src/main/resources to target/classes
[INFO] Copying 4 resources from src/main/resources to target/classes
[INFO] 
[INFO] --- flatten:1.7.3:flatten (flatten) @ wta-snailjob-server ---
[INFO] Generating flattened POM of project org.namewta:wta-snailjob-server:jar:6.0.0...
[INFO] 
[INFO] --- compiler:3.15.0:compile (default-compile) @ wta-snailjob-server ---
[INFO] Nothing to compile - all classes are up to date.
[INFO] 
[INFO] --- resources:3.3.1:testResources (default-testResources) @ wta-snailjob-server ---
[INFO] skip non existing resourceDirectory /srv/WTA-plus/backend/wta-extend/wta-snailjob-server/src/test/resources
[INFO] 
[INFO] --- compiler:3.15.0:testCompile (default-testCompile) @ wta-snailjob-server ---
[INFO] No sources to compile
[INFO] 
[INFO] --- surefire:3.5.5:test (default-test) @ wta-snailjob-server ---
[INFO] No tests to run.
[INFO] 
[INFO] --------------------< org.namewta:wta-profile-bom >---------------------
[INFO] Building wta-profile-bom 6.0.0                                   [49/49]
[INFO]   from wta-modules/wta-profile/wta-profile-bom/pom.xml
[INFO] --------------------------------[ pom ]---------------------------------
[INFO] ------------------------------------------------------------------------
[INFO] Reactor Summary for WTA-Plus 6.0.0:
[INFO] 
[INFO] WTA-Plus ........................................... SUCCESS [  0.338 s]
[INFO] wta-common ......................................... SUCCESS [  0.121 s]
[INFO] wta-common-core .................................... SUCCESS [  1.968 s]
[INFO] wta-common-doc ..................................... SUCCESS [  0.276 s]
[INFO] wta-common-json .................................... SUCCESS [  1.011 s]
[INFO] wta-common-redis ................................... SUCCESS [  1.119 s]
[INFO] wta-common-social .................................. SUCCESS [  0.086 s]
[INFO] wta-common-nacos ................................... SUCCESS [  1.434 s]
[INFO] wta-common-notify .................................. SUCCESS [  0.057 s]
[INFO] wta-common-mail .................................... SUCCESS [  0.092 s]
[INFO] wta-common-mcp ..................................... SUCCESS [  0.132 s]
[INFO] wta-api ............................................ SUCCESS [  0.072 s]
[INFO] wta-common-satoken ................................. SUCCESS [  0.114 s]
[INFO] wta-common-openapi ................................. SUCCESS [  4.814 s]
[INFO] wta-common-mybatis ................................. SUCCESS [  0.314 s]
[INFO] wta-common-translation ............................. SUCCESS [  0.062 s]
[INFO] wta-common-oss ..................................... SUCCESS [  0.147 s]
[INFO] wta-common-log ..................................... SUCCESS [  1.140 s]
[INFO] wta-common-excel ................................... SUCCESS [  0.127 s]
[INFO] wta-common-sms ..................................... SUCCESS [  6.605 s]
[INFO] wta-common-security ................................ SUCCESS [  0.046 s]
[INFO] wta-common-web ..................................... SUCCESS [  3.331 s]
[INFO] wta-common-sensitive ............................... SUCCESS [  0.043 s]
[INFO] wta-common-encrypt ................................. SUCCESS [  0.061 s]
[INFO] wta-common-push .................................... SUCCESS [  0.756 s]
[INFO] wta-modules ........................................ SUCCESS [  0.033 s]
[INFO] wta-system ......................................... SUCCESS [  4.877 s]
[INFO] wta-third .......................................... SUCCESS [  0.983 s]
[INFO] wta-notify ......................................... SUCCESS [  7.195 s]
[INFO] wta-sso ............................................ SUCCESS [  1.618 s]
[INFO] wta-common-job ..................................... SUCCESS [  0.115 s]
[INFO] wta-job ............................................ SUCCESS [  0.047 s]
[INFO] wta-common-ai ...................................... SUCCESS [  0.050 s]
[INFO] wta-ai ............................................. SUCCESS [  0.046 s]
[INFO] wta-common-richtext ................................ SUCCESS [  0.896 s]
[INFO] wta-common-elasticsearch ........................... SUCCESS [  0.091 s]
[INFO] wta-common-mqtt .................................... SUCCESS [  0.055 s]
[INFO] wta-demo ........................................... SUCCESS [  1.289 s]
[INFO] wta-common-liteflow ................................ SUCCESS [  0.094 s]
[INFO] wta-workflow ....................................... SUCCESS [  0.139 s]
[INFO] wta-profile ........................................ SUCCESS [  0.024 s]
[INFO] wta-profile-person ................................. SUCCESS [ 12.645 s]
[INFO] wta-profile-enterprise ............................. SUCCESS [ 13.284 s]
[INFO] wta-admin .......................................... SUCCESS [01:11 min]
[INFO] wta-common-bom ..................................... SUCCESS [  0.001 s]
[INFO] wta-extend ......................................... SUCCESS [  0.081 s]
[INFO] wta-monitor-admin .................................. SUCCESS [  0.299 s]
[INFO] wta-snailjob-server ................................ SUCCESS [  1.044 s]
[INFO] wta-profile-bom .................................... SUCCESS [  0.001 s]
[INFO] ------------------------------------------------------------------------
[INFO] BUILD SUCCESS
[INFO] ------------------------------------------------------------------------
[INFO] Total time:  02:21 min
[INFO] Finished at: 2026-09-23T12:45:12-04:00
[INFO] ------------------------------------------------------------------------
