[INFO] Scanning for projects...
[INFO] ------------------------------------------------------------------------
[INFO] Reactor Build Order:
[INFO] 
[INFO] WTA-Plus                                                           [pom]
[INFO] wta-common                                                         [pom]
[INFO] wta-common-core                                                    [jar]
[INFO] wta-common-doc                                                     [jar]
[INFO] wta-common-json                                                    [jar]
[INFO] wta-common-redis                                                   [jar]
[INFO] wta-common-social                                                  [jar]
[INFO] wta-common-nacos                                                   [jar]
[INFO] wta-common-notify                                                  [jar]
[INFO] wta-common-mail                                                    [jar]
[INFO] wta-common-mcp                                                     [jar]
[INFO] wta-api                                                            [jar]
[INFO] wta-common-satoken                                                 [jar]
[INFO] wta-common-openapi                                                 [jar]
[INFO] wta-common-mybatis                                                 [jar]
[INFO] wta-common-translation                                             [jar]
[INFO] wta-common-oss                                                     [jar]
[INFO] wta-common-log                                                     [jar]
[INFO] wta-common-excel                                                   [jar]
[INFO] wta-common-sms                                                     [jar]
[INFO] wta-common-security                                                [jar]
[INFO] wta-common-web                                                     [jar]
[INFO] wta-common-sensitive                                               [jar]
[INFO] wta-common-encrypt                                                 [jar]
[INFO] wta-common-push                                                    [jar]
[INFO] wta-modules                                                        [pom]
[INFO] wta-system                                                         [jar]
[INFO] wta-third                                                          [jar]
[INFO] wta-notify                                                         [jar]
[INFO] wta-sso                                                            [jar]
[INFO] wta-common-job                                                     [jar]
[INFO] wta-job                                                            [jar]
[INFO] wta-common-ai                                                      [jar]
[INFO] wta-ai                                                             [jar]
[INFO] wta-common-richtext                                                [jar]
[INFO] wta-common-elasticsearch                                           [jar]
[INFO] wta-common-mqtt                                                    [jar]
[INFO] wta-demo                                                           [jar]
[INFO] wta-common-liteflow                                                [jar]
[INFO] wta-workflow                                                       [jar]
[INFO] wta-profile                                                        [pom]
[INFO] wta-profile-person                                                 [jar]
[INFO] wta-profile-enterprise                                             [jar]
[INFO] wta-admin                                                          [jar]
[INFO] 
[INFO] ----------------------< org.namewta:wta-vue-plus >----------------------
[INFO] Building WTA-Plus 6.0.0                                           [1/44]
[INFO]   from pom.xml
[INFO] --------------------------------[ pom ]---------------------------------
[INFO] 
[INFO] --- flatten:1.7.3:flatten (flatten) @ wta-vue-plus ---
[INFO] Generating flattened POM of project org.namewta:wta-vue-plus:pom:6.0.0...
[INFO] 
[INFO] -----------------------< org.namewta:wta-common >-----------------------
[INFO] Building wta-common 6.0.0                                         [2/44]
[INFO]   from wta-common/pom.xml
[INFO] --------------------------------[ pom ]---------------------------------
[INFO] 
[INFO] --- flatten:1.7.3:flatten (flatten) @ wta-common ---
[INFO] Generating flattened POM of project org.namewta:wta-common:pom:6.0.0...
[INFO] 
[INFO] --------------------< org.namewta:wta-common-core >---------------------
[INFO] Building wta-common-core 6.0.0                                    [3/44]
[INFO]   from wta-common/wta-common-core/pom.xml
[INFO] --------------------------------[ jar ]---------------------------------
[INFO] 
[INFO] --- resources:3.3.1:resources (default-resources) @ wta-common-core ---
[INFO] Copying 1 resource from src/main/resources to target/classes
[INFO] Copying 0 resource from src/main/resources to target/classes
[INFO] 
[INFO] --- flatten:1.7.3:flatten (flatten) @ wta-common-core ---
[INFO] Generating flattened POM of project org.namewta:wta-common-core:jar:6.0.0...
[INFO] 
[INFO] --- compiler:3.15.0:compile (default-compile) @ wta-common-core ---
[INFO] Nothing to compile - all classes are up to date.
[INFO] 
[INFO] --- resources:3.3.1:testResources (default-testResources) @ wta-common-core ---
[INFO] skip non existing resourceDirectory /srv/WTA-plus/backend/wta-common/wta-common-core/src/test/resources
[INFO] 
[INFO] --- compiler:3.15.0:testCompile (default-testCompile) @ wta-common-core ---
[INFO] Nothing to compile - all classes are up to date.
[INFO] 
[INFO] --- surefire:3.5.5:test (default-test) @ wta-common-core ---
[INFO] 
[INFO] ---------------------< org.namewta:wta-common-doc >---------------------
[INFO] Building wta-common-doc 6.0.0                                     [4/44]
[INFO]   from wta-common/wta-common-doc/pom.xml
[INFO] --------------------------------[ jar ]---------------------------------
[INFO] 
[INFO] --- resources:3.3.1:resources (default-resources) @ wta-common-doc ---
[INFO] Copying 1 resource from src/main/resources to target/classes
[INFO] Copying 0 resource from src/main/resources to target/classes
[INFO] 
[INFO] --- flatten:1.7.3:flatten (flatten) @ wta-common-doc ---
[INFO] Generating flattened POM of project org.namewta:wta-common-doc:jar:6.0.0...
[INFO] 
[INFO] --- compiler:3.15.0:compile (default-compile) @ wta-common-doc ---
[INFO] Nothing to compile - all classes are up to date.
[INFO] 
[INFO] --- resources:3.3.1:testResources (default-testResources) @ wta-common-doc ---
[INFO] skip non existing resourceDirectory /srv/WTA-plus/backend/wta-common/wta-common-doc/src/test/resources
[INFO] 
[INFO] --- compiler:3.15.0:testCompile (default-testCompile) @ wta-common-doc ---
[INFO] No sources to compile
[INFO] 
[INFO] --- surefire:3.5.5:test (default-test) @ wta-common-doc ---
[INFO] No tests to run.
[INFO] 
[INFO] --------------------< org.namewta:wta-common-json >---------------------
[INFO] Building wta-common-json 6.0.0                                    [5/44]
[INFO]   from wta-common/wta-common-json/pom.xml
[INFO] --------------------------------[ jar ]---------------------------------
[INFO] 
[INFO] --- resources:3.3.1:resources (default-resources) @ wta-common-json ---
[INFO] Copying 1 resource from src/main/resources to target/classes
[INFO] Copying 0 resource from src/main/resources to target/classes
[INFO] 
[INFO] --- flatten:1.7.3:flatten (flatten) @ wta-common-json ---
[INFO] Generating flattened POM of project org.namewta:wta-common-json:jar:6.0.0...
[INFO] 
[INFO] --- compiler:3.15.0:compile (default-compile) @ wta-common-json ---
[INFO] Nothing to compile - all classes are up to date.
[INFO] 
[INFO] --- resources:3.3.1:testResources (default-testResources) @ wta-common-json ---
[INFO] skip non existing resourceDirectory /srv/WTA-plus/backend/wta-common/wta-common-json/src/test/resources
[INFO] 
[INFO] --- compiler:3.15.0:testCompile (default-testCompile) @ wta-common-json ---
[INFO] Nothing to compile - all classes are up to date.
[INFO] 
[INFO] --- surefire:3.5.5:test (default-test) @ wta-common-json ---
[INFO] 
[INFO] --------------------< org.namewta:wta-common-redis >--------------------
[INFO] Building wta-common-redis 6.0.0                                   [6/44]
[INFO]   from wta-common/wta-common-redis/pom.xml
[INFO] --------------------------------[ jar ]---------------------------------
[INFO] 
[INFO] --- resources:3.3.1:resources (default-resources) @ wta-common-redis ---
[INFO] Copying 2 resources from src/main/resources to target/classes
[INFO] Copying 0 resource from src/main/resources to target/classes
[INFO] 
[INFO] --- flatten:1.7.3:flatten (flatten) @ wta-common-redis ---
[INFO] Generating flattened POM of project org.namewta:wta-common-redis:jar:6.0.0...
[INFO] 
[INFO] --- compiler:3.15.0:compile (default-compile) @ wta-common-redis ---
[INFO] Nothing to compile - all classes are up to date.
[INFO] 
[INFO] --- resources:3.3.1:testResources (default-testResources) @ wta-common-redis ---
[INFO] skip non existing resourceDirectory /srv/WTA-plus/backend/wta-common/wta-common-redis/src/test/resources
[INFO] 
[INFO] --- compiler:3.15.0:testCompile (default-testCompile) @ wta-common-redis ---
[INFO] Nothing to compile - all classes are up to date.
[INFO] 
[INFO] --- surefire:3.5.5:test (default-test) @ wta-common-redis ---
[INFO] 
[INFO] -------------------< org.namewta:wta-common-social >--------------------
[INFO] Building wta-common-social 6.0.0                                  [7/44]
[INFO]   from wta-common/wta-common-social/pom.xml
[INFO] --------------------------------[ jar ]---------------------------------
[INFO] 
[INFO] --- resources:3.3.1:resources (default-resources) @ wta-common-social ---
[INFO] Copying 1 resource from src/main/resources to target/classes
[INFO] Copying 0 resource from src/main/resources to target/classes
[INFO] 
[INFO] --- flatten:1.7.3:flatten (flatten) @ wta-common-social ---
[INFO] Generating flattened POM of project org.namewta:wta-common-social:jar:6.0.0...
[INFO] 
[INFO] --- compiler:3.15.0:compile (default-compile) @ wta-common-social ---
[INFO] Nothing to compile - all classes are up to date.
[INFO] 
[INFO] --- resources:3.3.1:testResources (default-testResources) @ wta-common-social ---
[INFO] skip non existing resourceDirectory /srv/WTA-plus/backend/wta-common/wta-common-social/src/test/resources
[INFO] 
[INFO] --- compiler:3.15.0:testCompile (default-testCompile) @ wta-common-social ---
[INFO] No sources to compile
[INFO] 
[INFO] --- surefire:3.5.5:test (default-test) @ wta-common-social ---
[INFO] No tests to run.
[INFO] 
[INFO] --------------------< org.namewta:wta-common-nacos >--------------------
[INFO] Building wta-common-nacos 6.0.0                                   [8/44]
[INFO]   from wta-common/wta-common-nacos/pom.xml
[INFO] --------------------------------[ jar ]---------------------------------
[INFO] 
[INFO] --- resources:3.3.1:resources (default-resources) @ wta-common-nacos ---
[INFO] Copying 2 resources from src/main/resources to target/classes
[INFO] Copying 0 resource from src/main/resources to target/classes
[INFO] 
[INFO] --- flatten:1.7.3:flatten (flatten) @ wta-common-nacos ---
[INFO] Generating flattened POM of project org.namewta:wta-common-nacos:jar:6.0.0...
[INFO] 
[INFO] --- compiler:3.15.0:compile (default-compile) @ wta-common-nacos ---
[INFO] Nothing to compile - all classes are up to date.
[INFO] 
[INFO] --- resources:3.3.1:testResources (default-testResources) @ wta-common-nacos ---
[INFO] skip non existing resourceDirectory /srv/WTA-plus/backend/wta-common/wta-common-nacos/src/test/resources
[INFO] 
[INFO] --- compiler:3.15.0:testCompile (default-testCompile) @ wta-common-nacos ---
[INFO] Nothing to compile - all classes are up to date.
[INFO] 
[INFO] --- surefire:3.5.5:test (default-test) @ wta-common-nacos ---
[INFO] 
[INFO] -------------------< org.namewta:wta-common-notify >--------------------
[INFO] Building wta-common-notify 6.0.0                                  [9/44]
[INFO]   from wta-common/wta-common-notify/pom.xml
[INFO] --------------------------------[ jar ]---------------------------------
[INFO] 
[INFO] --- resources:3.3.1:resources (default-resources) @ wta-common-notify ---
[INFO] Copying 1 resource from src/main/resources to target/classes
[INFO] Copying 0 resource from src/main/resources to target/classes
[INFO] 
[INFO] --- flatten:1.7.3:flatten (flatten) @ wta-common-notify ---
[INFO] Generating flattened POM of project org.namewta:wta-common-notify:jar:6.0.0...
[INFO] 
[INFO] --- compiler:3.15.0:compile (default-compile) @ wta-common-notify ---
[INFO] Nothing to compile - all classes are up to date.
[INFO] 
[INFO] --- resources:3.3.1:testResources (default-testResources) @ wta-common-notify ---
[INFO] skip non existing resourceDirectory /srv/WTA-plus/backend/wta-common/wta-common-notify/src/test/resources
[INFO] 
[INFO] --- compiler:3.15.0:testCompile (default-testCompile) @ wta-common-notify ---
[INFO] No sources to compile
[INFO] 
[INFO] --- surefire:3.5.5:test (default-test) @ wta-common-notify ---
[INFO] No tests to run.
[INFO] 
[INFO] --------------------< org.namewta:wta-common-mail >---------------------
[INFO] Building wta-common-mail 6.0.0                                   [10/44]
[INFO]   from wta-common/wta-common-mail/pom.xml
[INFO] --------------------------------[ jar ]---------------------------------
[INFO] 
[INFO] --- resources:3.3.1:resources (default-resources) @ wta-common-mail ---
[INFO] Copying 1 resource from src/main/resources to target/classes
[INFO] Copying 0 resource from src/main/resources to target/classes
[INFO] 
[INFO] --- flatten:1.7.3:flatten (flatten) @ wta-common-mail ---
[INFO] Generating flattened POM of project org.namewta:wta-common-mail:jar:6.0.0...
[INFO] 
[INFO] --- compiler:3.15.0:compile (default-compile) @ wta-common-mail ---
[INFO] Nothing to compile - all classes are up to date.
[INFO] 
[INFO] --- resources:3.3.1:testResources (default-testResources) @ wta-common-mail ---
[INFO] skip non existing resourceDirectory /srv/WTA-plus/backend/wta-common/wta-common-mail/src/test/resources
[INFO] 
[INFO] --- compiler:3.15.0:testCompile (default-testCompile) @ wta-common-mail ---
[INFO] No sources to compile
[INFO] 
[INFO] --- surefire:3.5.5:test (default-test) @ wta-common-mail ---
[INFO] No tests to run.
[INFO] 
[INFO] ---------------------< org.namewta:wta-common-mcp >---------------------
[INFO] Building wta-common-mcp 6.0.0                                    [11/44]
[INFO]   from wta-common/wta-common-mcp/pom.xml
[INFO] --------------------------------[ jar ]---------------------------------
[INFO] 
[INFO] --- resources:3.3.1:resources (default-resources) @ wta-common-mcp ---
[INFO] Copying 1 resource from src/main/resources to target/classes
[INFO] Copying 0 resource from src/main/resources to target/classes
[INFO] 
[INFO] --- flatten:1.7.3:flatten (flatten) @ wta-common-mcp ---
[INFO] Generating flattened POM of project org.namewta:wta-common-mcp:jar:6.0.0...
[INFO] 
[INFO] --- compiler:3.15.0:compile (default-compile) @ wta-common-mcp ---
[INFO] Nothing to compile - all classes are up to date.
[INFO] 
[INFO] --- resources:3.3.1:testResources (default-testResources) @ wta-common-mcp ---
[INFO] skip non existing resourceDirectory /srv/WTA-plus/backend/wta-common/wta-common-mcp/src/test/resources
[INFO] 
[INFO] --- compiler:3.15.0:testCompile (default-testCompile) @ wta-common-mcp ---
[INFO] No sources to compile
[INFO] 
[INFO] --- surefire:3.5.5:test (default-test) @ wta-common-mcp ---
[INFO] No tests to run.
[INFO] 
[INFO] ------------------------< org.namewta:wta-api >-------------------------
[INFO] Building wta-api 6.0.0                                           [12/44]
[INFO]   from wta-api/pom.xml
[INFO] --------------------------------[ jar ]---------------------------------
[INFO] 
[INFO] --- resources:3.3.1:resources (default-resources) @ wta-api ---
[INFO] skip non existing resourceDirectory /srv/WTA-plus/backend/wta-api/src/main/resources
[INFO] skip non existing resourceDirectory /srv/WTA-plus/backend/wta-api/src/main/resources
[INFO] 
[INFO] --- flatten:1.7.3:flatten (flatten) @ wta-api ---
[INFO] Generating flattened POM of project org.namewta:wta-api:jar:6.0.0...
[INFO] 
[INFO] --- compiler:3.15.0:compile (default-compile) @ wta-api ---
[INFO] Nothing to compile - all classes are up to date.
[INFO] 
[INFO] --- resources:3.3.1:testResources (default-testResources) @ wta-api ---
[INFO] skip non existing resourceDirectory /srv/WTA-plus/backend/wta-api/src/test/resources
[INFO] 
[INFO] --- compiler:3.15.0:testCompile (default-testCompile) @ wta-api ---
[INFO] No sources to compile
[INFO] 
[INFO] --- surefire:3.5.5:test (default-test) @ wta-api ---
[INFO] No tests to run.
[INFO] 
[INFO] -------------------< org.namewta:wta-common-satoken >-------------------
[INFO] Building wta-common-satoken 6.0.0                                [13/44]
[INFO]   from wta-common/wta-common-satoken/pom.xml
[INFO] --------------------------------[ jar ]---------------------------------
[INFO] 
[INFO] --- resources:3.3.1:resources (default-resources) @ wta-common-satoken ---
[INFO] Copying 2 resources from src/main/resources to target/classes
[INFO] Copying 0 resource from src/main/resources to target/classes
[INFO] 
[INFO] --- flatten:1.7.3:flatten (flatten) @ wta-common-satoken ---
[INFO] Generating flattened POM of project org.namewta:wta-common-satoken:jar:6.0.0...
[INFO] 
[INFO] --- compiler:3.15.0:compile (default-compile) @ wta-common-satoken ---
[INFO] Nothing to compile - all classes are up to date.
[INFO] 
[INFO] --- resources:3.3.1:testResources (default-testResources) @ wta-common-satoken ---
[INFO] skip non existing resourceDirectory /srv/WTA-plus/backend/wta-common/wta-common-satoken/src/test/resources
[INFO] 
[INFO] --- compiler:3.15.0:testCompile (default-testCompile) @ wta-common-satoken ---
[INFO] No sources to compile
[INFO] 
[INFO] --- surefire:3.5.5:test (default-test) @ wta-common-satoken ---
[INFO] No tests to run.
[INFO] 
[INFO] -------------------< org.namewta:wta-common-openapi >-------------------
[INFO] Building wta-common-openapi 6.0.0                                [14/44]
[INFO]   from wta-common/wta-common-openapi/pom.xml
[INFO] --------------------------------[ jar ]---------------------------------
[INFO] 
[INFO] --- resources:3.3.1:resources (default-resources) @ wta-common-openapi ---
[INFO] Copying 1 resource from src/main/resources to target/classes
[INFO] Copying 0 resource from src/main/resources to target/classes
[INFO] 
[INFO] --- flatten:1.7.3:flatten (flatten) @ wta-common-openapi ---
[INFO] Generating flattened POM of project org.namewta:wta-common-openapi:jar:6.0.0...
[INFO] 
[INFO] --- compiler:3.15.0:compile (default-compile) @ wta-common-openapi ---
[INFO] Nothing to compile - all classes are up to date.
[INFO] 
[INFO] --- resources:3.3.1:testResources (default-testResources) @ wta-common-openapi ---
[INFO] skip non existing resourceDirectory /srv/WTA-plus/backend/wta-common/wta-common-openapi/src/test/resources
[INFO] 
[INFO] --- compiler:3.15.0:testCompile (default-testCompile) @ wta-common-openapi ---
[INFO] Nothing to compile - all classes are up to date.
[INFO] 
[INFO] --- surefire:3.5.5:test (default-test) @ wta-common-openapi ---
[INFO] 
[INFO] -------------------< org.namewta:wta-common-mybatis >-------------------
[INFO] Building wta-common-mybatis 6.0.0                                [15/44]
[INFO]   from wta-common/wta-common-mybatis/pom.xml
[INFO] --------------------------------[ jar ]---------------------------------
[INFO] 
[INFO] --- resources:3.3.1:resources (default-resources) @ wta-common-mybatis ---
[INFO] Copying 2 resources from src/main/resources to target/classes
[INFO] Copying 0 resource from src/main/resources to target/classes
[INFO] 
[INFO] --- flatten:1.7.3:flatten (flatten) @ wta-common-mybatis ---
[INFO] Generating flattened POM of project org.namewta:wta-common-mybatis:jar:6.0.0...
[INFO] 
[INFO] --- compiler:3.15.0:compile (default-compile) @ wta-common-mybatis ---
[INFO] Nothing to compile - all classes are up to date.
[INFO] 
[INFO] --- resources:3.3.1:testResources (default-testResources) @ wta-common-mybatis ---
[INFO] skip non existing resourceDirectory /srv/WTA-plus/backend/wta-common/wta-common-mybatis/src/test/resources
[INFO] 
[INFO] --- compiler:3.15.0:testCompile (default-testCompile) @ wta-common-mybatis ---
[INFO] No sources to compile
[INFO] 
[INFO] --- surefire:3.5.5:test (default-test) @ wta-common-mybatis ---
[INFO] No tests to run.
[INFO] 
[INFO] -----------------< org.namewta:wta-common-translation >-----------------
[INFO] Building wta-common-translation 6.0.0                            [16/44]
[INFO]   from wta-common/wta-common-translation/pom.xml
[INFO] --------------------------------[ jar ]---------------------------------
[INFO] 
[INFO] --- resources:3.3.1:resources (default-resources) @ wta-common-translation ---
[INFO] Copying 1 resource from src/main/resources to target/classes
[INFO] Copying 0 resource from src/main/resources to target/classes
[INFO] 
[INFO] --- flatten:1.7.3:flatten (flatten) @ wta-common-translation ---
[INFO] Generating flattened POM of project org.namewta:wta-common-translation:jar:6.0.0...
[INFO] 
[INFO] --- compiler:3.15.0:compile (default-compile) @ wta-common-translation ---
[INFO] Nothing to compile - all classes are up to date.
[INFO] 
[INFO] --- resources:3.3.1:testResources (default-testResources) @ wta-common-translation ---
[INFO] skip non existing resourceDirectory /srv/WTA-plus/backend/wta-common/wta-common-translation/src/test/resources
[INFO] 
[INFO] --- compiler:3.15.0:testCompile (default-testCompile) @ wta-common-translation ---
[INFO] No sources to compile
[INFO] 
[INFO] --- surefire:3.5.5:test (default-test) @ wta-common-translation ---
[INFO] No tests to run.
[INFO] 
[INFO] ---------------------< org.namewta:wta-common-oss >---------------------
[INFO] Building wta-common-oss 6.0.0                                    [17/44]
[INFO]   from wta-common/wta-common-oss/pom.xml
[INFO] --------------------------------[ jar ]---------------------------------
[INFO] 
[INFO] --- resources:3.3.1:resources (default-resources) @ wta-common-oss ---
[INFO] skip non existing resourceDirectory /srv/WTA-plus/backend/wta-common/wta-common-oss/src/main/resources
[INFO] skip non existing resourceDirectory /srv/WTA-plus/backend/wta-common/wta-common-oss/src/main/resources
[INFO] 
[INFO] --- flatten:1.7.3:flatten (flatten) @ wta-common-oss ---
[INFO] Generating flattened POM of project org.namewta:wta-common-oss:jar:6.0.0...
[INFO] 
[INFO] --- compiler:3.15.0:compile (default-compile) @ wta-common-oss ---
[INFO] Nothing to compile - all classes are up to date.
[INFO] 
[INFO] --- resources:3.3.1:testResources (default-testResources) @ wta-common-oss ---
[INFO] skip non existing resourceDirectory /srv/WTA-plus/backend/wta-common/wta-common-oss/src/test/resources
[INFO] 
[INFO] --- compiler:3.15.0:testCompile (default-testCompile) @ wta-common-oss ---
[INFO] No sources to compile
[INFO] 
[INFO] --- surefire:3.5.5:test (default-test) @ wta-common-oss ---
[INFO] No tests to run.
[INFO] 
[INFO] ---------------------< org.namewta:wta-common-log >---------------------
[INFO] Building wta-common-log 6.0.0                                    [18/44]
[INFO]   from wta-common/wta-common-log/pom.xml
[INFO] --------------------------------[ jar ]---------------------------------
[INFO] 
[INFO] --- resources:3.3.1:resources (default-resources) @ wta-common-log ---
[INFO] Copying 1 resource from src/main/resources to target/classes
[INFO] Copying 0 resource from src/main/resources to target/classes
[INFO] 
[INFO] --- flatten:1.7.3:flatten (flatten) @ wta-common-log ---
[INFO] Generating flattened POM of project org.namewta:wta-common-log:jar:6.0.0...
[INFO] 
[INFO] --- compiler:3.15.0:compile (default-compile) @ wta-common-log ---
[INFO] Nothing to compile - all classes are up to date.
[INFO] 
[INFO] --- resources:3.3.1:testResources (default-testResources) @ wta-common-log ---
[INFO] skip non existing resourceDirectory /srv/WTA-plus/backend/wta-common/wta-common-log/src/test/resources
[INFO] 
[INFO] --- compiler:3.15.0:testCompile (default-testCompile) @ wta-common-log ---
[INFO] Nothing to compile - all classes are up to date.
[INFO] 
[INFO] --- surefire:3.5.5:test (default-test) @ wta-common-log ---
[INFO] 
[INFO] --------------------< org.namewta:wta-common-excel >--------------------
[INFO] Building wta-common-excel 6.0.0                                  [19/44]
[INFO]   from wta-common/wta-common-excel/pom.xml
[INFO] --------------------------------[ jar ]---------------------------------
[INFO] 
[INFO] --- resources:3.3.1:resources (default-resources) @ wta-common-excel ---
[INFO] skip non existing resourceDirectory /srv/WTA-plus/backend/wta-common/wta-common-excel/src/main/resources
[INFO] skip non existing resourceDirectory /srv/WTA-plus/backend/wta-common/wta-common-excel/src/main/resources
[INFO] 
[INFO] --- flatten:1.7.3:flatten (flatten) @ wta-common-excel ---
[INFO] Generating flattened POM of project org.namewta:wta-common-excel:jar:6.0.0...
[INFO] 
[INFO] --- compiler:3.15.0:compile (default-compile) @ wta-common-excel ---
[INFO] Nothing to compile - all classes are up to date.
[INFO] 
[INFO] --- resources:3.3.1:testResources (default-testResources) @ wta-common-excel ---
[INFO] skip non existing resourceDirectory /srv/WTA-plus/backend/wta-common/wta-common-excel/src/test/resources
[INFO] 
[INFO] --- compiler:3.15.0:testCompile (default-testCompile) @ wta-common-excel ---
[INFO] No sources to compile
[INFO] 
[INFO] --- surefire:3.5.5:test (default-test) @ wta-common-excel ---
[INFO] No tests to run.
[INFO] 
[INFO] ---------------------< org.namewta:wta-common-sms >---------------------
[INFO] Building wta-common-sms 6.0.0                                    [20/44]
[INFO]   from wta-common/wta-common-sms/pom.xml
[INFO] --------------------------------[ jar ]---------------------------------
[INFO] 
[INFO] --- resources:3.3.1:resources (default-resources) @ wta-common-sms ---
[INFO] Copying 1 resource from src/main/resources to target/classes
[INFO] Copying 0 resource from src/main/resources to target/classes
[INFO] 
[INFO] --- flatten:1.7.3:flatten (flatten) @ wta-common-sms ---
[INFO] Generating flattened POM of project org.namewta:wta-common-sms:jar:6.0.0...
[INFO] 
[INFO] --- compiler:3.15.0:compile (default-compile) @ wta-common-sms ---
[INFO] Nothing to compile - all classes are up to date.
[INFO] 
[INFO] --- resources:3.3.1:testResources (default-testResources) @ wta-common-sms ---
[INFO] skip non existing resourceDirectory /srv/WTA-plus/backend/wta-common/wta-common-sms/src/test/resources
[INFO] 
[INFO] --- compiler:3.15.0:testCompile (default-testCompile) @ wta-common-sms ---
[INFO] Nothing to compile - all classes are up to date.
[INFO] 
[INFO] --- surefire:3.5.5:test (default-test) @ wta-common-sms ---
[INFO] 
[INFO] ------------------< org.namewta:wta-common-security >-------------------
[INFO] Building wta-common-security 6.0.0                               [21/44]
[INFO]   from wta-common/wta-common-security/pom.xml
[INFO] --------------------------------[ jar ]---------------------------------
[INFO] 
[INFO] --- resources:3.3.1:resources (default-resources) @ wta-common-security ---
[INFO] Copying 1 resource from src/main/resources to target/classes
[INFO] Copying 0 resource from src/main/resources to target/classes
[INFO] 
[INFO] --- flatten:1.7.3:flatten (flatten) @ wta-common-security ---
[INFO] Generating flattened POM of project org.namewta:wta-common-security:jar:6.0.0...
[INFO] 
[INFO] --- compiler:3.15.0:compile (default-compile) @ wta-common-security ---
[INFO] Nothing to compile - all classes are up to date.
[INFO] 
[INFO] --- resources:3.3.1:testResources (default-testResources) @ wta-common-security ---
[INFO] skip non existing resourceDirectory /srv/WTA-plus/backend/wta-common/wta-common-security/src/test/resources
[INFO] 
[INFO] --- compiler:3.15.0:testCompile (default-testCompile) @ wta-common-security ---
[INFO] No sources to compile
[INFO] 
[INFO] --- surefire:3.5.5:test (default-test) @ wta-common-security ---
[INFO] No tests to run.
[INFO] 
[INFO] ---------------------< org.namewta:wta-common-web >---------------------
[INFO] Building wta-common-web 6.0.0                                    [22/44]
[INFO]   from wta-common/wta-common-web/pom.xml
[INFO] --------------------------------[ jar ]---------------------------------
[INFO] 
[INFO] --- resources:3.3.1:resources (default-resources) @ wta-common-web ---
[INFO] Copying 1 resource from src/main/resources to target/classes
[INFO] Copying 0 resource from src/main/resources to target/classes
[INFO] 
[INFO] --- flatten:1.7.3:flatten (flatten) @ wta-common-web ---
[INFO] Generating flattened POM of project org.namewta:wta-common-web:jar:6.0.0...
[INFO] 
[INFO] --- compiler:3.15.0:compile (default-compile) @ wta-common-web ---
[INFO] Nothing to compile - all classes are up to date.
[INFO] 
[INFO] --- resources:3.3.1:testResources (default-testResources) @ wta-common-web ---
[INFO] skip non existing resourceDirectory /srv/WTA-plus/backend/wta-common/wta-common-web/src/test/resources
[INFO] 
[INFO] --- compiler:3.15.0:testCompile (default-testCompile) @ wta-common-web ---
[INFO] Nothing to compile - all classes are up to date.
[INFO] 
[INFO] --- surefire:3.5.5:test (default-test) @ wta-common-web ---
[INFO] 
[INFO] ------------------< org.namewta:wta-common-sensitive >------------------
[INFO] Building wta-common-sensitive 6.0.0                              [23/44]
[INFO]   from wta-common/wta-common-sensitive/pom.xml
[INFO] --------------------------------[ jar ]---------------------------------
[INFO] 
[INFO] --- resources:3.3.1:resources (default-resources) @ wta-common-sensitive ---
[INFO] Copying 1 resource from src/main/resources to target/classes
[INFO] Copying 0 resource from src/main/resources to target/classes
[INFO] 
[INFO] --- flatten:1.7.3:flatten (flatten) @ wta-common-sensitive ---
[INFO] Generating flattened POM of project org.namewta:wta-common-sensitive:jar:6.0.0...
[INFO] 
[INFO] --- compiler:3.15.0:compile (default-compile) @ wta-common-sensitive ---
[INFO] Nothing to compile - all classes are up to date.
[INFO] 
[INFO] --- resources:3.3.1:testResources (default-testResources) @ wta-common-sensitive ---
[INFO] skip non existing resourceDirectory /srv/WTA-plus/backend/wta-common/wta-common-sensitive/src/test/resources
[INFO] 
[INFO] --- compiler:3.15.0:testCompile (default-testCompile) @ wta-common-sensitive ---
[INFO] No sources to compile
[INFO] 
[INFO] --- surefire:3.5.5:test (default-test) @ wta-common-sensitive ---
[INFO] No tests to run.
[INFO] 
[INFO] -------------------< org.namewta:wta-common-encrypt >-------------------
[INFO] Building wta-common-encrypt 6.0.0                                [24/44]
[INFO]   from wta-common/wta-common-encrypt/pom.xml
[INFO] --------------------------------[ jar ]---------------------------------
[INFO] 
[INFO] --- resources:3.3.1:resources (default-resources) @ wta-common-encrypt ---
[INFO] Copying 1 resource from src/main/resources to target/classes
[INFO] Copying 0 resource from src/main/resources to target/classes
[INFO] 
[INFO] --- flatten:1.7.3:flatten (flatten) @ wta-common-encrypt ---
[INFO] Generating flattened POM of project org.namewta:wta-common-encrypt:jar:6.0.0...
[INFO] 
[INFO] --- compiler:3.15.0:compile (default-compile) @ wta-common-encrypt ---
[INFO] Nothing to compile - all classes are up to date.
[INFO] 
[INFO] --- resources:3.3.1:testResources (default-testResources) @ wta-common-encrypt ---
[INFO] skip non existing resourceDirectory /srv/WTA-plus/backend/wta-common/wta-common-encrypt/src/test/resources
[INFO] 
[INFO] --- compiler:3.15.0:testCompile (default-testCompile) @ wta-common-encrypt ---
[INFO] No sources to compile
[INFO] 
[INFO] --- surefire:3.5.5:test (default-test) @ wta-common-encrypt ---
[INFO] No tests to run.
[INFO] 
[INFO] --------------------< org.namewta:wta-common-push >---------------------
[INFO] Building wta-common-push 6.0.0                                   [25/44]
[INFO]   from wta-common/wta-common-push/pom.xml
[INFO] --------------------------------[ jar ]---------------------------------
[INFO] 
[INFO] --- resources:3.3.1:resources (default-resources) @ wta-common-push ---
[INFO] Copying 1 resource from src/main/resources to target/classes
[INFO] Copying 0 resource from src/main/resources to target/classes
[INFO] 
[INFO] --- flatten:1.7.3:flatten (flatten) @ wta-common-push ---
[INFO] Generating flattened POM of project org.namewta:wta-common-push:jar:6.0.0...
[INFO] 
[INFO] --- compiler:3.15.0:compile (default-compile) @ wta-common-push ---
[INFO] Nothing to compile - all classes are up to date.
[INFO] 
[INFO] --- resources:3.3.1:testResources (default-testResources) @ wta-common-push ---
[INFO] skip non existing resourceDirectory /srv/WTA-plus/backend/wta-common/wta-common-push/src/test/resources
[INFO] 
[INFO] --- compiler:3.15.0:testCompile (default-testCompile) @ wta-common-push ---
[INFO] Nothing to compile - all classes are up to date.
[INFO] 
[INFO] --- surefire:3.5.5:test (default-test) @ wta-common-push ---
[INFO] 
[INFO] ----------------------< org.namewta:wta-modules >-----------------------
[INFO] Building wta-modules 6.0.0                                       [26/44]
[INFO]   from wta-modules/pom.xml
[INFO] --------------------------------[ pom ]---------------------------------
[INFO] 
[INFO] --- flatten:1.7.3:flatten (flatten) @ wta-modules ---
[INFO] Generating flattened POM of project org.namewta:wta-modules:pom:6.0.0...
[INFO] 
[INFO] -----------------------< org.namewta:wta-system >-----------------------
[INFO] Building wta-system 6.0.0                                        [27/44]
[INFO]   from wta-modules/wta-system/pom.xml
[INFO] --------------------------------[ jar ]---------------------------------
[INFO] 
[INFO] --- resources:3.3.1:resources (default-resources) @ wta-system ---
[INFO] Copying 23 resources from src/main/resources to target/classes
[INFO] Copying 0 resource from src/main/resources to target/classes
[INFO] 
[INFO] --- flatten:1.7.3:flatten (flatten) @ wta-system ---
[INFO] Generating flattened POM of project org.namewta:wta-system:jar:6.0.0...
[INFO] 
[INFO] --- compiler:3.15.0:compile (default-compile) @ wta-system ---
[INFO] Nothing to compile - all classes are up to date.
[INFO] 
[INFO] --- resources:3.3.1:testResources (default-testResources) @ wta-system ---
[INFO] skip non existing resourceDirectory /srv/WTA-plus/backend/wta-modules/wta-system/src/test/resources
[INFO] 
[INFO] --- compiler:3.15.0:testCompile (default-testCompile) @ wta-system ---
[INFO] Nothing to compile - all classes are up to date.
[INFO] 
[INFO] --- surefire:3.5.5:test (default-test) @ wta-system ---
[INFO] 
[INFO] -----------------------< org.namewta:wta-third >------------------------
[INFO] Building wta-third 6.0.0                                         [28/44]
[INFO]   from wta-modules/wta-third/pom.xml
[INFO] --------------------------------[ jar ]---------------------------------
[INFO] 
[INFO] --- resources:3.3.1:resources (default-resources) @ wta-third ---
[INFO] Copying 1 resource from src/main/resources to target/classes
[INFO] Copying 0 resource from src/main/resources to target/classes
[INFO] 
[INFO] --- flatten:1.7.3:flatten (flatten) @ wta-third ---
[INFO] Generating flattened POM of project org.namewta:wta-third:jar:6.0.0...
[INFO] 
[INFO] --- compiler:3.15.0:compile (default-compile) @ wta-third ---
[INFO] Nothing to compile - all classes are up to date.
[INFO] 
[INFO] --- resources:3.3.1:testResources (default-testResources) @ wta-third ---
[INFO] skip non existing resourceDirectory /srv/WTA-plus/backend/wta-modules/wta-third/src/test/resources
[INFO] 
[INFO] --- compiler:3.15.0:testCompile (default-testCompile) @ wta-third ---
[INFO] Nothing to compile - all classes are up to date.
[INFO] 
[INFO] --- surefire:3.5.5:test (default-test) @ wta-third ---
[INFO] 
[INFO] -----------------------< org.namewta:wta-notify >-----------------------
[INFO] Building wta-notify 6.0.0                                        [29/44]
[INFO]   from wta-modules/wta-notify/pom.xml
[INFO] --------------------------------[ jar ]---------------------------------
[INFO] 
[INFO] --- resources:3.3.1:resources (default-resources) @ wta-notify ---
[INFO] Copying 4 resources from src/main/resources to target/classes
[INFO] Copying 0 resource from src/main/resources to target/classes
[INFO] 
[INFO] --- flatten:1.7.3:flatten (flatten) @ wta-notify ---
[INFO] Generating flattened POM of project org.namewta:wta-notify:jar:6.0.0...
[INFO] 
[INFO] --- compiler:3.15.0:compile (default-compile) @ wta-notify ---
[INFO] Nothing to compile - all classes are up to date.
[INFO] 
[INFO] --- resources:3.3.1:testResources (default-testResources) @ wta-notify ---
[INFO] skip non existing resourceDirectory /srv/WTA-plus/backend/wta-modules/wta-notify/src/test/resources
[INFO] 
[INFO] --- compiler:3.15.0:testCompile (default-testCompile) @ wta-notify ---
[INFO] Recompiling the module because of changed source code.
[INFO] Compiling 23 source files with javac [debug release 21] to target/test-classes
[INFO] /srv/WTA-plus/backend/wta-modules/wta-notify/src/test/java/org/namewta/notify/support/outbox/NotifyOutboxWakeRedisGate.java: /srv/WTA-plus/backend/wta-modules/wta-notify/src/test/java/org/namewta/notify/support/outbox/NotifyOutboxWakeRedisGate.java uses or overrides a deprecated API.
[INFO] /srv/WTA-plus/backend/wta-modules/wta-notify/src/test/java/org/namewta/notify/support/outbox/NotifyOutboxWakeRedisGate.java: Recompile with -Xlint:deprecation for details.
[INFO] /srv/WTA-plus/backend/wta-modules/wta-notify/src/test/java/org/namewta/notify/adapter/provider/Sms4jReceiptTest.java: Some input files use unchecked or unsafe operations.
[INFO] /srv/WTA-plus/backend/wta-modules/wta-notify/src/test/java/org/namewta/notify/adapter/provider/Sms4jReceiptTest.java: Recompile with -Xlint:unchecked for details.
[INFO] 
[INFO] --- surefire:3.5.5:test (default-test) @ wta-notify ---
[INFO] 
[INFO] ------------------------< org.namewta:wta-sso >-------------------------
[INFO] Building wta-sso 6.0.0                                           [30/44]
[INFO]   from wta-modules/wta-sso/pom.xml
[INFO] --------------------------------[ jar ]---------------------------------
[INFO] 
[INFO] --- resources:3.3.1:resources (default-resources) @ wta-sso ---
[INFO] Copying 1 resource from src/main/resources to target/classes
[INFO] Copying 0 resource from src/main/resources to target/classes
[INFO] 
[INFO] --- flatten:1.7.3:flatten (flatten) @ wta-sso ---
[INFO] Generating flattened POM of project org.namewta:wta-sso:jar:6.0.0...
[INFO] 
[INFO] --- compiler:3.15.0:compile (default-compile) @ wta-sso ---
[INFO] Nothing to compile - all classes are up to date.
[INFO] 
[INFO] --- resources:3.3.1:testResources (default-testResources) @ wta-sso ---
[INFO] skip non existing resourceDirectory /srv/WTA-plus/backend/wta-modules/wta-sso/src/test/resources
[INFO] 
[INFO] --- compiler:3.15.0:testCompile (default-testCompile) @ wta-sso ---
[INFO] Nothing to compile - all classes are up to date.
[INFO] 
[INFO] --- surefire:3.5.5:test (default-test) @ wta-sso ---
[INFO] 
[INFO] ---------------------< org.namewta:wta-common-job >---------------------
[INFO] Building wta-common-job 6.0.0                                    [31/44]
[INFO]   from wta-common/wta-common-job/pom.xml
[INFO] --------------------------------[ jar ]---------------------------------
[INFO] 
[INFO] --- resources:3.3.1:resources (default-resources) @ wta-common-job ---
[INFO] Copying 1 resource from src/main/resources to target/classes
[INFO] Copying 0 resource from src/main/resources to target/classes
[INFO] 
[INFO] --- flatten:1.7.3:flatten (flatten) @ wta-common-job ---
[INFO] Generating flattened POM of project org.namewta:wta-common-job:jar:6.0.0...
[INFO] 
[INFO] --- compiler:3.15.0:compile (default-compile) @ wta-common-job ---
[INFO] Nothing to compile - all classes are up to date.
[INFO] 
[INFO] --- resources:3.3.1:testResources (default-testResources) @ wta-common-job ---
[INFO] skip non existing resourceDirectory /srv/WTA-plus/backend/wta-common/wta-common-job/src/test/resources
[INFO] 
[INFO] --- compiler:3.15.0:testCompile (default-testCompile) @ wta-common-job ---
[INFO] No sources to compile
[INFO] 
[INFO] --- surefire:3.5.5:test (default-test) @ wta-common-job ---
[INFO] No tests to run.
[INFO] 
[INFO] ------------------------< org.namewta:wta-job >-------------------------
[INFO] Building wta-job 6.0.0                                           [32/44]
[INFO]   from wta-modules/wta-job/pom.xml
[INFO] --------------------------------[ jar ]---------------------------------
[INFO] 
[INFO] --- resources:3.3.1:resources (default-resources) @ wta-job ---
[INFO] skip non existing resourceDirectory /srv/WTA-plus/backend/wta-modules/wta-job/src/main/resources
[INFO] skip non existing resourceDirectory /srv/WTA-plus/backend/wta-modules/wta-job/src/main/resources
[INFO] 
[INFO] --- flatten:1.7.3:flatten (flatten) @ wta-job ---
[INFO] Generating flattened POM of project org.namewta:wta-job:jar:6.0.0...
[INFO] 
[INFO] --- compiler:3.15.0:compile (default-compile) @ wta-job ---
[INFO] Nothing to compile - all classes are up to date.
[INFO] 
[INFO] --- resources:3.3.1:testResources (default-testResources) @ wta-job ---
[INFO] skip non existing resourceDirectory /srv/WTA-plus/backend/wta-modules/wta-job/src/test/resources
[INFO] 
[INFO] --- compiler:3.15.0:testCompile (default-testCompile) @ wta-job ---
[INFO] No sources to compile
[INFO] 
[INFO] --- surefire:3.5.5:test (default-test) @ wta-job ---
[INFO] No tests to run.
[INFO] 
[INFO] ---------------------< org.namewta:wta-common-ai >----------------------
[INFO] Building wta-common-ai 6.0.0                                     [33/44]
[INFO]   from wta-common/wta-common-ai/pom.xml
[INFO] --------------------------------[ jar ]---------------------------------
[INFO] 
[INFO] --- resources:3.3.1:resources (default-resources) @ wta-common-ai ---
[INFO] Copying 0 resource from src/main/resources to target/classes
[INFO] Copying 0 resource from src/main/resources to target/classes
[INFO] 
[INFO] --- flatten:1.7.3:flatten (flatten) @ wta-common-ai ---
[INFO] Generating flattened POM of project org.namewta:wta-common-ai:jar:6.0.0...
[INFO] 
[INFO] --- compiler:3.15.0:compile (default-compile) @ wta-common-ai ---
[INFO] Nothing to compile - all classes are up to date.
[INFO] 
[INFO] --- resources:3.3.1:testResources (default-testResources) @ wta-common-ai ---
[INFO] skip non existing resourceDirectory /srv/WTA-plus/backend/wta-common/wta-common-ai/src/test/resources
[INFO] 
[INFO] --- compiler:3.15.0:testCompile (default-testCompile) @ wta-common-ai ---
[INFO] No sources to compile
[INFO] 
[INFO] --- surefire:3.5.5:test (default-test) @ wta-common-ai ---
[INFO] No tests to run.
[INFO] 
[INFO] -------------------------< org.namewta:wta-ai >-------------------------
[INFO] Building wta-ai 6.0.0                                            [34/44]
[INFO]   from wta-modules/wta-ai/pom.xml
[INFO] --------------------------------[ jar ]---------------------------------
[INFO] 
[INFO] --- resources:3.3.1:resources (default-resources) @ wta-ai ---
[INFO] skip non existing resourceDirectory /srv/WTA-plus/backend/wta-modules/wta-ai/src/main/resources
[INFO] skip non existing resourceDirectory /srv/WTA-plus/backend/wta-modules/wta-ai/src/main/resources
[INFO] 
[INFO] --- flatten:1.7.3:flatten (flatten) @ wta-ai ---
[INFO] Generating flattened POM of project org.namewta:wta-ai:jar:6.0.0...
[INFO] 
[INFO] --- compiler:3.15.0:compile (default-compile) @ wta-ai ---
[INFO] Nothing to compile - all classes are up to date.
[INFO] 
[INFO] --- resources:3.3.1:testResources (default-testResources) @ wta-ai ---
[INFO] skip non existing resourceDirectory /srv/WTA-plus/backend/wta-modules/wta-ai/src/test/resources
[INFO] 
[INFO] --- compiler:3.15.0:testCompile (default-testCompile) @ wta-ai ---
[INFO] No sources to compile
[INFO] 
[INFO] --- surefire:3.5.5:test (default-test) @ wta-ai ---
[INFO] No tests to run.
[INFO] 
[INFO] ------------------< org.namewta:wta-common-richtext >-------------------
[INFO] Building wta-common-richtext 6.0.0                               [35/44]
[INFO]   from wta-common/wta-common-richtext/pom.xml
[INFO] --------------------------------[ jar ]---------------------------------
[INFO] 
[INFO] --- resources:3.3.1:resources (default-resources) @ wta-common-richtext ---
[INFO] skip non existing resourceDirectory /srv/WTA-plus/backend/wta-common/wta-common-richtext/src/main/resources
[INFO] skip non existing resourceDirectory /srv/WTA-plus/backend/wta-common/wta-common-richtext/src/main/resources
[INFO] 
[INFO] --- flatten:1.7.3:flatten (flatten) @ wta-common-richtext ---
[INFO] Generating flattened POM of project org.namewta:wta-common-richtext:jar:6.0.0...
[INFO] 
[INFO] --- compiler:3.15.0:compile (default-compile) @ wta-common-richtext ---
[INFO] Nothing to compile - all classes are up to date.
[INFO] 
[INFO] --- resources:3.3.1:testResources (default-testResources) @ wta-common-richtext ---
[INFO] skip non existing resourceDirectory /srv/WTA-plus/backend/wta-common/wta-common-richtext/src/test/resources
[INFO] 
[INFO] --- compiler:3.15.0:testCompile (default-testCompile) @ wta-common-richtext ---
[INFO] Nothing to compile - all classes are up to date.
[INFO] 
[INFO] --- surefire:3.5.5:test (default-test) @ wta-common-richtext ---
[INFO] 
[INFO] ----------------< org.namewta:wta-common-elasticsearch >----------------
[INFO] Building wta-common-elasticsearch 6.0.0                          [36/44]
[INFO]   from wta-common/wta-common-elasticsearch/pom.xml
[INFO] --------------------------------[ jar ]---------------------------------
[INFO] 
[INFO] --- resources:3.3.1:resources (default-resources) @ wta-common-elasticsearch ---
[INFO] Copying 2 resources from src/main/resources to target/classes
[INFO] Copying 0 resource from src/main/resources to target/classes
[INFO] 
[INFO] --- flatten:1.7.3:flatten (flatten) @ wta-common-elasticsearch ---
[INFO] Generating flattened POM of project org.namewta:wta-common-elasticsearch:jar:6.0.0...
[INFO] 
[INFO] --- compiler:3.15.0:compile (default-compile) @ wta-common-elasticsearch ---
[INFO] Nothing to compile - all classes are up to date.
[INFO] 
[INFO] --- resources:3.3.1:testResources (default-testResources) @ wta-common-elasticsearch ---
[INFO] skip non existing resourceDirectory /srv/WTA-plus/backend/wta-common/wta-common-elasticsearch/src/test/resources
[INFO] 
[INFO] --- compiler:3.15.0:testCompile (default-testCompile) @ wta-common-elasticsearch ---
[INFO] No sources to compile
[INFO] 
[INFO] --- surefire:3.5.5:test (default-test) @ wta-common-elasticsearch ---
[INFO] No tests to run.
[INFO] 
[INFO] --------------------< org.namewta:wta-common-mqtt >---------------------
[INFO] Building wta-common-mqtt 6.0.0                                   [37/44]
[INFO]   from wta-common/wta-common-mqtt/pom.xml
[INFO] --------------------------------[ jar ]---------------------------------
[INFO] 
[INFO] --- resources:3.3.1:resources (default-resources) @ wta-common-mqtt ---
[INFO] Copying 1 resource from src/main/resources to target/classes
[INFO] Copying 0 resource from src/main/resources to target/classes
[INFO] 
[INFO] --- flatten:1.7.3:flatten (flatten) @ wta-common-mqtt ---
[INFO] Generating flattened POM of project org.namewta:wta-common-mqtt:jar:6.0.0...
[INFO] 
[INFO] --- compiler:3.15.0:compile (default-compile) @ wta-common-mqtt ---
[INFO] Nothing to compile - all classes are up to date.
[INFO] 
[INFO] --- resources:3.3.1:testResources (default-testResources) @ wta-common-mqtt ---
[INFO] skip non existing resourceDirectory /srv/WTA-plus/backend/wta-common/wta-common-mqtt/src/test/resources
[INFO] 
[INFO] --- compiler:3.15.0:testCompile (default-testCompile) @ wta-common-mqtt ---
[INFO] No sources to compile
[INFO] 
[INFO] --- surefire:3.5.5:test (default-test) @ wta-common-mqtt ---
[INFO] No tests to run.
[INFO] 
[INFO] ------------------------< org.namewta:wta-demo >------------------------
[INFO] Building wta-demo 6.0.0                                          [38/44]
[INFO]   from wta-modules/wta-demo/pom.xml
[INFO] --------------------------------[ jar ]---------------------------------
[INFO] 
[INFO] --- resources:3.3.1:resources (default-resources) @ wta-demo ---
[INFO] Copying 6 resources from src/main/resources to target/classes
[INFO] Copying 0 resource from src/main/resources to target/classes
[INFO] 
[INFO] --- flatten:1.7.3:flatten (flatten) @ wta-demo ---
[INFO] Generating flattened POM of project org.namewta:wta-demo:jar:6.0.0...
[INFO] 
[INFO] --- compiler:3.15.0:compile (default-compile) @ wta-demo ---
[INFO] Nothing to compile - all classes are up to date.
[INFO] 
[INFO] --- resources:3.3.1:testResources (default-testResources) @ wta-demo ---
[INFO] skip non existing resourceDirectory /srv/WTA-plus/backend/wta-modules/wta-demo/src/test/resources
[INFO] 
[INFO] --- compiler:3.15.0:testCompile (default-testCompile) @ wta-demo ---
[INFO] Nothing to compile - all classes are up to date.
[INFO] 
[INFO] --- surefire:3.5.5:test (default-test) @ wta-demo ---
[INFO] 
[INFO] ------------------< org.namewta:wta-common-liteflow >-------------------
[INFO] Building wta-common-liteflow 6.0.0                               [39/44]
[INFO]   from wta-common/wta-common-liteflow/pom.xml
[INFO] --------------------------------[ jar ]---------------------------------
[INFO] 
[INFO] --- resources:3.3.1:resources (default-resources) @ wta-common-liteflow ---
[INFO] Copying 1 resource from src/main/resources to target/classes
[INFO] Copying 0 resource from src/main/resources to target/classes
[INFO] 
[INFO] --- flatten:1.7.3:flatten (flatten) @ wta-common-liteflow ---
[INFO] Generating flattened POM of project org.namewta:wta-common-liteflow:jar:6.0.0...
[INFO] 
[INFO] --- compiler:3.15.0:compile (default-compile) @ wta-common-liteflow ---
[INFO] Nothing to compile - all classes are up to date.
[INFO] 
[INFO] --- resources:3.3.1:testResources (default-testResources) @ wta-common-liteflow ---
[INFO] skip non existing resourceDirectory /srv/WTA-plus/backend/wta-common/wta-common-liteflow/src/test/resources
[INFO] 
[INFO] --- compiler:3.15.0:testCompile (default-testCompile) @ wta-common-liteflow ---
[INFO] No sources to compile
[INFO] 
[INFO] --- surefire:3.5.5:test (default-test) @ wta-common-liteflow ---
[INFO] No tests to run.
[INFO] 
[INFO] ----------------------< org.namewta:wta-workflow >----------------------
[INFO] Building wta-workflow 6.0.0                                      [40/44]
[INFO]   from wta-modules/wta-workflow/pom.xml
[INFO] --------------------------------[ jar ]---------------------------------
[INFO] 
[INFO] --- resources:3.3.1:resources (default-resources) @ wta-workflow ---
[INFO] Copying 11 resources from src/main/resources to target/classes
[INFO] Copying 0 resource from src/main/resources to target/classes
[INFO] 
[INFO] --- flatten:1.7.3:flatten (flatten) @ wta-workflow ---
[INFO] Generating flattened POM of project org.namewta:wta-workflow:jar:6.0.0...
[INFO] 
[INFO] --- compiler:3.15.0:compile (default-compile) @ wta-workflow ---
[INFO] Nothing to compile - all classes are up to date.
[INFO] 
[INFO] --- resources:3.3.1:testResources (default-testResources) @ wta-workflow ---
[INFO] skip non existing resourceDirectory /srv/WTA-plus/backend/wta-modules/wta-workflow/src/test/resources
[INFO] 
[INFO] --- compiler:3.15.0:testCompile (default-testCompile) @ wta-workflow ---
[INFO] No sources to compile
[INFO] 
[INFO] --- surefire:3.5.5:test (default-test) @ wta-workflow ---
[INFO] No tests to run.
[INFO] 
[INFO] ----------------------< org.namewta:wta-profile >-----------------------
[INFO] Building wta-profile 6.0.0                                       [41/44]
[INFO]   from wta-modules/wta-profile/pom.xml
[INFO] --------------------------------[ pom ]---------------------------------
[INFO] 
[INFO] --- flatten:1.7.3:flatten (flatten) @ wta-profile ---
[INFO] Generating flattened POM of project org.namewta:wta-profile:pom:6.0.0...
[INFO] 
[INFO] -------------------< org.namewta:wta-profile-person >-------------------
[INFO] Building wta-profile-person 6.0.0                                [42/44]
[INFO]   from wta-modules/wta-profile/wta-profile-person/pom.xml
[INFO] --------------------------------[ jar ]---------------------------------
[INFO] 
[INFO] --- resources:3.3.1:resources (default-resources) @ wta-profile-person ---
[INFO] Copying 6 resources from src/main/resources to target/classes
[INFO] Copying 0 resource from src/main/resources to target/classes
[INFO] 
[INFO] --- flatten:1.7.3:flatten (flatten) @ wta-profile-person ---
[INFO] Generating flattened POM of project org.namewta:wta-profile-person:jar:6.0.0...
[INFO] 
[INFO] --- compiler:3.15.0:compile (default-compile) @ wta-profile-person ---
[INFO] Nothing to compile - all classes are up to date.
[INFO] 
[INFO] --- resources:3.3.1:testResources (default-testResources) @ wta-profile-person ---
[INFO] skip non existing resourceDirectory /srv/WTA-plus/backend/wta-modules/wta-profile/wta-profile-person/src/test/resources
[INFO] 
[INFO] --- compiler:3.15.0:testCompile (default-testCompile) @ wta-profile-person ---
[INFO] Recompiling the module because of changed source code.
[INFO] Compiling 38 source files with javac [debug release 21] to target/test-classes
[INFO] /srv/WTA-plus/backend/wta-modules/wta-profile/wta-profile-person/src/test/java/org/namewta/profile/person/controller/admin/PersonAdminHttpContractTest.java: Some input files use unchecked or unsafe operations.
[INFO] /srv/WTA-plus/backend/wta-modules/wta-profile/wta-profile-person/src/test/java/org/namewta/profile/person/controller/admin/PersonAdminHttpContractTest.java: Recompile with -Xlint:unchecked for details.
[INFO] 
[INFO] --- surefire:3.5.5:test (default-test) @ wta-profile-person ---
[INFO] 
[INFO] -----------------< org.namewta:wta-profile-enterprise >-----------------
[INFO] Building wta-profile-enterprise 6.0.0                            [43/44]
[INFO]   from wta-modules/wta-profile/wta-profile-enterprise/pom.xml
[INFO] --------------------------------[ jar ]---------------------------------
[INFO] 
[INFO] --- resources:3.3.1:resources (default-resources) @ wta-profile-enterprise ---
[INFO] Copying 4 resources from src/main/resources to target/classes
[INFO] Copying 0 resource from src/main/resources to target/classes
[INFO] 
[INFO] --- flatten:1.7.3:flatten (flatten) @ wta-profile-enterprise ---
[INFO] Generating flattened POM of project org.namewta:wta-profile-enterprise:jar:6.0.0...
[INFO] 
[INFO] --- compiler:3.15.0:compile (default-compile) @ wta-profile-enterprise ---
[INFO] Nothing to compile - all classes are up to date.
[INFO] 
[INFO] --- resources:3.3.1:testResources (default-testResources) @ wta-profile-enterprise ---
[INFO] skip non existing resourceDirectory /srv/WTA-plus/backend/wta-modules/wta-profile/wta-profile-enterprise/src/test/resources
[INFO] 
[INFO] --- compiler:3.15.0:testCompile (default-testCompile) @ wta-profile-enterprise ---
[INFO] Recompiling the module because of changed source code.
[INFO] Compiling 31 source files with javac [debug release 21] to target/test-classes
[INFO] /srv/WTA-plus/backend/wta-modules/wta-profile/wta-profile-enterprise/src/test/java/org/namewta/profile/enterprise/service/impl/EnterpriseTransferMySqlRedisE2ETest.java: Some input files use or override a deprecated API.
[INFO] /srv/WTA-plus/backend/wta-modules/wta-profile/wta-profile-enterprise/src/test/java/org/namewta/profile/enterprise/service/impl/EnterpriseTransferMySqlRedisE2ETest.java: Recompile with -Xlint:deprecation for details.
[INFO] /srv/WTA-plus/backend/wta-modules/wta-profile/wta-profile-enterprise/src/test/java/org/namewta/profile/enterprise/controller/admin/EnterpriseAdminHttpContractTest.java: Some input files use unchecked or unsafe operations.
[INFO] /srv/WTA-plus/backend/wta-modules/wta-profile/wta-profile-enterprise/src/test/java/org/namewta/profile/enterprise/controller/admin/EnterpriseAdminHttpContractTest.java: Recompile with -Xlint:unchecked for details.
[INFO] 
[INFO] --- surefire:3.5.5:test (default-test) @ wta-profile-enterprise ---
[INFO] 
[INFO] -----------------------< org.namewta:wta-admin >------------------------
[INFO] Building wta-admin 6.0.0                                         [44/44]
[INFO]   from wta-admin/pom.xml
[INFO] --------------------------------[ jar ]---------------------------------
[INFO] 
[INFO] --- resources:3.3.1:resources (default-resources) @ wta-admin ---
[INFO] Copying 9 resources from src/main/resources to target/classes
[INFO] Copying 4 resources from src/main/resources to target/classes
[INFO] 
[INFO] --- flatten:1.7.3:flatten (flatten) @ wta-admin ---
[INFO] Generating flattened POM of project org.namewta:wta-admin:jar:6.0.0...
[INFO] 
[INFO] --- compiler:3.15.0:compile (default-compile) @ wta-admin ---
[INFO] Nothing to compile - all classes are up to date.
[INFO] 
[INFO] --- resources:3.3.1:testResources (default-testResources) @ wta-admin ---
[INFO] Copying 2 resources from src/test/resources to target/test-classes
[INFO] 
[INFO] --- compiler:3.15.0:testCompile (default-testCompile) @ wta-admin ---
[INFO] Recompiling the module because of changed source code.
[INFO] Compiling 160 source files with javac [debug release 21] to target/test-classes
[INFO] /srv/WTA-plus/backend/wta-admin/src/test/java/org/namewta/common/redis/cache/ThirdRedisIntegrationTest.java: Some input files use or override a deprecated API.
[INFO] /srv/WTA-plus/backend/wta-admin/src/test/java/org/namewta/common/redis/cache/ThirdRedisIntegrationTest.java: Recompile with -Xlint:deprecation for details.
[INFO] /srv/WTA-plus/backend/wta-admin/src/test/java/org/namewta/test/notify/NotifyDeadlineIntegrationTest.java: Some input files use unchecked or unsafe operations.
[INFO] /srv/WTA-plus/backend/wta-admin/src/test/java/org/namewta/test/notify/NotifyDeadlineIntegrationTest.java: Recompile with -Xlint:unchecked for details.
[INFO] 
[INFO] --- surefire:3.5.5:test (default-test) @ wta-admin ---
[INFO] Using auto detected provider org.apache.maven.surefire.junitplatform.JUnitPlatformProvider
[INFO] 
[INFO] -------------------------------------------------------
[INFO]  T E S T S
[INFO] -------------------------------------------------------
[INFO] Running org.namewta.test.notify.NotifyDeadlineIntegrationTest
10:51:57.648 [main] INFO com.baomidou.dynamic.datasource.DynamicRoutingDataSource -- dynamic-datasource - add a datasource named [master] success
10:51:58.360 [main] INFO org.redisson.Version -- Redisson 4.6.1
10:51:58.717 [redisson-netty-1-1] INFO org.redisson.connection.ConnectionsHolder -- 1 connections initialized for 127.0.0.1/127.0.0.1:32833
10:51:58.717 [redisson-netty-1-2] INFO org.redisson.connection.ConnectionsHolder -- 1 connections initialized for 127.0.0.1/127.0.0.1:32833
Mockito is currently self-attaching to enable the inline-mock-maker. This will no longer work in future releases of the JDK. Please add Mockito as an agent to your build as described in Mockito's documentation: https://javadoc.io/doc/org.mockito/mockito-core/latest/org.mockito/org/mockito/Mockito.html#0.3
OpenJDK 64-Bit Server VM warning: Sharing is only supported for boot loader classes because bootstrap classpath has been appended
WARNING: A Java agent has been loaded dynamically (/root/.m2/repository/net/bytebuddy/byte-buddy-agent/1.18.10/byte-buddy-agent-1.18.10.jar)
WARNING: If a serviceability tool is in use, please run with -XX:+EnableDynamicAgentLoading to hide this warning
WARNING: If a serviceability tool is not in use, please run with -Djdk.instrument.traceUsage for more information
WARNING: Dynamic loading of agents will be disallowed by default in a future release
10:52:00.316 [main] INFO com.zaxxer.hikari.HikariDataSource -- HikariPool-1 - Starting...
10:52:00.715 [main] INFO com.zaxxer.hikari.pool.HikariPool -- HikariPool-1 - Added connection com.mysql.cj.jdbc.ConnectionImpl@41bdaa81
10:52:00.718 [main] INFO com.zaxxer.hikari.HikariDataSource -- HikariPool-1 - Start completed.
10:52:01.310 [main] INFO com.baomidou.dynamic.datasource.DynamicRoutingDataSource -- dynamic-datasource start closing ....
10:52:01.312 [main] INFO com.baomidou.dynamic.datasource.DynamicRoutingDataSource -- dynamic-datasource all closed success,bye
10:52:01.312 [main] INFO com.zaxxer.hikari.HikariDataSource -- HikariPool-1 - Shutdown initiated...
10:52:01.315 [main] INFO com.zaxxer.hikari.HikariDataSource -- HikariPool-1 - Shutdown completed.
10:52:01.325 [main] INFO com.baomidou.dynamic.datasource.DynamicRoutingDataSource -- dynamic-datasource - add a datasource named [master] success
10:52:01.550 [main] INFO org.redisson.Version -- Redisson 4.6.1
10:52:01.556 [redisson-netty-5-1] INFO org.redisson.connection.ConnectionsHolder -- 1 connections initialized for 127.0.0.1/127.0.0.1:32833
10:52:01.556 [redisson-netty-5-2] INFO org.redisson.connection.ConnectionsHolder -- 1 connections initialized for 127.0.0.1/127.0.0.1:32833
10:52:01.588 [main] INFO com.zaxxer.hikari.HikariDataSource -- HikariPool-2 - Starting...
10:52:01.595 [main] INFO com.zaxxer.hikari.pool.HikariPool -- HikariPool-2 - Added connection com.mysql.cj.jdbc.ConnectionImpl@766db6f9
10:52:01.596 [main] INFO com.zaxxer.hikari.HikariDataSource -- HikariPool-2 - Start completed.
10:52:01.663 [main] INFO com.baomidou.dynamic.datasource.DynamicRoutingDataSource -- dynamic-datasource start closing ....
10:52:01.663 [main] INFO com.baomidou.dynamic.datasource.DynamicRoutingDataSource -- dynamic-datasource all closed success,bye
10:52:01.663 [main] INFO com.zaxxer.hikari.HikariDataSource -- HikariPool-2 - Shutdown initiated...
10:52:01.664 [main] INFO com.zaxxer.hikari.HikariDataSource -- HikariPool-2 - Shutdown completed.
10:52:01.667 [main] INFO com.baomidou.dynamic.datasource.DynamicRoutingDataSource -- dynamic-datasource - add a datasource named [master] success
10:52:01.845 [main] INFO org.redisson.Version -- Redisson 4.6.1
10:52:01.849 [redisson-netty-8-1] INFO org.redisson.connection.ConnectionsHolder -- 1 connections initialized for 127.0.0.1/127.0.0.1:32833
10:52:01.849 [redisson-netty-8-2] INFO org.redisson.connection.ConnectionsHolder -- 1 connections initialized for 127.0.0.1/127.0.0.1:32833
10:52:01.874 [main] INFO com.zaxxer.hikari.HikariDataSource -- HikariPool-3 - Starting...
10:52:01.880 [main] INFO com.zaxxer.hikari.pool.HikariPool -- HikariPool-3 - Added connection com.mysql.cj.jdbc.ConnectionImpl@43201f84
10:52:01.880 [main] INFO com.zaxxer.hikari.HikariDataSource -- HikariPool-3 - Start completed.
10:52:02.022 [main] INFO com.baomidou.dynamic.datasource.DynamicRoutingDataSource -- dynamic-datasource start closing ....
10:52:02.022 [main] INFO com.baomidou.dynamic.datasource.DynamicRoutingDataSource -- dynamic-datasource all closed success,bye
10:52:02.022 [main] INFO com.zaxxer.hikari.HikariDataSource -- HikariPool-3 - Shutdown initiated...
10:52:02.055 [main] INFO com.zaxxer.hikari.HikariDataSource -- HikariPool-3 - Shutdown completed.
10:52:02.058 [main] INFO com.baomidou.dynamic.datasource.DynamicRoutingDataSource -- dynamic-datasource - add a datasource named [master] success
10:52:02.218 [main] INFO org.redisson.Version -- Redisson 4.6.1
10:52:02.223 [redisson-netty-11-2] INFO org.redisson.connection.ConnectionsHolder -- 1 connections initialized for 127.0.0.1/127.0.0.1:32833
10:52:02.223 [redisson-netty-11-1] INFO org.redisson.connection.ConnectionsHolder -- 1 connections initialized for 127.0.0.1/127.0.0.1:32833
10:52:02.248 [main] INFO com.zaxxer.hikari.HikariDataSource -- HikariPool-4 - Starting...
10:52:02.252 [main] INFO com.zaxxer.hikari.pool.HikariPool -- HikariPool-4 - Added connection com.mysql.cj.jdbc.ConnectionImpl@693ed09d
10:52:02.252 [main] INFO com.zaxxer.hikari.HikariDataSource -- HikariPool-4 - Start completed.
10:52:02.457 [main] INFO com.baomidou.dynamic.datasource.DynamicRoutingDataSource -- dynamic-datasource start closing ....
10:52:02.457 [main] INFO com.baomidou.dynamic.datasource.DynamicRoutingDataSource -- dynamic-datasource all closed success,bye
10:52:02.457 [main] INFO com.zaxxer.hikari.HikariDataSource -- HikariPool-4 - Shutdown initiated...
10:52:02.464 [main] INFO com.zaxxer.hikari.HikariDataSource -- HikariPool-4 - Shutdown completed.
10:52:02.467 [main] INFO com.baomidou.dynamic.datasource.DynamicRoutingDataSource -- dynamic-datasource - add a datasource named [master] success
10:52:02.674 [main] INFO org.redisson.Version -- Redisson 4.6.1
10:52:02.680 [redisson-netty-14-1] INFO org.redisson.connection.ConnectionsHolder -- 1 connections initialized for 127.0.0.1/127.0.0.1:32833
10:52:02.681 [redisson-netty-14-2] INFO org.redisson.connection.ConnectionsHolder -- 1 connections initialized for 127.0.0.1/127.0.0.1:32833
10:52:02.704 [main] INFO com.zaxxer.hikari.HikariDataSource -- HikariPool-5 - Starting...
10:52:02.710 [main] INFO com.zaxxer.hikari.pool.HikariPool -- HikariPool-5 - Added connection com.mysql.cj.jdbc.ConnectionImpl@3314f179
10:52:02.710 [main] INFO com.zaxxer.hikari.HikariDataSource -- HikariPool-5 - Start completed.
10:52:02.841 [main] INFO com.baomidou.dynamic.datasource.DynamicRoutingDataSource -- dynamic-datasource start closing ....
10:52:02.841 [main] INFO com.baomidou.dynamic.datasource.DynamicRoutingDataSource -- dynamic-datasource all closed success,bye
10:52:02.842 [main] INFO com.zaxxer.hikari.HikariDataSource -- HikariPool-5 - Shutdown initiated...
10:52:02.848 [main] INFO com.zaxxer.hikari.HikariDataSource -- HikariPool-5 - Shutdown completed.
10:52:02.850 [main] INFO com.baomidou.dynamic.datasource.DynamicRoutingDataSource -- dynamic-datasource - add a datasource named [master] success
10:52:02.998 [main] INFO org.redisson.Version -- Redisson 4.6.1
10:52:03.006 [redisson-netty-17-1] INFO org.redisson.connection.ConnectionsHolder -- 1 connections initialized for 127.0.0.1/127.0.0.1:32833
10:52:03.006 [redisson-netty-17-2] INFO org.redisson.connection.ConnectionsHolder -- 1 connections initialized for 127.0.0.1/127.0.0.1:32833
10:52:03.026 [main] INFO com.zaxxer.hikari.HikariDataSource -- HikariPool-6 - Starting...
10:52:03.036 [main] INFO com.zaxxer.hikari.pool.HikariPool -- HikariPool-6 - Added connection com.mysql.cj.jdbc.ConnectionImpl@69efdfd9
10:52:03.037 [main] INFO com.zaxxer.hikari.HikariDataSource -- HikariPool-6 - Start completed.
10:52:03.100 [main] INFO com.baomidou.dynamic.datasource.DynamicRoutingDataSource -- dynamic-datasource start closing ....
10:52:03.101 [main] INFO com.baomidou.dynamic.datasource.DynamicRoutingDataSource -- dynamic-datasource all closed success,bye
10:52:03.101 [main] INFO com.zaxxer.hikari.HikariDataSource -- HikariPool-6 - Shutdown initiated...
10:52:03.102 [main] INFO com.zaxxer.hikari.HikariDataSource -- HikariPool-6 - Shutdown completed.
10:52:03.104 [main] INFO com.baomidou.dynamic.datasource.DynamicRoutingDataSource -- dynamic-datasource - add a datasource named [master] success
10:52:03.248 [main] INFO org.redisson.Version -- Redisson 4.6.1
10:52:03.254 [redisson-netty-20-1] INFO org.redisson.connection.ConnectionsHolder -- 1 connections initialized for 127.0.0.1/127.0.0.1:32833
10:52:03.254 [redisson-netty-20-2] INFO org.redisson.connection.ConnectionsHolder -- 1 connections initialized for 127.0.0.1/127.0.0.1:32833
10:52:03.275 [main] INFO com.zaxxer.hikari.HikariDataSource -- HikariPool-7 - Starting...
10:52:03.283 [main] INFO com.zaxxer.hikari.pool.HikariPool -- HikariPool-7 - Added connection com.mysql.cj.jdbc.ConnectionImpl@373fb666
10:52:03.283 [main] INFO com.zaxxer.hikari.HikariDataSource -- HikariPool-7 - Start completed.
10:52:03.407 [main] INFO com.baomidou.dynamic.datasource.DynamicRoutingDataSource -- dynamic-datasource start closing ....
10:52:03.407 [main] INFO com.baomidou.dynamic.datasource.DynamicRoutingDataSource -- dynamic-datasource all closed success,bye
10:52:03.407 [main] INFO com.zaxxer.hikari.HikariDataSource -- HikariPool-7 - Shutdown initiated...
10:52:03.419 [main] INFO com.zaxxer.hikari.HikariDataSource -- HikariPool-7 - Shutdown completed.
10:52:03.422 [main] INFO com.baomidou.dynamic.datasource.DynamicRoutingDataSource -- dynamic-datasource - add a datasource named [master] success
10:52:03.578 [main] INFO org.redisson.Version -- Redisson 4.6.1
10:52:03.582 [redisson-netty-23-1] INFO org.redisson.connection.ConnectionsHolder -- 1 connections initialized for 127.0.0.1/127.0.0.1:32833
10:52:03.582 [redisson-netty-23-2] INFO org.redisson.connection.ConnectionsHolder -- 1 connections initialized for 127.0.0.1/127.0.0.1:32833
10:52:03.604 [main] INFO com.zaxxer.hikari.HikariDataSource -- HikariPool-8 - Starting...
10:52:03.610 [main] INFO com.zaxxer.hikari.pool.HikariPool -- HikariPool-8 - Added connection com.mysql.cj.jdbc.ConnectionImpl@6a0a0f12
10:52:03.610 [main] INFO com.zaxxer.hikari.HikariDataSource -- HikariPool-8 - Start completed.
10:52:03.732 [main] INFO com.baomidou.dynamic.datasource.DynamicRoutingDataSource -- dynamic-datasource start closing ....
10:52:03.732 [main] INFO com.baomidou.dynamic.datasource.DynamicRoutingDataSource -- dynamic-datasource all closed success,bye
10:52:03.732 [main] INFO com.zaxxer.hikari.HikariDataSource -- HikariPool-8 - Shutdown initiated...
10:52:03.749 [main] INFO com.zaxxer.hikari.HikariDataSource -- HikariPool-8 - Shutdown completed.
10:52:03.751 [main] INFO com.baomidou.dynamic.datasource.DynamicRoutingDataSource -- dynamic-datasource - add a datasource named [master] success
10:52:03.890 [main] INFO org.redisson.Version -- Redisson 4.6.1
10:52:03.898 [redisson-netty-26-2] INFO org.redisson.connection.ConnectionsHolder -- 1 connections initialized for 127.0.0.1/127.0.0.1:32833
10:52:03.898 [redisson-netty-26-1] INFO org.redisson.connection.ConnectionsHolder -- 1 connections initialized for 127.0.0.1/127.0.0.1:32833
10:52:03.918 [main] INFO com.zaxxer.hikari.HikariDataSource -- HikariPool-9 - Starting...
10:52:03.922 [main] INFO com.zaxxer.hikari.pool.HikariPool -- HikariPool-9 - Added connection com.mysql.cj.jdbc.ConnectionImpl@68b4e7b5
10:52:03.922 [main] INFO com.zaxxer.hikari.HikariDataSource -- HikariPool-9 - Start completed.
10:52:04.009 [main] INFO com.baomidou.dynamic.datasource.DynamicRoutingDataSource -- dynamic-datasource start closing ....
10:52:04.009 [main] INFO com.baomidou.dynamic.datasource.DynamicRoutingDataSource -- dynamic-datasource all closed success,bye
10:52:04.009 [main] INFO com.zaxxer.hikari.HikariDataSource -- HikariPool-9 - Shutdown initiated...
10:52:04.010 [main] INFO com.zaxxer.hikari.HikariDataSource -- HikariPool-9 - Shutdown completed.
10:52:04.012 [main] INFO com.baomidou.dynamic.datasource.DynamicRoutingDataSource -- dynamic-datasource - add a datasource named [master] success
10:52:04.113 [main] INFO org.redisson.Version -- Redisson 4.6.1
10:52:04.117 [redisson-netty-29-1] INFO org.redisson.connection.ConnectionsHolder -- 1 connections initialized for 127.0.0.1/127.0.0.1:32833
10:52:04.117 [redisson-netty-29-2] INFO org.redisson.connection.ConnectionsHolder -- 1 connections initialized for 127.0.0.1/127.0.0.1:32833
10:52:04.134 [main] INFO com.zaxxer.hikari.HikariDataSource -- HikariPool-10 - Starting...
10:52:04.138 [main] INFO com.zaxxer.hikari.pool.HikariPool -- HikariPool-10 - Added connection com.mysql.cj.jdbc.ConnectionImpl@6bf27411
10:52:04.138 [main] INFO com.zaxxer.hikari.HikariDataSource -- HikariPool-10 - Start completed.
10:52:04.235 [main] INFO com.baomidou.dynamic.datasource.DynamicRoutingDataSource -- dynamic-datasource start closing ....
10:52:04.235 [main] INFO com.baomidou.dynamic.datasource.DynamicRoutingDataSource -- dynamic-datasource all closed success,bye
10:52:04.235 [main] INFO com.zaxxer.hikari.HikariDataSource -- HikariPool-10 - Shutdown initiated...
10:52:04.236 [main] INFO com.zaxxer.hikari.HikariDataSource -- HikariPool-10 - Shutdown completed.
10:52:04.237 [main] INFO com.baomidou.dynamic.datasource.DynamicRoutingDataSource -- dynamic-datasource - add a datasource named [master] success
10:52:04.335 [main] INFO org.redisson.Version -- Redisson 4.6.1
10:52:04.340 [redisson-netty-32-1] INFO org.redisson.connection.ConnectionsHolder -- 1 connections initialized for 127.0.0.1/127.0.0.1:32833
10:52:04.340 [redisson-netty-32-2] INFO org.redisson.connection.ConnectionsHolder -- 1 connections initialized for 127.0.0.1/127.0.0.1:32833
10:52:04.361 [main] INFO com.zaxxer.hikari.HikariDataSource -- HikariPool-11 - Starting...
10:52:04.365 [main] INFO com.zaxxer.hikari.pool.HikariPool -- HikariPool-11 - Added connection com.mysql.cj.jdbc.ConnectionImpl@39068df9
10:52:04.365 [main] INFO com.zaxxer.hikari.HikariDataSource -- HikariPool-11 - Start completed.
10:52:04.451 [main] INFO com.baomidou.dynamic.datasource.DynamicRoutingDataSource -- dynamic-datasource start closing ....
10:52:04.451 [main] INFO com.baomidou.dynamic.datasource.DynamicRoutingDataSource -- dynamic-datasource all closed success,bye
10:52:04.451 [main] INFO com.zaxxer.hikari.HikariDataSource -- HikariPool-11 - Shutdown initiated...
10:52:04.452 [main] INFO com.zaxxer.hikari.HikariDataSource -- HikariPool-11 - Shutdown completed.
10:52:04.454 [main] INFO com.baomidou.dynamic.datasource.DynamicRoutingDataSource -- dynamic-datasource - add a datasource named [master] success
10:52:04.554 [main] INFO org.redisson.Version -- Redisson 4.6.1
10:52:04.558 [redisson-netty-35-1] INFO org.redisson.connection.ConnectionsHolder -- 1 connections initialized for 127.0.0.1/127.0.0.1:32833
10:52:04.558 [redisson-netty-35-2] INFO org.redisson.connection.ConnectionsHolder -- 1 connections initialized for 127.0.0.1/127.0.0.1:32833
10:52:04.576 [main] INFO com.zaxxer.hikari.HikariDataSource -- HikariPool-12 - Starting...
10:52:04.581 [main] INFO com.zaxxer.hikari.pool.HikariPool -- HikariPool-12 - Added connection com.mysql.cj.jdbc.ConnectionImpl@318d69ea
10:52:04.581 [main] INFO com.zaxxer.hikari.HikariDataSource -- HikariPool-12 - Start completed.
10:52:04.661 [main] INFO com.baomidou.dynamic.datasource.DynamicRoutingDataSource -- dynamic-datasource start closing ....
10:52:04.661 [main] INFO com.baomidou.dynamic.datasource.DynamicRoutingDataSource -- dynamic-datasource all closed success,bye
10:52:04.661 [main] INFO com.zaxxer.hikari.HikariDataSource -- HikariPool-12 - Shutdown initiated...
10:52:04.664 [main] INFO com.zaxxer.hikari.HikariDataSource -- HikariPool-12 - Shutdown completed.
10:52:04.666 [main] INFO com.baomidou.dynamic.datasource.DynamicRoutingDataSource -- dynamic-datasource - add a datasource named [master] success
10:52:04.809 [main] INFO org.redisson.Version -- Redisson 4.6.1
10:52:04.812 [redisson-netty-38-1] INFO org.redisson.connection.ConnectionsHolder -- 1 connections initialized for 127.0.0.1/127.0.0.1:32833
10:52:04.812 [redisson-netty-38-2] INFO org.redisson.connection.ConnectionsHolder -- 1 connections initialized for 127.0.0.1/127.0.0.1:32833
10:52:04.828 [main] INFO com.zaxxer.hikari.HikariDataSource -- HikariPool-13 - Starting...
10:52:04.832 [main] INFO com.zaxxer.hikari.pool.HikariPool -- HikariPool-13 - Added connection com.mysql.cj.jdbc.ConnectionImpl@4c2057c6
10:52:04.832 [main] INFO com.zaxxer.hikari.HikariDataSource -- HikariPool-13 - Start completed.
10:52:04.911 [main] INFO com.baomidou.dynamic.datasource.DynamicRoutingDataSource -- dynamic-datasource start closing ....
10:52:04.911 [main] INFO com.baomidou.dynamic.datasource.DynamicRoutingDataSource -- dynamic-datasource all closed success,bye
10:52:04.911 [main] INFO com.zaxxer.hikari.HikariDataSource -- HikariPool-13 - Shutdown initiated...
10:52:04.911 [main] INFO com.zaxxer.hikari.HikariDataSource -- HikariPool-13 - Shutdown completed.
10:52:04.914 [main] INFO com.baomidou.dynamic.datasource.DynamicRoutingDataSource -- dynamic-datasource - add a datasource named [master] success
10:52:05.013 [main] INFO org.redisson.Version -- Redisson 4.6.1
10:52:05.016 [redisson-netty-41-1] INFO org.redisson.connection.ConnectionsHolder -- 1 connections initialized for 127.0.0.1/127.0.0.1:32833
10:52:05.017 [redisson-netty-41-2] INFO org.redisson.connection.ConnectionsHolder -- 1 connections initialized for 127.0.0.1/127.0.0.1:32833
10:52:05.034 [main] INFO com.zaxxer.hikari.HikariDataSource -- HikariPool-14 - Starting...
10:52:05.038 [main] INFO com.zaxxer.hikari.pool.HikariPool -- HikariPool-14 - Added connection com.mysql.cj.jdbc.ConnectionImpl@3ad142f0
10:52:05.038 [main] INFO com.zaxxer.hikari.HikariDataSource -- HikariPool-14 - Start completed.
10:52:05.098 [main] INFO com.baomidou.dynamic.datasource.DynamicRoutingDataSource -- dynamic-datasource start closing ....
10:52:05.099 [main] INFO com.baomidou.dynamic.datasource.DynamicRoutingDataSource -- dynamic-datasource all closed success,bye
10:52:05.099 [main] INFO com.zaxxer.hikari.HikariDataSource -- HikariPool-14 - Shutdown initiated...
10:52:05.099 [main] INFO com.zaxxer.hikari.HikariDataSource -- HikariPool-14 - Shutdown completed.
10:52:05.101 [main] INFO com.baomidou.dynamic.datasource.DynamicRoutingDataSource -- dynamic-datasource - add a datasource named [master] success
10:52:05.201 [main] INFO org.redisson.Version -- Redisson 4.6.1
10:52:05.205 [redisson-netty-44-2] INFO org.redisson.connection.ConnectionsHolder -- 1 connections initialized for 127.0.0.1/127.0.0.1:32833
10:52:05.205 [redisson-netty-44-1] INFO org.redisson.connection.ConnectionsHolder -- 1 connections initialized for 127.0.0.1/127.0.0.1:32833
10:52:05.225 [main] INFO com.zaxxer.hikari.HikariDataSource -- HikariPool-15 - Starting...
10:52:05.231 [main] INFO com.zaxxer.hikari.pool.HikariPool -- HikariPool-15 - Added connection com.mysql.cj.jdbc.ConnectionImpl@42ae0fcf
10:52:05.231 [main] INFO com.zaxxer.hikari.HikariDataSource -- HikariPool-15 - Start completed.
10:52:05.588 [main] INFO com.baomidou.dynamic.datasource.DynamicRoutingDataSource -- dynamic-datasource start closing ....
10:52:05.588 [main] INFO com.baomidou.dynamic.datasource.DynamicRoutingDataSource -- dynamic-datasource all closed success,bye
10:52:05.588 [main] INFO com.zaxxer.hikari.HikariDataSource -- HikariPool-15 - Shutdown initiated...
10:52:05.594 [main] INFO com.zaxxer.hikari.HikariDataSource -- HikariPool-15 - Shutdown completed.
[INFO] Tests run: 15, Failures: 0, Errors: 0, Skipped: 0, Time elapsed: 8.133 s -- in org.namewta.test.notify.NotifyDeadlineIntegrationTest
[INFO] Running org.namewta.test.notify.NotifyWakeIntegrationTest
10:52:06.810 [main] INFO com.baomidou.dynamic.datasource.DynamicRoutingDataSource -- dynamic-datasource - add a datasource named [master] success
10:52:07.403 [main] INFO org.redisson.Version -- Redisson 4.6.1
10:52:07.772 [redisson-netty-1-2] INFO org.redisson.connection.ConnectionsHolder -- 1 connections initialized for 127.0.0.1/127.0.0.1:32833
10:52:07.772 [redisson-netty-1-1] INFO org.redisson.connection.ConnectionsHolder -- 1 connections initialized for 127.0.0.1/127.0.0.1:32833
Mockito is currently self-attaching to enable the inline-mock-maker. This will no longer work in future releases of the JDK. Please add Mockito as an agent to your build as described in Mockito's documentation: https://javadoc.io/doc/org.mockito/mockito-core/latest/org.mockito/org/mockito/Mockito.html#0.3
OpenJDK 64-Bit Server VM warning: Sharing is only supported for boot loader classes because bootstrap classpath has been appended
WARNING: A Java agent has been loaded dynamically (/root/.m2/repository/net/bytebuddy/byte-buddy-agent/1.18.10/byte-buddy-agent-1.18.10.jar)
WARNING: If a serviceability tool is in use, please run with -XX:+EnableDynamicAgentLoading to hide this warning
WARNING: If a serviceability tool is not in use, please run with -Djdk.instrument.traceUsage for more information
WARNING: Dynamic loading of agents will be disallowed by default in a future release
10:52:09.420 [main] INFO com.zaxxer.hikari.HikariDataSource -- HikariPool-1 - Starting...
10:52:09.747 [main] INFO com.zaxxer.hikari.pool.HikariPool -- HikariPool-1 - Added connection com.mysql.cj.jdbc.ConnectionImpl@4627dfda
10:52:09.750 [main] INFO com.zaxxer.hikari.HikariDataSource -- HikariPool-1 - Start completed.
10:52:09.798 [main] INFO org.redisson.Version -- Redisson 4.6.1
10:52:09.805 [redisson-netty-5-1] INFO org.redisson.connection.ConnectionsHolder -- 1 connections initialized for 127.0.0.1/127.0.0.1:32833
10:52:09.805 [redisson-netty-5-2] INFO org.redisson.connection.ConnectionsHolder -- 1 connections initialized for 127.0.0.1/127.0.0.1:32833
10:52:10.328 [redisson-6-1] INFO org.namewta.notify.adapter.worker.NotifyOutboxWorker -- notify outbox drain trigger=WAKE claimed=0 batches=1
10:52:10.453 [redisson-6-2] INFO org.namewta.notify.adapter.worker.NotifyOutboxWorker -- notify outbox drain trigger=WAKE claimed=0 batches=1
10:52:10.456 [redisson-6-2] INFO org.namewta.notify.adapter.worker.NotifyOutboxWorker -- notify outbox drain trigger=WAKE claimed=0 batches=1
10:52:10.464 [redisson-6-2] INFO org.namewta.notify.adapter.worker.NotifyOutboxWorker -- notify outbox drain trigger=WAKE claimed=0 batches=1
10:52:10.469 [redisson-6-2] INFO org.namewta.notify.adapter.worker.NotifyOutboxWorker -- notify outbox drain trigger=WAKE claimed=0 batches=1
10:52:10.472 [redisson-6-2] INFO org.namewta.notify.adapter.worker.NotifyOutboxWorker -- notify outbox drain trigger=WAKE claimed=0 batches=1
10:52:10.480 [redisson-6-2] INFO org.namewta.notify.adapter.worker.NotifyOutboxWorker -- notify outbox drain trigger=WAKE claimed=0 batches=1
10:52:10.485 [redisson-6-2] INFO org.namewta.notify.adapter.worker.NotifyOutboxWorker -- notify outbox drain trigger=WAKE claimed=0 batches=1
10:52:10.490 [redisson-6-2] INFO org.namewta.notify.adapter.worker.NotifyOutboxWorker -- notify outbox drain trigger=WAKE claimed=0 batches=1
10:52:10.498 [redisson-6-2] INFO org.namewta.notify.adapter.worker.NotifyOutboxWorker -- notify outbox drain trigger=WAKE claimed=0 batches=1
10:52:10.501 [redisson-6-2] INFO org.namewta.notify.adapter.worker.NotifyOutboxWorker -- notify outbox drain trigger=WAKE claimed=0 batches=1
10:52:10.517 [redisson-6-2] INFO org.namewta.notify.adapter.worker.NotifyOutboxWorker -- notify outbox drain trigger=WAKE claimed=0 batches=1
10:52:10.522 [redisson-6-2] INFO org.namewta.notify.adapter.worker.NotifyOutboxWorker -- notify outbox drain trigger=WAKE claimed=0 batches=1
10:52:10.527 [redisson-6-2] INFO org.namewta.notify.adapter.worker.NotifyOutboxWorker -- notify outbox drain trigger=WAKE claimed=0 batches=1
10:52:10.535 [redisson-6-2] INFO org.namewta.notify.adapter.worker.NotifyOutboxWorker -- notify outbox drain trigger=WAKE claimed=0 batches=1
10:52:10.541 [redisson-6-2] INFO org.namewta.notify.adapter.worker.NotifyOutboxWorker -- notify outbox drain trigger=WAKE claimed=0 batches=1
10:52:10.549 [redisson-6-2] INFO org.namewta.notify.adapter.worker.NotifyOutboxWorker -- notify outbox drain trigger=WAKE claimed=0 batches=1
10:52:10.554 [redisson-6-2] INFO org.namewta.notify.adapter.worker.NotifyOutboxWorker -- notify outbox drain trigger=WAKE claimed=0 batches=1
10:52:10.561 [redisson-6-2] INFO org.namewta.notify.adapter.worker.NotifyOutboxWorker -- notify outbox drain trigger=WAKE claimed=0 batches=1
10:52:10.566 [redisson-6-2] INFO org.namewta.notify.adapter.worker.NotifyOutboxWorker -- notify outbox drain trigger=WAKE claimed=0 batches=1
10:52:10.572 [redisson-6-2] INFO org.namewta.notify.adapter.worker.NotifyOutboxWorker -- notify outbox drain trigger=WAKE claimed=0 batches=1
10:52:10.584 [redisson-6-2] INFO org.namewta.notify.adapter.worker.NotifyOutboxWorker -- notify outbox drain trigger=WAKE claimed=0 batches=1
10:52:10.589 [redisson-6-2] INFO org.namewta.notify.adapter.worker.NotifyOutboxWorker -- notify outbox drain trigger=WAKE claimed=0 batches=1
10:52:10.596 [redisson-6-2] INFO org.namewta.notify.adapter.worker.NotifyOutboxWorker -- notify outbox drain trigger=WAKE claimed=0 batches=1
10:52:10.599 [redisson-6-2] INFO org.namewta.notify.adapter.worker.NotifyOutboxWorker -- notify outbox drain trigger=WAKE claimed=0 batches=1
10:52:10.602 [redisson-6-2] INFO org.namewta.notify.adapter.worker.NotifyOutboxWorker -- notify outbox drain trigger=WAKE claimed=0 batches=1
10:52:10.604 [redisson-6-2] INFO org.namewta.notify.adapter.worker.NotifyOutboxWorker -- notify outbox drain trigger=WAKE claimed=0 batches=1
10:52:10.609 [redisson-6-2] INFO org.namewta.notify.adapter.worker.NotifyOutboxWorker -- notify outbox drain trigger=WAKE claimed=0 batches=1
10:52:10.614 [redisson-6-2] INFO org.namewta.notify.adapter.worker.NotifyOutboxWorker -- notify outbox drain trigger=WAKE claimed=0 batches=1
10:52:10.618 [redisson-6-2] INFO org.namewta.notify.adapter.worker.NotifyOutboxWorker -- notify outbox drain trigger=WAKE claimed=0 batches=1
10:52:10.623 [redisson-6-2] INFO org.namewta.notify.adapter.worker.NotifyOutboxWorker -- notify outbox drain trigger=WAKE claimed=0 batches=1
10:52:10.629 [redisson-6-2] INFO org.namewta.notify.adapter.worker.NotifyOutboxWorker -- notify outbox drain trigger=WAKE claimed=0 batches=1
10:52:10.632 [redisson-3-1] WARN org.namewta.notify.adapter.event.InAppCommittedPushListener -- 站内实时提示失败，messageId=2102773019090743297, reason=IllegalStateException
10:52:10.635 [redisson-6-2] INFO org.namewta.notify.adapter.worker.NotifyOutboxWorker -- notify outbox drain trigger=WAKE claimed=0 batches=1
10:52:10.636 [redisson-3-1] INFO org.namewta.notify.adapter.worker.NotifyOutboxWorker -- notify outbox drain trigger=WAKE claimed=1 batches=2
10:52:10.638 [redisson-6-2] INFO org.namewta.notify.adapter.worker.NotifyOutboxWorker -- notify outbox drain trigger=WAKE claimed=0 batches=1
10:52:10.639 [redisson-3-1] INFO org.namewta.notify.adapter.worker.NotifyOutboxWorker -- notify outbox drain trigger=WAKE claimed=0 batches=1
10:52:10.642 [redisson-3-1] INFO org.namewta.notify.adapter.worker.NotifyOutboxWorker -- notify outbox drain trigger=WAKE claimed=0 batches=1
10:52:10.643 [redisson-6-2] INFO org.namewta.notify.adapter.worker.NotifyOutboxWorker -- notify outbox drain trigger=WAKE claimed=0 batches=1
10:52:10.647 [redisson-3-1] INFO org.namewta.notify.adapter.worker.NotifyOutboxWorker -- notify outbox drain trigger=WAKE claimed=0 batches=1
10:52:10.647 [redisson-6-2] INFO org.namewta.notify.adapter.worker.NotifyOutboxWorker -- notify outbox drain trigger=WAKE claimed=0 batches=1
10:52:10.650 [redisson-3-1] INFO org.namewta.notify.adapter.worker.NotifyOutboxWorker -- notify outbox drain trigger=WAKE claimed=0 batches=1
10:52:10.653 [redisson-6-2] INFO org.namewta.notify.adapter.worker.NotifyOutboxWorker -- notify outbox drain trigger=WAKE claimed=0 batches=1
10:52:10.653 [redisson-3-1] INFO org.namewta.notify.adapter.worker.NotifyOutboxWorker -- notify outbox drain trigger=WAKE claimed=0 batches=1
10:52:10.656 [redisson-3-1] INFO org.namewta.notify.adapter.worker.NotifyOutboxWorker -- notify outbox drain trigger=WAKE claimed=0 batches=1
10:52:10.659 [redisson-3-1] INFO org.namewta.notify.adapter.worker.NotifyOutboxWorker -- notify outbox drain trigger=WAKE claimed=0 batches=1
10:52:10.659 [redisson-6-2] INFO org.namewta.notify.adapter.worker.NotifyOutboxWorker -- notify outbox drain trigger=WAKE claimed=0 batches=1
10:52:10.662 [redisson-3-1] INFO org.namewta.notify.adapter.worker.NotifyOutboxWorker -- notify outbox drain trigger=WAKE claimed=0 batches=1
10:52:10.664 [redisson-6-2] INFO org.namewta.notify.adapter.worker.NotifyOutboxWorker -- notify outbox drain trigger=WAKE claimed=0 batches=1
10:52:10.665 [redisson-3-1] INFO org.namewta.notify.adapter.worker.NotifyOutboxWorker -- notify outbox drain trigger=WAKE claimed=0 batches=1
10:52:10.669 [redisson-3-1] INFO org.namewta.notify.adapter.worker.NotifyOutboxWorker -- notify outbox drain trigger=WAKE claimed=0 batches=1
10:52:10.672 [redisson-3-1] INFO org.namewta.notify.adapter.worker.NotifyOutboxWorker -- notify outbox drain trigger=WAKE claimed=0 batches=1
10:52:10.672 [redisson-6-2] INFO org.namewta.notify.adapter.worker.NotifyOutboxWorker -- notify outbox drain trigger=WAKE claimed=0 batches=1
10:52:10.675 [redisson-3-1] INFO org.namewta.notify.adapter.worker.NotifyOutboxWorker -- notify outbox drain trigger=WAKE claimed=0 batches=1
10:52:10.676 [redisson-6-2] INFO org.namewta.notify.adapter.worker.NotifyOutboxWorker -- notify outbox drain trigger=WAKE claimed=0 batches=1
10:52:10.679 [redisson-3-1] INFO org.namewta.notify.adapter.worker.NotifyOutboxWorker -- notify outbox drain trigger=WAKE claimed=0 batches=1
10:52:10.680 [redisson-6-2] INFO org.namewta.notify.adapter.worker.NotifyOutboxWorker -- notify outbox drain trigger=WAKE claimed=0 batches=1
10:52:10.681 [redisson-3-1] INFO org.namewta.notify.adapter.worker.NotifyOutboxWorker -- notify outbox drain trigger=WAKE claimed=0 batches=1
10:52:10.682 [redisson-6-2] INFO org.namewta.notify.adapter.worker.NotifyOutboxWorker -- notify outbox drain trigger=WAKE claimed=0 batches=1
10:52:10.683 [redisson-3-1] INFO org.namewta.notify.adapter.worker.NotifyOutboxWorker -- notify outbox drain trigger=WAKE claimed=0 batches=1
10:52:10.684 [redisson-6-2] INFO org.namewta.notify.adapter.worker.NotifyOutboxWorker -- notify outbox drain trigger=WAKE claimed=0 batches=1
10:52:10.687 [redisson-6-2] INFO org.namewta.notify.adapter.worker.NotifyOutboxWorker -- notify outbox drain trigger=WAKE claimed=0 batches=1
10:52:10.824 [main] WARN org.namewta.notify.adapter.event.InAppCommittedPushListener -- 站内实时提示失败，messageId=2102773021812846594, reason=IllegalStateException
10:52:10.829 [main] INFO org.namewta.notify.adapter.worker.NotifyOutboxWorker -- notify outbox drain trigger=POLL claimed=1 batches=2
10:52:11.115 [main] WARN org.namewta.notify.adapter.event.NotifyOutboxWakePublisher -- notify outbox cross-process wake publish failed, outboxId=2102773022488129537, reason=TimeoutException, fallback poll remains
10:52:12.204 [main] WARN org.namewta.notify.adapter.event.InAppCommittedPushListener -- 站内实时提示失败，messageId=2102773022441992194, reason=IllegalStateException
10:52:12.207 [main] INFO org.namewta.notify.adapter.worker.NotifyOutboxWorker -- notify outbox drain trigger=POLL claimed=1 batches=2
T-28: commitMs=398, firstProviderMs=522, pausedRedisCommitMs=278, scenarios=slow-provider,wake-storm,lost-wake,redis-timeout,poll-recovery
10:52:12.298 [main] INFO com.baomidou.dynamic.datasource.DynamicRoutingDataSource -- dynamic-datasource start closing ....
10:52:12.302 [main] INFO com.baomidou.dynamic.datasource.DynamicRoutingDataSource -- dynamic-datasource all closed success,bye
10:52:12.302 [main] INFO com.zaxxer.hikari.HikariDataSource -- HikariPool-1 - Shutdown initiated...
10:52:12.308 [main] INFO com.zaxxer.hikari.HikariDataSource -- HikariPool-1 - Shutdown completed.
[INFO] Tests run: 1, Failures: 0, Errors: 0, Skipped: 0, Time elapsed: 5.735 s -- in org.namewta.test.notify.NotifyWakeIntegrationTest
[INFO] Running org.namewta.test.notify.NotifySmsDispatchIntegrationTest
10:52:13.348 [main] INFO org.redisson.Version -- Redisson 4.6.1
10:52:13.649 [redisson-netty-1-1] INFO org.redisson.connection.ConnectionsHolder -- 1 connections initialized for 127.0.0.1/127.0.0.1:32833
10:52:13.650 [redisson-netty-1-2] INFO org.redisson.connection.ConnectionsHolder -- 1 connections initialized for 127.0.0.1/127.0.0.1:32833
10:52:13.898 [main] INFO com.baomidou.dynamic.datasource.DynamicRoutingDataSource -- dynamic-datasource - add a datasource named [master] success
10:52:14.798 [main] INFO com.zaxxer.hikari.HikariDataSource -- HikariPool-1 - Starting...
10:52:15.097 [main] INFO com.zaxxer.hikari.pool.HikariPool -- HikariPool-1 - Added connection com.mysql.cj.jdbc.ConnectionImpl@1e120628
10:52:15.099 [main] INFO com.zaxxer.hikari.HikariDataSource -- HikariPool-1 - Start completed.
10:52:15.772 [main] INFO com.baomidou.dynamic.datasource.DynamicRoutingDataSource -- dynamic-datasource start closing ....
10:52:15.774 [main] INFO com.zaxxer.hikari.HikariDataSource -- HikariPool-1 - Shutdown initiated...
10:52:15.781 [main] INFO com.zaxxer.hikari.HikariDataSource -- HikariPool-1 - Shutdown completed.
10:52:15.781 [main] INFO com.baomidou.dynamic.datasource.destroyer.DefaultDataSourceDestroyer -- dynamic-datasource close the datasource named [master] success,
10:52:15.781 [main] INFO com.baomidou.dynamic.datasource.DynamicRoutingDataSource -- dynamic-datasource all closed success,bye
10:52:15.791 [main] INFO com.baomidou.dynamic.datasource.DynamicRoutingDataSource -- dynamic-datasource - add a datasource named [master] success
10:52:15.977 [main] INFO com.zaxxer.hikari.HikariDataSource -- HikariPool-2 - Starting...
10:52:15.982 [main] INFO com.zaxxer.hikari.pool.HikariPool -- HikariPool-2 - Added connection com.mysql.cj.jdbc.ConnectionImpl@51813065
10:52:15.982 [main] INFO com.zaxxer.hikari.HikariDataSource -- HikariPool-2 - Start completed.
10:52:16.128 [main] INFO com.baomidou.dynamic.datasource.DynamicRoutingDataSource -- dynamic-datasource start closing ....
10:52:16.129 [main] INFO com.zaxxer.hikari.HikariDataSource -- HikariPool-2 - Shutdown initiated...
10:52:16.150 [main] INFO com.zaxxer.hikari.HikariDataSource -- HikariPool-2 - Shutdown completed.
10:52:16.150 [main] INFO com.baomidou.dynamic.datasource.destroyer.DefaultDataSourceDestroyer -- dynamic-datasource close the datasource named [master] success,
10:52:16.150 [main] INFO com.baomidou.dynamic.datasource.DynamicRoutingDataSource -- dynamic-datasource all closed success,bye
10:52:16.153 [main] INFO com.baomidou.dynamic.datasource.DynamicRoutingDataSource -- dynamic-datasource - add a datasource named [master] success
10:52:16.298 [main] INFO com.zaxxer.hikari.HikariDataSource -- HikariPool-3 - Starting...
10:52:16.303 [main] INFO com.zaxxer.hikari.pool.HikariPool -- HikariPool-3 - Added connection com.mysql.cj.jdbc.ConnectionImpl@11c3ce6a
10:52:16.303 [main] INFO com.zaxxer.hikari.HikariDataSource -- HikariPool-3 - Start completed.
10:52:16.414 [main] INFO com.baomidou.dynamic.datasource.DynamicRoutingDataSource -- dynamic-datasource start closing ....
10:52:16.415 [main] INFO com.zaxxer.hikari.HikariDataSource -- HikariPool-3 - Shutdown initiated...
10:52:16.439 [main] INFO com.zaxxer.hikari.HikariDataSource -- HikariPool-3 - Shutdown completed.
10:52:16.440 [main] INFO com.baomidou.dynamic.datasource.destroyer.DefaultDataSourceDestroyer -- dynamic-datasource close the datasource named [master] success,
10:52:16.440 [main] INFO com.baomidou.dynamic.datasource.DynamicRoutingDataSource -- dynamic-datasource all closed success,bye
10:52:16.442 [main] INFO com.baomidou.dynamic.datasource.DynamicRoutingDataSource -- dynamic-datasource - add a datasource named [master] success
10:52:16.616 [main] INFO com.zaxxer.hikari.HikariDataSource -- HikariPool-4 - Starting...
10:52:16.620 [main] INFO com.zaxxer.hikari.pool.HikariPool -- HikariPool-4 - Added connection com.mysql.cj.jdbc.ConnectionImpl@7f030c72
10:52:16.621 [main] INFO com.zaxxer.hikari.HikariDataSource -- HikariPool-4 - Start completed.
10:52:16.738 [main] INFO com.baomidou.dynamic.datasource.DynamicRoutingDataSource -- dynamic-datasource start closing ....
10:52:16.738 [main] INFO com.zaxxer.hikari.HikariDataSource -- HikariPool-4 - Shutdown initiated...
10:52:16.757 [main] INFO com.zaxxer.hikari.HikariDataSource -- HikariPool-4 - Shutdown completed.
10:52:16.757 [main] INFO com.baomidou.dynamic.datasource.destroyer.DefaultDataSourceDestroyer -- dynamic-datasource close the datasource named [master] success,
10:52:16.757 [main] INFO com.baomidou.dynamic.datasource.DynamicRoutingDataSource -- dynamic-datasource all closed success,bye
10:52:16.761 [main] INFO com.baomidou.dynamic.datasource.DynamicRoutingDataSource -- dynamic-datasource - add a datasource named [master] success
10:52:16.900 [main] INFO com.zaxxer.hikari.HikariDataSource -- HikariPool-5 - Starting...
10:52:16.905 [main] INFO com.zaxxer.hikari.pool.HikariPool -- HikariPool-5 - Added connection com.mysql.cj.jdbc.ConnectionImpl@4045fd1f
10:52:16.905 [main] INFO com.zaxxer.hikari.HikariDataSource -- HikariPool-5 - Start completed.
10:52:17.107 [main] INFO com.baomidou.dynamic.datasource.DynamicRoutingDataSource -- dynamic-datasource start closing ....
10:52:17.107 [main] INFO com.zaxxer.hikari.HikariDataSource -- HikariPool-5 - Shutdown initiated...
10:52:17.109 [main] INFO com.zaxxer.hikari.HikariDataSource -- HikariPool-5 - Shutdown completed.
10:52:17.109 [main] INFO com.baomidou.dynamic.datasource.destroyer.DefaultDataSourceDestroyer -- dynamic-datasource close the datasource named [master] success,
10:52:17.109 [main] INFO com.baomidou.dynamic.datasource.DynamicRoutingDataSource -- dynamic-datasource all closed success,bye
10:52:17.112 [main] INFO com.baomidou.dynamic.datasource.DynamicRoutingDataSource -- dynamic-datasource - add a datasource named [master] success
10:52:17.240 [main] INFO com.zaxxer.hikari.HikariDataSource -- HikariPool-6 - Starting...
10:52:17.245 [main] INFO com.zaxxer.hikari.pool.HikariPool -- HikariPool-6 - Added connection com.mysql.cj.jdbc.ConnectionImpl@2f0cab82
10:52:17.245 [main] INFO com.zaxxer.hikari.HikariDataSource -- HikariPool-6 - Start completed.
10:52:17.431 [main] INFO com.baomidou.dynamic.datasource.DynamicRoutingDataSource -- dynamic-datasource start closing ....
10:52:17.431 [main] INFO com.zaxxer.hikari.HikariDataSource -- HikariPool-6 - Shutdown initiated...
10:52:17.452 [main] INFO com.zaxxer.hikari.HikariDataSource -- HikariPool-6 - Shutdown completed.
10:52:17.453 [main] INFO com.baomidou.dynamic.datasource.destroyer.DefaultDataSourceDestroyer -- dynamic-datasource close the datasource named [master] success,
10:52:17.453 [main] INFO com.baomidou.dynamic.datasource.DynamicRoutingDataSource -- dynamic-datasource all closed success,bye
10:52:17.456 [main] INFO com.baomidou.dynamic.datasource.DynamicRoutingDataSource -- dynamic-datasource - add a datasource named [master] success
10:52:17.619 [main] INFO com.zaxxer.hikari.HikariDataSource -- HikariPool-7 - Starting...
10:52:17.626 [main] INFO com.zaxxer.hikari.pool.HikariPool -- HikariPool-7 - Added connection com.mysql.cj.jdbc.ConnectionImpl@1c3d9e28
10:52:17.626 [main] INFO com.zaxxer.hikari.HikariDataSource -- HikariPool-7 - Start completed.
10:52:17.771 [main] INFO com.baomidou.dynamic.datasource.DynamicRoutingDataSource -- dynamic-datasource start closing ....
10:52:17.771 [main] INFO com.zaxxer.hikari.HikariDataSource -- HikariPool-7 - Shutdown initiated...
10:52:17.796 [main] INFO com.zaxxer.hikari.HikariDataSource -- HikariPool-7 - Shutdown completed.
10:52:17.796 [main] INFO com.baomidou.dynamic.datasource.destroyer.DefaultDataSourceDestroyer -- dynamic-datasource close the datasource named [master] success,
10:52:17.796 [main] INFO com.baomidou.dynamic.datasource.DynamicRoutingDataSource -- dynamic-datasource all closed success,bye
10:52:17.801 [main] INFO com.baomidou.dynamic.datasource.DynamicRoutingDataSource -- dynamic-datasource - add a datasource named [master] success
10:52:17.920 [main] INFO com.zaxxer.hikari.HikariDataSource -- HikariPool-8 - Starting...
10:52:17.927 [main] INFO com.zaxxer.hikari.pool.HikariPool -- HikariPool-8 - Added connection com.mysql.cj.jdbc.ConnectionImpl@75f32817
10:52:17.927 [main] INFO com.zaxxer.hikari.HikariDataSource -- HikariPool-8 - Start completed.
10:52:17.966 [main] INFO com.baomidou.dynamic.datasource.DynamicRoutingDataSource -- dynamic-datasource start closing ....
10:52:17.966 [main] INFO com.zaxxer.hikari.HikariDataSource -- HikariPool-8 - Shutdown initiated...
10:52:17.967 [main] INFO com.zaxxer.hikari.HikariDataSource -- HikariPool-8 - Shutdown completed.
10:52:17.967 [main] INFO com.baomidou.dynamic.datasource.destroyer.DefaultDataSourceDestroyer -- dynamic-datasource close the datasource named [master] success,
10:52:17.967 [main] INFO com.baomidou.dynamic.datasource.DynamicRoutingDataSource -- dynamic-datasource all closed success,bye
10:52:17.970 [main] INFO com.baomidou.dynamic.datasource.DynamicRoutingDataSource -- dynamic-datasource - add a datasource named [master] success
10:52:18.101 [main] INFO com.zaxxer.hikari.HikariDataSource -- HikariPool-9 - Starting...
10:52:18.104 [main] INFO com.zaxxer.hikari.pool.HikariPool -- HikariPool-9 - Added connection com.mysql.cj.jdbc.ConnectionImpl@5d68954d
10:52:18.105 [main] INFO com.zaxxer.hikari.HikariDataSource -- HikariPool-9 - Start completed.
Mockito is currently self-attaching to enable the inline-mock-maker. This will no longer work in future releases of the JDK. Please add Mockito as an agent to your build as described in Mockito's documentation: https://javadoc.io/doc/org.mockito/mockito-core/latest/org.mockito/org/mockito/Mockito.html#0.3
OpenJDK 64-Bit Server VM warning: Sharing is only supported for boot loader classes because bootstrap classpath has been appended
WARNING: A Java agent has been loaded dynamically (/root/.m2/repository/net/bytebuddy/byte-buddy-agent/1.18.10/byte-buddy-agent-1.18.10.jar)
WARNING: If a serviceability tool is in use, please run with -XX:+EnableDynamicAgentLoading to hide this warning
WARNING: If a serviceability tool is not in use, please run with -Djdk.instrument.traceUsage for more information
WARNING: Dynamic loading of agents will be disallowed by default in a future release
10:52:19.555 [main] INFO com.baomidou.dynamic.datasource.DynamicRoutingDataSource -- dynamic-datasource start closing ....
10:52:19.556 [main] INFO com.zaxxer.hikari.HikariDataSource -- HikariPool-9 - Shutdown initiated...
10:52:19.559 [main] INFO com.zaxxer.hikari.HikariDataSource -- HikariPool-9 - Shutdown completed.
10:52:19.560 [main] INFO com.baomidou.dynamic.datasource.destroyer.DefaultDataSourceDestroyer -- dynamic-datasource close the datasource named [master] success,
10:52:19.560 [main] INFO com.baomidou.dynamic.datasource.DynamicRoutingDataSource -- dynamic-datasource all closed success,bye
10:52:19.566 [main] INFO com.baomidou.dynamic.datasource.DynamicRoutingDataSource -- dynamic-datasource - add a datasource named [master] success
10:52:19.865 [main] INFO com.zaxxer.hikari.HikariDataSource -- HikariPool-10 - Starting...
10:52:19.871 [main] INFO com.zaxxer.hikari.pool.HikariPool -- HikariPool-10 - Added connection com.mysql.cj.jdbc.ConnectionImpl@7e28f150
10:52:19.871 [main] INFO com.zaxxer.hikari.HikariDataSource -- HikariPool-10 - Start completed.
10:52:20.061 [main] INFO com.baomidou.dynamic.datasource.DynamicRoutingDataSource -- dynamic-datasource start closing ....
10:52:20.061 [main] INFO com.zaxxer.hikari.HikariDataSource -- HikariPool-10 - Shutdown initiated...
10:52:20.081 [main] INFO com.zaxxer.hikari.HikariDataSource -- HikariPool-10 - Shutdown completed.
10:52:20.081 [main] INFO com.baomidou.dynamic.datasource.destroyer.DefaultDataSourceDestroyer -- dynamic-datasource close the datasource named [master] success,
10:52:20.081 [main] INFO com.baomidou.dynamic.datasource.DynamicRoutingDataSource -- dynamic-datasource all closed success,bye
[INFO] Tests run: 10, Failures: 0, Errors: 0, Skipped: 0, Time elapsed: 6.938 s -- in org.namewta.test.notify.NotifySmsDispatchIntegrationTest
[INFO] Running org.namewta.test.notify.NotifySupportedModeIntegrationTest
10:52:21.260 [main] INFO com.baomidou.dynamic.datasource.DynamicRoutingDataSource -- dynamic-datasource - add a datasource named [master] success
10:52:21.929 [main] INFO org.redisson.Version -- Redisson 4.6.1
10:52:22.276 [redisson-netty-1-2] INFO org.redisson.connection.ConnectionsHolder -- 1 connections initialized for 127.0.0.1/127.0.0.1:32833
10:52:22.276 [redisson-netty-1-1] INFO org.redisson.connection.ConnectionsHolder -- 1 connections initialized for 127.0.0.1/127.0.0.1:32833
Mockito is currently self-attaching to enable the inline-mock-maker. This will no longer work in future releases of the JDK. Please add Mockito as an agent to your build as described in Mockito's documentation: https://javadoc.io/doc/org.mockito/mockito-core/latest/org.mockito/org/mockito/Mockito.html#0.3
WARNING: A Java agent has been loaded dynamically (/root/.m2/repository/net/bytebuddy/byte-buddy-agent/1.18.10/byte-buddy-agent-1.18.10.jar)
WARNING: If a serviceability tool is in use, please run with -XX:+EnableDynamicAgentLoading to hide this warning
WARNING: If a serviceability tool is not in use, please run with -Djdk.instrument.traceUsage for more information
WARNING: Dynamic loading of agents will be disallowed by default in a future release
OpenJDK 64-Bit Server VM warning: Sharing is only supported for boot loader classes because bootstrap classpath has been appended
10:52:23.885 [main] INFO com.zaxxer.hikari.HikariDataSource -- HikariPool-1 - Starting...
10:52:24.268 [main] INFO com.zaxxer.hikari.pool.HikariPool -- HikariPool-1 - Added connection com.mysql.cj.jdbc.ConnectionImpl@5d74507c
10:52:24.270 [main] INFO com.zaxxer.hikari.HikariDataSource -- HikariPool-1 - Start completed.
10:52:24.631 [main] INFO com.baomidou.dynamic.datasource.DynamicRoutingDataSource -- dynamic-datasource start closing ....
10:52:24.636 [main] INFO com.baomidou.dynamic.datasource.DynamicRoutingDataSource -- dynamic-datasource all closed success,bye
10:52:24.636 [main] INFO com.zaxxer.hikari.HikariDataSource -- HikariPool-1 - Shutdown initiated...
10:52:24.653 [main] INFO com.zaxxer.hikari.HikariDataSource -- HikariPool-1 - Shutdown completed.
10:52:24.674 [main] INFO com.baomidou.dynamic.datasource.DynamicRoutingDataSource -- dynamic-datasource - add a datasource named [master] success
10:52:24.994 [main] INFO org.redisson.Version -- Redisson 4.6.1
10:52:25.000 [redisson-netty-5-1] INFO org.redisson.connection.ConnectionsHolder -- 1 connections initialized for 127.0.0.1/127.0.0.1:32833
10:52:25.004 [redisson-netty-5-2] INFO org.redisson.connection.ConnectionsHolder -- 1 connections initialized for 127.0.0.1/127.0.0.1:32833
10:52:25.038 [main] INFO com.zaxxer.hikari.HikariDataSource -- HikariPool-2 - Starting...
10:52:25.046 [main] INFO com.zaxxer.hikari.pool.HikariPool -- HikariPool-2 - Added connection com.mysql.cj.jdbc.ConnectionImpl@f439e0f
10:52:25.047 [main] INFO com.zaxxer.hikari.HikariDataSource -- HikariPool-2 - Start completed.
10:52:25.356 [main] INFO com.baomidou.dynamic.datasource.DynamicRoutingDataSource -- dynamic-datasource start closing ....
10:52:25.357 [main] INFO com.baomidou.dynamic.datasource.DynamicRoutingDataSource -- dynamic-datasource all closed success,bye
10:52:25.357 [main] INFO com.zaxxer.hikari.HikariDataSource -- HikariPool-2 - Shutdown initiated...
10:52:25.368 [main] INFO com.zaxxer.hikari.HikariDataSource -- HikariPool-2 - Shutdown completed.
10:52:25.371 [main] INFO com.baomidou.dynamic.datasource.DynamicRoutingDataSource -- dynamic-datasource - add a datasource named [master] success
10:52:25.543 [main] INFO org.redisson.Version -- Redisson 4.6.1
10:52:25.556 [redisson-netty-8-1] INFO org.redisson.connection.ConnectionsHolder -- 1 connections initialized for 127.0.0.1/127.0.0.1:32833
10:52:25.557 [redisson-netty-8-2] INFO org.redisson.connection.ConnectionsHolder -- 1 connections initialized for 127.0.0.1/127.0.0.1:32833
10:52:25.581 [main] INFO com.zaxxer.hikari.HikariDataSource -- HikariPool-3 - Starting...
10:52:25.587 [main] INFO com.zaxxer.hikari.pool.HikariPool -- HikariPool-3 - Added connection com.mysql.cj.jdbc.ConnectionImpl@29174dfe
10:52:25.587 [main] INFO com.zaxxer.hikari.HikariDataSource -- HikariPool-3 - Start completed.
10:52:25.716 [main] INFO com.baomidou.dynamic.datasource.DynamicRoutingDataSource -- dynamic-datasource start closing ....
10:52:25.716 [main] INFO com.baomidou.dynamic.datasource.DynamicRoutingDataSource -- dynamic-datasource all closed success,bye
10:52:25.716 [main] INFO com.zaxxer.hikari.HikariDataSource -- HikariPool-3 - Shutdown initiated...
10:52:25.725 [main] INFO com.zaxxer.hikari.HikariDataSource -- HikariPool-3 - Shutdown completed.
10:52:25.729 [main] INFO com.baomidou.dynamic.datasource.DynamicRoutingDataSource -- dynamic-datasource - add a datasource named [master] success
10:52:25.885 [main] INFO org.redisson.Version -- Redisson 4.6.1
10:52:25.892 [redisson-netty-11-1] INFO org.redisson.connection.ConnectionsHolder -- 1 connections initialized for 127.0.0.1/127.0.0.1:32833
10:52:25.893 [redisson-netty-11-2] INFO org.redisson.connection.ConnectionsHolder -- 1 connections initialized for 127.0.0.1/127.0.0.1:32833
10:52:25.915 [main] INFO com.zaxxer.hikari.HikariDataSource -- HikariPool-4 - Starting...
10:52:25.919 [main] INFO com.zaxxer.hikari.pool.HikariPool -- HikariPool-4 - Added connection com.mysql.cj.jdbc.ConnectionImpl@483ed60e
10:52:25.919 [main] INFO com.zaxxer.hikari.HikariDataSource -- HikariPool-4 - Start completed.
____ ____    ___ ____ _  _ ____ _  _ 
[__  |__| __  |  |  | |_/  |___ |\ | 
___] |  |     |  |__| | \_ |___ | \| 
https://sa-token.cc (v1.45.0)
10:52:26.766 [main] INFO org.hibernate.validator.internal.util.Version -- HV000001: Hibernate Validator 9.1.0.Final
10:52:27.240 [main] INFO org.eclipse.jetty.server.Server -- jetty-12.1.10; built: 2026-05-31T04:45:52.925Z; git: 986024525891c2c20ff08c58ba300dc3b9847586; jvm 21.0.12.1+1-LTS
10:52:27.273 [main] INFO org.eclipse.jetty.server.handler.ContextHandler -- Started oeje11s.ServletContextHandler@26fee641{ROOT,/,b=null,a=AVAILABLE,h=oeje11s.ServletHandler@32fb4a87{STARTED}}
10:52:27.284 [main] INFO org.eclipse.jetty.server.handler.ContextHandler.ROOT -- Initializing Spring DispatcherServlet 'org.springframework.web.servlet.DispatcherServlet-2d036335'
10:52:27.284 [main] INFO org.springframework.web.servlet.DispatcherServlet -- Initializing Servlet 'org.springframework.web.servlet.DispatcherServlet-2d036335'
10:52:27.286 [main] INFO org.springframework.web.servlet.DispatcherServlet -- Completed initialization in 1 ms
10:52:27.286 [main] INFO org.eclipse.jetty.ee11.servlet.ServletContextHandler -- Started oeje11s.ServletContextHandler@26fee641{ROOT,/,b=null,a=AVAILABLE,h=oeje11s.ServletHandler@32fb4a87{STARTED}}
10:52:27.301 [main] INFO org.eclipse.jetty.server.AbstractConnector -- Started oejs.ServerConnector@415c5469{HTTP/1.1, (http/1.1)}{localhost:37553}
10:52:27.302 [main] INFO org.eclipse.jetty.server.Server -- Started oejs.Server@1131fcfd{STARTING}[12.1.10,sto=0] @65ms
10:52:27.894 [qtp1087393016-75] ERROR org.namewta.common.web.handler.GlobalExceptionHandler -- 请求处理失败，异常类型=org.namewta.common.core.exception.ServiceException
10:52:27.911 [qtp1087393016-74] ERROR org.namewta.common.web.handler.GlobalExceptionHandler -- 请求处理失败，异常类型=org.namewta.common.core.exception.ServiceException
10:52:27.920 [qtp1087393016-73] ERROR org.namewta.common.web.handler.GlobalExceptionHandler -- 请求处理失败，异常类型=org.namewta.common.core.exception.ServiceException
10:52:27.935 [qtp1087393016-74] ERROR org.namewta.common.web.handler.GlobalExceptionHandler -- 请求处理失败，异常类型=org.namewta.common.core.exception.ServiceException
10:52:27.945 [qtp1087393016-73] ERROR org.namewta.common.web.handler.GlobalExceptionHandler -- 请求地址'/notify/notification', 参数解析失败: org.springframework.http.converter.HttpMessageNotReadableException
10:52:27.953 [qtp1087393016-74] ERROR org.namewta.common.web.handler.GlobalExceptionHandler -- 请求地址'/notify/notification', 参数解析失败: org.springframework.http.converter.HttpMessageNotReadableException
10:52:27.963 [qtp1087393016-73] ERROR org.namewta.common.satoken.handler.SaTokenExceptionHandler -- 请求地址'/notify/notification',权限码校验失败'无此权限：notify:notification:submit'
10:52:27.974 [qtp1087393016-74] ERROR org.namewta.common.satoken.handler.SaTokenExceptionHandler -- 请求地址'/notify/notification',认证失败'未能读取到有效 token',无法访问系统资源
10:52:27.980 [main] INFO org.eclipse.jetty.server.Server -- Stopped oejs.Server@1131fcfd{STOPPING}[12.1.10,sto=0]
10:52:27.983 [main] INFO org.eclipse.jetty.server.AbstractConnector -- Stopped oejs.ServerConnector@415c5469{HTTP/1.1, (http/1.1)}{localhost:0}
10:52:27.984 [main] INFO org.eclipse.jetty.server.handler.ContextHandler.ROOT -- Destroying Spring FrameworkServlet 'org.springframework.web.servlet.DispatcherServlet-2d036335'
10:52:27.985 [main] INFO org.eclipse.jetty.ee11.servlet.ServletContextHandler -- Stopped oeje11s.ServletContextHandler@26fee641{ROOT,/,b=null,a=AVAILABLE,h=oeje11s.ServletHandler@32fb4a87{STOPPED}}
____ ____    ___ ____ _  _ ____ _  _ 
[__  |__| __  |  |  | |_/  |___ |\ | 
___] |  |     |  |__| | \_ |___ | \| 
https://sa-token.cc (v1.45.0)
10:52:28.027 [main] INFO com.baomidou.dynamic.datasource.DynamicRoutingDataSource -- dynamic-datasource start closing ....
10:52:28.027 [main] INFO com.baomidou.dynamic.datasource.DynamicRoutingDataSource -- dynamic-datasource all closed success,bye
10:52:28.027 [main] INFO com.zaxxer.hikari.HikariDataSource -- HikariPool-4 - Shutdown initiated...
10:52:28.029 [main] INFO com.zaxxer.hikari.HikariDataSource -- HikariPool-4 - Shutdown completed.
10:52:28.068 [main] INFO com.baomidou.dynamic.datasource.DynamicRoutingDataSource -- dynamic-datasource - add a datasource named [master] success
10:52:28.224 [main] INFO org.redisson.Version -- Redisson 4.6.1
10:52:28.228 [redisson-netty-14-1] INFO org.redisson.connection.ConnectionsHolder -- 1 connections initialized for 127.0.0.1/127.0.0.1:32833
10:52:28.228 [redisson-netty-14-2] INFO org.redisson.connection.ConnectionsHolder -- 1 connections initialized for 127.0.0.1/127.0.0.1:32833
10:52:28.247 [main] INFO com.zaxxer.hikari.HikariDataSource -- HikariPool-5 - Starting...
10:52:28.252 [main] INFO com.zaxxer.hikari.pool.HikariPool -- HikariPool-5 - Added connection com.mysql.cj.jdbc.ConnectionImpl@7bd4f212
10:52:28.252 [main] INFO com.zaxxer.hikari.HikariDataSource -- HikariPool-5 - Start completed.
10:52:28.388 [main] INFO com.baomidou.dynamic.datasource.DynamicRoutingDataSource -- dynamic-datasource start closing ....
10:52:28.388 [main] INFO com.baomidou.dynamic.datasource.DynamicRoutingDataSource -- dynamic-datasource all closed success,bye
10:52:28.388 [main] INFO com.zaxxer.hikari.HikariDataSource -- HikariPool-5 - Shutdown initiated...
10:52:28.394 [main] INFO com.zaxxer.hikari.HikariDataSource -- HikariPool-5 - Shutdown completed.
10:52:28.401 [main] INFO com.baomidou.dynamic.datasource.DynamicRoutingDataSource -- dynamic-datasource - add a datasource named [master] success
10:52:28.553 [main] INFO org.redisson.Version -- Redisson 4.6.1
10:52:28.560 [redisson-netty-17-2] INFO org.redisson.connection.ConnectionsHolder -- 1 connections initialized for 127.0.0.1/127.0.0.1:32833
10:52:28.560 [redisson-netty-17-1] INFO org.redisson.connection.ConnectionsHolder -- 1 connections initialized for 127.0.0.1/127.0.0.1:32833
10:52:28.581 [main] INFO com.zaxxer.hikari.HikariDataSource -- HikariPool-6 - Starting...
10:52:28.588 [main] INFO com.zaxxer.hikari.pool.HikariPool -- HikariPool-6 - Added connection com.mysql.cj.jdbc.ConnectionImpl@4ad0465c
10:52:28.588 [main] INFO com.zaxxer.hikari.HikariDataSource -- HikariPool-6 - Start completed.
10:52:28.689 [main] INFO com.baomidou.dynamic.datasource.DynamicRoutingDataSource -- dynamic-datasource start closing ....
10:52:28.690 [main] INFO com.baomidou.dynamic.datasource.DynamicRoutingDataSource -- dynamic-datasource all closed success,bye
10:52:28.690 [main] INFO com.zaxxer.hikari.HikariDataSource -- HikariPool-6 - Shutdown initiated...
10:52:28.726 [main] INFO com.zaxxer.hikari.HikariDataSource -- HikariPool-6 - Shutdown completed.
10:52:28.731 [main] INFO com.baomidou.dynamic.datasource.DynamicRoutingDataSource -- dynamic-datasource - add a datasource named [master] success
10:52:28.878 [main] INFO org.redisson.Version -- Redisson 4.6.1
10:52:28.883 [redisson-netty-20-1] INFO org.redisson.connection.ConnectionsHolder -- 1 connections initialized for 127.0.0.1/127.0.0.1:32833
10:52:28.883 [redisson-netty-20-2] INFO org.redisson.connection.ConnectionsHolder -- 1 connections initialized for 127.0.0.1/127.0.0.1:32833
10:52:28.912 [main] INFO com.zaxxer.hikari.HikariDataSource -- HikariPool-7 - Starting...
10:52:28.916 [main] INFO com.zaxxer.hikari.pool.HikariPool -- HikariPool-7 - Added connection com.mysql.cj.jdbc.ConnectionImpl@489ec791
10:52:28.917 [main] INFO com.zaxxer.hikari.HikariDataSource -- HikariPool-7 - Start completed.
10:52:29.020 [main] INFO com.baomidou.dynamic.datasource.DynamicRoutingDataSource -- dynamic-datasource start closing ....
10:52:29.020 [main] INFO com.baomidou.dynamic.datasource.DynamicRoutingDataSource -- dynamic-datasource all closed success,bye
10:52:29.020 [main] INFO com.zaxxer.hikari.HikariDataSource -- HikariPool-7 - Shutdown initiated...
10:52:29.056 [main] INFO com.zaxxer.hikari.HikariDataSource -- HikariPool-7 - Shutdown completed.
10:52:29.060 [main] INFO com.baomidou.dynamic.datasource.DynamicRoutingDataSource -- dynamic-datasource - add a datasource named [master] success
10:52:29.211 [main] INFO org.redisson.Version -- Redisson 4.6.1
10:52:29.217 [redisson-netty-23-1] INFO org.redisson.connection.ConnectionsHolder -- 1 connections initialized for 127.0.0.1/127.0.0.1:32833
10:52:29.217 [redisson-netty-23-2] INFO org.redisson.connection.ConnectionsHolder -- 1 connections initialized for 127.0.0.1/127.0.0.1:32833
10:52:29.236 [main] INFO com.zaxxer.hikari.HikariDataSource -- HikariPool-8 - Starting...
10:52:29.241 [main] INFO com.zaxxer.hikari.pool.HikariPool -- HikariPool-8 - Added connection com.mysql.cj.jdbc.ConnectionImpl@1802badc
10:52:29.241 [main] INFO com.zaxxer.hikari.HikariDataSource -- HikariPool-8 - Start completed.
10:52:29.311 [main] INFO com.baomidou.dynamic.datasource.DynamicRoutingDataSource -- dynamic-datasource start closing ....
10:52:29.311 [main] INFO com.baomidou.dynamic.datasource.DynamicRoutingDataSource -- dynamic-datasource all closed success,bye
10:52:29.311 [main] INFO com.zaxxer.hikari.HikariDataSource -- HikariPool-8 - Shutdown initiated...
10:52:29.313 [main] INFO com.zaxxer.hikari.HikariDataSource -- HikariPool-8 - Shutdown completed.
10:52:29.316 [main] INFO com.baomidou.dynamic.datasource.DynamicRoutingDataSource -- dynamic-datasource - add a datasource named [master] success
10:52:29.492 [main] INFO org.redisson.Version -- Redisson 4.6.1
10:52:29.499 [redisson-netty-26-1] INFO org.redisson.connection.ConnectionsHolder -- 1 connections initialized for 127.0.0.1/127.0.0.1:32833
10:52:29.499 [redisson-netty-26-2] INFO org.redisson.connection.ConnectionsHolder -- 1 connections initialized for 127.0.0.1/127.0.0.1:32833
10:52:29.524 [main] INFO com.zaxxer.hikari.HikariDataSource -- HikariPool-9 - Starting...
10:52:29.531 [main] INFO com.zaxxer.hikari.pool.HikariPool -- HikariPool-9 - Added connection com.mysql.cj.jdbc.ConnectionImpl@64a0a1c6
10:52:29.531 [main] INFO com.zaxxer.hikari.HikariDataSource -- HikariPool-9 - Start completed.
10:52:29.610 [main] INFO com.baomidou.dynamic.datasource.DynamicRoutingDataSource -- dynamic-datasource start closing ....
10:52:29.610 [main] INFO com.baomidou.dynamic.datasource.DynamicRoutingDataSource -- dynamic-datasource all closed success,bye
10:52:29.610 [main] INFO com.zaxxer.hikari.HikariDataSource -- HikariPool-9 - Shutdown initiated...
10:52:29.612 [main] INFO com.zaxxer.hikari.HikariDataSource -- HikariPool-9 - Shutdown completed.
10:52:29.617 [main] INFO com.baomidou.dynamic.datasource.DynamicRoutingDataSource -- dynamic-datasource - add a datasource named [master] success
10:52:29.765 [main] INFO org.redisson.Version -- Redisson 4.6.1
10:52:29.771 [redisson-netty-29-1] INFO org.redisson.connection.ConnectionsHolder -- 1 connections initialized for 127.0.0.1/127.0.0.1:32833
10:52:29.773 [redisson-netty-29-2] INFO org.redisson.connection.ConnectionsHolder -- 1 connections initialized for 127.0.0.1/127.0.0.1:32833
10:52:29.804 [main] INFO com.zaxxer.hikari.HikariDataSource -- HikariPool-10 - Starting...
10:52:29.811 [main] INFO com.zaxxer.hikari.pool.HikariPool -- HikariPool-10 - Added connection com.mysql.cj.jdbc.ConnectionImpl@379cfc77
10:52:29.812 [main] INFO com.zaxxer.hikari.HikariDataSource -- HikariPool-10 - Start completed.
10:52:29.905 [main] INFO com.baomidou.dynamic.datasource.DynamicRoutingDataSource -- dynamic-datasource start closing ....
10:52:29.905 [main] INFO com.baomidou.dynamic.datasource.DynamicRoutingDataSource -- dynamic-datasource all closed success,bye
10:52:29.905 [main] INFO com.zaxxer.hikari.HikariDataSource -- HikariPool-10 - Shutdown initiated...
10:52:29.906 [main] INFO com.zaxxer.hikari.HikariDataSource -- HikariPool-10 - Shutdown completed.
10:52:29.911 [main] INFO com.baomidou.dynamic.datasource.DynamicRoutingDataSource -- dynamic-datasource - add a datasource named [master] success
10:52:30.068 [main] INFO org.redisson.Version -- Redisson 4.6.1
10:52:30.074 [redisson-netty-32-1] INFO org.redisson.connection.ConnectionsHolder -- 1 connections initialized for 127.0.0.1/127.0.0.1:32833
10:52:30.074 [redisson-netty-32-2] INFO org.redisson.connection.ConnectionsHolder -- 1 connections initialized for 127.0.0.1/127.0.0.1:32833
10:52:30.093 [main] INFO com.zaxxer.hikari.HikariDataSource -- HikariPool-11 - Starting...
10:52:30.100 [main] INFO com.zaxxer.hikari.pool.HikariPool -- HikariPool-11 - Added connection com.mysql.cj.jdbc.ConnectionImpl@4edd8b5b
10:52:30.100 [main] INFO com.zaxxer.hikari.HikariDataSource -- HikariPool-11 - Start completed.
10:52:30.193 [main] INFO com.baomidou.dynamic.datasource.DynamicRoutingDataSource -- dynamic-datasource start closing ....
10:52:30.193 [main] INFO com.baomidou.dynamic.datasource.DynamicRoutingDataSource -- dynamic-datasource all closed success,bye
10:52:30.193 [main] INFO com.zaxxer.hikari.HikariDataSource -- HikariPool-11 - Shutdown initiated...
10:52:30.195 [main] INFO com.zaxxer.hikari.HikariDataSource -- HikariPool-11 - Shutdown completed.
10:52:30.198 [main] INFO com.baomidou.dynamic.datasource.DynamicRoutingDataSource -- dynamic-datasource - add a datasource named [master] success
10:52:30.327 [main] INFO org.redisson.Version -- Redisson 4.6.1
10:52:30.333 [redisson-netty-35-2] INFO org.redisson.connection.ConnectionsHolder -- 1 connections initialized for 127.0.0.1/127.0.0.1:32833
10:52:30.333 [redisson-netty-35-1] INFO org.redisson.connection.ConnectionsHolder -- 1 connections initialized for 127.0.0.1/127.0.0.1:32833
10:52:30.353 [main] INFO com.zaxxer.hikari.HikariDataSource -- HikariPool-12 - Starting...
10:52:30.358 [main] INFO com.zaxxer.hikari.pool.HikariPool -- HikariPool-12 - Added connection com.mysql.cj.jdbc.ConnectionImpl@2a0a654a
10:52:30.358 [main] INFO com.zaxxer.hikari.HikariDataSource -- HikariPool-12 - Start completed.
10:52:30.443 [main] INFO com.baomidou.dynamic.datasource.DynamicRoutingDataSource -- dynamic-datasource start closing ....
10:52:30.443 [main] INFO com.baomidou.dynamic.datasource.DynamicRoutingDataSource -- dynamic-datasource all closed success,bye
10:52:30.443 [main] INFO com.zaxxer.hikari.HikariDataSource -- HikariPool-12 - Shutdown initiated...
10:52:30.444 [main] INFO com.zaxxer.hikari.HikariDataSource -- HikariPool-12 - Shutdown completed.
10:52:30.448 [main] INFO com.baomidou.dynamic.datasource.DynamicRoutingDataSource -- dynamic-datasource - add a datasource named [master] success
10:52:30.572 [main] INFO org.redisson.Version -- Redisson 4.6.1
10:52:30.579 [redisson-netty-38-1] INFO org.redisson.connection.ConnectionsHolder -- 1 connections initialized for 127.0.0.1/127.0.0.1:32833
10:52:30.579 [redisson-netty-38-2] INFO org.redisson.connection.ConnectionsHolder -- 1 connections initialized for 127.0.0.1/127.0.0.1:32833
10:52:30.600 [main] INFO com.zaxxer.hikari.HikariDataSource -- HikariPool-13 - Starting...
10:52:30.604 [main] INFO com.zaxxer.hikari.pool.HikariPool -- HikariPool-13 - Added connection com.mysql.cj.jdbc.ConnectionImpl@19640d53
10:52:30.604 [main] INFO com.zaxxer.hikari.HikariDataSource -- HikariPool-13 - Start completed.
10:52:30.904 [main] INFO com.baomidou.dynamic.datasource.DynamicRoutingDataSource -- dynamic-datasource start closing ....
10:52:30.904 [main] INFO com.baomidou.dynamic.datasource.DynamicRoutingDataSource -- dynamic-datasource all closed success,bye
10:52:30.904 [main] INFO com.zaxxer.hikari.HikariDataSource -- HikariPool-13 - Shutdown initiated...
10:52:30.915 [main] INFO com.zaxxer.hikari.HikariDataSource -- HikariPool-13 - Shutdown completed.
10:52:30.917 [main] INFO com.baomidou.dynamic.datasource.DynamicRoutingDataSource -- dynamic-datasource - add a datasource named [master] success
10:52:31.061 [main] INFO org.redisson.Version -- Redisson 4.6.1
10:52:31.065 [redisson-netty-41-1] INFO org.redisson.connection.ConnectionsHolder -- 1 connections initialized for 127.0.0.1/127.0.0.1:32833
10:52:31.065 [redisson-netty-41-2] INFO org.redisson.connection.ConnectionsHolder -- 1 connections initialized for 127.0.0.1/127.0.0.1:32833
10:52:31.082 [main] INFO com.zaxxer.hikari.HikariDataSource -- HikariPool-14 - Starting...
10:52:31.086 [main] INFO com.zaxxer.hikari.pool.HikariPool -- HikariPool-14 - Added connection com.mysql.cj.jdbc.ConnectionImpl@6dcf902
10:52:31.086 [main] INFO com.zaxxer.hikari.HikariDataSource -- HikariPool-14 - Start completed.
10:52:31.161 [main] INFO com.baomidou.dynamic.datasource.DynamicRoutingDataSource -- dynamic-datasource start closing ....
10:52:31.162 [main] INFO com.baomidou.dynamic.datasource.DynamicRoutingDataSource -- dynamic-datasource all closed success,bye
10:52:31.162 [main] INFO com.zaxxer.hikari.HikariDataSource -- HikariPool-14 - Shutdown initiated...
10:52:31.162 [main] INFO com.zaxxer.hikari.HikariDataSource -- HikariPool-14 - Shutdown completed.
10:52:31.165 [main] INFO com.baomidou.dynamic.datasource.DynamicRoutingDataSource -- dynamic-datasource - add a datasource named [master] success
10:52:31.260 [main] INFO org.redisson.Version -- Redisson 4.6.1
10:52:31.264 [redisson-netty-44-1] INFO org.redisson.connection.ConnectionsHolder -- 1 connections initialized for 127.0.0.1/127.0.0.1:32833
10:52:31.265 [redisson-netty-44-2] INFO org.redisson.connection.ConnectionsHolder -- 1 connections initialized for 127.0.0.1/127.0.0.1:32833
10:52:31.282 [main] INFO com.zaxxer.hikari.HikariDataSource -- HikariPool-15 - Starting...
10:52:31.286 [main] INFO com.zaxxer.hikari.pool.HikariPool -- HikariPool-15 - Added connection com.mysql.cj.jdbc.ConnectionImpl@ec9f91b
10:52:31.286 [main] INFO com.zaxxer.hikari.HikariDataSource -- HikariPool-15 - Start completed.
10:52:31.334 [main] INFO com.baomidou.dynamic.datasource.DynamicRoutingDataSource -- dynamic-datasource start closing ....
10:52:31.334 [main] INFO com.baomidou.dynamic.datasource.DynamicRoutingDataSource -- dynamic-datasource all closed success,bye
10:52:31.334 [main] INFO com.zaxxer.hikari.HikariDataSource -- HikariPool-15 - Shutdown initiated...
10:52:31.335 [main] INFO com.zaxxer.hikari.HikariDataSource -- HikariPool-15 - Shutdown completed.
10:52:31.337 [main] INFO com.baomidou.dynamic.datasource.DynamicRoutingDataSource -- dynamic-datasource - add a datasource named [master] success
10:52:31.466 [main] INFO org.redisson.Version -- Redisson 4.6.1
10:52:31.470 [redisson-netty-47-1] INFO org.redisson.connection.ConnectionsHolder -- 1 connections initialized for 127.0.0.1/127.0.0.1:32833
10:52:31.472 [redisson-netty-47-2] INFO org.redisson.connection.ConnectionsHolder -- 1 connections initialized for 127.0.0.1/127.0.0.1:32833
10:52:31.488 [main] INFO com.zaxxer.hikari.HikariDataSource -- HikariPool-16 - Starting...
10:52:31.492 [main] INFO com.zaxxer.hikari.pool.HikariPool -- HikariPool-16 - Added connection com.mysql.cj.jdbc.ConnectionImpl@6f0d5321
10:52:31.492 [main] INFO com.zaxxer.hikari.HikariDataSource -- HikariPool-16 - Start completed.
10:52:31.569 [main] INFO com.baomidou.dynamic.datasource.DynamicRoutingDataSource -- dynamic-datasource start closing ....
10:52:31.569 [main] INFO com.baomidou.dynamic.datasource.DynamicRoutingDataSource -- dynamic-datasource all closed success,bye
10:52:31.569 [main] INFO com.zaxxer.hikari.HikariDataSource -- HikariPool-16 - Shutdown initiated...
10:52:31.570 [main] INFO com.zaxxer.hikari.HikariDataSource -- HikariPool-16 - Shutdown completed.
10:52:31.571 [main] INFO com.baomidou.dynamic.datasource.DynamicRoutingDataSource -- dynamic-datasource - add a datasource named [master] success
10:52:31.671 [main] INFO org.redisson.Version -- Redisson 4.6.1
10:52:31.675 [redisson-netty-50-1] INFO org.redisson.connection.ConnectionsHolder -- 1 connections initialized for 127.0.0.1/127.0.0.1:32833
10:52:31.676 [redisson-netty-50-2] INFO org.redisson.connection.ConnectionsHolder -- 1 connections initialized for 127.0.0.1/127.0.0.1:32833
10:52:31.692 [main] INFO com.zaxxer.hikari.HikariDataSource -- HikariPool-17 - Starting...
10:52:31.697 [main] INFO com.zaxxer.hikari.pool.HikariPool -- HikariPool-17 - Added connection com.mysql.cj.jdbc.ConnectionImpl@2465e8be
10:52:31.697 [main] INFO com.zaxxer.hikari.HikariDataSource -- HikariPool-17 - Start completed.
10:52:31.772 [main] INFO com.baomidou.dynamic.datasource.DynamicRoutingDataSource -- dynamic-datasource start closing ....
10:52:31.772 [main] INFO com.baomidou.dynamic.datasource.DynamicRoutingDataSource -- dynamic-datasource all closed success,bye
10:52:31.772 [main] INFO com.zaxxer.hikari.HikariDataSource -- HikariPool-17 - Shutdown initiated...
10:52:31.773 [main] INFO com.zaxxer.hikari.HikariDataSource -- HikariPool-17 - Shutdown completed.
10:52:31.775 [main] INFO com.baomidou.dynamic.datasource.DynamicRoutingDataSource -- dynamic-datasource - add a datasource named [master] success
10:52:31.867 [main] INFO org.redisson.Version -- Redisson 4.6.1
10:52:31.871 [redisson-netty-53-2] INFO org.redisson.connection.ConnectionsHolder -- 1 connections initialized for 127.0.0.1/127.0.0.1:32833
10:52:31.871 [redisson-netty-53-1] INFO org.redisson.connection.ConnectionsHolder -- 1 connections initialized for 127.0.0.1/127.0.0.1:32833
10:52:31.888 [main] INFO com.zaxxer.hikari.HikariDataSource -- HikariPool-18 - Starting...
10:52:31.895 [main] INFO com.zaxxer.hikari.pool.HikariPool -- HikariPool-18 - Added connection com.mysql.cj.jdbc.ConnectionImpl@19d65f16
10:52:31.895 [main] INFO com.zaxxer.hikari.HikariDataSource -- HikariPool-18 - Start completed.
10:52:31.919 [main] INFO org.springframework.mock.web.MockServletContext -- Initializing Spring TestDispatcherServlet ''
10:52:31.919 [main] INFO org.springframework.test.web.servlet.TestDispatcherServlet -- Initializing Servlet ''
10:52:31.919 [main] INFO org.springframework.test.web.servlet.TestDispatcherServlet -- Completed initialization in 0 ms
10:52:31.944 [main] WARN org.springframework.web.servlet.mvc.support.DefaultHandlerExceptionResolver -- Resolved [org.springframework.http.converter.HttpMessageNotReadableException: JSON parse error: Cannot deserialize value of type `org.namewta.notify.api.NotificationMode` from String "SYNC": not one of the values accepted for Enum class: [ASYNC]]
10:52:31.973 [main] INFO com.baomidou.dynamic.datasource.DynamicRoutingDataSource -- dynamic-datasource start closing ....
10:52:31.973 [main] INFO com.baomidou.dynamic.datasource.DynamicRoutingDataSource -- dynamic-datasource all closed success,bye
10:52:31.974 [main] INFO com.zaxxer.hikari.HikariDataSource -- HikariPool-18 - Shutdown initiated...
10:52:31.974 [main] INFO com.zaxxer.hikari.HikariDataSource -- HikariPool-18 - Shutdown completed.
10:52:31.976 [main] INFO com.baomidou.dynamic.datasource.DynamicRoutingDataSource -- dynamic-datasource - add a datasource named [master] success
10:52:32.080 [main] INFO org.redisson.Version -- Redisson 4.6.1
10:52:32.087 [redisson-netty-56-2] INFO org.redisson.connection.ConnectionsHolder -- 1 connections initialized for 127.0.0.1/127.0.0.1:32833
10:52:32.087 [redisson-netty-56-1] INFO org.redisson.connection.ConnectionsHolder -- 1 connections initialized for 127.0.0.1/127.0.0.1:32833
10:52:32.106 [main] INFO com.zaxxer.hikari.HikariDataSource -- HikariPool-19 - Starting...
10:52:32.111 [main] INFO com.zaxxer.hikari.pool.HikariPool -- HikariPool-19 - Added connection com.mysql.cj.jdbc.ConnectionImpl@f014ff3
10:52:32.112 [main] INFO com.zaxxer.hikari.HikariDataSource -- HikariPool-19 - Start completed.
10:52:32.205 [main] INFO com.baomidou.dynamic.datasource.DynamicRoutingDataSource -- dynamic-datasource start closing ....
10:52:32.205 [main] INFO com.baomidou.dynamic.datasource.DynamicRoutingDataSource -- dynamic-datasource all closed success,bye
10:52:32.206 [main] INFO com.zaxxer.hikari.HikariDataSource -- HikariPool-19 - Shutdown initiated...
10:52:32.207 [main] INFO com.zaxxer.hikari.HikariDataSource -- HikariPool-19 - Shutdown completed.
[INFO] Tests run: 19, Failures: 0, Errors: 0, Skipped: 0, Time elapsed: 11.12 s -- in org.namewta.test.notify.NotifySupportedModeIntegrationTest
[INFO] Running org.namewta.test.notify.EnterpriseQueuedNotificationIntegrationTest
10:52:33.387 [main] INFO com.baomidou.dynamic.datasource.DynamicRoutingDataSource -- dynamic-datasource - add a datasource named [master] success
10:52:34.080 [main] INFO org.redisson.Version -- Redisson 4.6.1
10:52:34.419 [redisson-netty-1-1] INFO org.redisson.connection.ConnectionsHolder -- 1 connections initialized for 127.0.0.1/127.0.0.1:32833
10:52:34.419 [redisson-netty-1-2] INFO org.redisson.connection.ConnectionsHolder -- 1 connections initialized for 127.0.0.1/127.0.0.1:32833
Mockito is currently self-attaching to enable the inline-mock-maker. This will no longer work in future releases of the JDK. Please add Mockito as an agent to your build as described in Mockito's documentation: https://javadoc.io/doc/org.mockito/mockito-core/latest/org.mockito/org/mockito/Mockito.html#0.3
OpenJDK 64-Bit Server VM warning: Sharing is only supported for boot loader classes because bootstrap classpath has been appended
WARNING: A Java agent has been loaded dynamically (/root/.m2/repository/net/bytebuddy/byte-buddy-agent/1.18.10/byte-buddy-agent-1.18.10.jar)
WARNING: If a serviceability tool is in use, please run with -XX:+EnableDynamicAgentLoading to hide this warning
WARNING: If a serviceability tool is not in use, please run with -Djdk.instrument.traceUsage for more information
WARNING: Dynamic loading of agents will be disallowed by default in a future release
10:52:36.045 [main] INFO com.zaxxer.hikari.HikariDataSource -- HikariPool-1 - Starting...
10:52:36.405 [main] INFO com.zaxxer.hikari.pool.HikariPool -- HikariPool-1 - Added connection com.mysql.cj.jdbc.ConnectionImpl@4627dfda
10:52:36.407 [main] INFO com.zaxxer.hikari.HikariDataSource -- HikariPool-1 - Start completed.
10:52:37.388 [main] INFO org.namewta.notify.adapter.worker.NotifyOutboxWorker -- notify outbox drain trigger=POLL claimed=1 batches=2
10:52:37.772 [main] INFO org.namewta.notify.adapter.worker.NotifyOutboxWorker -- notify outbox drain trigger=POLL claimed=1 batches=2
10:52:37.962 [main] INFO com.baomidou.dynamic.datasource.DynamicRoutingDataSource -- dynamic-datasource start closing ....
10:52:37.965 [main] INFO com.baomidou.dynamic.datasource.DynamicRoutingDataSource -- dynamic-datasource all closed success,bye
10:52:37.965 [main] INFO com.zaxxer.hikari.HikariDataSource -- HikariPool-1 - Shutdown initiated...
10:52:37.971 [main] INFO com.zaxxer.hikari.HikariDataSource -- HikariPool-1 - Shutdown completed.
10:52:37.981 [main] INFO com.baomidou.dynamic.datasource.DynamicRoutingDataSource -- dynamic-datasource - add a datasource named [master] success
10:52:38.192 [main] INFO org.redisson.Version -- Redisson 4.6.1
10:52:38.197 [redisson-netty-5-1] INFO org.redisson.connection.ConnectionsHolder -- 1 connections initialized for 127.0.0.1/127.0.0.1:32833
10:52:38.197 [redisson-netty-5-2] INFO org.redisson.connection.ConnectionsHolder -- 1 connections initialized for 127.0.0.1/127.0.0.1:32833
10:52:38.231 [main] INFO com.zaxxer.hikari.HikariDataSource -- HikariPool-2 - Starting...
10:52:38.238 [main] INFO com.zaxxer.hikari.pool.HikariPool -- HikariPool-2 - Added connection com.mysql.cj.jdbc.ConnectionImpl@582b14e2
10:52:38.238 [main] INFO com.zaxxer.hikari.HikariDataSource -- HikariPool-2 - Start completed.
10:52:38.516 [main] INFO org.namewta.notify.adapter.worker.NotifyOutboxWorker -- notify outbox drain trigger=POLL claimed=1 batches=2
10:52:38.708 [main] INFO com.baomidou.dynamic.datasource.DynamicRoutingDataSource -- dynamic-datasource start closing ....
10:52:38.708 [main] INFO com.baomidou.dynamic.datasource.DynamicRoutingDataSource -- dynamic-datasource all closed success,bye
10:52:38.709 [main] INFO com.zaxxer.hikari.HikariDataSource -- HikariPool-2 - Shutdown initiated...
10:52:38.711 [main] INFO com.zaxxer.hikari.HikariDataSource -- HikariPool-2 - Shutdown completed.
10:52:38.714 [main] INFO com.baomidou.dynamic.datasource.DynamicRoutingDataSource -- dynamic-datasource - add a datasource named [master] success
10:52:38.939 [main] INFO org.redisson.Version -- Redisson 4.6.1
10:52:38.946 [redisson-netty-8-2] INFO org.redisson.connection.ConnectionsHolder -- 1 connections initialized for 127.0.0.1/127.0.0.1:32833
10:52:38.946 [redisson-netty-8-1] INFO org.redisson.connection.ConnectionsHolder -- 1 connections initialized for 127.0.0.1/127.0.0.1:32833
10:52:38.974 [main] INFO com.zaxxer.hikari.HikariDataSource -- HikariPool-3 - Starting...
10:52:38.980 [main] INFO com.zaxxer.hikari.pool.HikariPool -- HikariPool-3 - Added connection com.mysql.cj.jdbc.ConnectionImpl@15254569
10:52:38.981 [main] INFO com.zaxxer.hikari.HikariDataSource -- HikariPool-3 - Start completed.
10:52:39.218 [main] INFO com.baomidou.dynamic.datasource.DynamicRoutingDataSource -- dynamic-datasource start closing ....
10:52:39.219 [main] INFO com.baomidou.dynamic.datasource.DynamicRoutingDataSource -- dynamic-datasource all closed success,bye
10:52:39.219 [main] INFO com.zaxxer.hikari.HikariDataSource -- HikariPool-3 - Shutdown initiated...
10:52:39.220 [main] INFO com.zaxxer.hikari.HikariDataSource -- HikariPool-3 - Shutdown completed.
10:52:39.222 [main] INFO com.baomidou.dynamic.datasource.DynamicRoutingDataSource -- dynamic-datasource - add a datasource named [master] success
10:52:39.384 [main] INFO org.redisson.Version -- Redisson 4.6.1
10:52:39.391 [redisson-netty-11-1] INFO org.redisson.connection.ConnectionsHolder -- 1 connections initialized for 127.0.0.1/127.0.0.1:32833
10:52:39.391 [redisson-netty-11-2] INFO org.redisson.connection.ConnectionsHolder -- 1 connections initialized for 127.0.0.1/127.0.0.1:32833
10:52:39.419 [main] INFO com.zaxxer.hikari.HikariDataSource -- HikariPool-4 - Starting...
10:52:39.423 [main] INFO com.zaxxer.hikari.pool.HikariPool -- HikariPool-4 - Added connection com.mysql.cj.jdbc.ConnectionImpl@198a0416
10:52:39.424 [main] INFO com.zaxxer.hikari.HikariDataSource -- HikariPool-4 - Start completed.
10:52:39.744 [main] INFO org.namewta.notify.adapter.worker.NotifyOutboxWorker -- notify outbox drain trigger=POLL claimed=1 batches=2
10:52:39.935 [main] INFO com.baomidou.dynamic.datasource.DynamicRoutingDataSource -- dynamic-datasource start closing ....
10:52:39.935 [main] INFO com.baomidou.dynamic.datasource.DynamicRoutingDataSource -- dynamic-datasource all closed success,bye
10:52:39.935 [main] INFO com.zaxxer.hikari.HikariDataSource -- HikariPool-4 - Shutdown initiated...
10:52:39.936 [main] INFO com.zaxxer.hikari.HikariDataSource -- HikariPool-4 - Shutdown completed.
10:52:39.939 [main] INFO com.baomidou.dynamic.datasource.DynamicRoutingDataSource -- dynamic-datasource - add a datasource named [master] success
10:52:40.071 [main] INFO org.redisson.Version -- Redisson 4.6.1
10:52:40.076 [redisson-netty-14-1] INFO org.redisson.connection.ConnectionsHolder -- 1 connections initialized for 127.0.0.1/127.0.0.1:32833
10:52:40.076 [redisson-netty-14-2] INFO org.redisson.connection.ConnectionsHolder -- 1 connections initialized for 127.0.0.1/127.0.0.1:32833
10:52:40.094 [main] INFO com.zaxxer.hikari.HikariDataSource -- HikariPool-5 - Starting...
10:52:40.098 [main] INFO com.zaxxer.hikari.pool.HikariPool -- HikariPool-5 - Added connection com.mysql.cj.jdbc.ConnectionImpl@54a5eff
10:52:40.099 [main] INFO com.zaxxer.hikari.HikariDataSource -- HikariPool-5 - Start completed.
10:52:40.300 [main] INFO org.namewta.notify.adapter.worker.NotifyOutboxWorker -- notify outbox drain trigger=POLL claimed=1 batches=2
10:52:40.362 [main] INFO com.baomidou.dynamic.datasource.DynamicRoutingDataSource -- dynamic-datasource start closing ....
10:52:40.362 [main] INFO com.baomidou.dynamic.datasource.DynamicRoutingDataSource -- dynamic-datasource all closed success,bye
10:52:40.362 [main] INFO com.zaxxer.hikari.HikariDataSource -- HikariPool-5 - Shutdown initiated...
10:52:40.376 [main] INFO com.zaxxer.hikari.HikariDataSource -- HikariPool-5 - Shutdown completed.
10:52:40.379 [main] INFO com.baomidou.dynamic.datasource.DynamicRoutingDataSource -- dynamic-datasource - add a datasource named [master] success
10:52:40.520 [main] INFO org.redisson.Version -- Redisson 4.6.1
10:52:40.524 [redisson-netty-17-1] INFO org.redisson.connection.ConnectionsHolder -- 1 connections initialized for 127.0.0.1/127.0.0.1:32833
10:52:40.524 [redisson-netty-17-2] INFO org.redisson.connection.ConnectionsHolder -- 1 connections initialized for 127.0.0.1/127.0.0.1:32833
10:52:40.540 [main] INFO com.zaxxer.hikari.HikariDataSource -- HikariPool-6 - Starting...
10:52:40.545 [main] INFO com.zaxxer.hikari.pool.HikariPool -- HikariPool-6 - Added connection com.mysql.cj.jdbc.ConnectionImpl@57657b96
10:52:40.545 [main] INFO com.zaxxer.hikari.HikariDataSource -- HikariPool-6 - Start completed.
10:52:40.757 [main] INFO org.namewta.notify.adapter.worker.NotifyOutboxWorker -- notify outbox drain trigger=POLL claimed=1 batches=2
10:52:40.914 [main] INFO com.baomidou.dynamic.datasource.DynamicRoutingDataSource -- dynamic-datasource start closing ....
10:52:40.914 [main] INFO com.baomidou.dynamic.datasource.DynamicRoutingDataSource -- dynamic-datasource all closed success,bye
10:52:40.914 [main] INFO com.zaxxer.hikari.HikariDataSource -- HikariPool-6 - Shutdown initiated...
10:52:40.915 [main] INFO com.zaxxer.hikari.HikariDataSource -- HikariPool-6 - Shutdown completed.
10:52:40.917 [main] INFO com.baomidou.dynamic.datasource.DynamicRoutingDataSource -- dynamic-datasource - add a datasource named [master] success
10:52:41.048 [main] INFO org.redisson.Version -- Redisson 4.6.1
10:52:41.054 [redisson-netty-20-1] INFO org.redisson.connection.ConnectionsHolder -- 1 connections initialized for 127.0.0.1/127.0.0.1:32833
10:52:41.054 [redisson-netty-20-2] INFO org.redisson.connection.ConnectionsHolder -- 1 connections initialized for 127.0.0.1/127.0.0.1:32833
10:52:41.074 [main] INFO com.zaxxer.hikari.HikariDataSource -- HikariPool-7 - Starting...
10:52:41.079 [main] INFO com.zaxxer.hikari.pool.HikariPool -- HikariPool-7 - Added connection com.mysql.cj.jdbc.ConnectionImpl@7959fbe3
10:52:41.079 [main] INFO com.zaxxer.hikari.HikariDataSource -- HikariPool-7 - Start completed.
10:52:41.483 [main] INFO org.namewta.notify.adapter.worker.NotifyOutboxWorker -- notify outbox drain trigger=POLL claimed=2 batches=2
10:52:41.681 [main] INFO com.baomidou.dynamic.datasource.DynamicRoutingDataSource -- dynamic-datasource start closing ....
10:52:41.682 [main] INFO com.baomidou.dynamic.datasource.DynamicRoutingDataSource -- dynamic-datasource all closed success,bye
10:52:41.682 [main] INFO com.zaxxer.hikari.HikariDataSource -- HikariPool-7 - Shutdown initiated...
10:52:41.683 [main] INFO com.zaxxer.hikari.HikariDataSource -- HikariPool-7 - Shutdown completed.
10:52:41.686 [main] INFO com.baomidou.dynamic.datasource.DynamicRoutingDataSource -- dynamic-datasource - add a datasource named [master] success
10:52:41.843 [main] INFO org.redisson.Version -- Redisson 4.6.1
10:52:41.848 [redisson-netty-23-1] INFO org.redisson.connection.ConnectionsHolder -- 1 connections initialized for 127.0.0.1/127.0.0.1:32833
10:52:41.850 [redisson-netty-23-2] INFO org.redisson.connection.ConnectionsHolder -- 1 connections initialized for 127.0.0.1/127.0.0.1:32833
10:52:41.871 [main] INFO com.zaxxer.hikari.HikariDataSource -- HikariPool-8 - Starting...
10:52:41.878 [main] INFO com.zaxxer.hikari.pool.HikariPool -- HikariPool-8 - Added connection com.mysql.cj.jdbc.ConnectionImpl@21a14c45
10:52:41.879 [main] INFO com.zaxxer.hikari.HikariDataSource -- HikariPool-8 - Start completed.
10:52:42.301 [main] INFO com.baomidou.dynamic.datasource.DynamicRoutingDataSource -- dynamic-datasource start closing ....
10:52:42.302 [main] INFO com.baomidou.dynamic.datasource.DynamicRoutingDataSource -- dynamic-datasource all closed success,bye
10:52:42.302 [main] INFO com.zaxxer.hikari.HikariDataSource -- HikariPool-8 - Shutdown initiated...
10:52:42.305 [main] INFO com.zaxxer.hikari.HikariDataSource -- HikariPool-8 - Shutdown completed.
[INFO] Tests run: 8, Failures: 0, Errors: 0, Skipped: 0, Time elapsed: 9.125 s -- in org.namewta.test.notify.EnterpriseQueuedNotificationIntegrationTest
[INFO] Running org.namewta.test.notify.idempotency.RedisNotifyIdempotencyStoreIntegrationTest
10:52:43.332 [main] INFO org.redisson.Version -- Redisson 4.6.1
10:52:43.695 [redisson-netty-1-4] INFO org.redisson.connection.ConnectionsHolder -- 1 connections initialized for 127.0.0.1/127.0.0.1:32833
10:52:43.816 [redisson-netty-1-19] INFO org.redisson.connection.ConnectionsHolder -- 24 connections initialized for 127.0.0.1/127.0.0.1:32833
10:52:44.556 [main] INFO org.redisson.Version -- Redisson 4.6.1
10:52:44.565 [redisson-netty-5-4] INFO org.redisson.connection.ConnectionsHolder -- 1 connections initialized for 127.0.0.1/127.0.0.1:32833
10:52:44.699 [redisson-netty-5-19] INFO org.redisson.connection.ConnectionsHolder -- 24 connections initialized for 127.0.0.1/127.0.0.1:32833
10:52:44.899 [main] INFO org.redisson.Version -- Redisson 4.6.1
10:52:44.911 [redisson-netty-8-6] INFO org.redisson.connection.ConnectionsHolder -- 1 connections initialized for 127.0.0.1/127.0.0.1:32833
10:52:45.009 [redisson-netty-8-19] INFO org.redisson.connection.ConnectionsHolder -- 24 connections initialized for 127.0.0.1/127.0.0.1:32833
[INFO] Tests run: 3, Failures: 0, Errors: 0, Skipped: 0, Time elapsed: 1.941 s -- in org.namewta.test.notify.idempotency.RedisNotifyIdempotencyStoreIntegrationTest
[INFO] Running org.namewta.test.notify.NotifyAtomicResultIntegrationTest
10:52:46.378 [main] INFO com.baomidou.dynamic.datasource.DynamicRoutingDataSource -- dynamic-datasource - add a datasource named [master] success
10:52:47.112 [main] INFO org.redisson.Version -- Redisson 4.6.1
10:52:47.509 [redisson-netty-1-2] INFO org.redisson.connection.ConnectionsHolder -- 1 connections initialized for 127.0.0.1/127.0.0.1:32833
10:52:47.510 [redisson-netty-1-1] INFO org.redisson.connection.ConnectionsHolder -- 1 connections initialized for 127.0.0.1/127.0.0.1:32833
Mockito is currently self-attaching to enable the inline-mock-maker. This will no longer work in future releases of the JDK. Please add Mockito as an agent to your build as described in Mockito's documentation: https://javadoc.io/doc/org.mockito/mockito-core/latest/org.mockito/org/mockito/Mockito.html#0.3
OpenJDK 64-Bit Server VM warning: Sharing is only supported for boot loader classes because bootstrap classpath has been appended
WARNING: A Java agent has been loaded dynamically (/root/.m2/repository/net/bytebuddy/byte-buddy-agent/1.18.10/byte-buddy-agent-1.18.10.jar)
WARNING: If a serviceability tool is in use, please run with -XX:+EnableDynamicAgentLoading to hide this warning
WARNING: If a serviceability tool is not in use, please run with -Djdk.instrument.traceUsage for more information
WARNING: Dynamic loading of agents will be disallowed by default in a future release
10:52:49.092 [main] INFO com.zaxxer.hikari.HikariDataSource -- HikariPool-1 - Starting...
10:52:49.423 [main] INFO com.zaxxer.hikari.pool.HikariPool -- HikariPool-1 - Added connection com.mysql.cj.jdbc.ConnectionImpl@7507d96c
10:52:49.425 [main] INFO com.zaxxer.hikari.HikariDataSource -- HikariPool-1 - Start completed.
10:52:50.048 [main] INFO com.baomidou.dynamic.datasource.DynamicRoutingDataSource -- dynamic-datasource start closing ....
10:52:50.051 [main] INFO com.baomidou.dynamic.datasource.DynamicRoutingDataSource -- dynamic-datasource all closed success,bye
10:52:50.051 [main] INFO com.zaxxer.hikari.HikariDataSource -- HikariPool-1 - Shutdown initiated...
10:52:50.065 [main] INFO com.zaxxer.hikari.HikariDataSource -- HikariPool-1 - Shutdown completed.
10:52:50.081 [main] INFO com.baomidou.dynamic.datasource.DynamicRoutingDataSource -- dynamic-datasource - add a datasource named [master] success
10:52:50.381 [main] INFO org.redisson.Version -- Redisson 4.6.1
10:52:50.390 [redisson-netty-5-1] INFO org.redisson.connection.ConnectionsHolder -- 1 connections initialized for 127.0.0.1/127.0.0.1:32833
10:52:50.391 [redisson-netty-5-2] INFO org.redisson.connection.ConnectionsHolder -- 1 connections initialized for 127.0.0.1/127.0.0.1:32833
10:52:50.429 [main] INFO com.zaxxer.hikari.HikariDataSource -- HikariPool-2 - Starting...
10:52:50.435 [main] INFO com.zaxxer.hikari.pool.HikariPool -- HikariPool-2 - Added connection com.mysql.cj.jdbc.ConnectionImpl@7f9e6167
10:52:50.435 [main] INFO com.zaxxer.hikari.HikariDataSource -- HikariPool-2 - Start completed.
10:52:50.684 [main] INFO com.baomidou.dynamic.datasource.DynamicRoutingDataSource -- dynamic-datasource start closing ....
10:52:50.684 [main] INFO com.baomidou.dynamic.datasource.DynamicRoutingDataSource -- dynamic-datasource all closed success,bye
10:52:50.684 [main] INFO com.zaxxer.hikari.HikariDataSource -- HikariPool-2 - Shutdown initiated...
10:52:50.698 [main] INFO com.zaxxer.hikari.HikariDataSource -- HikariPool-2 - Shutdown completed.
10:52:50.701 [main] INFO com.baomidou.dynamic.datasource.DynamicRoutingDataSource -- dynamic-datasource - add a datasource named [master] success
10:52:50.957 [main] INFO org.redisson.Version -- Redisson 4.6.1
10:52:50.963 [redisson-netty-8-1] INFO org.redisson.connection.ConnectionsHolder -- 1 connections initialized for 127.0.0.1/127.0.0.1:32833
10:52:50.963 [redisson-netty-8-2] INFO org.redisson.connection.ConnectionsHolder -- 1 connections initialized for 127.0.0.1/127.0.0.1:32833
10:52:51.013 [main] INFO com.zaxxer.hikari.HikariDataSource -- HikariPool-3 - Starting...
10:52:51.021 [main] INFO com.zaxxer.hikari.pool.HikariPool -- HikariPool-3 - Added connection com.mysql.cj.jdbc.ConnectionImpl@6b6f73d
10:52:51.021 [main] INFO com.zaxxer.hikari.HikariDataSource -- HikariPool-3 - Start completed.
10:52:51.269 [pool-3-thread-2] WARN org.namewta.notify.adapter.event.InAppCommittedPushListener -- 站内实时提示失败，messageId=9220001, reason=IllegalStateException
10:52:51.314 [pool-3-thread-1] WARN org.namewta.notify.adapter.event.InAppCommittedPushListener -- 站内实时提示失败，messageId=9220001, reason=IllegalStateException
10:52:51.402 [main] INFO com.baomidou.dynamic.datasource.DynamicRoutingDataSource -- dynamic-datasource start closing ....
10:52:51.402 [main] INFO com.baomidou.dynamic.datasource.DynamicRoutingDataSource -- dynamic-datasource all closed success,bye
10:52:51.402 [main] INFO com.zaxxer.hikari.HikariDataSource -- HikariPool-3 - Shutdown initiated...
10:52:51.403 [main] INFO com.zaxxer.hikari.HikariDataSource -- HikariPool-3 - Shutdown completed.
10:52:51.406 [main] INFO com.baomidou.dynamic.datasource.DynamicRoutingDataSource -- dynamic-datasource - add a datasource named [master] success
10:52:51.607 [main] INFO org.redisson.Version -- Redisson 4.6.1
10:52:51.613 [redisson-netty-11-1] INFO org.redisson.connection.ConnectionsHolder -- 1 connections initialized for 127.0.0.1/127.0.0.1:32833
10:52:51.616 [redisson-netty-11-2] INFO org.redisson.connection.ConnectionsHolder -- 1 connections initialized for 127.0.0.1/127.0.0.1:32833
10:52:51.645 [main] INFO com.zaxxer.hikari.HikariDataSource -- HikariPool-4 - Starting...
10:52:51.651 [main] INFO com.zaxxer.hikari.pool.HikariPool -- HikariPool-4 - Added connection com.mysql.cj.jdbc.ConnectionImpl@147c4523
10:52:51.651 [main] INFO com.zaxxer.hikari.HikariDataSource -- HikariPool-4 - Start completed.
10:52:51.999 [main] INFO com.baomidou.dynamic.datasource.DynamicRoutingDataSource -- dynamic-datasource start closing ....
10:52:51.999 [main] INFO com.baomidou.dynamic.datasource.DynamicRoutingDataSource -- dynamic-datasource all closed success,bye
10:52:51.999 [main] INFO com.zaxxer.hikari.HikariDataSource -- HikariPool-4 - Shutdown initiated...
10:52:52.004 [main] INFO com.zaxxer.hikari.HikariDataSource -- HikariPool-4 - Shutdown completed.
10:52:52.067 [main] INFO com.baomidou.dynamic.datasource.DynamicRoutingDataSource -- dynamic-datasource - add a datasource named [master] success
10:52:52.207 [main] INFO org.redisson.Version -- Redisson 4.6.1
10:52:52.211 [redisson-netty-14-1] INFO org.redisson.connection.ConnectionsHolder -- 1 connections initialized for 127.0.0.1/127.0.0.1:32833
10:52:52.211 [redisson-netty-14-2] INFO org.redisson.connection.ConnectionsHolder -- 1 connections initialized for 127.0.0.1/127.0.0.1:32833
10:52:52.235 [main] INFO com.zaxxer.hikari.HikariDataSource -- HikariPool-5 - Starting...
10:52:52.240 [main] INFO com.zaxxer.hikari.pool.HikariPool -- HikariPool-5 - Added connection com.mysql.cj.jdbc.ConnectionImpl@52a8f789
10:52:52.240 [main] INFO com.zaxxer.hikari.HikariDataSource -- HikariPool-5 - Start completed.
10:52:52.310 [main] WARN com.zaxxer.hikari.pool.ProxyConnection -- HikariPool-5 - Connection com.mysql.cj.jdbc.ConnectionImpl@52a8f789 marked as broken because of SQLSTATE(08S01), ErrorCode(0)
com.mysql.cj.jdbc.exceptions.CommunicationsException: Communications link failure

The last packet successfully received from the server was 12 milliseconds ago. The last packet sent successfully to the server was 12 milliseconds ago.
	at com.mysql.cj.jdbc.exceptions.SQLError.createCommunicationsException(SQLError.java:165)
	at com.mysql.cj.jdbc.exceptions.SQLExceptionsMapping.translateException(SQLExceptionsMapping.java:55)
	at com.mysql.cj.jdbc.ConnectionImpl.commit(ConnectionImpl.java:814)
	at com.zaxxer.hikari.pool.ProxyConnection.commit(ProxyConnection.java:378)
	at com.zaxxer.hikari.pool.HikariProxyConnection.commit(HikariProxyConnection.java)
	at java.base/jdk.internal.reflect.DirectMethodHandleAccessor.invoke(DirectMethodHandleAccessor.java:103)
	at java.base/java.lang.reflect.Method.invoke(Method.java:580)
	at org.namewta.test.notify.NotifyAtomicResultIntegrationTest$1.lambda$getConnection$0(NotifyAtomicResultIntegrationTest.java:118)
	at jdk.proxy2/jdk.proxy2.$Proxy131.commit(Unknown Source)
	at com.baomidou.dynamic.datasource.tx.ConnectionProxy.notify(ConnectionProxy.java:62)
	at com.baomidou.dynamic.datasource.tx.ConnectionFactory.notify(ConnectionFactory.java:153)
	at com.baomidou.dynamic.datasource.tx.LocalTxUtil.commit(LocalTxUtil.java:91)
	at com.baomidou.dynamic.datasource.tx.TransactionalTemplate.doExecute(TransactionalTemplate.java:126)
	at com.baomidou.dynamic.datasource.tx.TransactionalTemplate.execute(TransactionalTemplate.java:94)
	at com.baomidou.dynamic.datasource.aop.DynamicLocalTransactionInterceptor.invoke(DynamicLocalTransactionInterceptor.java:59)
	at org.springframework.aop.framework.ReflectiveMethodInvocation.proceed(ReflectiveMethodInvocation.java:179)
	at org.springframework.aop.framework.CglibAopProxy$DynamicAdvisedInterceptor.intercept(CglibAopProxy.java:719)
	at org.namewta.notify.usecase.ProviderCallbackUseCase$$SpringCGLIB$$5.confirm(<generated>)
	at org.namewta.test.notify.NotifyAtomicResultIntegrationTest.lambda$nativeReceiptCommitFailureCanRetrySameInternalIdentity$57(NotifyAtomicResultIntegrationTest.java:1156)
	at org.assertj.core.api.ThrowableAssert.catchThrowable(ThrowableAssert.java:66)
	at org.assertj.core.api.AssertionsForClassTypes.catchThrowable(AssertionsForClassTypes.java:908)
	at org.assertj.core.api.Assertions.catchThrowable(Assertions.java:1476)
	at org.assertj.core.api.Assertions.assertThatThrownBy(Assertions.java:1319)
	at org.namewta.test.notify.NotifyAtomicResultIntegrationTest.nativeReceiptCommitFailureCanRetrySameInternalIdentity(NotifyAtomicResultIntegrationTest.java:1156)
	at java.base/jdk.internal.reflect.DirectMethodHandleAccessor.invoke(DirectMethodHandleAccessor.java:103)
	at java.base/java.lang.reflect.Method.invoke(Method.java:580)
	at org.junit.platform.commons.util.ReflectionUtils.invokeMethod(ReflectionUtils.java:701)
	at org.junit.platform.commons.support.ReflectionSupport.invokeMethod(ReflectionSupport.java:502)
	at org.junit.jupiter.engine.support.MethodReflectionUtils.invoke(MethodReflectionUtils.java:45)
	at org.junit.jupiter.engine.execution.MethodInvocation.proceed(MethodInvocation.java:61)
	at org.junit.jupiter.engine.execution.InvocationInterceptorChain$ValidatingInvocation.proceed(InvocationInterceptorChain.java:124)
	at org.junit.jupiter.engine.extension.TimeoutExtension.intercept(TimeoutExtension.java:163)
	at org.junit.jupiter.engine.extension.TimeoutExtension.interceptTestableMethod(TimeoutExtension.java:148)
	at org.junit.jupiter.engine.extension.TimeoutExtension.interceptTestTemplateMethod(TimeoutExtension.java:94)
	at org.junit.jupiter.engine.execution.InterceptingExecutableInvoker$ReflectiveInterceptorCall.lambda$ofVoidMethod$0(InterceptingExecutableInvoker.java:123)
	at org.junit.jupiter.engine.execution.InterceptingExecutableInvoker.lambda$invoke$0(InterceptingExecutableInvoker.java:105)
	at org.junit.jupiter.engine.execution.InvocationInterceptorChain$InterceptedInvocation.proceed(InvocationInterceptorChain.java:99)
	at org.junit.jupiter.engine.execution.InvocationInterceptorChain.proceed(InvocationInterceptorChain.java:66)
	at org.junit.jupiter.engine.execution.InvocationInterceptorChain.chainAndInvoke(InvocationInterceptorChain.java:47)
	at org.junit.jupiter.engine.execution.InvocationInterceptorChain.invoke(InvocationInterceptorChain.java:39)
	at org.junit.jupiter.engine.execution.InterceptingExecutableInvoker.invoke(InterceptingExecutableInvoker.java:104)
	at org.junit.jupiter.engine.execution.InterceptingExecutableInvoker.invoke(InterceptingExecutableInvoker.java:98)
	at org.junit.jupiter.engine.execution.InterceptingExecutableInvoker.invokeVoid(InterceptingExecutableInvoker.java:71)
	at org.junit.jupiter.engine.descriptor.TestMethodTestDescriptor.lambda$invokeTestMethod$0(TestMethodTestDescriptor.java:219)
	at org.junit.platform.engine.support.hierarchical.ThrowableCollector.execute(ThrowableCollector.java:74)
	at org.junit.jupiter.engine.descriptor.TestMethodTestDescriptor.invokeTestMethod(TestMethodTestDescriptor.java:215)
	at org.junit.jupiter.engine.descriptor.TestMethodTestDescriptor.execute(TestMethodTestDescriptor.java:157)
	at org.junit.jupiter.engine.descriptor.TestMethodTestDescriptor.execute(TestMethodTestDescriptor.java:70)
	at org.junit.platform.engine.support.hierarchical.NodeTestTask.lambda$executeRecursively$2(NodeTestTask.java:176)
	at org.junit.platform.engine.support.hierarchical.ThrowableCollector.execute(ThrowableCollector.java:74)
	at org.junit.platform.engine.support.hierarchical.NodeTestTask.lambda$executeRecursively$1(NodeTestTask.java:166)
	at org.junit.platform.engine.support.hierarchical.Node.around(Node.java:138)
	at org.junit.platform.engine.support.hierarchical.NodeTestTask.lambda$executeRecursively$0(NodeTestTask.java:164)
	at org.junit.platform.engine.support.hierarchical.ThrowableCollector.execute(ThrowableCollector.java:74)
	at org.junit.platform.engine.support.hierarchical.NodeTestTask.executeRecursively(NodeTestTask.java:163)
	at org.junit.platform.engine.support.hierarchical.NodeTestTask.execute(NodeTestTask.java:116)
	at org.junit.platform.engine.support.hierarchical.SameThreadHierarchicalTestExecutorService.submit(SameThreadHierarchicalTestExecutorService.java:36)
	at org.junit.platform.engine.support.hierarchical.NodeTestTask$DefaultDynamicTestExecutor.execute(NodeTestTask.java:268)
	at org.junit.platform.engine.support.hierarchical.NodeTestTask$DefaultDynamicTestExecutor.execute(NodeTestTask.java:246)
	at org.junit.jupiter.engine.descriptor.TemplateExecutor.execute(TemplateExecutor.java:96)
	at org.junit.jupiter.engine.descriptor.TemplateExecutor.lambda$executeForProvider$1(TemplateExecutor.java:59)
	at java.base/java.util.Optional.ifPresent(Optional.java:178)
	at org.junit.jupiter.engine.descriptor.TemplateExecutor.lambda$executeForProvider$0(TemplateExecutor.java:59)
	at java.base/java.util.stream.ForEachOps$ForEachOp$OfRef.accept(ForEachOps.java:184)
	at java.base/java.util.stream.ReferencePipeline$3$1.accept(ReferencePipeline.java:197)
	at java.base/java.util.stream.ForEachOps$ForEachOp$OfRef.accept(ForEachOps.java:184)
	at java.base/java.util.ArrayList$ArrayListSpliterator.forEachRemaining(ArrayList.java:1708)
	at java.base/java.util.stream.ReferencePipeline$Head.forEach(ReferencePipeline.java:762)
	at java.base/java.util.stream.ReferencePipeline$7$1.accept(ReferencePipeline.java:276)
	at java.base/java.util.ArrayList$ArrayListSpliterator.forEachRemaining(ArrayList.java:1708)
	at java.base/java.util.stream.AbstractPipeline.copyInto(AbstractPipeline.java:509)
	at java.base/java.util.stream.AbstractPipeline.wrapAndCopyInto(AbstractPipeline.java:499)
	at java.base/java.util.stream.ForEachOps$ForEachOp.evaluateSequential(ForEachOps.java:151)
	at java.base/java.util.stream.ForEachOps$ForEachOp$OfRef.evaluateSequential(ForEachOps.java:174)
	at java.base/java.util.stream.AbstractPipeline.evaluate(AbstractPipeline.java:234)
	at java.base/java.util.stream.ReferencePipeline.forEach(ReferencePipeline.java:596)
	at java.base/java.util.stream.ReferencePipeline$7$1.accept(ReferencePipeline.java:276)
	at java.base/java.util.stream.ReferencePipeline$3$1.accept(ReferencePipeline.java:197)
	at java.base/java.util.stream.ReferencePipeline$3$1.accept(ReferencePipeline.java:197)
	at java.base/java.util.stream.ReferencePipeline$3$1.accept(ReferencePipeline.java:197)
	at java.base/java.util.AbstractList$RandomAccessSpliterator.forEachRemaining(AbstractList.java:722)
	at java.base/java.util.stream.AbstractPipeline.copyInto(AbstractPipeline.java:509)
	at java.base/java.util.stream.AbstractPipeline.wrapAndCopyInto(AbstractPipeline.java:499)
	at java.base/java.util.stream.ForEachOps$ForEachOp.evaluateSequential(ForEachOps.java:151)
	at java.base/java.util.stream.ForEachOps$ForEachOp$OfRef.evaluateSequential(ForEachOps.java:174)
	at java.base/java.util.stream.AbstractPipeline.evaluate(AbstractPipeline.java:234)
	at java.base/java.util.stream.ReferencePipeline.forEach(ReferencePipeline.java:596)
	at org.junit.jupiter.engine.descriptor.TemplateExecutor.executeForProvider(TemplateExecutor.java:57)
	at org.junit.jupiter.engine.descriptor.TemplateExecutor.execute(TemplateExecutor.java:46)
	at org.junit.jupiter.engine.descriptor.TestTemplateTestDescriptor.execute(TestTemplateTestDescriptor.java:112)
	at org.junit.jupiter.engine.descriptor.TestTemplateTestDescriptor.execute(TestTemplateTestDescriptor.java:40)
	at org.junit.platform.engine.support.hierarchical.NodeTestTask.lambda$executeRecursively$2(NodeTestTask.java:176)
	at org.junit.platform.engine.support.hierarchical.ThrowableCollector.execute(ThrowableCollector.java:74)
	at org.junit.platform.engine.support.hierarchical.NodeTestTask.lambda$executeRecursively$1(NodeTestTask.java:166)
	at org.junit.platform.engine.support.hierarchical.Node.around(Node.java:138)
	at org.junit.platform.engine.support.hierarchical.NodeTestTask.lambda$executeRecursively$0(NodeTestTask.java:164)
	at org.junit.platform.engine.support.hierarchical.ThrowableCollector.execute(ThrowableCollector.java:74)
	at org.junit.platform.engine.support.hierarchical.NodeTestTask.executeRecursively(NodeTestTask.java:163)
	at org.junit.platform.engine.support.hierarchical.NodeTestTask.execute(NodeTestTask.java:116)
	at java.base/java.util.ArrayList.forEach(ArrayList.java:1596)
	at org.junit.platform.engine.support.hierarchical.SameThreadHierarchicalTestExecutorService.invokeAll(SameThreadHierarchicalTestExecutorService.java:42)
	at org.junit.platform.engine.support.hierarchical.NodeTestTask.lambda$executeRecursively$2(NodeTestTask.java:180)
	at org.junit.platform.engine.support.hierarchical.ThrowableCollector.execute(ThrowableCollector.java:74)
	at org.junit.platform.engine.support.hierarchical.NodeTestTask.lambda$executeRecursively$1(NodeTestTask.java:166)
	at org.junit.platform.engine.support.hierarchical.Node.around(Node.java:138)
	at org.junit.platform.engine.support.hierarchical.NodeTestTask.lambda$executeRecursively$0(NodeTestTask.java:164)
	at org.junit.platform.engine.support.hierarchical.ThrowableCollector.execute(ThrowableCollector.java:74)
	at org.junit.platform.engine.support.hierarchical.NodeTestTask.executeRecursively(NodeTestTask.java:163)
	at org.junit.platform.engine.support.hierarchical.NodeTestTask.execute(NodeTestTask.java:116)
	at java.base/java.util.ArrayList.forEach(ArrayList.java:1596)
	at org.junit.platform.engine.support.hierarchical.SameThreadHierarchicalTestExecutorService.invokeAll(SameThreadHierarchicalTestExecutorService.java:42)
	at org.junit.platform.engine.support.hierarchical.NodeTestTask.lambda$executeRecursively$2(NodeTestTask.java:180)
	at org.junit.platform.engine.support.hierarchical.ThrowableCollector.execute(ThrowableCollector.java:74)
	at org.junit.platform.engine.support.hierarchical.NodeTestTask.lambda$executeRecursively$1(NodeTestTask.java:166)
	at org.junit.platform.engine.support.hierarchical.Node.around(Node.java:138)
	at org.junit.platform.engine.support.hierarchical.NodeTestTask.lambda$executeRecursively$0(NodeTestTask.java:164)
	at org.junit.platform.engine.support.hierarchical.ThrowableCollector.execute(ThrowableCollector.java:74)
	at org.junit.platform.engine.support.hierarchical.NodeTestTask.executeRecursively(NodeTestTask.java:163)
	at org.junit.platform.engine.support.hierarchical.NodeTestTask.execute(NodeTestTask.java:116)
	at org.junit.platform.engine.support.hierarchical.SameThreadHierarchicalTestExecutorService.submit(SameThreadHierarchicalTestExecutorService.java:36)
	at org.junit.platform.engine.support.hierarchical.HierarchicalTestExecutor.execute(HierarchicalTestExecutor.java:52)
	at org.junit.platform.engine.support.hierarchical.HierarchicalTestEngine.execute(HierarchicalTestEngine.java:58)
	at org.junit.platform.launcher.core.EngineExecutionOrchestrator.executeEngine(EngineExecutionOrchestrator.java:246)
	at org.junit.platform.launcher.core.EngineExecutionOrchestrator.failOrExecuteEngine(EngineExecutionOrchestrator.java:218)
	at org.junit.platform.launcher.core.EngineExecutionOrchestrator.execute(EngineExecutionOrchestrator.java:179)
	at org.junit.platform.launcher.core.EngineExecutionOrchestrator.execute(EngineExecutionOrchestrator.java:108)
	at org.junit.platform.launcher.core.EngineExecutionOrchestrator.lambda$execute$0(EngineExecutionOrchestrator.java:66)
	at org.junit.platform.launcher.core.EngineExecutionOrchestrator.withInterceptedStreams(EngineExecutionOrchestrator.java:157)
	at org.junit.platform.launcher.core.EngineExecutionOrchestrator.execute(EngineExecutionOrchestrator.java:65)
	at org.junit.platform.launcher.core.DefaultLauncher.execute(DefaultLauncher.java:125)
	at org.junit.platform.launcher.core.DefaultLauncher.execute(DefaultLauncher.java:114)
	at org.junit.platform.launcher.core.DelegatingLauncher.execute(DelegatingLauncher.java:58)
	at org.junit.platform.launcher.core.InterceptingLauncher.lambda$execute$2(InterceptingLauncher.java:57)
	at org.junit.platform.launcher.core.ClasspathAlignmentCheckingLauncherInterceptor.intercept(ClasspathAlignmentCheckingLauncherInterceptor.java:25)
	at org.junit.platform.launcher.core.InterceptingLauncher.execute(InterceptingLauncher.java:56)
	at org.junit.platform.launcher.core.DelegatingLauncher.execute(DelegatingLauncher.java:58)
	at java.base/jdk.internal.reflect.DirectMethodHandleAccessor.invoke(DirectMethodHandleAccessor.java:103)
	at java.base/java.lang.reflect.Method.invoke(Method.java:580)
	at org.apache.maven.surefire.api.util.ReflectionUtils.invokeMethodWithArray(ReflectionUtils.java:125)
	at org.apache.maven.surefire.junitplatform.LauncherAdapter.executeWithCancellationToken(LauncherAdapter.java:68)
	at org.apache.maven.surefire.junitplatform.LauncherAdapter.execute(LauncherAdapter.java:54)
	at org.apache.maven.surefire.junitplatform.JUnitPlatformProvider.execute(JUnitPlatformProvider.java:203)
	at org.apache.maven.surefire.junitplatform.JUnitPlatformProvider.invokeAllTests(JUnitPlatformProvider.java:168)
	at org.apache.maven.surefire.junitplatform.JUnitPlatformProvider.invoke(JUnitPlatformProvider.java:134)
	at org.apache.maven.surefire.booter.ForkedBooter.runSuitesInProcess(ForkedBooter.java:385)
	at org.apache.maven.surefire.booter.ForkedBooter.execute(ForkedBooter.java:162)
	at org.apache.maven.surefire.booter.ForkedBooter.run(ForkedBooter.java:507)
	at org.apache.maven.surefire.booter.ForkedBooter.main(ForkedBooter.java:495)
Caused by: com.mysql.cj.exceptions.CJCommunicationsException: Communications link failure

The last packet successfully received from the server was 12 milliseconds ago. The last packet sent successfully to the server was 12 milliseconds ago.
	at java.base/jdk.internal.reflect.DirectConstructorHandleAccessor.newInstance(DirectConstructorHandleAccessor.java:62)
	at java.base/java.lang.reflect.Constructor.newInstanceWithCaller(Constructor.java:502)
	at java.base/java.lang.reflect.Constructor.newInstance(Constructor.java:486)
	at com.mysql.cj.exceptions.ExceptionFactory.createException(ExceptionFactory.java:52)
	at com.mysql.cj.exceptions.ExceptionFactory.createException(ExceptionFactory.java:95)
	at com.mysql.cj.exceptions.ExceptionFactory.createException(ExceptionFactory.java:140)
	at com.mysql.cj.exceptions.ExceptionFactory.createCommunicationsException(ExceptionFactory.java:156)
	at com.mysql.cj.protocol.a.NativeProtocol.readMessage(NativeProtocol.java:590)
	at com.mysql.cj.protocol.a.NativeProtocol.checkErrorMessage(NativeProtocol.java:767)
	at com.mysql.cj.protocol.a.NativeProtocol.sendCommand(NativeProtocol.java:706)
	at com.mysql.cj.protocol.a.NativeProtocol.sendQueryPacket(NativeProtocol.java:938)
	at com.mysql.cj.NativeSession.execSQL(NativeSession.java:817)
	at com.mysql.cj.jdbc.ConnectionImpl.commit(ConnectionImpl.java:794)
	... 145 common frames omitted
Caused by: java.io.EOFException: Can not read response from server. Expected to read 4 bytes, read 0 bytes before connection was unexpectedly lost.
	at com.mysql.cj.protocol.FullReadInputStream.readFully(FullReadInputStream.java:58)
	at com.mysql.cj.protocol.a.SimplePacketReader.readHeaderLocal(SimplePacketReader.java:72)
	at com.mysql.cj.protocol.a.SimplePacketReader.readHeader(SimplePacketReader.java:54)
	at com.mysql.cj.protocol.a.SimplePacketReader.readHeader(SimplePacketReader.java:36)
	at com.mysql.cj.protocol.a.TimeTrackingPacketReader.readHeader(TimeTrackingPacketReader.java:43)
	at com.mysql.cj.protocol.a.TimeTrackingPacketReader.readHeader(TimeTrackingPacketReader.java:32)
	at com.mysql.cj.protocol.a.MultiPacketReader.readHeader(MultiPacketReader.java:45)
	at com.mysql.cj.protocol.a.MultiPacketReader.readHeader(MultiPacketReader.java:35)
	at com.mysql.cj.protocol.a.NativeProtocol.readMessage(NativeProtocol.java:584)
	... 150 common frames omitted
10:52:52.313 [main] ERROR com.baomidou.dynamic.datasource.tx.ConnectionProxy -- Communications link failure

The last packet successfully received from the server was 12 milliseconds ago. The last packet sent successfully to the server was 12 milliseconds ago.
com.mysql.cj.jdbc.exceptions.CommunicationsException: Communications link failure

The last packet successfully received from the server was 12 milliseconds ago. The last packet sent successfully to the server was 12 milliseconds ago.
	at com.mysql.cj.jdbc.exceptions.SQLError.createCommunicationsException(SQLError.java:165)
	at com.mysql.cj.jdbc.exceptions.SQLExceptionsMapping.translateException(SQLExceptionsMapping.java:55)
	at com.mysql.cj.jdbc.ConnectionImpl.commit(ConnectionImpl.java:814)
	at com.zaxxer.hikari.pool.ProxyConnection.commit(ProxyConnection.java:378)
	at com.zaxxer.hikari.pool.HikariProxyConnection.commit(HikariProxyConnection.java)
	at java.base/jdk.internal.reflect.DirectMethodHandleAccessor.invoke(DirectMethodHandleAccessor.java:103)
	at java.base/java.lang.reflect.Method.invoke(Method.java:580)
	at org.namewta.test.notify.NotifyAtomicResultIntegrationTest$1.lambda$getConnection$0(NotifyAtomicResultIntegrationTest.java:118)
	at jdk.proxy2/jdk.proxy2.$Proxy131.commit(Unknown Source)
	at com.baomidou.dynamic.datasource.tx.ConnectionProxy.notify(ConnectionProxy.java:62)
	at com.baomidou.dynamic.datasource.tx.ConnectionFactory.notify(ConnectionFactory.java:153)
	at com.baomidou.dynamic.datasource.tx.LocalTxUtil.commit(LocalTxUtil.java:91)
	at com.baomidou.dynamic.datasource.tx.TransactionalTemplate.doExecute(TransactionalTemplate.java:126)
	at com.baomidou.dynamic.datasource.tx.TransactionalTemplate.execute(TransactionalTemplate.java:94)
	at com.baomidou.dynamic.datasource.aop.DynamicLocalTransactionInterceptor.invoke(DynamicLocalTransactionInterceptor.java:59)
	at org.springframework.aop.framework.ReflectiveMethodInvocation.proceed(ReflectiveMethodInvocation.java:179)
	at org.springframework.aop.framework.CglibAopProxy$DynamicAdvisedInterceptor.intercept(CglibAopProxy.java:719)
	at org.namewta.notify.usecase.ProviderCallbackUseCase$$SpringCGLIB$$5.confirm(<generated>)
	at org.namewta.test.notify.NotifyAtomicResultIntegrationTest.lambda$nativeReceiptCommitFailureCanRetrySameInternalIdentity$57(NotifyAtomicResultIntegrationTest.java:1156)
	at org.assertj.core.api.ThrowableAssert.catchThrowable(ThrowableAssert.java:66)
	at org.assertj.core.api.AssertionsForClassTypes.catchThrowable(AssertionsForClassTypes.java:908)
	at org.assertj.core.api.Assertions.catchThrowable(Assertions.java:1476)
	at org.assertj.core.api.Assertions.assertThatThrownBy(Assertions.java:1319)
	at org.namewta.test.notify.NotifyAtomicResultIntegrationTest.nativeReceiptCommitFailureCanRetrySameInternalIdentity(NotifyAtomicResultIntegrationTest.java:1156)
	at java.base/jdk.internal.reflect.DirectMethodHandleAccessor.invoke(DirectMethodHandleAccessor.java:103)
	at java.base/java.lang.reflect.Method.invoke(Method.java:580)
	at org.junit.platform.commons.util.ReflectionUtils.invokeMethod(ReflectionUtils.java:701)
	at org.junit.platform.commons.support.ReflectionSupport.invokeMethod(ReflectionSupport.java:502)
	at org.junit.jupiter.engine.support.MethodReflectionUtils.invoke(MethodReflectionUtils.java:45)
	at org.junit.jupiter.engine.execution.MethodInvocation.proceed(MethodInvocation.java:61)
	at org.junit.jupiter.engine.execution.InvocationInterceptorChain$ValidatingInvocation.proceed(InvocationInterceptorChain.java:124)
	at org.junit.jupiter.engine.extension.TimeoutExtension.intercept(TimeoutExtension.java:163)
	at org.junit.jupiter.engine.extension.TimeoutExtension.interceptTestableMethod(TimeoutExtension.java:148)
	at org.junit.jupiter.engine.extension.TimeoutExtension.interceptTestTemplateMethod(TimeoutExtension.java:94)
	at org.junit.jupiter.engine.execution.InterceptingExecutableInvoker$ReflectiveInterceptorCall.lambda$ofVoidMethod$0(InterceptingExecutableInvoker.java:123)
	at org.junit.jupiter.engine.execution.InterceptingExecutableInvoker.lambda$invoke$0(InterceptingExecutableInvoker.java:105)
	at org.junit.jupiter.engine.execution.InvocationInterceptorChain$InterceptedInvocation.proceed(InvocationInterceptorChain.java:99)
	at org.junit.jupiter.engine.execution.InvocationInterceptorChain.proceed(InvocationInterceptorChain.java:66)
	at org.junit.jupiter.engine.execution.InvocationInterceptorChain.chainAndInvoke(InvocationInterceptorChain.java:47)
	at org.junit.jupiter.engine.execution.InvocationInterceptorChain.invoke(InvocationInterceptorChain.java:39)
	at org.junit.jupiter.engine.execution.InterceptingExecutableInvoker.invoke(InterceptingExecutableInvoker.java:104)
	at org.junit.jupiter.engine.execution.InterceptingExecutableInvoker.invoke(InterceptingExecutableInvoker.java:98)
	at org.junit.jupiter.engine.execution.InterceptingExecutableInvoker.invokeVoid(InterceptingExecutableInvoker.java:71)
	at org.junit.jupiter.engine.descriptor.TestMethodTestDescriptor.lambda$invokeTestMethod$0(TestMethodTestDescriptor.java:219)
	at org.junit.platform.engine.support.hierarchical.ThrowableCollector.execute(ThrowableCollector.java:74)
	at org.junit.jupiter.engine.descriptor.TestMethodTestDescriptor.invokeTestMethod(TestMethodTestDescriptor.java:215)
	at org.junit.jupiter.engine.descriptor.TestMethodTestDescriptor.execute(TestMethodTestDescriptor.java:157)
	at org.junit.jupiter.engine.descriptor.TestMethodTestDescriptor.execute(TestMethodTestDescriptor.java:70)
	at org.junit.platform.engine.support.hierarchical.NodeTestTask.lambda$executeRecursively$2(NodeTestTask.java:176)
	at org.junit.platform.engine.support.hierarchical.ThrowableCollector.execute(ThrowableCollector.java:74)
	at org.junit.platform.engine.support.hierarchical.NodeTestTask.lambda$executeRecursively$1(NodeTestTask.java:166)
	at org.junit.platform.engine.support.hierarchical.Node.around(Node.java:138)
	at org.junit.platform.engine.support.hierarchical.NodeTestTask.lambda$executeRecursively$0(NodeTestTask.java:164)
	at org.junit.platform.engine.support.hierarchical.ThrowableCollector.execute(ThrowableCollector.java:74)
	at org.junit.platform.engine.support.hierarchical.NodeTestTask.executeRecursively(NodeTestTask.java:163)
	at org.junit.platform.engine.support.hierarchical.NodeTestTask.execute(NodeTestTask.java:116)
	at org.junit.platform.engine.support.hierarchical.SameThreadHierarchicalTestExecutorService.submit(SameThreadHierarchicalTestExecutorService.java:36)
	at org.junit.platform.engine.support.hierarchical.NodeTestTask$DefaultDynamicTestExecutor.execute(NodeTestTask.java:268)
	at org.junit.platform.engine.support.hierarchical.NodeTestTask$DefaultDynamicTestExecutor.execute(NodeTestTask.java:246)
	at org.junit.jupiter.engine.descriptor.TemplateExecutor.execute(TemplateExecutor.java:96)
	at org.junit.jupiter.engine.descriptor.TemplateExecutor.lambda$executeForProvider$1(TemplateExecutor.java:59)
	at java.base/java.util.Optional.ifPresent(Optional.java:178)
	at org.junit.jupiter.engine.descriptor.TemplateExecutor.lambda$executeForProvider$0(TemplateExecutor.java:59)
	at java.base/java.util.stream.ForEachOps$ForEachOp$OfRef.accept(ForEachOps.java:184)
	at java.base/java.util.stream.ReferencePipeline$3$1.accept(ReferencePipeline.java:197)
	at java.base/java.util.stream.ForEachOps$ForEachOp$OfRef.accept(ForEachOps.java:184)
	at java.base/java.util.ArrayList$ArrayListSpliterator.forEachRemaining(ArrayList.java:1708)
	at java.base/java.util.stream.ReferencePipeline$Head.forEach(ReferencePipeline.java:762)
	at java.base/java.util.stream.ReferencePipeline$7$1.accept(ReferencePipeline.java:276)
	at java.base/java.util.ArrayList$ArrayListSpliterator.forEachRemaining(ArrayList.java:1708)
	at java.base/java.util.stream.AbstractPipeline.copyInto(AbstractPipeline.java:509)
	at java.base/java.util.stream.AbstractPipeline.wrapAndCopyInto(AbstractPipeline.java:499)
	at java.base/java.util.stream.ForEachOps$ForEachOp.evaluateSequential(ForEachOps.java:151)
	at java.base/java.util.stream.ForEachOps$ForEachOp$OfRef.evaluateSequential(ForEachOps.java:174)
	at java.base/java.util.stream.AbstractPipeline.evaluate(AbstractPipeline.java:234)
	at java.base/java.util.stream.ReferencePipeline.forEach(ReferencePipeline.java:596)
	at java.base/java.util.stream.ReferencePipeline$7$1.accept(ReferencePipeline.java:276)
	at java.base/java.util.stream.ReferencePipeline$3$1.accept(ReferencePipeline.java:197)
	at java.base/java.util.stream.ReferencePipeline$3$1.accept(ReferencePipeline.java:197)
	at java.base/java.util.stream.ReferencePipeline$3$1.accept(ReferencePipeline.java:197)
	at java.base/java.util.AbstractList$RandomAccessSpliterator.forEachRemaining(AbstractList.java:722)
	at java.base/java.util.stream.AbstractPipeline.copyInto(AbstractPipeline.java:509)
	at java.base/java.util.stream.AbstractPipeline.wrapAndCopyInto(AbstractPipeline.java:499)
	at java.base/java.util.stream.ForEachOps$ForEachOp.evaluateSequential(ForEachOps.java:151)
	at java.base/java.util.stream.ForEachOps$ForEachOp$OfRef.evaluateSequential(ForEachOps.java:174)
	at java.base/java.util.stream.AbstractPipeline.evaluate(AbstractPipeline.java:234)
	at java.base/java.util.stream.ReferencePipeline.forEach(ReferencePipeline.java:596)
	at org.junit.jupiter.engine.descriptor.TemplateExecutor.executeForProvider(TemplateExecutor.java:57)
	at org.junit.jupiter.engine.descriptor.TemplateExecutor.execute(TemplateExecutor.java:46)
	at org.junit.jupiter.engine.descriptor.TestTemplateTestDescriptor.execute(TestTemplateTestDescriptor.java:112)
	at org.junit.jupiter.engine.descriptor.TestTemplateTestDescriptor.execute(TestTemplateTestDescriptor.java:40)
	at org.junit.platform.engine.support.hierarchical.NodeTestTask.lambda$executeRecursively$2(NodeTestTask.java:176)
	at org.junit.platform.engine.support.hierarchical.ThrowableCollector.execute(ThrowableCollector.java:74)
	at org.junit.platform.engine.support.hierarchical.NodeTestTask.lambda$executeRecursively$1(NodeTestTask.java:166)
	at org.junit.platform.engine.support.hierarchical.Node.around(Node.java:138)
	at org.junit.platform.engine.support.hierarchical.NodeTestTask.lambda$executeRecursively$0(NodeTestTask.java:164)
	at org.junit.platform.engine.support.hierarchical.ThrowableCollector.execute(ThrowableCollector.java:74)
	at org.junit.platform.engine.support.hierarchical.NodeTestTask.executeRecursively(NodeTestTask.java:163)
	at org.junit.platform.engine.support.hierarchical.NodeTestTask.execute(NodeTestTask.java:116)
	at java.base/java.util.ArrayList.forEach(ArrayList.java:1596)
	at org.junit.platform.engine.support.hierarchical.SameThreadHierarchicalTestExecutorService.invokeAll(SameThreadHierarchicalTestExecutorService.java:42)
	at org.junit.platform.engine.support.hierarchical.NodeTestTask.lambda$executeRecursively$2(NodeTestTask.java:180)
	at org.junit.platform.engine.support.hierarchical.ThrowableCollector.execute(ThrowableCollector.java:74)
	at org.junit.platform.engine.support.hierarchical.NodeTestTask.lambda$executeRecursively$1(NodeTestTask.java:166)
	at org.junit.platform.engine.support.hierarchical.Node.around(Node.java:138)
	at org.junit.platform.engine.support.hierarchical.NodeTestTask.lambda$executeRecursively$0(NodeTestTask.java:164)
	at org.junit.platform.engine.support.hierarchical.ThrowableCollector.execute(ThrowableCollector.java:74)
	at org.junit.platform.engine.support.hierarchical.NodeTestTask.executeRecursively(NodeTestTask.java:163)
	at org.junit.platform.engine.support.hierarchical.NodeTestTask.execute(NodeTestTask.java:116)
	at java.base/java.util.ArrayList.forEach(ArrayList.java:1596)
	at org.junit.platform.engine.support.hierarchical.SameThreadHierarchicalTestExecutorService.invokeAll(SameThreadHierarchicalTestExecutorService.java:42)
	at org.junit.platform.engine.support.hierarchical.NodeTestTask.lambda$executeRecursively$2(NodeTestTask.java:180)
	at org.junit.platform.engine.support.hierarchical.ThrowableCollector.execute(ThrowableCollector.java:74)
	at org.junit.platform.engine.support.hierarchical.NodeTestTask.lambda$executeRecursively$1(NodeTestTask.java:166)
	at org.junit.platform.engine.support.hierarchical.Node.around(Node.java:138)
	at org.junit.platform.engine.support.hierarchical.NodeTestTask.lambda$executeRecursively$0(NodeTestTask.java:164)
	at org.junit.platform.engine.support.hierarchical.ThrowableCollector.execute(ThrowableCollector.java:74)
	at org.junit.platform.engine.support.hierarchical.NodeTestTask.executeRecursively(NodeTestTask.java:163)
	at org.junit.platform.engine.support.hierarchical.NodeTestTask.execute(NodeTestTask.java:116)
	at org.junit.platform.engine.support.hierarchical.SameThreadHierarchicalTestExecutorService.submit(SameThreadHierarchicalTestExecutorService.java:36)
	at org.junit.platform.engine.support.hierarchical.HierarchicalTestExecutor.execute(HierarchicalTestExecutor.java:52)
	at org.junit.platform.engine.support.hierarchical.HierarchicalTestEngine.execute(HierarchicalTestEngine.java:58)
	at org.junit.platform.launcher.core.EngineExecutionOrchestrator.executeEngine(EngineExecutionOrchestrator.java:246)
	at org.junit.platform.launcher.core.EngineExecutionOrchestrator.failOrExecuteEngine(EngineExecutionOrchestrator.java:218)
	at org.junit.platform.launcher.core.EngineExecutionOrchestrator.execute(EngineExecutionOrchestrator.java:179)
	at org.junit.platform.launcher.core.EngineExecutionOrchestrator.execute(EngineExecutionOrchestrator.java:108)
	at org.junit.platform.launcher.core.EngineExecutionOrchestrator.lambda$execute$0(EngineExecutionOrchestrator.java:66)
	at org.junit.platform.launcher.core.EngineExecutionOrchestrator.withInterceptedStreams(EngineExecutionOrchestrator.java:157)
	at org.junit.platform.launcher.core.EngineExecutionOrchestrator.execute(EngineExecutionOrchestrator.java:65)
	at org.junit.platform.launcher.core.DefaultLauncher.execute(DefaultLauncher.java:125)
	at org.junit.platform.launcher.core.DefaultLauncher.execute(DefaultLauncher.java:114)
	at org.junit.platform.launcher.core.DelegatingLauncher.execute(DelegatingLauncher.java:58)
	at org.junit.platform.launcher.core.InterceptingLauncher.lambda$execute$2(InterceptingLauncher.java:57)
	at org.junit.platform.launcher.core.ClasspathAlignmentCheckingLauncherInterceptor.intercept(ClasspathAlignmentCheckingLauncherInterceptor.java:25)
	at org.junit.platform.launcher.core.InterceptingLauncher.execute(InterceptingLauncher.java:56)
	at org.junit.platform.launcher.core.DelegatingLauncher.execute(DelegatingLauncher.java:58)
	at java.base/jdk.internal.reflect.DirectMethodHandleAccessor.invoke(DirectMethodHandleAccessor.java:103)
	at java.base/java.lang.reflect.Method.invoke(Method.java:580)
	at org.apache.maven.surefire.api.util.ReflectionUtils.invokeMethodWithArray(ReflectionUtils.java:125)
	at org.apache.maven.surefire.junitplatform.LauncherAdapter.executeWithCancellationToken(LauncherAdapter.java:68)
	at org.apache.maven.surefire.junitplatform.LauncherAdapter.execute(LauncherAdapter.java:54)
	at org.apache.maven.surefire.junitplatform.JUnitPlatformProvider.execute(JUnitPlatformProvider.java:203)
	at org.apache.maven.surefire.junitplatform.JUnitPlatformProvider.invokeAllTests(JUnitPlatformProvider.java:168)
	at org.apache.maven.surefire.junitplatform.JUnitPlatformProvider.invoke(JUnitPlatformProvider.java:134)
	at org.apache.maven.surefire.booter.ForkedBooter.runSuitesInProcess(ForkedBooter.java:385)
	at org.apache.maven.surefire.booter.ForkedBooter.execute(ForkedBooter.java:162)
	at org.apache.maven.surefire.booter.ForkedBooter.run(ForkedBooter.java:507)
	at org.apache.maven.surefire.booter.ForkedBooter.main(ForkedBooter.java:495)
Caused by: com.mysql.cj.exceptions.CJCommunicationsException: Communications link failure

The last packet successfully received from the server was 12 milliseconds ago. The last packet sent successfully to the server was 12 milliseconds ago.
	at java.base/jdk.internal.reflect.DirectConstructorHandleAccessor.newInstance(DirectConstructorHandleAccessor.java:62)
	at java.base/java.lang.reflect.Constructor.newInstanceWithCaller(Constructor.java:502)
	at java.base/java.lang.reflect.Constructor.newInstance(Constructor.java:486)
	at com.mysql.cj.exceptions.ExceptionFactory.createException(ExceptionFactory.java:52)
	at com.mysql.cj.exceptions.ExceptionFactory.createException(ExceptionFactory.java:95)
	at com.mysql.cj.exceptions.ExceptionFactory.createException(ExceptionFactory.java:140)
	at com.mysql.cj.exceptions.ExceptionFactory.createCommunicationsException(ExceptionFactory.java:156)
	at com.mysql.cj.protocol.a.NativeProtocol.readMessage(NativeProtocol.java:590)
	at com.mysql.cj.protocol.a.NativeProtocol.checkErrorMessage(NativeProtocol.java:767)
	at com.mysql.cj.protocol.a.NativeProtocol.sendCommand(NativeProtocol.java:706)
	at com.mysql.cj.protocol.a.NativeProtocol.sendQueryPacket(NativeProtocol.java:938)
	at com.mysql.cj.NativeSession.execSQL(NativeSession.java:817)
	at com.mysql.cj.jdbc.ConnectionImpl.commit(ConnectionImpl.java:794)
	... 145 common frames omitted
Caused by: java.io.EOFException: Can not read response from server. Expected to read 4 bytes, read 0 bytes before connection was unexpectedly lost.
	at com.mysql.cj.protocol.FullReadInputStream.readFully(FullReadInputStream.java:58)
	at com.mysql.cj.protocol.a.SimplePacketReader.readHeaderLocal(SimplePacketReader.java:72)
	at com.mysql.cj.protocol.a.SimplePacketReader.readHeader(SimplePacketReader.java:54)
	at com.mysql.cj.protocol.a.SimplePacketReader.readHeader(SimplePacketReader.java:36)
	at com.mysql.cj.protocol.a.TimeTrackingPacketReader.readHeader(TimeTrackingPacketReader.java:43)
	at com.mysql.cj.protocol.a.TimeTrackingPacketReader.readHeader(TimeTrackingPacketReader.java:32)
	at com.mysql.cj.protocol.a.MultiPacketReader.readHeader(MultiPacketReader.java:45)
	at com.mysql.cj.protocol.a.MultiPacketReader.readHeader(MultiPacketReader.java:35)
	at com.mysql.cj.protocol.a.NativeProtocol.readMessage(NativeProtocol.java:584)
	... 150 common frames omitted
10:52:52.372 [main] INFO com.baomidou.dynamic.datasource.DynamicRoutingDataSource -- dynamic-datasource start closing ....
10:52:52.372 [main] INFO com.baomidou.dynamic.datasource.DynamicRoutingDataSource -- dynamic-datasource all closed success,bye
10:52:52.372 [main] INFO com.zaxxer.hikari.HikariDataSource -- HikariPool-5 - Shutdown initiated...
10:52:52.404 [main] INFO com.zaxxer.hikari.HikariDataSource -- HikariPool-5 - Shutdown completed.
10:52:52.407 [main] INFO com.baomidou.dynamic.datasource.DynamicRoutingDataSource -- dynamic-datasource - add a datasource named [master] success
10:52:52.550 [main] INFO org.redisson.Version -- Redisson 4.6.1
10:52:52.554 [redisson-netty-17-1] INFO org.redisson.connection.ConnectionsHolder -- 1 connections initialized for 127.0.0.1/127.0.0.1:32833
10:52:52.557 [redisson-netty-17-2] INFO org.redisson.connection.ConnectionsHolder -- 1 connections initialized for 127.0.0.1/127.0.0.1:32833
10:52:52.587 [main] INFO com.zaxxer.hikari.HikariDataSource -- HikariPool-6 - Starting...
10:52:52.594 [main] INFO com.zaxxer.hikari.pool.HikariPool -- HikariPool-6 - Added connection com.mysql.cj.jdbc.ConnectionImpl@4c682826
10:52:52.594 [main] INFO com.zaxxer.hikari.HikariDataSource -- HikariPool-6 - Start completed.
10:52:52.641 [main] ERROR com.baomidou.dynamic.datasource.tx.ConnectionProxy -- owned lost commit acknowledgement
java.sql.SQLRecoverableException: owned lost commit acknowledgement
	at org.namewta.test.notify.NotifyAtomicResultIntegrationTest$1.lambda$getConnection$0(NotifyAtomicResultIntegrationTest.java:115)
	at jdk.proxy2/jdk.proxy2.$Proxy131.commit(Unknown Source)
	at com.baomidou.dynamic.datasource.tx.ConnectionProxy.notify(ConnectionProxy.java:62)
	at com.baomidou.dynamic.datasource.tx.ConnectionFactory.notify(ConnectionFactory.java:153)
	at com.baomidou.dynamic.datasource.tx.LocalTxUtil.commit(LocalTxUtil.java:91)
	at com.baomidou.dynamic.datasource.tx.TransactionalTemplate.doExecute(TransactionalTemplate.java:126)
	at com.baomidou.dynamic.datasource.tx.TransactionalTemplate.execute(TransactionalTemplate.java:94)
	at com.baomidou.dynamic.datasource.aop.DynamicLocalTransactionInterceptor.invoke(DynamicLocalTransactionInterceptor.java:59)
	at org.springframework.aop.framework.ReflectiveMethodInvocation.proceed(ReflectiveMethodInvocation.java:179)
	at org.springframework.aop.framework.CglibAopProxy$DynamicAdvisedInterceptor.intercept(CglibAopProxy.java:719)
	at org.namewta.notify.usecase.ProviderCallbackUseCase$$SpringCGLIB$$6.confirm(<generated>)
	at org.namewta.test.notify.NotifyAtomicResultIntegrationTest.lambda$nativeReceiptCommitFailureCanRetrySameInternalIdentity$57(NotifyAtomicResultIntegrationTest.java:1156)
	at org.assertj.core.api.ThrowableAssert.catchThrowable(ThrowableAssert.java:66)
	at org.assertj.core.api.AssertionsForClassTypes.catchThrowable(AssertionsForClassTypes.java:908)
	at org.assertj.core.api.Assertions.catchThrowable(Assertions.java:1476)
	at org.assertj.core.api.Assertions.assertThatThrownBy(Assertions.java:1319)
	at org.namewta.test.notify.NotifyAtomicResultIntegrationTest.nativeReceiptCommitFailureCanRetrySameInternalIdentity(NotifyAtomicResultIntegrationTest.java:1156)
	at java.base/jdk.internal.reflect.DirectMethodHandleAccessor.invoke(DirectMethodHandleAccessor.java:103)
	at java.base/java.lang.reflect.Method.invoke(Method.java:580)
	at org.junit.platform.commons.util.ReflectionUtils.invokeMethod(ReflectionUtils.java:701)
	at org.junit.platform.commons.support.ReflectionSupport.invokeMethod(ReflectionSupport.java:502)
	at org.junit.jupiter.engine.support.MethodReflectionUtils.invoke(MethodReflectionUtils.java:45)
	at org.junit.jupiter.engine.execution.MethodInvocation.proceed(MethodInvocation.java:61)
	at org.junit.jupiter.engine.execution.InvocationInterceptorChain$ValidatingInvocation.proceed(InvocationInterceptorChain.java:124)
	at org.junit.jupiter.engine.extension.TimeoutExtension.intercept(TimeoutExtension.java:163)
	at org.junit.jupiter.engine.extension.TimeoutExtension.interceptTestableMethod(TimeoutExtension.java:148)
	at org.junit.jupiter.engine.extension.TimeoutExtension.interceptTestTemplateMethod(TimeoutExtension.java:94)
	at org.junit.jupiter.engine.execution.InterceptingExecutableInvoker$ReflectiveInterceptorCall.lambda$ofVoidMethod$0(InterceptingExecutableInvoker.java:123)
	at org.junit.jupiter.engine.execution.InterceptingExecutableInvoker.lambda$invoke$0(InterceptingExecutableInvoker.java:105)
	at org.junit.jupiter.engine.execution.InvocationInterceptorChain$InterceptedInvocation.proceed(InvocationInterceptorChain.java:99)
	at org.junit.jupiter.engine.execution.InvocationInterceptorChain.proceed(InvocationInterceptorChain.java:66)
	at org.junit.jupiter.engine.execution.InvocationInterceptorChain.chainAndInvoke(InvocationInterceptorChain.java:47)
	at org.junit.jupiter.engine.execution.InvocationInterceptorChain.invoke(InvocationInterceptorChain.java:39)
	at org.junit.jupiter.engine.execution.InterceptingExecutableInvoker.invoke(InterceptingExecutableInvoker.java:104)
	at org.junit.jupiter.engine.execution.InterceptingExecutableInvoker.invoke(InterceptingExecutableInvoker.java:98)
	at org.junit.jupiter.engine.execution.InterceptingExecutableInvoker.invokeVoid(InterceptingExecutableInvoker.java:71)
	at org.junit.jupiter.engine.descriptor.TestMethodTestDescriptor.lambda$invokeTestMethod$0(TestMethodTestDescriptor.java:219)
	at org.junit.platform.engine.support.hierarchical.ThrowableCollector.execute(ThrowableCollector.java:74)
	at org.junit.jupiter.engine.descriptor.TestMethodTestDescriptor.invokeTestMethod(TestMethodTestDescriptor.java:215)
	at org.junit.jupiter.engine.descriptor.TestMethodTestDescriptor.execute(TestMethodTestDescriptor.java:157)
	at org.junit.jupiter.engine.descriptor.TestMethodTestDescriptor.execute(TestMethodTestDescriptor.java:70)
	at org.junit.platform.engine.support.hierarchical.NodeTestTask.lambda$executeRecursively$2(NodeTestTask.java:176)
	at org.junit.platform.engine.support.hierarchical.ThrowableCollector.execute(ThrowableCollector.java:74)
	at org.junit.platform.engine.support.hierarchical.NodeTestTask.lambda$executeRecursively$1(NodeTestTask.java:166)
	at org.junit.platform.engine.support.hierarchical.Node.around(Node.java:138)
	at org.junit.platform.engine.support.hierarchical.NodeTestTask.lambda$executeRecursively$0(NodeTestTask.java:164)
	at org.junit.platform.engine.support.hierarchical.ThrowableCollector.execute(ThrowableCollector.java:74)
	at org.junit.platform.engine.support.hierarchical.NodeTestTask.executeRecursively(NodeTestTask.java:163)
	at org.junit.platform.engine.support.hierarchical.NodeTestTask.execute(NodeTestTask.java:116)
	at org.junit.platform.engine.support.hierarchical.SameThreadHierarchicalTestExecutorService.submit(SameThreadHierarchicalTestExecutorService.java:36)
	at org.junit.platform.engine.support.hierarchical.NodeTestTask$DefaultDynamicTestExecutor.execute(NodeTestTask.java:268)
	at org.junit.platform.engine.support.hierarchical.NodeTestTask$DefaultDynamicTestExecutor.execute(NodeTestTask.java:246)
	at org.junit.jupiter.engine.descriptor.TemplateExecutor.execute(TemplateExecutor.java:96)
	at org.junit.jupiter.engine.descriptor.TemplateExecutor.lambda$executeForProvider$1(TemplateExecutor.java:59)
	at java.base/java.util.Optional.ifPresent(Optional.java:178)
	at org.junit.jupiter.engine.descriptor.TemplateExecutor.lambda$executeForProvider$0(TemplateExecutor.java:59)
	at java.base/java.util.stream.ForEachOps$ForEachOp$OfRef.accept(ForEachOps.java:184)
	at java.base/java.util.stream.ReferencePipeline$3$1.accept(ReferencePipeline.java:197)
	at java.base/java.util.stream.ForEachOps$ForEachOp$OfRef.accept(ForEachOps.java:184)
	at java.base/java.util.ArrayList$ArrayListSpliterator.forEachRemaining(ArrayList.java:1708)
	at java.base/java.util.stream.ReferencePipeline$Head.forEach(ReferencePipeline.java:762)
	at java.base/java.util.stream.ReferencePipeline$7$1.accept(ReferencePipeline.java:276)
	at java.base/java.util.ArrayList$ArrayListSpliterator.forEachRemaining(ArrayList.java:1708)
	at java.base/java.util.stream.AbstractPipeline.copyInto(AbstractPipeline.java:509)
	at java.base/java.util.stream.AbstractPipeline.wrapAndCopyInto(AbstractPipeline.java:499)
	at java.base/java.util.stream.ForEachOps$ForEachOp.evaluateSequential(ForEachOps.java:151)
	at java.base/java.util.stream.ForEachOps$ForEachOp$OfRef.evaluateSequential(ForEachOps.java:174)
	at java.base/java.util.stream.AbstractPipeline.evaluate(AbstractPipeline.java:234)
	at java.base/java.util.stream.ReferencePipeline.forEach(ReferencePipeline.java:596)
	at java.base/java.util.stream.ReferencePipeline$7$1.accept(ReferencePipeline.java:276)
	at java.base/java.util.stream.ReferencePipeline$3$1.accept(ReferencePipeline.java:197)
	at java.base/java.util.stream.ReferencePipeline$3$1.accept(ReferencePipeline.java:197)
	at java.base/java.util.stream.ReferencePipeline$3$1.accept(ReferencePipeline.java:197)
	at java.base/java.util.AbstractList$RandomAccessSpliterator.forEachRemaining(AbstractList.java:722)
	at java.base/java.util.stream.AbstractPipeline.copyInto(AbstractPipeline.java:509)
	at java.base/java.util.stream.AbstractPipeline.wrapAndCopyInto(AbstractPipeline.java:499)
	at java.base/java.util.stream.ForEachOps$ForEachOp.evaluateSequential(ForEachOps.java:151)
	at java.base/java.util.stream.ForEachOps$ForEachOp$OfRef.evaluateSequential(ForEachOps.java:174)
	at java.base/java.util.stream.AbstractPipeline.evaluate(AbstractPipeline.java:234)
	at java.base/java.util.stream.ReferencePipeline.forEach(ReferencePipeline.java:596)
	at org.junit.jupiter.engine.descriptor.TemplateExecutor.executeForProvider(TemplateExecutor.java:57)
	at org.junit.jupiter.engine.descriptor.TemplateExecutor.execute(TemplateExecutor.java:46)
	at org.junit.jupiter.engine.descriptor.TestTemplateTestDescriptor.execute(TestTemplateTestDescriptor.java:112)
	at org.junit.jupiter.engine.descriptor.TestTemplateTestDescriptor.execute(TestTemplateTestDescriptor.java:40)
	at org.junit.platform.engine.support.hierarchical.NodeTestTask.lambda$executeRecursively$2(NodeTestTask.java:176)
	at org.junit.platform.engine.support.hierarchical.ThrowableCollector.execute(ThrowableCollector.java:74)
	at org.junit.platform.engine.support.hierarchical.NodeTestTask.lambda$executeRecursively$1(NodeTestTask.java:166)
	at org.junit.platform.engine.support.hierarchical.Node.around(Node.java:138)
	at org.junit.platform.engine.support.hierarchical.NodeTestTask.lambda$executeRecursively$0(NodeTestTask.java:164)
	at org.junit.platform.engine.support.hierarchical.ThrowableCollector.execute(ThrowableCollector.java:74)
	at org.junit.platform.engine.support.hierarchical.NodeTestTask.executeRecursively(NodeTestTask.java:163)
	at org.junit.platform.engine.support.hierarchical.NodeTestTask.execute(NodeTestTask.java:116)
	at java.base/java.util.ArrayList.forEach(ArrayList.java:1596)
	at org.junit.platform.engine.support.hierarchical.SameThreadHierarchicalTestExecutorService.invokeAll(SameThreadHierarchicalTestExecutorService.java:42)
	at org.junit.platform.engine.support.hierarchical.NodeTestTask.lambda$executeRecursively$2(NodeTestTask.java:180)
	at org.junit.platform.engine.support.hierarchical.ThrowableCollector.execute(ThrowableCollector.java:74)
	at org.junit.platform.engine.support.hierarchical.NodeTestTask.lambda$executeRecursively$1(NodeTestTask.java:166)
	at org.junit.platform.engine.support.hierarchical.Node.around(Node.java:138)
	at org.junit.platform.engine.support.hierarchical.NodeTestTask.lambda$executeRecursively$0(NodeTestTask.java:164)
	at org.junit.platform.engine.support.hierarchical.ThrowableCollector.execute(ThrowableCollector.java:74)
	at org.junit.platform.engine.support.hierarchical.NodeTestTask.executeRecursively(NodeTestTask.java:163)
	at org.junit.platform.engine.support.hierarchical.NodeTestTask.execute(NodeTestTask.java:116)
	at java.base/java.util.ArrayList.forEach(ArrayList.java:1596)
	at org.junit.platform.engine.support.hierarchical.SameThreadHierarchicalTestExecutorService.invokeAll(SameThreadHierarchicalTestExecutorService.java:42)
	at org.junit.platform.engine.support.hierarchical.NodeTestTask.lambda$executeRecursively$2(NodeTestTask.java:180)
	at org.junit.platform.engine.support.hierarchical.ThrowableCollector.execute(ThrowableCollector.java:74)
	at org.junit.platform.engine.support.hierarchical.NodeTestTask.lambda$executeRecursively$1(NodeTestTask.java:166)
	at org.junit.platform.engine.support.hierarchical.Node.around(Node.java:138)
	at org.junit.platform.engine.support.hierarchical.NodeTestTask.lambda$executeRecursively$0(NodeTestTask.java:164)
	at org.junit.platform.engine.support.hierarchical.ThrowableCollector.execute(ThrowableCollector.java:74)
	at org.junit.platform.engine.support.hierarchical.NodeTestTask.executeRecursively(NodeTestTask.java:163)
	at org.junit.platform.engine.support.hierarchical.NodeTestTask.execute(NodeTestTask.java:116)
	at org.junit.platform.engine.support.hierarchical.SameThreadHierarchicalTestExecutorService.submit(SameThreadHierarchicalTestExecutorService.java:36)
	at org.junit.platform.engine.support.hierarchical.HierarchicalTestExecutor.execute(HierarchicalTestExecutor.java:52)
	at org.junit.platform.engine.support.hierarchical.HierarchicalTestEngine.execute(HierarchicalTestEngine.java:58)
	at org.junit.platform.launcher.core.EngineExecutionOrchestrator.executeEngine(EngineExecutionOrchestrator.java:246)
	at org.junit.platform.launcher.core.EngineExecutionOrchestrator.failOrExecuteEngine(EngineExecutionOrchestrator.java:218)
	at org.junit.platform.launcher.core.EngineExecutionOrchestrator.execute(EngineExecutionOrchestrator.java:179)
	at org.junit.platform.launcher.core.EngineExecutionOrchestrator.execute(EngineExecutionOrchestrator.java:108)
	at org.junit.platform.launcher.core.EngineExecutionOrchestrator.lambda$execute$0(EngineExecutionOrchestrator.java:66)
	at org.junit.platform.launcher.core.EngineExecutionOrchestrator.withInterceptedStreams(EngineExecutionOrchestrator.java:157)
	at org.junit.platform.launcher.core.EngineExecutionOrchestrator.execute(EngineExecutionOrchestrator.java:65)
	at org.junit.platform.launcher.core.DefaultLauncher.execute(DefaultLauncher.java:125)
	at org.junit.platform.launcher.core.DefaultLauncher.execute(DefaultLauncher.java:114)
	at org.junit.platform.launcher.core.DelegatingLauncher.execute(DelegatingLauncher.java:58)
	at org.junit.platform.launcher.core.InterceptingLauncher.lambda$execute$2(InterceptingLauncher.java:57)
	at org.junit.platform.launcher.core.ClasspathAlignmentCheckingLauncherInterceptor.intercept(ClasspathAlignmentCheckingLauncherInterceptor.java:25)
	at org.junit.platform.launcher.core.InterceptingLauncher.execute(InterceptingLauncher.java:56)
	at org.junit.platform.launcher.core.DelegatingLauncher.execute(DelegatingLauncher.java:58)
	at java.base/jdk.internal.reflect.DirectMethodHandleAccessor.invoke(DirectMethodHandleAccessor.java:103)
	at java.base/java.lang.reflect.Method.invoke(Method.java:580)
	at org.apache.maven.surefire.api.util.ReflectionUtils.invokeMethodWithArray(ReflectionUtils.java:125)
	at org.apache.maven.surefire.junitplatform.LauncherAdapter.executeWithCancellationToken(LauncherAdapter.java:68)
	at org.apache.maven.surefire.junitplatform.LauncherAdapter.execute(LauncherAdapter.java:54)
	at org.apache.maven.surefire.junitplatform.JUnitPlatformProvider.execute(JUnitPlatformProvider.java:203)
	at org.apache.maven.surefire.junitplatform.JUnitPlatformProvider.invokeAllTests(JUnitPlatformProvider.java:168)
	at org.apache.maven.surefire.junitplatform.JUnitPlatformProvider.invoke(JUnitPlatformProvider.java:134)
	at org.apache.maven.surefire.booter.ForkedBooter.runSuitesInProcess(ForkedBooter.java:385)
	at org.apache.maven.surefire.booter.ForkedBooter.execute(ForkedBooter.java:162)
	at org.apache.maven.surefire.booter.ForkedBooter.run(ForkedBooter.java:507)
	at org.apache.maven.surefire.booter.ForkedBooter.main(ForkedBooter.java:495)
10:52:52.685 [main] INFO com.baomidou.dynamic.datasource.DynamicRoutingDataSource -- dynamic-datasource start closing ....
10:52:52.685 [main] INFO com.baomidou.dynamic.datasource.DynamicRoutingDataSource -- dynamic-datasource all closed success,bye
10:52:52.686 [main] INFO com.zaxxer.hikari.HikariDataSource -- HikariPool-6 - Shutdown initiated...
10:52:52.686 [main] INFO com.zaxxer.hikari.HikariDataSource -- HikariPool-6 - Shutdown completed.
10:52:52.690 [main] INFO com.baomidou.dynamic.datasource.DynamicRoutingDataSource -- dynamic-datasource - add a datasource named [master] success
10:52:52.862 [main] INFO org.redisson.Version -- Redisson 4.6.1
10:52:52.873 [redisson-netty-20-1] INFO org.redisson.connection.ConnectionsHolder -- 1 connections initialized for 127.0.0.1/127.0.0.1:32833
10:52:52.874 [redisson-netty-20-2] INFO org.redisson.connection.ConnectionsHolder -- 1 connections initialized for 127.0.0.1/127.0.0.1:32833
10:52:52.900 [main] INFO com.zaxxer.hikari.HikariDataSource -- HikariPool-7 - Starting...
10:52:52.908 [main] INFO com.zaxxer.hikari.pool.HikariPool -- HikariPool-7 - Added connection com.mysql.cj.jdbc.ConnectionImpl@6557dcea
10:52:52.908 [main] INFO com.zaxxer.hikari.HikariDataSource -- HikariPool-7 - Start completed.
10:52:53.112 [main] INFO com.baomidou.dynamic.datasource.DynamicRoutingDataSource -- dynamic-datasource start closing ....
10:52:53.112 [main] INFO com.baomidou.dynamic.datasource.DynamicRoutingDataSource -- dynamic-datasource all closed success,bye
10:52:53.113 [main] INFO com.zaxxer.hikari.HikariDataSource -- HikariPool-7 - Shutdown initiated...
10:52:53.130 [main] INFO com.zaxxer.hikari.HikariDataSource -- HikariPool-7 - Shutdown completed.
10:52:53.134 [main] INFO com.baomidou.dynamic.datasource.DynamicRoutingDataSource -- dynamic-datasource - add a datasource named [master] success
10:52:53.292 [main] INFO org.redisson.Version -- Redisson 4.6.1
10:52:53.299 [redisson-netty-23-1] INFO org.redisson.connection.ConnectionsHolder -- 1 connections initialized for 127.0.0.1/127.0.0.1:32833
10:52:53.300 [redisson-netty-23-2] INFO org.redisson.connection.ConnectionsHolder -- 1 connections initialized for 127.0.0.1/127.0.0.1:32833
10:52:53.324 [main] INFO com.zaxxer.hikari.HikariDataSource -- HikariPool-8 - Starting...
10:52:53.329 [main] INFO com.zaxxer.hikari.pool.HikariPool -- HikariPool-8 - Added connection com.mysql.cj.jdbc.ConnectionImpl@c50503e
10:52:53.329 [main] INFO com.zaxxer.hikari.HikariDataSource -- HikariPool-8 - Start completed.
10:52:53.957 [main] INFO org.hibernate.validator.internal.util.Version -- HV000001: Hibernate Validator 9.1.0.Final
10:52:54.383 [main] INFO org.eclipse.jetty.server.Server -- jetty-12.1.10; built: 2026-05-31T04:45:52.925Z; git: 986024525891c2c20ff08c58ba300dc3b9847586; jvm 21.0.12.1+1-LTS
10:52:54.407 [main] INFO org.eclipse.jetty.server.handler.ContextHandler -- Started oeje11s.ServletContextHandler@7ab5b01a{ROOT,/,b=null,a=AVAILABLE,h=oeje11s.ServletHandler@25fa5c0c{STARTED}}
10:52:54.411 [main] INFO org.eclipse.jetty.server.handler.ContextHandler.ROOT -- Initializing Spring DispatcherServlet 'org.springframework.web.servlet.DispatcherServlet-172f88b1'
10:52:54.411 [main] INFO org.springframework.web.servlet.DispatcherServlet -- Initializing Servlet 'org.springframework.web.servlet.DispatcherServlet-172f88b1'
10:52:54.413 [main] INFO org.springframework.web.servlet.DispatcherServlet -- Completed initialization in 2 ms
10:52:54.413 [main] INFO org.eclipse.jetty.ee11.servlet.ServletContextHandler -- Started oeje11s.ServletContextHandler@7ab5b01a{ROOT,/,b=null,a=AVAILABLE,h=oeje11s.ServletHandler@25fa5c0c{STARTED}}
10:52:54.420 [main] INFO org.eclipse.jetty.server.AbstractConnector -- Started oejs.ServerConnector@6654e105{HTTP/1.1, (http/1.1)}{localhost:35361}
10:52:54.421 [main] INFO org.eclipse.jetty.server.Server -- Started oejs.Server@18cb7c6{STARTING}[12.1.10,sto=0] @41ms
10:52:54.785 [main] INFO org.eclipse.jetty.server.Server -- Stopped oejs.Server@18cb7c6{STOPPING}[12.1.10,sto=0]
10:52:54.790 [main] INFO org.eclipse.jetty.server.AbstractConnector -- Stopped oejs.ServerConnector@6654e105{HTTP/1.1, (http/1.1)}{localhost:0}
10:52:54.791 [main] INFO org.eclipse.jetty.server.handler.ContextHandler.ROOT -- Destroying Spring FrameworkServlet 'org.springframework.web.servlet.DispatcherServlet-172f88b1'
10:52:54.793 [main] INFO org.eclipse.jetty.ee11.servlet.ServletContextHandler -- Stopped oeje11s.ServletContextHandler@7ab5b01a{ROOT,/,b=null,a=AVAILABLE,h=oeje11s.ServletHandler@25fa5c0c{STOPPED}}
10:52:54.818 [main] INFO com.baomidou.dynamic.datasource.DynamicRoutingDataSource -- dynamic-datasource start closing ....
10:52:54.818 [main] INFO com.baomidou.dynamic.datasource.DynamicRoutingDataSource -- dynamic-datasource all closed success,bye
10:52:54.818 [main] INFO com.zaxxer.hikari.HikariDataSource -- HikariPool-8 - Shutdown initiated...
10:52:54.820 [main] INFO com.zaxxer.hikari.HikariDataSource -- HikariPool-8 - Shutdown completed.
10:52:54.822 [main] INFO com.baomidou.dynamic.datasource.DynamicRoutingDataSource -- dynamic-datasource - add a datasource named [master] success
10:52:54.959 [main] INFO org.redisson.Version -- Redisson 4.6.1
10:52:54.965 [redisson-netty-26-1] INFO org.redisson.connection.ConnectionsHolder -- 1 connections initialized for 127.0.0.1/127.0.0.1:32833
10:52:54.965 [redisson-netty-26-2] INFO org.redisson.connection.ConnectionsHolder -- 1 connections initialized for 127.0.0.1/127.0.0.1:32833
10:52:54.985 [main] INFO com.zaxxer.hikari.HikariDataSource -- HikariPool-9 - Starting...
10:52:54.992 [main] INFO com.zaxxer.hikari.pool.HikariPool -- HikariPool-9 - Added connection com.mysql.cj.jdbc.ConnectionImpl@595713f3
10:52:54.992 [main] INFO com.zaxxer.hikari.HikariDataSource -- HikariPool-9 - Start completed.
10:52:55.141 [main] INFO com.baomidou.dynamic.datasource.DynamicRoutingDataSource -- dynamic-datasource start closing ....
10:52:55.142 [main] INFO com.baomidou.dynamic.datasource.DynamicRoutingDataSource -- dynamic-datasource all closed success,bye
10:52:55.142 [main] INFO com.zaxxer.hikari.HikariDataSource -- HikariPool-9 - Shutdown initiated...
10:52:55.164 [main] INFO com.zaxxer.hikari.HikariDataSource -- HikariPool-9 - Shutdown completed.
10:52:55.167 [main] INFO com.baomidou.dynamic.datasource.DynamicRoutingDataSource -- dynamic-datasource - add a datasource named [master] success
10:52:55.271 [main] INFO org.redisson.Version -- Redisson 4.6.1
10:52:55.276 [redisson-netty-29-1] INFO org.redisson.connection.ConnectionsHolder -- 1 connections initialized for 127.0.0.1/127.0.0.1:32833
10:52:55.279 [redisson-netty-29-2] INFO org.redisson.connection.ConnectionsHolder -- 1 connections initialized for 127.0.0.1/127.0.0.1:32833
10:52:55.297 [main] INFO com.zaxxer.hikari.HikariDataSource -- HikariPool-10 - Starting...
10:52:55.301 [main] INFO com.zaxxer.hikari.pool.HikariPool -- HikariPool-10 - Added connection com.mysql.cj.jdbc.ConnectionImpl@2c73a332
10:52:55.301 [main] INFO com.zaxxer.hikari.HikariDataSource -- HikariPool-10 - Start completed.
10:53:01.106 [main] INFO com.baomidou.dynamic.datasource.DynamicRoutingDataSource -- dynamic-datasource start closing ....
10:53:01.106 [main] INFO com.baomidou.dynamic.datasource.DynamicRoutingDataSource -- dynamic-datasource all closed success,bye
10:53:01.106 [main] INFO com.zaxxer.hikari.HikariDataSource -- HikariPool-10 - Shutdown initiated...
10:53:01.109 [main] INFO com.zaxxer.hikari.HikariDataSource -- HikariPool-10 - Shutdown completed.
10:53:01.114 [main] INFO com.baomidou.dynamic.datasource.DynamicRoutingDataSource -- dynamic-datasource - add a datasource named [master] success
10:53:01.252 [main] INFO org.redisson.Version -- Redisson 4.6.1
10:53:01.259 [redisson-netty-32-1] INFO org.redisson.connection.ConnectionsHolder -- 1 connections initialized for 127.0.0.1/127.0.0.1:32833
10:53:01.260 [redisson-netty-32-2] INFO org.redisson.connection.ConnectionsHolder -- 1 connections initialized for 127.0.0.1/127.0.0.1:32833
10:53:01.285 [main] INFO com.zaxxer.hikari.HikariDataSource -- HikariPool-11 - Starting...
10:53:01.290 [main] INFO com.zaxxer.hikari.pool.HikariPool -- HikariPool-11 - Added connection com.mysql.cj.jdbc.ConnectionImpl@13dff835
10:53:01.290 [main] INFO com.zaxxer.hikari.HikariDataSource -- HikariPool-11 - Start completed.
10:53:01.441 [main] WARN org.namewta.notify.adapter.event.InAppCommittedPushListener -- 站内实时提示失败，messageId=9220001, reason=IllegalStateException
10:53:01.485 [main] INFO com.baomidou.dynamic.datasource.DynamicRoutingDataSource -- dynamic-datasource start closing ....
10:53:01.486 [main] INFO com.baomidou.dynamic.datasource.DynamicRoutingDataSource -- dynamic-datasource all closed success,bye
10:53:01.486 [main] INFO com.zaxxer.hikari.HikariDataSource -- HikariPool-11 - Shutdown initiated...
10:53:01.498 [main] INFO com.zaxxer.hikari.HikariDataSource -- HikariPool-11 - Shutdown completed.
10:53:01.505 [main] INFO com.baomidou.dynamic.datasource.DynamicRoutingDataSource -- dynamic-datasource - add a datasource named [master] success
10:53:01.655 [main] INFO org.redisson.Version -- Redisson 4.6.1
10:53:01.663 [redisson-netty-35-2] INFO org.redisson.connection.ConnectionsHolder -- 1 connections initialized for 127.0.0.1/127.0.0.1:32833
10:53:01.663 [redisson-netty-35-1] INFO org.redisson.connection.ConnectionsHolder -- 1 connections initialized for 127.0.0.1/127.0.0.1:32833
10:53:01.686 [main] INFO com.zaxxer.hikari.HikariDataSource -- HikariPool-12 - Starting...
10:53:01.691 [main] INFO com.zaxxer.hikari.pool.HikariPool -- HikariPool-12 - Added connection com.mysql.cj.jdbc.ConnectionImpl@57441348
10:53:01.699 [main] INFO com.zaxxer.hikari.HikariDataSource -- HikariPool-12 - Start completed.
10:53:01.729 [main] WARN com.zaxxer.hikari.pool.ProxyConnection -- HikariPool-12 - Connection com.mysql.cj.jdbc.ConnectionImpl@57441348 marked as broken because of SQLSTATE(08S01), ErrorCode(0)
com.mysql.cj.jdbc.exceptions.CommunicationsException: Communications link failure

The last packet successfully received from the server was 6 milliseconds ago. The last packet sent successfully to the server was 6 milliseconds ago.
	at com.mysql.cj.jdbc.exceptions.SQLError.createCommunicationsException(SQLError.java:165)
	at com.mysql.cj.jdbc.exceptions.SQLExceptionsMapping.translateException(SQLExceptionsMapping.java:55)
	at com.mysql.cj.jdbc.ConnectionImpl.commit(ConnectionImpl.java:814)
	at com.zaxxer.hikari.pool.ProxyConnection.commit(ProxyConnection.java:378)
	at com.zaxxer.hikari.pool.HikariProxyConnection.commit(HikariProxyConnection.java)
	at java.base/jdk.internal.reflect.DirectMethodHandleAccessor.invoke(DirectMethodHandleAccessor.java:103)
	at java.base/java.lang.reflect.Method.invoke(Method.java:580)
	at org.namewta.test.notify.NotifyAtomicResultIntegrationTest$1.lambda$getConnection$0(NotifyAtomicResultIntegrationTest.java:118)
	at jdk.proxy2/jdk.proxy2.$Proxy131.commit(Unknown Source)
	at com.baomidou.dynamic.datasource.tx.ConnectionProxy.notify(ConnectionProxy.java:62)
	at com.baomidou.dynamic.datasource.tx.ConnectionFactory.notify(ConnectionFactory.java:153)
	at com.baomidou.dynamic.datasource.tx.LocalTxUtil.commit(LocalTxUtil.java:91)
	at com.baomidou.dynamic.datasource.tx.TransactionalTemplate.doExecute(TransactionalTemplate.java:126)
	at com.baomidou.dynamic.datasource.tx.TransactionalTemplate.execute(TransactionalTemplate.java:94)
	at com.baomidou.dynamic.datasource.aop.DynamicLocalTransactionInterceptor.invoke(DynamicLocalTransactionInterceptor.java:59)
	at org.springframework.aop.framework.ReflectiveMethodInvocation.proceed(ReflectiveMethodInvocation.java:179)
	at org.springframework.aop.framework.CglibAopProxy$DynamicAdvisedInterceptor.intercept(CglibAopProxy.java:719)
	at org.namewta.notify.usecase.NotifyDispatchResultUseCase$$SpringCGLIB$$11.beginInAppAttempt(<generated>)
	at org.namewta.test.notify.NotifyAtomicResultIntegrationTest.lambda$uncertainBudgetCommitNeverEntersPersistBeforeReclaim$15(NotifyAtomicResultIntegrationTest.java:488)
	at org.assertj.core.api.ThrowableAssert.catchThrowable(ThrowableAssert.java:66)
	at org.assertj.core.api.AssertionsForClassTypes.catchThrowable(AssertionsForClassTypes.java:908)
	at org.assertj.core.api.Assertions.catchThrowable(Assertions.java:1476)
	at org.assertj.core.api.Assertions.assertThatThrownBy(Assertions.java:1319)
	at org.namewta.test.notify.NotifyAtomicResultIntegrationTest.uncertainBudgetCommitNeverEntersPersistBeforeReclaim(NotifyAtomicResultIntegrationTest.java:488)
	at java.base/jdk.internal.reflect.DirectMethodHandleAccessor.invoke(DirectMethodHandleAccessor.java:103)
	at java.base/java.lang.reflect.Method.invoke(Method.java:580)
	at org.junit.platform.commons.util.ReflectionUtils.invokeMethod(ReflectionUtils.java:701)
	at org.junit.platform.commons.support.ReflectionSupport.invokeMethod(ReflectionSupport.java:502)
	at org.junit.jupiter.engine.support.MethodReflectionUtils.invoke(MethodReflectionUtils.java:45)
	at org.junit.jupiter.engine.execution.MethodInvocation.proceed(MethodInvocation.java:61)
	at org.junit.jupiter.engine.execution.InvocationInterceptorChain$ValidatingInvocation.proceed(InvocationInterceptorChain.java:124)
	at org.junit.jupiter.engine.extension.TimeoutExtension.intercept(TimeoutExtension.java:163)
	at org.junit.jupiter.engine.extension.TimeoutExtension.interceptTestableMethod(TimeoutExtension.java:148)
	at org.junit.jupiter.engine.extension.TimeoutExtension.interceptTestTemplateMethod(TimeoutExtension.java:94)
	at org.junit.jupiter.engine.execution.InterceptingExecutableInvoker$ReflectiveInterceptorCall.lambda$ofVoidMethod$0(InterceptingExecutableInvoker.java:123)
	at org.junit.jupiter.engine.execution.InterceptingExecutableInvoker.lambda$invoke$0(InterceptingExecutableInvoker.java:105)
	at org.junit.jupiter.engine.execution.InvocationInterceptorChain$InterceptedInvocation.proceed(InvocationInterceptorChain.java:99)
	at org.junit.jupiter.engine.execution.InvocationInterceptorChain.proceed(InvocationInterceptorChain.java:66)
	at org.junit.jupiter.engine.execution.InvocationInterceptorChain.chainAndInvoke(InvocationInterceptorChain.java:47)
	at org.junit.jupiter.engine.execution.InvocationInterceptorChain.invoke(InvocationInterceptorChain.java:39)
	at org.junit.jupiter.engine.execution.InterceptingExecutableInvoker.invoke(InterceptingExecutableInvoker.java:104)
	at org.junit.jupiter.engine.execution.InterceptingExecutableInvoker.invoke(InterceptingExecutableInvoker.java:98)
	at org.junit.jupiter.engine.execution.InterceptingExecutableInvoker.invokeVoid(InterceptingExecutableInvoker.java:71)
	at org.junit.jupiter.engine.descriptor.TestMethodTestDescriptor.lambda$invokeTestMethod$0(TestMethodTestDescriptor.java:219)
	at org.junit.platform.engine.support.hierarchical.ThrowableCollector.execute(ThrowableCollector.java:74)
	at org.junit.jupiter.engine.descriptor.TestMethodTestDescriptor.invokeTestMethod(TestMethodTestDescriptor.java:215)
	at org.junit.jupiter.engine.descriptor.TestMethodTestDescriptor.execute(TestMethodTestDescriptor.java:157)
	at org.junit.jupiter.engine.descriptor.TestMethodTestDescriptor.execute(TestMethodTestDescriptor.java:70)
	at org.junit.platform.engine.support.hierarchical.NodeTestTask.lambda$executeRecursively$2(NodeTestTask.java:176)
	at org.junit.platform.engine.support.hierarchical.ThrowableCollector.execute(ThrowableCollector.java:74)
	at org.junit.platform.engine.support.hierarchical.NodeTestTask.lambda$executeRecursively$1(NodeTestTask.java:166)
	at org.junit.platform.engine.support.hierarchical.Node.around(Node.java:138)
	at org.junit.platform.engine.support.hierarchical.NodeTestTask.lambda$executeRecursively$0(NodeTestTask.java:164)
	at org.junit.platform.engine.support.hierarchical.ThrowableCollector.execute(ThrowableCollector.java:74)
	at org.junit.platform.engine.support.hierarchical.NodeTestTask.executeRecursively(NodeTestTask.java:163)
	at org.junit.platform.engine.support.hierarchical.NodeTestTask.execute(NodeTestTask.java:116)
	at org.junit.platform.engine.support.hierarchical.SameThreadHierarchicalTestExecutorService.submit(SameThreadHierarchicalTestExecutorService.java:36)
	at org.junit.platform.engine.support.hierarchical.NodeTestTask$DefaultDynamicTestExecutor.execute(NodeTestTask.java:268)
	at org.junit.platform.engine.support.hierarchical.NodeTestTask$DefaultDynamicTestExecutor.execute(NodeTestTask.java:246)
	at org.junit.jupiter.engine.descriptor.TemplateExecutor.execute(TemplateExecutor.java:96)
	at org.junit.jupiter.engine.descriptor.TemplateExecutor.lambda$executeForProvider$1(TemplateExecutor.java:59)
	at java.base/java.util.Optional.ifPresent(Optional.java:178)
	at org.junit.jupiter.engine.descriptor.TemplateExecutor.lambda$executeForProvider$0(TemplateExecutor.java:59)
	at java.base/java.util.stream.ForEachOps$ForEachOp$OfRef.accept(ForEachOps.java:184)
	at java.base/java.util.stream.ReferencePipeline$3$1.accept(ReferencePipeline.java:197)
	at java.base/java.util.stream.ForEachOps$ForEachOp$OfRef.accept(ForEachOps.java:184)
	at java.base/java.util.stream.ForEachOps$ForEachOp$OfRef.accept(ForEachOps.java:184)
	at java.base/java.util.stream.ReferencePipeline$3$1.accept(ReferencePipeline.java:197)
	at java.base/java.util.Spliterators$ArraySpliterator.forEachRemaining(Spliterators.java:1024)
	at java.base/java.util.stream.AbstractPipeline.copyInto(AbstractPipeline.java:509)
	at java.base/java.util.stream.AbstractPipeline.wrapAndCopyInto(AbstractPipeline.java:499)
	at java.base/java.util.stream.ForEachOps$ForEachOp.evaluateSequential(ForEachOps.java:151)
	at java.base/java.util.stream.ForEachOps$ForEachOp$OfRef.evaluateSequential(ForEachOps.java:174)
	at java.base/java.util.stream.AbstractPipeline.evaluate(AbstractPipeline.java:234)
	at java.base/java.util.stream.ReferencePipeline.forEach(ReferencePipeline.java:596)
	at java.base/java.util.stream.ReferencePipeline$7$1.accept(ReferencePipeline.java:276)
	at java.base/java.util.ArrayList$ArrayListSpliterator.forEachRemaining(ArrayList.java:1708)
	at java.base/java.util.stream.AbstractPipeline.copyInto(AbstractPipeline.java:509)
	at java.base/java.util.stream.AbstractPipeline.wrapAndCopyInto(AbstractPipeline.java:499)
	at java.base/java.util.stream.ForEachOps$ForEachOp.evaluateSequential(ForEachOps.java:151)
	at java.base/java.util.stream.ForEachOps$ForEachOp$OfRef.evaluateSequential(ForEachOps.java:174)
	at java.base/java.util.stream.AbstractPipeline.evaluate(AbstractPipeline.java:234)
	at java.base/java.util.stream.ReferencePipeline.forEach(ReferencePipeline.java:596)
	at java.base/java.util.stream.ReferencePipeline$7$1.accept(ReferencePipeline.java:276)
	at java.base/java.util.stream.ReferencePipeline$3$1.accept(ReferencePipeline.java:197)
	at java.base/java.util.stream.ReferencePipeline$3$1.accept(ReferencePipeline.java:197)
	at java.base/java.util.stream.ReferencePipeline$3$1.accept(ReferencePipeline.java:197)
	at java.base/java.util.AbstractList$RandomAccessSpliterator.forEachRemaining(AbstractList.java:722)
	at java.base/java.util.stream.AbstractPipeline.copyInto(AbstractPipeline.java:509)
	at java.base/java.util.stream.AbstractPipeline.wrapAndCopyInto(AbstractPipeline.java:499)
	at java.base/java.util.stream.ForEachOps$ForEachOp.evaluateSequential(ForEachOps.java:151)
	at java.base/java.util.stream.ForEachOps$ForEachOp$OfRef.evaluateSequential(ForEachOps.java:174)
	at java.base/java.util.stream.AbstractPipeline.evaluate(AbstractPipeline.java:234)
	at java.base/java.util.stream.ReferencePipeline.forEach(ReferencePipeline.java:596)
	at org.junit.jupiter.engine.descriptor.TemplateExecutor.executeForProvider(TemplateExecutor.java:57)
	at org.junit.jupiter.engine.descriptor.TemplateExecutor.execute(TemplateExecutor.java:46)
	at org.junit.jupiter.engine.descriptor.TestTemplateTestDescriptor.execute(TestTemplateTestDescriptor.java:112)
	at org.junit.jupiter.engine.descriptor.TestTemplateTestDescriptor.execute(TestTemplateTestDescriptor.java:40)
	at org.junit.platform.engine.support.hierarchical.NodeTestTask.lambda$executeRecursively$2(NodeTestTask.java:176)
	at org.junit.platform.engine.support.hierarchical.ThrowableCollector.execute(ThrowableCollector.java:74)
	at org.junit.platform.engine.support.hierarchical.NodeTestTask.lambda$executeRecursively$1(NodeTestTask.java:166)
	at org.junit.platform.engine.support.hierarchical.Node.around(Node.java:138)
	at org.junit.platform.engine.support.hierarchical.NodeTestTask.lambda$executeRecursively$0(NodeTestTask.java:164)
	at org.junit.platform.engine.support.hierarchical.ThrowableCollector.execute(ThrowableCollector.java:74)
	at org.junit.platform.engine.support.hierarchical.NodeTestTask.executeRecursively(NodeTestTask.java:163)
	at org.junit.platform.engine.support.hierarchical.NodeTestTask.execute(NodeTestTask.java:116)
	at java.base/java.util.ArrayList.forEach(ArrayList.java:1596)
	at org.junit.platform.engine.support.hierarchical.SameThreadHierarchicalTestExecutorService.invokeAll(SameThreadHierarchicalTestExecutorService.java:42)
	at org.junit.platform.engine.support.hierarchical.NodeTestTask.lambda$executeRecursively$2(NodeTestTask.java:180)
	at org.junit.platform.engine.support.hierarchical.ThrowableCollector.execute(ThrowableCollector.java:74)
	at org.junit.platform.engine.support.hierarchical.NodeTestTask.lambda$executeRecursively$1(NodeTestTask.java:166)
	at org.junit.platform.engine.support.hierarchical.Node.around(Node.java:138)
	at org.junit.platform.engine.support.hierarchical.NodeTestTask.lambda$executeRecursively$0(NodeTestTask.java:164)
	at org.junit.platform.engine.support.hierarchical.ThrowableCollector.execute(ThrowableCollector.java:74)
	at org.junit.platform.engine.support.hierarchical.NodeTestTask.executeRecursively(NodeTestTask.java:163)
	at org.junit.platform.engine.support.hierarchical.NodeTestTask.execute(NodeTestTask.java:116)
	at java.base/java.util.ArrayList.forEach(ArrayList.java:1596)
	at org.junit.platform.engine.support.hierarchical.SameThreadHierarchicalTestExecutorService.invokeAll(SameThreadHierarchicalTestExecutorService.java:42)
	at org.junit.platform.engine.support.hierarchical.NodeTestTask.lambda$executeRecursively$2(NodeTestTask.java:180)
	at org.junit.platform.engine.support.hierarchical.ThrowableCollector.execute(ThrowableCollector.java:74)
	at org.junit.platform.engine.support.hierarchical.NodeTestTask.lambda$executeRecursively$1(NodeTestTask.java:166)
	at org.junit.platform.engine.support.hierarchical.Node.around(Node.java:138)
	at org.junit.platform.engine.support.hierarchical.NodeTestTask.lambda$executeRecursively$0(NodeTestTask.java:164)
	at org.junit.platform.engine.support.hierarchical.ThrowableCollector.execute(ThrowableCollector.java:74)
	at org.junit.platform.engine.support.hierarchical.NodeTestTask.executeRecursively(NodeTestTask.java:163)
	at org.junit.platform.engine.support.hierarchical.NodeTestTask.execute(NodeTestTask.java:116)
	at org.junit.platform.engine.support.hierarchical.SameThreadHierarchicalTestExecutorService.submit(SameThreadHierarchicalTestExecutorService.java:36)
	at org.junit.platform.engine.support.hierarchical.HierarchicalTestExecutor.execute(HierarchicalTestExecutor.java:52)
	at org.junit.platform.engine.support.hierarchical.HierarchicalTestEngine.execute(HierarchicalTestEngine.java:58)
	at org.junit.platform.launcher.core.EngineExecutionOrchestrator.executeEngine(EngineExecutionOrchestrator.java:246)
	at org.junit.platform.launcher.core.EngineExecutionOrchestrator.failOrExecuteEngine(EngineExecutionOrchestrator.java:218)
	at org.junit.platform.launcher.core.EngineExecutionOrchestrator.execute(EngineExecutionOrchestrator.java:179)
	at org.junit.platform.launcher.core.EngineExecutionOrchestrator.execute(EngineExecutionOrchestrator.java:108)
	at org.junit.platform.launcher.core.EngineExecutionOrchestrator.lambda$execute$0(EngineExecutionOrchestrator.java:66)
	at org.junit.platform.launcher.core.EngineExecutionOrchestrator.withInterceptedStreams(EngineExecutionOrchestrator.java:157)
	at org.junit.platform.launcher.core.EngineExecutionOrchestrator.execute(EngineExecutionOrchestrator.java:65)
	at org.junit.platform.launcher.core.DefaultLauncher.execute(DefaultLauncher.java:125)
	at org.junit.platform.launcher.core.DefaultLauncher.execute(DefaultLauncher.java:114)
	at org.junit.platform.launcher.core.DelegatingLauncher.execute(DelegatingLauncher.java:58)
	at org.junit.platform.launcher.core.InterceptingLauncher.lambda$execute$2(InterceptingLauncher.java:57)
	at org.junit.platform.launcher.core.ClasspathAlignmentCheckingLauncherInterceptor.intercept(ClasspathAlignmentCheckingLauncherInterceptor.java:25)
	at org.junit.platform.launcher.core.InterceptingLauncher.execute(InterceptingLauncher.java:56)
	at org.junit.platform.launcher.core.DelegatingLauncher.execute(DelegatingLauncher.java:58)
	at java.base/jdk.internal.reflect.DirectMethodHandleAccessor.invoke(DirectMethodHandleAccessor.java:103)
	at java.base/java.lang.reflect.Method.invoke(Method.java:580)
	at org.apache.maven.surefire.api.util.ReflectionUtils.invokeMethodWithArray(ReflectionUtils.java:125)
	at org.apache.maven.surefire.junitplatform.LauncherAdapter.executeWithCancellationToken(LauncherAdapter.java:68)
	at org.apache.maven.surefire.junitplatform.LauncherAdapter.execute(LauncherAdapter.java:54)
	at org.apache.maven.surefire.junitplatform.JUnitPlatformProvider.execute(JUnitPlatformProvider.java:203)
	at org.apache.maven.surefire.junitplatform.JUnitPlatformProvider.invokeAllTests(JUnitPlatformProvider.java:168)
	at org.apache.maven.surefire.junitplatform.JUnitPlatformProvider.invoke(JUnitPlatformProvider.java:134)
	at org.apache.maven.surefire.booter.ForkedBooter.runSuitesInProcess(ForkedBooter.java:385)
	at org.apache.maven.surefire.booter.ForkedBooter.execute(ForkedBooter.java:162)
	at org.apache.maven.surefire.booter.ForkedBooter.run(ForkedBooter.java:507)
	at org.apache.maven.surefire.booter.ForkedBooter.main(ForkedBooter.java:495)
Caused by: com.mysql.cj.exceptions.CJCommunicationsException: Communications link failure

The last packet successfully received from the server was 6 milliseconds ago. The last packet sent successfully to the server was 6 milliseconds ago.
	at java.base/jdk.internal.reflect.DirectConstructorHandleAccessor.newInstance(DirectConstructorHandleAccessor.java:62)
	at java.base/java.lang.reflect.Constructor.newInstanceWithCaller(Constructor.java:502)
	at java.base/java.lang.reflect.Constructor.newInstance(Constructor.java:486)
	at com.mysql.cj.exceptions.ExceptionFactory.createException(ExceptionFactory.java:52)
	at com.mysql.cj.exceptions.ExceptionFactory.createException(ExceptionFactory.java:95)
	at com.mysql.cj.exceptions.ExceptionFactory.createException(ExceptionFactory.java:140)
	at com.mysql.cj.exceptions.ExceptionFactory.createCommunicationsException(ExceptionFactory.java:156)
	at com.mysql.cj.protocol.a.NativeProtocol.readMessage(NativeProtocol.java:590)
	at com.mysql.cj.protocol.a.NativeProtocol.checkErrorMessage(NativeProtocol.java:767)
	at com.mysql.cj.protocol.a.NativeProtocol.sendCommand(NativeProtocol.java:706)
	at com.mysql.cj.protocol.a.NativeProtocol.sendQueryPacket(NativeProtocol.java:938)
	at com.mysql.cj.NativeSession.execSQL(NativeSession.java:817)
	at com.mysql.cj.jdbc.ConnectionImpl.commit(ConnectionImpl.java:794)
	... 152 common frames omitted
Caused by: java.io.EOFException: Can not read response from server. Expected to read 4 bytes, read 0 bytes before connection was unexpectedly lost.
	at com.mysql.cj.protocol.FullReadInputStream.readFully(FullReadInputStream.java:58)
	at com.mysql.cj.protocol.a.SimplePacketReader.readHeaderLocal(SimplePacketReader.java:72)
	at com.mysql.cj.protocol.a.SimplePacketReader.readHeader(SimplePacketReader.java:54)
	at com.mysql.cj.protocol.a.SimplePacketReader.readHeader(SimplePacketReader.java:36)
	at com.mysql.cj.protocol.a.TimeTrackingPacketReader.readHeader(TimeTrackingPacketReader.java:43)
	at com.mysql.cj.protocol.a.TimeTrackingPacketReader.readHeader(TimeTrackingPacketReader.java:32)
	at com.mysql.cj.protocol.a.MultiPacketReader.readHeader(MultiPacketReader.java:45)
	at com.mysql.cj.protocol.a.MultiPacketReader.readHeader(MultiPacketReader.java:35)
	at com.mysql.cj.protocol.a.NativeProtocol.readMessage(NativeProtocol.java:584)
	... 157 common frames omitted
10:53:01.731 [main] ERROR com.baomidou.dynamic.datasource.tx.ConnectionProxy -- Communications link failure

The last packet successfully received from the server was 6 milliseconds ago. The last packet sent successfully to the server was 6 milliseconds ago.
com.mysql.cj.jdbc.exceptions.CommunicationsException: Communications link failure

The last packet successfully received from the server was 6 milliseconds ago. The last packet sent successfully to the server was 6 milliseconds ago.
	at com.mysql.cj.jdbc.exceptions.SQLError.createCommunicationsException(SQLError.java:165)
	at com.mysql.cj.jdbc.exceptions.SQLExceptionsMapping.translateException(SQLExceptionsMapping.java:55)
	at com.mysql.cj.jdbc.ConnectionImpl.commit(ConnectionImpl.java:814)
	at com.zaxxer.hikari.pool.ProxyConnection.commit(ProxyConnection.java:378)
	at com.zaxxer.hikari.pool.HikariProxyConnection.commit(HikariProxyConnection.java)
	at java.base/jdk.internal.reflect.DirectMethodHandleAccessor.invoke(DirectMethodHandleAccessor.java:103)
	at java.base/java.lang.reflect.Method.invoke(Method.java:580)
	at org.namewta.test.notify.NotifyAtomicResultIntegrationTest$1.lambda$getConnection$0(NotifyAtomicResultIntegrationTest.java:118)
	at jdk.proxy2/jdk.proxy2.$Proxy131.commit(Unknown Source)
	at com.baomidou.dynamic.datasource.tx.ConnectionProxy.notify(ConnectionProxy.java:62)
	at com.baomidou.dynamic.datasource.tx.ConnectionFactory.notify(ConnectionFactory.java:153)
	at com.baomidou.dynamic.datasource.tx.LocalTxUtil.commit(LocalTxUtil.java:91)
	at com.baomidou.dynamic.datasource.tx.TransactionalTemplate.doExecute(TransactionalTemplate.java:126)
	at com.baomidou.dynamic.datasource.tx.TransactionalTemplate.execute(TransactionalTemplate.java:94)
	at com.baomidou.dynamic.datasource.aop.DynamicLocalTransactionInterceptor.invoke(DynamicLocalTransactionInterceptor.java:59)
	at org.springframework.aop.framework.ReflectiveMethodInvocation.proceed(ReflectiveMethodInvocation.java:179)
	at org.springframework.aop.framework.CglibAopProxy$DynamicAdvisedInterceptor.intercept(CglibAopProxy.java:719)
	at org.namewta.notify.usecase.NotifyDispatchResultUseCase$$SpringCGLIB$$11.beginInAppAttempt(<generated>)
	at org.namewta.test.notify.NotifyAtomicResultIntegrationTest.lambda$uncertainBudgetCommitNeverEntersPersistBeforeReclaim$15(NotifyAtomicResultIntegrationTest.java:488)
	at org.assertj.core.api.ThrowableAssert.catchThrowable(ThrowableAssert.java:66)
	at org.assertj.core.api.AssertionsForClassTypes.catchThrowable(AssertionsForClassTypes.java:908)
	at org.assertj.core.api.Assertions.catchThrowable(Assertions.java:1476)
	at org.assertj.core.api.Assertions.assertThatThrownBy(Assertions.java:1319)
	at org.namewta.test.notify.NotifyAtomicResultIntegrationTest.uncertainBudgetCommitNeverEntersPersistBeforeReclaim(NotifyAtomicResultIntegrationTest.java:488)
	at java.base/jdk.internal.reflect.DirectMethodHandleAccessor.invoke(DirectMethodHandleAccessor.java:103)
	at java.base/java.lang.reflect.Method.invoke(Method.java:580)
	at org.junit.platform.commons.util.ReflectionUtils.invokeMethod(ReflectionUtils.java:701)
	at org.junit.platform.commons.support.ReflectionSupport.invokeMethod(ReflectionSupport.java:502)
	at org.junit.jupiter.engine.support.MethodReflectionUtils.invoke(MethodReflectionUtils.java:45)
	at org.junit.jupiter.engine.execution.MethodInvocation.proceed(MethodInvocation.java:61)
	at org.junit.jupiter.engine.execution.InvocationInterceptorChain$ValidatingInvocation.proceed(InvocationInterceptorChain.java:124)
	at org.junit.jupiter.engine.extension.TimeoutExtension.intercept(TimeoutExtension.java:163)
	at org.junit.jupiter.engine.extension.TimeoutExtension.interceptTestableMethod(TimeoutExtension.java:148)
	at org.junit.jupiter.engine.extension.TimeoutExtension.interceptTestTemplateMethod(TimeoutExtension.java:94)
	at org.junit.jupiter.engine.execution.InterceptingExecutableInvoker$ReflectiveInterceptorCall.lambda$ofVoidMethod$0(InterceptingExecutableInvoker.java:123)
	at org.junit.jupiter.engine.execution.InterceptingExecutableInvoker.lambda$invoke$0(InterceptingExecutableInvoker.java:105)
	at org.junit.jupiter.engine.execution.InvocationInterceptorChain$InterceptedInvocation.proceed(InvocationInterceptorChain.java:99)
	at org.junit.jupiter.engine.execution.InvocationInterceptorChain.proceed(InvocationInterceptorChain.java:66)
	at org.junit.jupiter.engine.execution.InvocationInterceptorChain.chainAndInvoke(InvocationInterceptorChain.java:47)
	at org.junit.jupiter.engine.execution.InvocationInterceptorChain.invoke(InvocationInterceptorChain.java:39)
	at org.junit.jupiter.engine.execution.InterceptingExecutableInvoker.invoke(InterceptingExecutableInvoker.java:104)
	at org.junit.jupiter.engine.execution.InterceptingExecutableInvoker.invoke(InterceptingExecutableInvoker.java:98)
	at org.junit.jupiter.engine.execution.InterceptingExecutableInvoker.invokeVoid(InterceptingExecutableInvoker.java:71)
	at org.junit.jupiter.engine.descriptor.TestMethodTestDescriptor.lambda$invokeTestMethod$0(TestMethodTestDescriptor.java:219)
	at org.junit.platform.engine.support.hierarchical.ThrowableCollector.execute(ThrowableCollector.java:74)
	at org.junit.jupiter.engine.descriptor.TestMethodTestDescriptor.invokeTestMethod(TestMethodTestDescriptor.java:215)
	at org.junit.jupiter.engine.descriptor.TestMethodTestDescriptor.execute(TestMethodTestDescriptor.java:157)
	at org.junit.jupiter.engine.descriptor.TestMethodTestDescriptor.execute(TestMethodTestDescriptor.java:70)
	at org.junit.platform.engine.support.hierarchical.NodeTestTask.lambda$executeRecursively$2(NodeTestTask.java:176)
	at org.junit.platform.engine.support.hierarchical.ThrowableCollector.execute(ThrowableCollector.java:74)
	at org.junit.platform.engine.support.hierarchical.NodeTestTask.lambda$executeRecursively$1(NodeTestTask.java:166)
	at org.junit.platform.engine.support.hierarchical.Node.around(Node.java:138)
	at org.junit.platform.engine.support.hierarchical.NodeTestTask.lambda$executeRecursively$0(NodeTestTask.java:164)
	at org.junit.platform.engine.support.hierarchical.ThrowableCollector.execute(ThrowableCollector.java:74)
	at org.junit.platform.engine.support.hierarchical.NodeTestTask.executeRecursively(NodeTestTask.java:163)
	at org.junit.platform.engine.support.hierarchical.NodeTestTask.execute(NodeTestTask.java:116)
	at org.junit.platform.engine.support.hierarchical.SameThreadHierarchicalTestExecutorService.submit(SameThreadHierarchicalTestExecutorService.java:36)
	at org.junit.platform.engine.support.hierarchical.NodeTestTask$DefaultDynamicTestExecutor.execute(NodeTestTask.java:268)
	at org.junit.platform.engine.support.hierarchical.NodeTestTask$DefaultDynamicTestExecutor.execute(NodeTestTask.java:246)
	at org.junit.jupiter.engine.descriptor.TemplateExecutor.execute(TemplateExecutor.java:96)
	at org.junit.jupiter.engine.descriptor.TemplateExecutor.lambda$executeForProvider$1(TemplateExecutor.java:59)
	at java.base/java.util.Optional.ifPresent(Optional.java:178)
	at org.junit.jupiter.engine.descriptor.TemplateExecutor.lambda$executeForProvider$0(TemplateExecutor.java:59)
	at java.base/java.util.stream.ForEachOps$ForEachOp$OfRef.accept(ForEachOps.java:184)
	at java.base/java.util.stream.ReferencePipeline$3$1.accept(ReferencePipeline.java:197)
	at java.base/java.util.stream.ForEachOps$ForEachOp$OfRef.accept(ForEachOps.java:184)
	at java.base/java.util.stream.ForEachOps$ForEachOp$OfRef.accept(ForEachOps.java:184)
	at java.base/java.util.stream.ReferencePipeline$3$1.accept(ReferencePipeline.java:197)
	at java.base/java.util.Spliterators$ArraySpliterator.forEachRemaining(Spliterators.java:1024)
	at java.base/java.util.stream.AbstractPipeline.copyInto(AbstractPipeline.java:509)
	at java.base/java.util.stream.AbstractPipeline.wrapAndCopyInto(AbstractPipeline.java:499)
	at java.base/java.util.stream.ForEachOps$ForEachOp.evaluateSequential(ForEachOps.java:151)
	at java.base/java.util.stream.ForEachOps$ForEachOp$OfRef.evaluateSequential(ForEachOps.java:174)
	at java.base/java.util.stream.AbstractPipeline.evaluate(AbstractPipeline.java:234)
	at java.base/java.util.stream.ReferencePipeline.forEach(ReferencePipeline.java:596)
	at java.base/java.util.stream.ReferencePipeline$7$1.accept(ReferencePipeline.java:276)
	at java.base/java.util.ArrayList$ArrayListSpliterator.forEachRemaining(ArrayList.java:1708)
	at java.base/java.util.stream.AbstractPipeline.copyInto(AbstractPipeline.java:509)
	at java.base/java.util.stream.AbstractPipeline.wrapAndCopyInto(AbstractPipeline.java:499)
	at java.base/java.util.stream.ForEachOps$ForEachOp.evaluateSequential(ForEachOps.java:151)
	at java.base/java.util.stream.ForEachOps$ForEachOp$OfRef.evaluateSequential(ForEachOps.java:174)
	at java.base/java.util.stream.AbstractPipeline.evaluate(AbstractPipeline.java:234)
	at java.base/java.util.stream.ReferencePipeline.forEach(ReferencePipeline.java:596)
	at java.base/java.util.stream.ReferencePipeline$7$1.accept(ReferencePipeline.java:276)
	at java.base/java.util.stream.ReferencePipeline$3$1.accept(ReferencePipeline.java:197)
	at java.base/java.util.stream.ReferencePipeline$3$1.accept(ReferencePipeline.java:197)
	at java.base/java.util.stream.ReferencePipeline$3$1.accept(ReferencePipeline.java:197)
	at java.base/java.util.AbstractList$RandomAccessSpliterator.forEachRemaining(AbstractList.java:722)
	at java.base/java.util.stream.AbstractPipeline.copyInto(AbstractPipeline.java:509)
	at java.base/java.util.stream.AbstractPipeline.wrapAndCopyInto(AbstractPipeline.java:499)
	at java.base/java.util.stream.ForEachOps$ForEachOp.evaluateSequential(ForEachOps.java:151)
	at java.base/java.util.stream.ForEachOps$ForEachOp$OfRef.evaluateSequential(ForEachOps.java:174)
	at java.base/java.util.stream.AbstractPipeline.evaluate(AbstractPipeline.java:234)
	at java.base/java.util.stream.ReferencePipeline.forEach(ReferencePipeline.java:596)
	at org.junit.jupiter.engine.descriptor.TemplateExecutor.executeForProvider(TemplateExecutor.java:57)
	at org.junit.jupiter.engine.descriptor.TemplateExecutor.execute(TemplateExecutor.java:46)
	at org.junit.jupiter.engine.descriptor.TestTemplateTestDescriptor.execute(TestTemplateTestDescriptor.java:112)
	at org.junit.jupiter.engine.descriptor.TestTemplateTestDescriptor.execute(TestTemplateTestDescriptor.java:40)
	at org.junit.platform.engine.support.hierarchical.NodeTestTask.lambda$executeRecursively$2(NodeTestTask.java:176)
	at org.junit.platform.engine.support.hierarchical.ThrowableCollector.execute(ThrowableCollector.java:74)
	at org.junit.platform.engine.support.hierarchical.NodeTestTask.lambda$executeRecursively$1(NodeTestTask.java:166)
	at org.junit.platform.engine.support.hierarchical.Node.around(Node.java:138)
	at org.junit.platform.engine.support.hierarchical.NodeTestTask.lambda$executeRecursively$0(NodeTestTask.java:164)
	at org.junit.platform.engine.support.hierarchical.ThrowableCollector.execute(ThrowableCollector.java:74)
	at org.junit.platform.engine.support.hierarchical.NodeTestTask.executeRecursively(NodeTestTask.java:163)
	at org.junit.platform.engine.support.hierarchical.NodeTestTask.execute(NodeTestTask.java:116)
	at java.base/java.util.ArrayList.forEach(ArrayList.java:1596)
	at org.junit.platform.engine.support.hierarchical.SameThreadHierarchicalTestExecutorService.invokeAll(SameThreadHierarchicalTestExecutorService.java:42)
	at org.junit.platform.engine.support.hierarchical.NodeTestTask.lambda$executeRecursively$2(NodeTestTask.java:180)
	at org.junit.platform.engine.support.hierarchical.ThrowableCollector.execute(ThrowableCollector.java:74)
	at org.junit.platform.engine.support.hierarchical.NodeTestTask.lambda$executeRecursively$1(NodeTestTask.java:166)
	at org.junit.platform.engine.support.hierarchical.Node.around(Node.java:138)
	at org.junit.platform.engine.support.hierarchical.NodeTestTask.lambda$executeRecursively$0(NodeTestTask.java:164)
	at org.junit.platform.engine.support.hierarchical.ThrowableCollector.execute(ThrowableCollector.java:74)
	at org.junit.platform.engine.support.hierarchical.NodeTestTask.executeRecursively(NodeTestTask.java:163)
	at org.junit.platform.engine.support.hierarchical.NodeTestTask.execute(NodeTestTask.java:116)
	at java.base/java.util.ArrayList.forEach(ArrayList.java:1596)
	at org.junit.platform.engine.support.hierarchical.SameThreadHierarchicalTestExecutorService.invokeAll(SameThreadHierarchicalTestExecutorService.java:42)
	at org.junit.platform.engine.support.hierarchical.NodeTestTask.lambda$executeRecursively$2(NodeTestTask.java:180)
	at org.junit.platform.engine.support.hierarchical.ThrowableCollector.execute(ThrowableCollector.java:74)
	at org.junit.platform.engine.support.hierarchical.NodeTestTask.lambda$executeRecursively$1(NodeTestTask.java:166)
	at org.junit.platform.engine.support.hierarchical.Node.around(Node.java:138)
	at org.junit.platform.engine.support.hierarchical.NodeTestTask.lambda$executeRecursively$0(NodeTestTask.java:164)
	at org.junit.platform.engine.support.hierarchical.ThrowableCollector.execute(ThrowableCollector.java:74)
	at org.junit.platform.engine.support.hierarchical.NodeTestTask.executeRecursively(NodeTestTask.java:163)
	at org.junit.platform.engine.support.hierarchical.NodeTestTask.execute(NodeTestTask.java:116)
	at org.junit.platform.engine.support.hierarchical.SameThreadHierarchicalTestExecutorService.submit(SameThreadHierarchicalTestExecutorService.java:36)
	at org.junit.platform.engine.support.hierarchical.HierarchicalTestExecutor.execute(HierarchicalTestExecutor.java:52)
	at org.junit.platform.engine.support.hierarchical.HierarchicalTestEngine.execute(HierarchicalTestEngine.java:58)
	at org.junit.platform.launcher.core.EngineExecutionOrchestrator.executeEngine(EngineExecutionOrchestrator.java:246)
	at org.junit.platform.launcher.core.EngineExecutionOrchestrator.failOrExecuteEngine(EngineExecutionOrchestrator.java:218)
	at org.junit.platform.launcher.core.EngineExecutionOrchestrator.execute(EngineExecutionOrchestrator.java:179)
	at org.junit.platform.launcher.core.EngineExecutionOrchestrator.execute(EngineExecutionOrchestrator.java:108)
	at org.junit.platform.launcher.core.EngineExecutionOrchestrator.lambda$execute$0(EngineExecutionOrchestrator.java:66)
	at org.junit.platform.launcher.core.EngineExecutionOrchestrator.withInterceptedStreams(EngineExecutionOrchestrator.java:157)
	at org.junit.platform.launcher.core.EngineExecutionOrchestrator.execute(EngineExecutionOrchestrator.java:65)
	at org.junit.platform.launcher.core.DefaultLauncher.execute(DefaultLauncher.java:125)
	at org.junit.platform.launcher.core.DefaultLauncher.execute(DefaultLauncher.java:114)
	at org.junit.platform.launcher.core.DelegatingLauncher.execute(DelegatingLauncher.java:58)
	at org.junit.platform.launcher.core.InterceptingLauncher.lambda$execute$2(InterceptingLauncher.java:57)
	at org.junit.platform.launcher.core.ClasspathAlignmentCheckingLauncherInterceptor.intercept(ClasspathAlignmentCheckingLauncherInterceptor.java:25)
	at org.junit.platform.launcher.core.InterceptingLauncher.execute(InterceptingLauncher.java:56)
	at org.junit.platform.launcher.core.DelegatingLauncher.execute(DelegatingLauncher.java:58)
	at java.base/jdk.internal.reflect.DirectMethodHandleAccessor.invoke(DirectMethodHandleAccessor.java:103)
	at java.base/java.lang.reflect.Method.invoke(Method.java:580)
	at org.apache.maven.surefire.api.util.ReflectionUtils.invokeMethodWithArray(ReflectionUtils.java:125)
	at org.apache.maven.surefire.junitplatform.LauncherAdapter.executeWithCancellationToken(LauncherAdapter.java:68)
	at org.apache.maven.surefire.junitplatform.LauncherAdapter.execute(LauncherAdapter.java:54)
	at org.apache.maven.surefire.junitplatform.JUnitPlatformProvider.execute(JUnitPlatformProvider.java:203)
	at org.apache.maven.surefire.junitplatform.JUnitPlatformProvider.invokeAllTests(JUnitPlatformProvider.java:168)
	at org.apache.maven.surefire.junitplatform.JUnitPlatformProvider.invoke(JUnitPlatformProvider.java:134)
	at org.apache.maven.surefire.booter.ForkedBooter.runSuitesInProcess(ForkedBooter.java:385)
	at org.apache.maven.surefire.booter.ForkedBooter.execute(ForkedBooter.java:162)
	at org.apache.maven.surefire.booter.ForkedBooter.run(ForkedBooter.java:507)
	at org.apache.maven.surefire.booter.ForkedBooter.main(ForkedBooter.java:495)
Caused by: com.mysql.cj.exceptions.CJCommunicationsException: Communications link failure

The last packet successfully received from the server was 6 milliseconds ago. The last packet sent successfully to the server was 6 milliseconds ago.
	at java.base/jdk.internal.reflect.DirectConstructorHandleAccessor.newInstance(DirectConstructorHandleAccessor.java:62)
	at java.base/java.lang.reflect.Constructor.newInstanceWithCaller(Constructor.java:502)
	at java.base/java.lang.reflect.Constructor.newInstance(Constructor.java:486)
	at com.mysql.cj.exceptions.ExceptionFactory.createException(ExceptionFactory.java:52)
	at com.mysql.cj.exceptions.ExceptionFactory.createException(ExceptionFactory.java:95)
	at com.mysql.cj.exceptions.ExceptionFactory.createException(ExceptionFactory.java:140)
	at com.mysql.cj.exceptions.ExceptionFactory.createCommunicationsException(ExceptionFactory.java:156)
	at com.mysql.cj.protocol.a.NativeProtocol.readMessage(NativeProtocol.java:590)
	at com.mysql.cj.protocol.a.NativeProtocol.checkErrorMessage(NativeProtocol.java:767)
	at com.mysql.cj.protocol.a.NativeProtocol.sendCommand(NativeProtocol.java:706)
	at com.mysql.cj.protocol.a.NativeProtocol.sendQueryPacket(NativeProtocol.java:938)
	at com.mysql.cj.NativeSession.execSQL(NativeSession.java:817)
	at com.mysql.cj.jdbc.ConnectionImpl.commit(ConnectionImpl.java:794)
	... 152 common frames omitted
Caused by: java.io.EOFException: Can not read response from server. Expected to read 4 bytes, read 0 bytes before connection was unexpectedly lost.
	at com.mysql.cj.protocol.FullReadInputStream.readFully(FullReadInputStream.java:58)
	at com.mysql.cj.protocol.a.SimplePacketReader.readHeaderLocal(SimplePacketReader.java:72)
	at com.mysql.cj.protocol.a.SimplePacketReader.readHeader(SimplePacketReader.java:54)
	at com.mysql.cj.protocol.a.SimplePacketReader.readHeader(SimplePacketReader.java:36)
	at com.mysql.cj.protocol.a.TimeTrackingPacketReader.readHeader(TimeTrackingPacketReader.java:43)
	at com.mysql.cj.protocol.a.TimeTrackingPacketReader.readHeader(TimeTrackingPacketReader.java:32)
	at com.mysql.cj.protocol.a.MultiPacketReader.readHeader(MultiPacketReader.java:45)
	at com.mysql.cj.protocol.a.MultiPacketReader.readHeader(MultiPacketReader.java:35)
	at com.mysql.cj.protocol.a.NativeProtocol.readMessage(NativeProtocol.java:584)
	... 157 common frames omitted
10:53:01.851 [main] WARN org.namewta.notify.adapter.event.InAppCommittedPushListener -- 站内实时提示失败，messageId=9220001, reason=IllegalStateException
10:53:01.878 [main] INFO com.baomidou.dynamic.datasource.DynamicRoutingDataSource -- dynamic-datasource start closing ....
10:53:01.878 [main] INFO com.baomidou.dynamic.datasource.DynamicRoutingDataSource -- dynamic-datasource all closed success,bye
10:53:01.878 [main] INFO com.zaxxer.hikari.HikariDataSource -- HikariPool-12 - Shutdown initiated...
10:53:01.900 [main] INFO com.zaxxer.hikari.HikariDataSource -- HikariPool-12 - Shutdown completed.
10:53:01.903 [main] INFO com.baomidou.dynamic.datasource.DynamicRoutingDataSource -- dynamic-datasource - add a datasource named [master] success
10:53:02.024 [main] INFO org.redisson.Version -- Redisson 4.6.1
10:53:02.032 [redisson-netty-38-1] INFO org.redisson.connection.ConnectionsHolder -- 1 connections initialized for 127.0.0.1/127.0.0.1:32833
10:53:02.033 [redisson-netty-38-2] INFO org.redisson.connection.ConnectionsHolder -- 1 connections initialized for 127.0.0.1/127.0.0.1:32833
10:53:02.052 [main] INFO com.zaxxer.hikari.HikariDataSource -- HikariPool-13 - Starting...
10:53:02.059 [main] INFO com.zaxxer.hikari.pool.HikariPool -- HikariPool-13 - Added connection com.mysql.cj.jdbc.ConnectionImpl@2ed16651
10:53:02.059 [main] INFO com.zaxxer.hikari.HikariDataSource -- HikariPool-13 - Start completed.
10:53:02.092 [main] ERROR com.baomidou.dynamic.datasource.tx.ConnectionProxy -- owned lost commit acknowledgement
java.sql.SQLRecoverableException: owned lost commit acknowledgement
	at org.namewta.test.notify.NotifyAtomicResultIntegrationTest$1.lambda$getConnection$0(NotifyAtomicResultIntegrationTest.java:115)
	at jdk.proxy2/jdk.proxy2.$Proxy131.commit(Unknown Source)
	at com.baomidou.dynamic.datasource.tx.ConnectionProxy.notify(ConnectionProxy.java:62)
	at com.baomidou.dynamic.datasource.tx.ConnectionFactory.notify(ConnectionFactory.java:153)
	at com.baomidou.dynamic.datasource.tx.LocalTxUtil.commit(LocalTxUtil.java:91)
	at com.baomidou.dynamic.datasource.tx.TransactionalTemplate.doExecute(TransactionalTemplate.java:126)
	at com.baomidou.dynamic.datasource.tx.TransactionalTemplate.execute(TransactionalTemplate.java:94)
	at com.baomidou.dynamic.datasource.aop.DynamicLocalTransactionInterceptor.invoke(DynamicLocalTransactionInterceptor.java:59)
	at org.springframework.aop.framework.ReflectiveMethodInvocation.proceed(ReflectiveMethodInvocation.java:179)
	at org.springframework.aop.framework.CglibAopProxy$DynamicAdvisedInterceptor.intercept(CglibAopProxy.java:719)
	at org.namewta.notify.usecase.NotifyDispatchResultUseCase$$SpringCGLIB$$12.beginInAppAttempt(<generated>)
	at org.namewta.test.notify.NotifyAtomicResultIntegrationTest.lambda$uncertainBudgetCommitNeverEntersPersistBeforeReclaim$15(NotifyAtomicResultIntegrationTest.java:488)
	at org.assertj.core.api.ThrowableAssert.catchThrowable(ThrowableAssert.java:66)
	at org.assertj.core.api.AssertionsForClassTypes.catchThrowable(AssertionsForClassTypes.java:908)
	at org.assertj.core.api.Assertions.catchThrowable(Assertions.java:1476)
	at org.assertj.core.api.Assertions.assertThatThrownBy(Assertions.java:1319)
	at org.namewta.test.notify.NotifyAtomicResultIntegrationTest.uncertainBudgetCommitNeverEntersPersistBeforeReclaim(NotifyAtomicResultIntegrationTest.java:488)
	at java.base/jdk.internal.reflect.DirectMethodHandleAccessor.invoke(DirectMethodHandleAccessor.java:103)
	at java.base/java.lang.reflect.Method.invoke(Method.java:580)
	at org.junit.platform.commons.util.ReflectionUtils.invokeMethod(ReflectionUtils.java:701)
	at org.junit.platform.commons.support.ReflectionSupport.invokeMethod(ReflectionSupport.java:502)
	at org.junit.jupiter.engine.support.MethodReflectionUtils.invoke(MethodReflectionUtils.java:45)
	at org.junit.jupiter.engine.execution.MethodInvocation.proceed(MethodInvocation.java:61)
	at org.junit.jupiter.engine.execution.InvocationInterceptorChain$ValidatingInvocation.proceed(InvocationInterceptorChain.java:124)
	at org.junit.jupiter.engine.extension.TimeoutExtension.intercept(TimeoutExtension.java:163)
	at org.junit.jupiter.engine.extension.TimeoutExtension.interceptTestableMethod(TimeoutExtension.java:148)
	at org.junit.jupiter.engine.extension.TimeoutExtension.interceptTestTemplateMethod(TimeoutExtension.java:94)
	at org.junit.jupiter.engine.execution.InterceptingExecutableInvoker$ReflectiveInterceptorCall.lambda$ofVoidMethod$0(InterceptingExecutableInvoker.java:123)
	at org.junit.jupiter.engine.execution.InterceptingExecutableInvoker.lambda$invoke$0(InterceptingExecutableInvoker.java:105)
	at org.junit.jupiter.engine.execution.InvocationInterceptorChain$InterceptedInvocation.proceed(InvocationInterceptorChain.java:99)
	at org.junit.jupiter.engine.execution.InvocationInterceptorChain.proceed(InvocationInterceptorChain.java:66)
	at org.junit.jupiter.engine.execution.InvocationInterceptorChain.chainAndInvoke(InvocationInterceptorChain.java:47)
	at org.junit.jupiter.engine.execution.InvocationInterceptorChain.invoke(InvocationInterceptorChain.java:39)
	at org.junit.jupiter.engine.execution.InterceptingExecutableInvoker.invoke(InterceptingExecutableInvoker.java:104)
	at org.junit.jupiter.engine.execution.InterceptingExecutableInvoker.invoke(InterceptingExecutableInvoker.java:98)
	at org.junit.jupiter.engine.execution.InterceptingExecutableInvoker.invokeVoid(InterceptingExecutableInvoker.java:71)
	at org.junit.jupiter.engine.descriptor.TestMethodTestDescriptor.lambda$invokeTestMethod$0(TestMethodTestDescriptor.java:219)
	at org.junit.platform.engine.support.hierarchical.ThrowableCollector.execute(ThrowableCollector.java:74)
	at org.junit.jupiter.engine.descriptor.TestMethodTestDescriptor.invokeTestMethod(TestMethodTestDescriptor.java:215)
	at org.junit.jupiter.engine.descriptor.TestMethodTestDescriptor.execute(TestMethodTestDescriptor.java:157)
	at org.junit.jupiter.engine.descriptor.TestMethodTestDescriptor.execute(TestMethodTestDescriptor.java:70)
	at org.junit.platform.engine.support.hierarchical.NodeTestTask.lambda$executeRecursively$2(NodeTestTask.java:176)
	at org.junit.platform.engine.support.hierarchical.ThrowableCollector.execute(ThrowableCollector.java:74)
	at org.junit.platform.engine.support.hierarchical.NodeTestTask.lambda$executeRecursively$1(NodeTestTask.java:166)
	at org.junit.platform.engine.support.hierarchical.Node.around(Node.java:138)
	at org.junit.platform.engine.support.hierarchical.NodeTestTask.lambda$executeRecursively$0(NodeTestTask.java:164)
	at org.junit.platform.engine.support.hierarchical.ThrowableCollector.execute(ThrowableCollector.java:74)
	at org.junit.platform.engine.support.hierarchical.NodeTestTask.executeRecursively(NodeTestTask.java:163)
	at org.junit.platform.engine.support.hierarchical.NodeTestTask.execute(NodeTestTask.java:116)
	at org.junit.platform.engine.support.hierarchical.SameThreadHierarchicalTestExecutorService.submit(SameThreadHierarchicalTestExecutorService.java:36)
	at org.junit.platform.engine.support.hierarchical.NodeTestTask$DefaultDynamicTestExecutor.execute(NodeTestTask.java:268)
	at org.junit.platform.engine.support.hierarchical.NodeTestTask$DefaultDynamicTestExecutor.execute(NodeTestTask.java:246)
	at org.junit.jupiter.engine.descriptor.TemplateExecutor.execute(TemplateExecutor.java:96)
	at org.junit.jupiter.engine.descriptor.TemplateExecutor.lambda$executeForProvider$1(TemplateExecutor.java:59)
	at java.base/java.util.Optional.ifPresent(Optional.java:178)
	at org.junit.jupiter.engine.descriptor.TemplateExecutor.lambda$executeForProvider$0(TemplateExecutor.java:59)
	at java.base/java.util.stream.ForEachOps$ForEachOp$OfRef.accept(ForEachOps.java:184)
	at java.base/java.util.stream.ReferencePipeline$3$1.accept(ReferencePipeline.java:197)
	at java.base/java.util.stream.ForEachOps$ForEachOp$OfRef.accept(ForEachOps.java:184)
	at java.base/java.util.stream.ForEachOps$ForEachOp$OfRef.accept(ForEachOps.java:184)
	at java.base/java.util.stream.ReferencePipeline$3$1.accept(ReferencePipeline.java:197)
	at java.base/java.util.Spliterators$ArraySpliterator.forEachRemaining(Spliterators.java:1024)
	at java.base/java.util.stream.AbstractPipeline.copyInto(AbstractPipeline.java:509)
	at java.base/java.util.stream.AbstractPipeline.wrapAndCopyInto(AbstractPipeline.java:499)
	at java.base/java.util.stream.ForEachOps$ForEachOp.evaluateSequential(ForEachOps.java:151)
	at java.base/java.util.stream.ForEachOps$ForEachOp$OfRef.evaluateSequential(ForEachOps.java:174)
	at java.base/java.util.stream.AbstractPipeline.evaluate(AbstractPipeline.java:234)
	at java.base/java.util.stream.ReferencePipeline.forEach(ReferencePipeline.java:596)
	at java.base/java.util.stream.ReferencePipeline$7$1.accept(ReferencePipeline.java:276)
	at java.base/java.util.ArrayList$ArrayListSpliterator.forEachRemaining(ArrayList.java:1708)
	at java.base/java.util.stream.AbstractPipeline.copyInto(AbstractPipeline.java:509)
	at java.base/java.util.stream.AbstractPipeline.wrapAndCopyInto(AbstractPipeline.java:499)
	at java.base/java.util.stream.ForEachOps$ForEachOp.evaluateSequential(ForEachOps.java:151)
	at java.base/java.util.stream.ForEachOps$ForEachOp$OfRef.evaluateSequential(ForEachOps.java:174)
	at java.base/java.util.stream.AbstractPipeline.evaluate(AbstractPipeline.java:234)
	at java.base/java.util.stream.ReferencePipeline.forEach(ReferencePipeline.java:596)
	at java.base/java.util.stream.ReferencePipeline$7$1.accept(ReferencePipeline.java:276)
	at java.base/java.util.stream.ReferencePipeline$3$1.accept(ReferencePipeline.java:197)
	at java.base/java.util.stream.ReferencePipeline$3$1.accept(ReferencePipeline.java:197)
	at java.base/java.util.stream.ReferencePipeline$3$1.accept(ReferencePipeline.java:197)
	at java.base/java.util.AbstractList$RandomAccessSpliterator.forEachRemaining(AbstractList.java:722)
	at java.base/java.util.stream.AbstractPipeline.copyInto(AbstractPipeline.java:509)
	at java.base/java.util.stream.AbstractPipeline.wrapAndCopyInto(AbstractPipeline.java:499)
	at java.base/java.util.stream.ForEachOps$ForEachOp.evaluateSequential(ForEachOps.java:151)
	at java.base/java.util.stream.ForEachOps$ForEachOp$OfRef.evaluateSequential(ForEachOps.java:174)
	at java.base/java.util.stream.AbstractPipeline.evaluate(AbstractPipeline.java:234)
	at java.base/java.util.stream.ReferencePipeline.forEach(ReferencePipeline.java:596)
	at org.junit.jupiter.engine.descriptor.TemplateExecutor.executeForProvider(TemplateExecutor.java:57)
	at org.junit.jupiter.engine.descriptor.TemplateExecutor.execute(TemplateExecutor.java:46)
	at org.junit.jupiter.engine.descriptor.TestTemplateTestDescriptor.execute(TestTemplateTestDescriptor.java:112)
	at org.junit.jupiter.engine.descriptor.TestTemplateTestDescriptor.execute(TestTemplateTestDescriptor.java:40)
	at org.junit.platform.engine.support.hierarchical.NodeTestTask.lambda$executeRecursively$2(NodeTestTask.java:176)
	at org.junit.platform.engine.support.hierarchical.ThrowableCollector.execute(ThrowableCollector.java:74)
	at org.junit.platform.engine.support.hierarchical.NodeTestTask.lambda$executeRecursively$1(NodeTestTask.java:166)
	at org.junit.platform.engine.support.hierarchical.Node.around(Node.java:138)
	at org.junit.platform.engine.support.hierarchical.NodeTestTask.lambda$executeRecursively$0(NodeTestTask.java:164)
	at org.junit.platform.engine.support.hierarchical.ThrowableCollector.execute(ThrowableCollector.java:74)
	at org.junit.platform.engine.support.hierarchical.NodeTestTask.executeRecursively(NodeTestTask.java:163)
	at org.junit.platform.engine.support.hierarchical.NodeTestTask.execute(NodeTestTask.java:116)
	at java.base/java.util.ArrayList.forEach(ArrayList.java:1596)
	at org.junit.platform.engine.support.hierarchical.SameThreadHierarchicalTestExecutorService.invokeAll(SameThreadHierarchicalTestExecutorService.java:42)
	at org.junit.platform.engine.support.hierarchical.NodeTestTask.lambda$executeRecursively$2(NodeTestTask.java:180)
	at org.junit.platform.engine.support.hierarchical.ThrowableCollector.execute(ThrowableCollector.java:74)
	at org.junit.platform.engine.support.hierarchical.NodeTestTask.lambda$executeRecursively$1(NodeTestTask.java:166)
	at org.junit.platform.engine.support.hierarchical.Node.around(Node.java:138)
	at org.junit.platform.engine.support.hierarchical.NodeTestTask.lambda$executeRecursively$0(NodeTestTask.java:164)
	at org.junit.platform.engine.support.hierarchical.ThrowableCollector.execute(ThrowableCollector.java:74)
	at org.junit.platform.engine.support.hierarchical.NodeTestTask.executeRecursively(NodeTestTask.java:163)
	at org.junit.platform.engine.support.hierarchical.NodeTestTask.execute(NodeTestTask.java:116)
	at java.base/java.util.ArrayList.forEach(ArrayList.java:1596)
	at org.junit.platform.engine.support.hierarchical.SameThreadHierarchicalTestExecutorService.invokeAll(SameThreadHierarchicalTestExecutorService.java:42)
	at org.junit.platform.engine.support.hierarchical.NodeTestTask.lambda$executeRecursively$2(NodeTestTask.java:180)
	at org.junit.platform.engine.support.hierarchical.ThrowableCollector.execute(ThrowableCollector.java:74)
	at org.junit.platform.engine.support.hierarchical.NodeTestTask.lambda$executeRecursively$1(NodeTestTask.java:166)
	at org.junit.platform.engine.support.hierarchical.Node.around(Node.java:138)
	at org.junit.platform.engine.support.hierarchical.NodeTestTask.lambda$executeRecursively$0(NodeTestTask.java:164)
	at org.junit.platform.engine.support.hierarchical.ThrowableCollector.execute(ThrowableCollector.java:74)
	at org.junit.platform.engine.support.hierarchical.NodeTestTask.executeRecursively(NodeTestTask.java:163)
	at org.junit.platform.engine.support.hierarchical.NodeTestTask.execute(NodeTestTask.java:116)
	at org.junit.platform.engine.support.hierarchical.SameThreadHierarchicalTestExecutorService.submit(SameThreadHierarchicalTestExecutorService.java:36)
	at org.junit.platform.engine.support.hierarchical.HierarchicalTestExecutor.execute(HierarchicalTestExecutor.java:52)
	at org.junit.platform.engine.support.hierarchical.HierarchicalTestEngine.execute(HierarchicalTestEngine.java:58)
	at org.junit.platform.launcher.core.EngineExecutionOrchestrator.executeEngine(EngineExecutionOrchestrator.java:246)
	at org.junit.platform.launcher.core.EngineExecutionOrchestrator.failOrExecuteEngine(EngineExecutionOrchestrator.java:218)
	at org.junit.platform.launcher.core.EngineExecutionOrchestrator.execute(EngineExecutionOrchestrator.java:179)
	at org.junit.platform.launcher.core.EngineExecutionOrchestrator.execute(EngineExecutionOrchestrator.java:108)
	at org.junit.platform.launcher.core.EngineExecutionOrchestrator.lambda$execute$0(EngineExecutionOrchestrator.java:66)
	at org.junit.platform.launcher.core.EngineExecutionOrchestrator.withInterceptedStreams(EngineExecutionOrchestrator.java:157)
	at org.junit.platform.launcher.core.EngineExecutionOrchestrator.execute(EngineExecutionOrchestrator.java:65)
	at org.junit.platform.launcher.core.DefaultLauncher.execute(DefaultLauncher.java:125)
	at org.junit.platform.launcher.core.DefaultLauncher.execute(DefaultLauncher.java:114)
	at org.junit.platform.launcher.core.DelegatingLauncher.execute(DelegatingLauncher.java:58)
	at org.junit.platform.launcher.core.InterceptingLauncher.lambda$execute$2(InterceptingLauncher.java:57)
	at org.junit.platform.launcher.core.ClasspathAlignmentCheckingLauncherInterceptor.intercept(ClasspathAlignmentCheckingLauncherInterceptor.java:25)
	at org.junit.platform.launcher.core.InterceptingLauncher.execute(InterceptingLauncher.java:56)
	at org.junit.platform.launcher.core.DelegatingLauncher.execute(DelegatingLauncher.java:58)
	at java.base/jdk.internal.reflect.DirectMethodHandleAccessor.invoke(DirectMethodHandleAccessor.java:103)
	at java.base/java.lang.reflect.Method.invoke(Method.java:580)
	at org.apache.maven.surefire.api.util.ReflectionUtils.invokeMethodWithArray(ReflectionUtils.java:125)
	at org.apache.maven.surefire.junitplatform.LauncherAdapter.executeWithCancellationToken(LauncherAdapter.java:68)
	at org.apache.maven.surefire.junitplatform.LauncherAdapter.execute(LauncherAdapter.java:54)
	at org.apache.maven.surefire.junitplatform.JUnitPlatformProvider.execute(JUnitPlatformProvider.java:203)
	at org.apache.maven.surefire.junitplatform.JUnitPlatformProvider.invokeAllTests(JUnitPlatformProvider.java:168)
	at org.apache.maven.surefire.junitplatform.JUnitPlatformProvider.invoke(JUnitPlatformProvider.java:134)
	at org.apache.maven.surefire.booter.ForkedBooter.runSuitesInProcess(ForkedBooter.java:385)
	at org.apache.maven.surefire.booter.ForkedBooter.execute(ForkedBooter.java:162)
	at org.apache.maven.surefire.booter.ForkedBooter.run(ForkedBooter.java:507)
	at org.apache.maven.surefire.booter.ForkedBooter.main(ForkedBooter.java:495)
10:53:02.200 [main] WARN org.namewta.notify.adapter.event.InAppCommittedPushListener -- 站内实时提示失败，messageId=9220001, reason=IllegalStateException
10:53:02.229 [main] INFO com.baomidou.dynamic.datasource.DynamicRoutingDataSource -- dynamic-datasource start closing ....
10:53:02.230 [main] INFO com.baomidou.dynamic.datasource.DynamicRoutingDataSource -- dynamic-datasource all closed success,bye
10:53:02.230 [main] INFO com.zaxxer.hikari.HikariDataSource -- HikariPool-13 - Shutdown initiated...
10:53:02.266 [main] INFO com.zaxxer.hikari.HikariDataSource -- HikariPool-13 - Shutdown completed.
10:53:02.271 [main] INFO com.baomidou.dynamic.datasource.DynamicRoutingDataSource -- dynamic-datasource - add a datasource named [master] success
10:53:02.417 [main] INFO org.redisson.Version -- Redisson 4.6.1
10:53:02.425 [redisson-netty-41-2] INFO org.redisson.connection.ConnectionsHolder -- 1 connections initialized for 127.0.0.1/127.0.0.1:32833
10:53:02.426 [redisson-netty-41-1] INFO org.redisson.connection.ConnectionsHolder -- 1 connections initialized for 127.0.0.1/127.0.0.1:32833
10:53:02.449 [main] INFO com.zaxxer.hikari.HikariDataSource -- HikariPool-14 - Starting...
10:53:02.453 [main] INFO com.zaxxer.hikari.pool.HikariPool -- HikariPool-14 - Added connection com.mysql.cj.jdbc.ConnectionImpl@12dac814
10:53:02.453 [main] INFO com.zaxxer.hikari.HikariDataSource -- HikariPool-14 - Start completed.
10:53:02.487 [main] WARN com.zaxxer.hikari.pool.ProxyConnection -- HikariPool-14 - Connection com.mysql.cj.jdbc.ConnectionImpl@12dac814 marked as broken because of SQLSTATE(08S01), ErrorCode(0)
com.mysql.cj.jdbc.exceptions.CommunicationsException: Communications link failure

The last packet successfully received from the server was 4 milliseconds ago. The last packet sent successfully to the server was 5 milliseconds ago.
	at com.mysql.cj.jdbc.exceptions.SQLError.createCommunicationsException(SQLError.java:165)
	at com.mysql.cj.jdbc.exceptions.SQLExceptionsMapping.translateException(SQLExceptionsMapping.java:55)
	at com.mysql.cj.jdbc.ConnectionImpl.commit(ConnectionImpl.java:814)
	at com.zaxxer.hikari.pool.ProxyConnection.commit(ProxyConnection.java:378)
	at com.zaxxer.hikari.pool.HikariProxyConnection.commit(HikariProxyConnection.java)
	at java.base/jdk.internal.reflect.DirectMethodHandleAccessor.invoke(DirectMethodHandleAccessor.java:103)
	at java.base/java.lang.reflect.Method.invoke(Method.java:580)
	at org.namewta.test.notify.NotifyAtomicResultIntegrationTest$1.lambda$getConnection$0(NotifyAtomicResultIntegrationTest.java:118)
	at jdk.proxy2/jdk.proxy2.$Proxy131.commit(Unknown Source)
	at com.baomidou.dynamic.datasource.tx.ConnectionProxy.notify(ConnectionProxy.java:62)
	at com.baomidou.dynamic.datasource.tx.ConnectionFactory.notify(ConnectionFactory.java:153)
	at com.baomidou.dynamic.datasource.tx.LocalTxUtil.commit(LocalTxUtil.java:91)
	at com.baomidou.dynamic.datasource.tx.TransactionalTemplate.doExecute(TransactionalTemplate.java:126)
	at com.baomidou.dynamic.datasource.tx.TransactionalTemplate.execute(TransactionalTemplate.java:94)
	at com.baomidou.dynamic.datasource.aop.DynamicLocalTransactionInterceptor.invoke(DynamicLocalTransactionInterceptor.java:59)
	at org.springframework.aop.framework.ReflectiveMethodInvocation.proceed(ReflectiveMethodInvocation.java:179)
	at org.springframework.aop.framework.CglibAopProxy$DynamicAdvisedInterceptor.intercept(CglibAopProxy.java:719)
	at org.namewta.notify.usecase.ProviderCallbackUseCase$$SpringCGLIB$$14.apply(<generated>)
	at org.namewta.test.notify.NotifyAtomicResultIntegrationTest.callOn(NotifyAtomicResultIntegrationTest.java:1195)
	at org.namewta.test.notify.NotifyAtomicResultIntegrationTest.signedCallback(NotifyAtomicResultIntegrationTest.java:1189)
	at org.namewta.test.notify.NotifyAtomicResultIntegrationTest.callback(NotifyAtomicResultIntegrationTest.java:1186)
	at org.namewta.test.notify.NotifyAtomicResultIntegrationTest.lambda$commitDisconnectOrLostAcknowledgementCanRetryWithoutLosingTheEvent$45(NotifyAtomicResultIntegrationTest.java:915)
	at org.assertj.core.api.ThrowableAssert.catchThrowable(ThrowableAssert.java:66)
	at org.assertj.core.api.AssertionsForClassTypes.catchThrowable(AssertionsForClassTypes.java:908)
	at org.assertj.core.api.Assertions.catchThrowable(Assertions.java:1476)
	at org.assertj.core.api.Assertions.assertThatThrownBy(Assertions.java:1319)
	at org.namewta.test.notify.NotifyAtomicResultIntegrationTest.commitDisconnectOrLostAcknowledgementCanRetryWithoutLosingTheEvent(NotifyAtomicResultIntegrationTest.java:915)
	at java.base/jdk.internal.reflect.DirectMethodHandleAccessor.invoke(DirectMethodHandleAccessor.java:103)
	at java.base/java.lang.reflect.Method.invoke(Method.java:580)
	at org.junit.platform.commons.util.ReflectionUtils.invokeMethod(ReflectionUtils.java:701)
	at org.junit.platform.commons.support.ReflectionSupport.invokeMethod(ReflectionSupport.java:502)
	at org.junit.jupiter.engine.support.MethodReflectionUtils.invoke(MethodReflectionUtils.java:45)
	at org.junit.jupiter.engine.execution.MethodInvocation.proceed(MethodInvocation.java:61)
	at org.junit.jupiter.engine.execution.InvocationInterceptorChain$ValidatingInvocation.proceed(InvocationInterceptorChain.java:124)
	at org.junit.jupiter.engine.extension.TimeoutExtension.intercept(TimeoutExtension.java:163)
	at org.junit.jupiter.engine.extension.TimeoutExtension.interceptTestableMethod(TimeoutExtension.java:148)
	at org.junit.jupiter.engine.extension.TimeoutExtension.interceptTestTemplateMethod(TimeoutExtension.java:94)
	at org.junit.jupiter.engine.execution.InterceptingExecutableInvoker$ReflectiveInterceptorCall.lambda$ofVoidMethod$0(InterceptingExecutableInvoker.java:123)
	at org.junit.jupiter.engine.execution.InterceptingExecutableInvoker.lambda$invoke$0(InterceptingExecutableInvoker.java:105)
	at org.junit.jupiter.engine.execution.InvocationInterceptorChain$InterceptedInvocation.proceed(InvocationInterceptorChain.java:99)
	at org.junit.jupiter.engine.execution.InvocationInterceptorChain.proceed(InvocationInterceptorChain.java:66)
	at org.junit.jupiter.engine.execution.InvocationInterceptorChain.chainAndInvoke(InvocationInterceptorChain.java:47)
	at org.junit.jupiter.engine.execution.InvocationInterceptorChain.invoke(InvocationInterceptorChain.java:39)
	at org.junit.jupiter.engine.execution.InterceptingExecutableInvoker.invoke(InterceptingExecutableInvoker.java:104)
	at org.junit.jupiter.engine.execution.InterceptingExecutableInvoker.invoke(InterceptingExecutableInvoker.java:98)
	at org.junit.jupiter.engine.execution.InterceptingExecutableInvoker.invokeVoid(InterceptingExecutableInvoker.java:71)
	at org.junit.jupiter.engine.descriptor.TestMethodTestDescriptor.lambda$invokeTestMethod$0(TestMethodTestDescriptor.java:219)
	at org.junit.platform.engine.support.hierarchical.ThrowableCollector.execute(ThrowableCollector.java:74)
	at org.junit.jupiter.engine.descriptor.TestMethodTestDescriptor.invokeTestMethod(TestMethodTestDescriptor.java:215)
	at org.junit.jupiter.engine.descriptor.TestMethodTestDescriptor.execute(TestMethodTestDescriptor.java:157)
	at org.junit.jupiter.engine.descriptor.TestMethodTestDescriptor.execute(TestMethodTestDescriptor.java:70)
	at org.junit.platform.engine.support.hierarchical.NodeTestTask.lambda$executeRecursively$2(NodeTestTask.java:176)
	at org.junit.platform.engine.support.hierarchical.ThrowableCollector.execute(ThrowableCollector.java:74)
	at org.junit.platform.engine.support.hierarchical.NodeTestTask.lambda$executeRecursively$1(NodeTestTask.java:166)
	at org.junit.platform.engine.support.hierarchical.Node.around(Node.java:138)
	at org.junit.platform.engine.support.hierarchical.NodeTestTask.lambda$executeRecursively$0(NodeTestTask.java:164)
	at org.junit.platform.engine.support.hierarchical.ThrowableCollector.execute(ThrowableCollector.java:74)
	at org.junit.platform.engine.support.hierarchical.NodeTestTask.executeRecursively(NodeTestTask.java:163)
	at org.junit.platform.engine.support.hierarchical.NodeTestTask.execute(NodeTestTask.java:116)
	at org.junit.platform.engine.support.hierarchical.SameThreadHierarchicalTestExecutorService.submit(SameThreadHierarchicalTestExecutorService.java:36)
	at org.junit.platform.engine.support.hierarchical.NodeTestTask$DefaultDynamicTestExecutor.execute(NodeTestTask.java:268)
	at org.junit.platform.engine.support.hierarchical.NodeTestTask$DefaultDynamicTestExecutor.execute(NodeTestTask.java:246)
	at org.junit.jupiter.engine.descriptor.TemplateExecutor.execute(TemplateExecutor.java:96)
	at org.junit.jupiter.engine.descriptor.TemplateExecutor.lambda$executeForProvider$1(TemplateExecutor.java:59)
	at java.base/java.util.Optional.ifPresent(Optional.java:178)
	at org.junit.jupiter.engine.descriptor.TemplateExecutor.lambda$executeForProvider$0(TemplateExecutor.java:59)
	at java.base/java.util.stream.ForEachOps$ForEachOp$OfRef.accept(ForEachOps.java:184)
	at java.base/java.util.stream.ReferencePipeline$3$1.accept(ReferencePipeline.java:197)
	at java.base/java.util.stream.ForEachOps$ForEachOp$OfRef.accept(ForEachOps.java:184)
	at java.base/java.util.ArrayList$ArrayListSpliterator.forEachRemaining(ArrayList.java:1708)
	at java.base/java.util.stream.ReferencePipeline$Head.forEach(ReferencePipeline.java:762)
	at java.base/java.util.stream.ReferencePipeline$7$1.accept(ReferencePipeline.java:276)
	at java.base/java.util.ArrayList$ArrayListSpliterator.forEachRemaining(ArrayList.java:1708)
	at java.base/java.util.stream.AbstractPipeline.copyInto(AbstractPipeline.java:509)
	at java.base/java.util.stream.AbstractPipeline.wrapAndCopyInto(AbstractPipeline.java:499)
	at java.base/java.util.stream.ForEachOps$ForEachOp.evaluateSequential(ForEachOps.java:151)
	at java.base/java.util.stream.ForEachOps$ForEachOp$OfRef.evaluateSequential(ForEachOps.java:174)
	at java.base/java.util.stream.AbstractPipeline.evaluate(AbstractPipeline.java:234)
	at java.base/java.util.stream.ReferencePipeline.forEach(ReferencePipeline.java:596)
	at java.base/java.util.stream.ReferencePipeline$7$1.accept(ReferencePipeline.java:276)
	at java.base/java.util.stream.ReferencePipeline$3$1.accept(ReferencePipeline.java:197)
	at java.base/java.util.stream.ReferencePipeline$3$1.accept(ReferencePipeline.java:197)
	at java.base/java.util.stream.ReferencePipeline$3$1.accept(ReferencePipeline.java:197)
	at java.base/java.util.AbstractList$RandomAccessSpliterator.forEachRemaining(AbstractList.java:722)
	at java.base/java.util.stream.AbstractPipeline.copyInto(AbstractPipeline.java:509)
	at java.base/java.util.stream.AbstractPipeline.wrapAndCopyInto(AbstractPipeline.java:499)
	at java.base/java.util.stream.ForEachOps$ForEachOp.evaluateSequential(ForEachOps.java:151)
	at java.base/java.util.stream.ForEachOps$ForEachOp$OfRef.evaluateSequential(ForEachOps.java:174)
	at java.base/java.util.stream.AbstractPipeline.evaluate(AbstractPipeline.java:234)
	at java.base/java.util.stream.ReferencePipeline.forEach(ReferencePipeline.java:596)
	at org.junit.jupiter.engine.descriptor.TemplateExecutor.executeForProvider(TemplateExecutor.java:57)
	at org.junit.jupiter.engine.descriptor.TemplateExecutor.execute(TemplateExecutor.java:46)
	at org.junit.jupiter.engine.descriptor.TestTemplateTestDescriptor.execute(TestTemplateTestDescriptor.java:112)
	at org.junit.jupiter.engine.descriptor.TestTemplateTestDescriptor.execute(TestTemplateTestDescriptor.java:40)
	at org.junit.platform.engine.support.hierarchical.NodeTestTask.lambda$executeRecursively$2(NodeTestTask.java:176)
	at org.junit.platform.engine.support.hierarchical.ThrowableCollector.execute(ThrowableCollector.java:74)
	at org.junit.platform.engine.support.hierarchical.NodeTestTask.lambda$executeRecursively$1(NodeTestTask.java:166)
	at org.junit.platform.engine.support.hierarchical.Node.around(Node.java:138)
	at org.junit.platform.engine.support.hierarchical.NodeTestTask.lambda$executeRecursively$0(NodeTestTask.java:164)
	at org.junit.platform.engine.support.hierarchical.ThrowableCollector.execute(ThrowableCollector.java:74)
	at org.junit.platform.engine.support.hierarchical.NodeTestTask.executeRecursively(NodeTestTask.java:163)
	at org.junit.platform.engine.support.hierarchical.NodeTestTask.execute(NodeTestTask.java:116)
	at java.base/java.util.ArrayList.forEach(ArrayList.java:1596)
	at org.junit.platform.engine.support.hierarchical.SameThreadHierarchicalTestExecutorService.invokeAll(SameThreadHierarchicalTestExecutorService.java:42)
	at org.junit.platform.engine.support.hierarchical.NodeTestTask.lambda$executeRecursively$2(NodeTestTask.java:180)
	at org.junit.platform.engine.support.hierarchical.ThrowableCollector.execute(ThrowableCollector.java:74)
	at org.junit.platform.engine.support.hierarchical.NodeTestTask.lambda$executeRecursively$1(NodeTestTask.java:166)
	at org.junit.platform.engine.support.hierarchical.Node.around(Node.java:138)
	at org.junit.platform.engine.support.hierarchical.NodeTestTask.lambda$executeRecursively$0(NodeTestTask.java:164)
	at org.junit.platform.engine.support.hierarchical.ThrowableCollector.execute(ThrowableCollector.java:74)
	at org.junit.platform.engine.support.hierarchical.NodeTestTask.executeRecursively(NodeTestTask.java:163)
	at org.junit.platform.engine.support.hierarchical.NodeTestTask.execute(NodeTestTask.java:116)
	at java.base/java.util.ArrayList.forEach(ArrayList.java:1596)
	at org.junit.platform.engine.support.hierarchical.SameThreadHierarchicalTestExecutorService.invokeAll(SameThreadHierarchicalTestExecutorService.java:42)
	at org.junit.platform.engine.support.hierarchical.NodeTestTask.lambda$executeRecursively$2(NodeTestTask.java:180)
	at org.junit.platform.engine.support.hierarchical.ThrowableCollector.execute(ThrowableCollector.java:74)
	at org.junit.platform.engine.support.hierarchical.NodeTestTask.lambda$executeRecursively$1(NodeTestTask.java:166)
	at org.junit.platform.engine.support.hierarchical.Node.around(Node.java:138)
	at org.junit.platform.engine.support.hierarchical.NodeTestTask.lambda$executeRecursively$0(NodeTestTask.java:164)
	at org.junit.platform.engine.support.hierarchical.ThrowableCollector.execute(ThrowableCollector.java:74)
	at org.junit.platform.engine.support.hierarchical.NodeTestTask.executeRecursively(NodeTestTask.java:163)
	at org.junit.platform.engine.support.hierarchical.NodeTestTask.execute(NodeTestTask.java:116)
	at org.junit.platform.engine.support.hierarchical.SameThreadHierarchicalTestExecutorService.submit(SameThreadHierarchicalTestExecutorService.java:36)
	at org.junit.platform.engine.support.hierarchical.HierarchicalTestExecutor.execute(HierarchicalTestExecutor.java:52)
	at org.junit.platform.engine.support.hierarchical.HierarchicalTestEngine.execute(HierarchicalTestEngine.java:58)
	at org.junit.platform.launcher.core.EngineExecutionOrchestrator.executeEngine(EngineExecutionOrchestrator.java:246)
	at org.junit.platform.launcher.core.EngineExecutionOrchestrator.failOrExecuteEngine(EngineExecutionOrchestrator.java:218)
	at org.junit.platform.launcher.core.EngineExecutionOrchestrator.execute(EngineExecutionOrchestrator.java:179)
	at org.junit.platform.launcher.core.EngineExecutionOrchestrator.execute(EngineExecutionOrchestrator.java:108)
	at org.junit.platform.launcher.core.EngineExecutionOrchestrator.lambda$execute$0(EngineExecutionOrchestrator.java:66)
	at org.junit.platform.launcher.core.EngineExecutionOrchestrator.withInterceptedStreams(EngineExecutionOrchestrator.java:157)
	at org.junit.platform.launcher.core.EngineExecutionOrchestrator.execute(EngineExecutionOrchestrator.java:65)
	at org.junit.platform.launcher.core.DefaultLauncher.execute(DefaultLauncher.java:125)
	at org.junit.platform.launcher.core.DefaultLauncher.execute(DefaultLauncher.java:114)
	at org.junit.platform.launcher.core.DelegatingLauncher.execute(DelegatingLauncher.java:58)
	at org.junit.platform.launcher.core.InterceptingLauncher.lambda$execute$2(InterceptingLauncher.java:57)
	at org.junit.platform.launcher.core.ClasspathAlignmentCheckingLauncherInterceptor.intercept(ClasspathAlignmentCheckingLauncherInterceptor.java:25)
	at org.junit.platform.launcher.core.InterceptingLauncher.execute(InterceptingLauncher.java:56)
	at org.junit.platform.launcher.core.DelegatingLauncher.execute(DelegatingLauncher.java:58)
	at java.base/jdk.internal.reflect.DirectMethodHandleAccessor.invoke(DirectMethodHandleAccessor.java:103)
	at java.base/java.lang.reflect.Method.invoke(Method.java:580)
	at org.apache.maven.surefire.api.util.ReflectionUtils.invokeMethodWithArray(ReflectionUtils.java:125)
	at org.apache.maven.surefire.junitplatform.LauncherAdapter.executeWithCancellationToken(LauncherAdapter.java:68)
	at org.apache.maven.surefire.junitplatform.LauncherAdapter.execute(LauncherAdapter.java:54)
	at org.apache.maven.surefire.junitplatform.JUnitPlatformProvider.execute(JUnitPlatformProvider.java:203)
	at org.apache.maven.surefire.junitplatform.JUnitPlatformProvider.invokeAllTests(JUnitPlatformProvider.java:168)
	at org.apache.maven.surefire.junitplatform.JUnitPlatformProvider.invoke(JUnitPlatformProvider.java:134)
	at org.apache.maven.surefire.booter.ForkedBooter.runSuitesInProcess(ForkedBooter.java:385)
	at org.apache.maven.surefire.booter.ForkedBooter.execute(ForkedBooter.java:162)
	at org.apache.maven.surefire.booter.ForkedBooter.run(ForkedBooter.java:507)
	at org.apache.maven.surefire.booter.ForkedBooter.main(ForkedBooter.java:495)
Caused by: com.mysql.cj.exceptions.CJCommunicationsException: Communications link failure

The last packet successfully received from the server was 4 milliseconds ago. The last packet sent successfully to the server was 5 milliseconds ago.
	at java.base/jdk.internal.reflect.DirectConstructorHandleAccessor.newInstance(DirectConstructorHandleAccessor.java:62)
	at java.base/java.lang.reflect.Constructor.newInstanceWithCaller(Constructor.java:502)
	at java.base/java.lang.reflect.Constructor.newInstance(Constructor.java:486)
	at com.mysql.cj.exceptions.ExceptionFactory.createException(ExceptionFactory.java:52)
	at com.mysql.cj.exceptions.ExceptionFactory.createException(ExceptionFactory.java:95)
	at com.mysql.cj.exceptions.ExceptionFactory.createException(ExceptionFactory.java:140)
	at com.mysql.cj.exceptions.ExceptionFactory.createCommunicationsException(ExceptionFactory.java:156)
	at com.mysql.cj.protocol.a.NativeProtocol.readMessage(NativeProtocol.java:590)
	at com.mysql.cj.protocol.a.NativeProtocol.checkErrorMessage(NativeProtocol.java:767)
	at com.mysql.cj.protocol.a.NativeProtocol.sendCommand(NativeProtocol.java:706)
	at com.mysql.cj.protocol.a.NativeProtocol.sendQueryPacket(NativeProtocol.java:938)
	at com.mysql.cj.NativeSession.execSQL(NativeSession.java:817)
	at com.mysql.cj.jdbc.ConnectionImpl.commit(ConnectionImpl.java:794)
	... 148 common frames omitted
Caused by: java.io.EOFException: Can not read response from server. Expected to read 4 bytes, read 0 bytes before connection was unexpectedly lost.
	at com.mysql.cj.protocol.FullReadInputStream.readFully(FullReadInputStream.java:58)
	at com.mysql.cj.protocol.a.SimplePacketReader.readHeaderLocal(SimplePacketReader.java:72)
	at com.mysql.cj.protocol.a.SimplePacketReader.readHeader(SimplePacketReader.java:54)
	at com.mysql.cj.protocol.a.SimplePacketReader.readHeader(SimplePacketReader.java:36)
	at com.mysql.cj.protocol.a.TimeTrackingPacketReader.readHeader(TimeTrackingPacketReader.java:43)
	at com.mysql.cj.protocol.a.TimeTrackingPacketReader.readHeader(TimeTrackingPacketReader.java:32)
	at com.mysql.cj.protocol.a.MultiPacketReader.readHeader(MultiPacketReader.java:45)
	at com.mysql.cj.protocol.a.MultiPacketReader.readHeader(MultiPacketReader.java:35)
	at com.mysql.cj.protocol.a.NativeProtocol.readMessage(NativeProtocol.java:584)
	... 153 common frames omitted
10:53:02.489 [main] ERROR com.baomidou.dynamic.datasource.tx.ConnectionProxy -- Communications link failure

The last packet successfully received from the server was 4 milliseconds ago. The last packet sent successfully to the server was 5 milliseconds ago.
com.mysql.cj.jdbc.exceptions.CommunicationsException: Communications link failure

The last packet successfully received from the server was 4 milliseconds ago. The last packet sent successfully to the server was 5 milliseconds ago.
	at com.mysql.cj.jdbc.exceptions.SQLError.createCommunicationsException(SQLError.java:165)
	at com.mysql.cj.jdbc.exceptions.SQLExceptionsMapping.translateException(SQLExceptionsMapping.java:55)
	at com.mysql.cj.jdbc.ConnectionImpl.commit(ConnectionImpl.java:814)
	at com.zaxxer.hikari.pool.ProxyConnection.commit(ProxyConnection.java:378)
	at com.zaxxer.hikari.pool.HikariProxyConnection.commit(HikariProxyConnection.java)
	at java.base/jdk.internal.reflect.DirectMethodHandleAccessor.invoke(DirectMethodHandleAccessor.java:103)
	at java.base/java.lang.reflect.Method.invoke(Method.java:580)
	at org.namewta.test.notify.NotifyAtomicResultIntegrationTest$1.lambda$getConnection$0(NotifyAtomicResultIntegrationTest.java:118)
	at jdk.proxy2/jdk.proxy2.$Proxy131.commit(Unknown Source)
	at com.baomidou.dynamic.datasource.tx.ConnectionProxy.notify(ConnectionProxy.java:62)
	at com.baomidou.dynamic.datasource.tx.ConnectionFactory.notify(ConnectionFactory.java:153)
	at com.baomidou.dynamic.datasource.tx.LocalTxUtil.commit(LocalTxUtil.java:91)
	at com.baomidou.dynamic.datasource.tx.TransactionalTemplate.doExecute(TransactionalTemplate.java:126)
	at com.baomidou.dynamic.datasource.tx.TransactionalTemplate.execute(TransactionalTemplate.java:94)
	at com.baomidou.dynamic.datasource.aop.DynamicLocalTransactionInterceptor.invoke(DynamicLocalTransactionInterceptor.java:59)
	at org.springframework.aop.framework.ReflectiveMethodInvocation.proceed(ReflectiveMethodInvocation.java:179)
	at org.springframework.aop.framework.CglibAopProxy$DynamicAdvisedInterceptor.intercept(CglibAopProxy.java:719)
	at org.namewta.notify.usecase.ProviderCallbackUseCase$$SpringCGLIB$$14.apply(<generated>)
	at org.namewta.test.notify.NotifyAtomicResultIntegrationTest.callOn(NotifyAtomicResultIntegrationTest.java:1195)
	at org.namewta.test.notify.NotifyAtomicResultIntegrationTest.signedCallback(NotifyAtomicResultIntegrationTest.java:1189)
	at org.namewta.test.notify.NotifyAtomicResultIntegrationTest.callback(NotifyAtomicResultIntegrationTest.java:1186)
	at org.namewta.test.notify.NotifyAtomicResultIntegrationTest.lambda$commitDisconnectOrLostAcknowledgementCanRetryWithoutLosingTheEvent$45(NotifyAtomicResultIntegrationTest.java:915)
	at org.assertj.core.api.ThrowableAssert.catchThrowable(ThrowableAssert.java:66)
	at org.assertj.core.api.AssertionsForClassTypes.catchThrowable(AssertionsForClassTypes.java:908)
	at org.assertj.core.api.Assertions.catchThrowable(Assertions.java:1476)
	at org.assertj.core.api.Assertions.assertThatThrownBy(Assertions.java:1319)
	at org.namewta.test.notify.NotifyAtomicResultIntegrationTest.commitDisconnectOrLostAcknowledgementCanRetryWithoutLosingTheEvent(NotifyAtomicResultIntegrationTest.java:915)
	at java.base/jdk.internal.reflect.DirectMethodHandleAccessor.invoke(DirectMethodHandleAccessor.java:103)
	at java.base/java.lang.reflect.Method.invoke(Method.java:580)
	at org.junit.platform.commons.util.ReflectionUtils.invokeMethod(ReflectionUtils.java:701)
	at org.junit.platform.commons.support.ReflectionSupport.invokeMethod(ReflectionSupport.java:502)
	at org.junit.jupiter.engine.support.MethodReflectionUtils.invoke(MethodReflectionUtils.java:45)
	at org.junit.jupiter.engine.execution.MethodInvocation.proceed(MethodInvocation.java:61)
	at org.junit.jupiter.engine.execution.InvocationInterceptorChain$ValidatingInvocation.proceed(InvocationInterceptorChain.java:124)
	at org.junit.jupiter.engine.extension.TimeoutExtension.intercept(TimeoutExtension.java:163)
	at org.junit.jupiter.engine.extension.TimeoutExtension.interceptTestableMethod(TimeoutExtension.java:148)
	at org.junit.jupiter.engine.extension.TimeoutExtension.interceptTestTemplateMethod(TimeoutExtension.java:94)
	at org.junit.jupiter.engine.execution.InterceptingExecutableInvoker$ReflectiveInterceptorCall.lambda$ofVoidMethod$0(InterceptingExecutableInvoker.java:123)
	at org.junit.jupiter.engine.execution.InterceptingExecutableInvoker.lambda$invoke$0(InterceptingExecutableInvoker.java:105)
	at org.junit.jupiter.engine.execution.InvocationInterceptorChain$InterceptedInvocation.proceed(InvocationInterceptorChain.java:99)
	at org.junit.jupiter.engine.execution.InvocationInterceptorChain.proceed(InvocationInterceptorChain.java:66)
	at org.junit.jupiter.engine.execution.InvocationInterceptorChain.chainAndInvoke(InvocationInterceptorChain.java:47)
	at org.junit.jupiter.engine.execution.InvocationInterceptorChain.invoke(InvocationInterceptorChain.java:39)
	at org.junit.jupiter.engine.execution.InterceptingExecutableInvoker.invoke(InterceptingExecutableInvoker.java:104)
	at org.junit.jupiter.engine.execution.InterceptingExecutableInvoker.invoke(InterceptingExecutableInvoker.java:98)
	at org.junit.jupiter.engine.execution.InterceptingExecutableInvoker.invokeVoid(InterceptingExecutableInvoker.java:71)
	at org.junit.jupiter.engine.descriptor.TestMethodTestDescriptor.lambda$invokeTestMethod$0(TestMethodTestDescriptor.java:219)
	at org.junit.platform.engine.support.hierarchical.ThrowableCollector.execute(ThrowableCollector.java:74)
	at org.junit.jupiter.engine.descriptor.TestMethodTestDescriptor.invokeTestMethod(TestMethodTestDescriptor.java:215)
	at org.junit.jupiter.engine.descriptor.TestMethodTestDescriptor.execute(TestMethodTestDescriptor.java:157)
	at org.junit.jupiter.engine.descriptor.TestMethodTestDescriptor.execute(TestMethodTestDescriptor.java:70)
	at org.junit.platform.engine.support.hierarchical.NodeTestTask.lambda$executeRecursively$2(NodeTestTask.java:176)
	at org.junit.platform.engine.support.hierarchical.ThrowableCollector.execute(ThrowableCollector.java:74)
	at org.junit.platform.engine.support.hierarchical.NodeTestTask.lambda$executeRecursively$1(NodeTestTask.java:166)
	at org.junit.platform.engine.support.hierarchical.Node.around(Node.java:138)
	at org.junit.platform.engine.support.hierarchical.NodeTestTask.lambda$executeRecursively$0(NodeTestTask.java:164)
	at org.junit.platform.engine.support.hierarchical.ThrowableCollector.execute(ThrowableCollector.java:74)
	at org.junit.platform.engine.support.hierarchical.NodeTestTask.executeRecursively(NodeTestTask.java:163)
	at org.junit.platform.engine.support.hierarchical.NodeTestTask.execute(NodeTestTask.java:116)
	at org.junit.platform.engine.support.hierarchical.SameThreadHierarchicalTestExecutorService.submit(SameThreadHierarchicalTestExecutorService.java:36)
	at org.junit.platform.engine.support.hierarchical.NodeTestTask$DefaultDynamicTestExecutor.execute(NodeTestTask.java:268)
	at org.junit.platform.engine.support.hierarchical.NodeTestTask$DefaultDynamicTestExecutor.execute(NodeTestTask.java:246)
	at org.junit.jupiter.engine.descriptor.TemplateExecutor.execute(TemplateExecutor.java:96)
	at org.junit.jupiter.engine.descriptor.TemplateExecutor.lambda$executeForProvider$1(TemplateExecutor.java:59)
	at java.base/java.util.Optional.ifPresent(Optional.java:178)
	at org.junit.jupiter.engine.descriptor.TemplateExecutor.lambda$executeForProvider$0(TemplateExecutor.java:59)
	at java.base/java.util.stream.ForEachOps$ForEachOp$OfRef.accept(ForEachOps.java:184)
	at java.base/java.util.stream.ReferencePipeline$3$1.accept(ReferencePipeline.java:197)
	at java.base/java.util.stream.ForEachOps$ForEachOp$OfRef.accept(ForEachOps.java:184)
	at java.base/java.util.ArrayList$ArrayListSpliterator.forEachRemaining(ArrayList.java:1708)
	at java.base/java.util.stream.ReferencePipeline$Head.forEach(ReferencePipeline.java:762)
	at java.base/java.util.stream.ReferencePipeline$7$1.accept(ReferencePipeline.java:276)
	at java.base/java.util.ArrayList$ArrayListSpliterator.forEachRemaining(ArrayList.java:1708)
	at java.base/java.util.stream.AbstractPipeline.copyInto(AbstractPipeline.java:509)
	at java.base/java.util.stream.AbstractPipeline.wrapAndCopyInto(AbstractPipeline.java:499)
	at java.base/java.util.stream.ForEachOps$ForEachOp.evaluateSequential(ForEachOps.java:151)
	at java.base/java.util.stream.ForEachOps$ForEachOp$OfRef.evaluateSequential(ForEachOps.java:174)
	at java.base/java.util.stream.AbstractPipeline.evaluate(AbstractPipeline.java:234)
	at java.base/java.util.stream.ReferencePipeline.forEach(ReferencePipeline.java:596)
	at java.base/java.util.stream.ReferencePipeline$7$1.accept(ReferencePipeline.java:276)
	at java.base/java.util.stream.ReferencePipeline$3$1.accept(ReferencePipeline.java:197)
	at java.base/java.util.stream.ReferencePipeline$3$1.accept(ReferencePipeline.java:197)
	at java.base/java.util.stream.ReferencePipeline$3$1.accept(ReferencePipeline.java:197)
	at java.base/java.util.AbstractList$RandomAccessSpliterator.forEachRemaining(AbstractList.java:722)
	at java.base/java.util.stream.AbstractPipeline.copyInto(AbstractPipeline.java:509)
	at java.base/java.util.stream.AbstractPipeline.wrapAndCopyInto(AbstractPipeline.java:499)
	at java.base/java.util.stream.ForEachOps$ForEachOp.evaluateSequential(ForEachOps.java:151)
	at java.base/java.util.stream.ForEachOps$ForEachOp$OfRef.evaluateSequential(ForEachOps.java:174)
	at java.base/java.util.stream.AbstractPipeline.evaluate(AbstractPipeline.java:234)
	at java.base/java.util.stream.ReferencePipeline.forEach(ReferencePipeline.java:596)
	at org.junit.jupiter.engine.descriptor.TemplateExecutor.executeForProvider(TemplateExecutor.java:57)
	at org.junit.jupiter.engine.descriptor.TemplateExecutor.execute(TemplateExecutor.java:46)
	at org.junit.jupiter.engine.descriptor.TestTemplateTestDescriptor.execute(TestTemplateTestDescriptor.java:112)
	at org.junit.jupiter.engine.descriptor.TestTemplateTestDescriptor.execute(TestTemplateTestDescriptor.java:40)
	at org.junit.platform.engine.support.hierarchical.NodeTestTask.lambda$executeRecursively$2(NodeTestTask.java:176)
	at org.junit.platform.engine.support.hierarchical.ThrowableCollector.execute(ThrowableCollector.java:74)
	at org.junit.platform.engine.support.hierarchical.NodeTestTask.lambda$executeRecursively$1(NodeTestTask.java:166)
	at org.junit.platform.engine.support.hierarchical.Node.around(Node.java:138)
	at org.junit.platform.engine.support.hierarchical.NodeTestTask.lambda$executeRecursively$0(NodeTestTask.java:164)
	at org.junit.platform.engine.support.hierarchical.ThrowableCollector.execute(ThrowableCollector.java:74)
	at org.junit.platform.engine.support.hierarchical.NodeTestTask.executeRecursively(NodeTestTask.java:163)
	at org.junit.platform.engine.support.hierarchical.NodeTestTask.execute(NodeTestTask.java:116)
	at java.base/java.util.ArrayList.forEach(ArrayList.java:1596)
	at org.junit.platform.engine.support.hierarchical.SameThreadHierarchicalTestExecutorService.invokeAll(SameThreadHierarchicalTestExecutorService.java:42)
	at org.junit.platform.engine.support.hierarchical.NodeTestTask.lambda$executeRecursively$2(NodeTestTask.java:180)
	at org.junit.platform.engine.support.hierarchical.ThrowableCollector.execute(ThrowableCollector.java:74)
	at org.junit.platform.engine.support.hierarchical.NodeTestTask.lambda$executeRecursively$1(NodeTestTask.java:166)
	at org.junit.platform.engine.support.hierarchical.Node.around(Node.java:138)
	at org.junit.platform.engine.support.hierarchical.NodeTestTask.lambda$executeRecursively$0(NodeTestTask.java:164)
	at org.junit.platform.engine.support.hierarchical.ThrowableCollector.execute(ThrowableCollector.java:74)
	at org.junit.platform.engine.support.hierarchical.NodeTestTask.executeRecursively(NodeTestTask.java:163)
	at org.junit.platform.engine.support.hierarchical.NodeTestTask.execute(NodeTestTask.java:116)
	at java.base/java.util.ArrayList.forEach(ArrayList.java:1596)
	at org.junit.platform.engine.support.hierarchical.SameThreadHierarchicalTestExecutorService.invokeAll(SameThreadHierarchicalTestExecutorService.java:42)
	at org.junit.platform.engine.support.hierarchical.NodeTestTask.lambda$executeRecursively$2(NodeTestTask.java:180)
	at org.junit.platform.engine.support.hierarchical.ThrowableCollector.execute(ThrowableCollector.java:74)
	at org.junit.platform.engine.support.hierarchical.NodeTestTask.lambda$executeRecursively$1(NodeTestTask.java:166)
	at org.junit.platform.engine.support.hierarchical.Node.around(Node.java:138)
	at org.junit.platform.engine.support.hierarchical.NodeTestTask.lambda$executeRecursively$0(NodeTestTask.java:164)
	at org.junit.platform.engine.support.hierarchical.ThrowableCollector.execute(ThrowableCollector.java:74)
	at org.junit.platform.engine.support.hierarchical.NodeTestTask.executeRecursively(NodeTestTask.java:163)
	at org.junit.platform.engine.support.hierarchical.NodeTestTask.execute(NodeTestTask.java:116)
	at org.junit.platform.engine.support.hierarchical.SameThreadHierarchicalTestExecutorService.submit(SameThreadHierarchicalTestExecutorService.java:36)
	at org.junit.platform.engine.support.hierarchical.HierarchicalTestExecutor.execute(HierarchicalTestExecutor.java:52)
	at org.junit.platform.engine.support.hierarchical.HierarchicalTestEngine.execute(HierarchicalTestEngine.java:58)
	at org.junit.platform.launcher.core.EngineExecutionOrchestrator.executeEngine(EngineExecutionOrchestrator.java:246)
	at org.junit.platform.launcher.core.EngineExecutionOrchestrator.failOrExecuteEngine(EngineExecutionOrchestrator.java:218)
	at org.junit.platform.launcher.core.EngineExecutionOrchestrator.execute(EngineExecutionOrchestrator.java:179)
	at org.junit.platform.launcher.core.EngineExecutionOrchestrator.execute(EngineExecutionOrchestrator.java:108)
	at org.junit.platform.launcher.core.EngineExecutionOrchestrator.lambda$execute$0(EngineExecutionOrchestrator.java:66)
	at org.junit.platform.launcher.core.EngineExecutionOrchestrator.withInterceptedStreams(EngineExecutionOrchestrator.java:157)
	at org.junit.platform.launcher.core.EngineExecutionOrchestrator.execute(EngineExecutionOrchestrator.java:65)
	at org.junit.platform.launcher.core.DefaultLauncher.execute(DefaultLauncher.java:125)
	at org.junit.platform.launcher.core.DefaultLauncher.execute(DefaultLauncher.java:114)
	at org.junit.platform.launcher.core.DelegatingLauncher.execute(DelegatingLauncher.java:58)
	at org.junit.platform.launcher.core.InterceptingLauncher.lambda$execute$2(InterceptingLauncher.java:57)
	at org.junit.platform.launcher.core.ClasspathAlignmentCheckingLauncherInterceptor.intercept(ClasspathAlignmentCheckingLauncherInterceptor.java:25)
	at org.junit.platform.launcher.core.InterceptingLauncher.execute(InterceptingLauncher.java:56)
	at org.junit.platform.launcher.core.DelegatingLauncher.execute(DelegatingLauncher.java:58)
	at java.base/jdk.internal.reflect.DirectMethodHandleAccessor.invoke(DirectMethodHandleAccessor.java:103)
	at java.base/java.lang.reflect.Method.invoke(Method.java:580)
	at org.apache.maven.surefire.api.util.ReflectionUtils.invokeMethodWithArray(ReflectionUtils.java:125)
	at org.apache.maven.surefire.junitplatform.LauncherAdapter.executeWithCancellationToken(LauncherAdapter.java:68)
	at org.apache.maven.surefire.junitplatform.LauncherAdapter.execute(LauncherAdapter.java:54)
	at org.apache.maven.surefire.junitplatform.JUnitPlatformProvider.execute(JUnitPlatformProvider.java:203)
	at org.apache.maven.surefire.junitplatform.JUnitPlatformProvider.invokeAllTests(JUnitPlatformProvider.java:168)
	at org.apache.maven.surefire.junitplatform.JUnitPlatformProvider.invoke(JUnitPlatformProvider.java:134)
	at org.apache.maven.surefire.booter.ForkedBooter.runSuitesInProcess(ForkedBooter.java:385)
	at org.apache.maven.surefire.booter.ForkedBooter.execute(ForkedBooter.java:162)
	at org.apache.maven.surefire.booter.ForkedBooter.run(ForkedBooter.java:507)
	at org.apache.maven.surefire.booter.ForkedBooter.main(ForkedBooter.java:495)
Caused by: com.mysql.cj.exceptions.CJCommunicationsException: Communications link failure

The last packet successfully received from the server was 4 milliseconds ago. The last packet sent successfully to the server was 5 milliseconds ago.
	at java.base/jdk.internal.reflect.DirectConstructorHandleAccessor.newInstance(DirectConstructorHandleAccessor.java:62)
	at java.base/java.lang.reflect.Constructor.newInstanceWithCaller(Constructor.java:502)
	at java.base/java.lang.reflect.Constructor.newInstance(Constructor.java:486)
	at com.mysql.cj.exceptions.ExceptionFactory.createException(ExceptionFactory.java:52)
	at com.mysql.cj.exceptions.ExceptionFactory.createException(ExceptionFactory.java:95)
	at com.mysql.cj.exceptions.ExceptionFactory.createException(ExceptionFactory.java:140)
	at com.mysql.cj.exceptions.ExceptionFactory.createCommunicationsException(ExceptionFactory.java:156)
	at com.mysql.cj.protocol.a.NativeProtocol.readMessage(NativeProtocol.java:590)
	at com.mysql.cj.protocol.a.NativeProtocol.checkErrorMessage(NativeProtocol.java:767)
	at com.mysql.cj.protocol.a.NativeProtocol.sendCommand(NativeProtocol.java:706)
	at com.mysql.cj.protocol.a.NativeProtocol.sendQueryPacket(NativeProtocol.java:938)
	at com.mysql.cj.NativeSession.execSQL(NativeSession.java:817)
	at com.mysql.cj.jdbc.ConnectionImpl.commit(ConnectionImpl.java:794)
	... 148 common frames omitted
Caused by: java.io.EOFException: Can not read response from server. Expected to read 4 bytes, read 0 bytes before connection was unexpectedly lost.
	at com.mysql.cj.protocol.FullReadInputStream.readFully(FullReadInputStream.java:58)
	at com.mysql.cj.protocol.a.SimplePacketReader.readHeaderLocal(SimplePacketReader.java:72)
	at com.mysql.cj.protocol.a.SimplePacketReader.readHeader(SimplePacketReader.java:54)
	at com.mysql.cj.protocol.a.SimplePacketReader.readHeader(SimplePacketReader.java:36)
	at com.mysql.cj.protocol.a.TimeTrackingPacketReader.readHeader(TimeTrackingPacketReader.java:43)
	at com.mysql.cj.protocol.a.TimeTrackingPacketReader.readHeader(TimeTrackingPacketReader.java:32)
	at com.mysql.cj.protocol.a.MultiPacketReader.readHeader(MultiPacketReader.java:45)
	at com.mysql.cj.protocol.a.MultiPacketReader.readHeader(MultiPacketReader.java:35)
	at com.mysql.cj.protocol.a.NativeProtocol.readMessage(NativeProtocol.java:584)
	... 153 common frames omitted
10:53:02.539 [main] INFO com.baomidou.dynamic.datasource.DynamicRoutingDataSource -- dynamic-datasource start closing ....
10:53:02.539 [main] INFO com.baomidou.dynamic.datasource.DynamicRoutingDataSource -- dynamic-datasource all closed success,bye
10:53:02.539 [main] INFO com.zaxxer.hikari.HikariDataSource -- HikariPool-14 - Shutdown initiated...
10:53:02.555 [main] INFO com.zaxxer.hikari.HikariDataSource -- HikariPool-14 - Shutdown completed.
10:53:02.559 [main] INFO com.baomidou.dynamic.datasource.DynamicRoutingDataSource -- dynamic-datasource - add a datasource named [master] success
10:53:02.675 [main] INFO org.redisson.Version -- Redisson 4.6.1
10:53:02.682 [redisson-netty-44-1] INFO org.redisson.connection.ConnectionsHolder -- 1 connections initialized for 127.0.0.1/127.0.0.1:32833
10:53:02.682 [redisson-netty-44-2] INFO org.redisson.connection.ConnectionsHolder -- 1 connections initialized for 127.0.0.1/127.0.0.1:32833
10:53:02.703 [main] INFO com.zaxxer.hikari.HikariDataSource -- HikariPool-15 - Starting...
10:53:02.707 [main] INFO com.zaxxer.hikari.pool.HikariPool -- HikariPool-15 - Added connection com.mysql.cj.jdbc.ConnectionImpl@47c62b8e
10:53:02.707 [main] INFO com.zaxxer.hikari.HikariDataSource -- HikariPool-15 - Start completed.
10:53:02.736 [main] ERROR com.baomidou.dynamic.datasource.tx.ConnectionProxy -- owned lost commit acknowledgement
java.sql.SQLRecoverableException: owned lost commit acknowledgement
	at org.namewta.test.notify.NotifyAtomicResultIntegrationTest$1.lambda$getConnection$0(NotifyAtomicResultIntegrationTest.java:115)
	at jdk.proxy2/jdk.proxy2.$Proxy131.commit(Unknown Source)
	at com.baomidou.dynamic.datasource.tx.ConnectionProxy.notify(ConnectionProxy.java:62)
	at com.baomidou.dynamic.datasource.tx.ConnectionFactory.notify(ConnectionFactory.java:153)
	at com.baomidou.dynamic.datasource.tx.LocalTxUtil.commit(LocalTxUtil.java:91)
	at com.baomidou.dynamic.datasource.tx.TransactionalTemplate.doExecute(TransactionalTemplate.java:126)
	at com.baomidou.dynamic.datasource.tx.TransactionalTemplate.execute(TransactionalTemplate.java:94)
	at com.baomidou.dynamic.datasource.aop.DynamicLocalTransactionInterceptor.invoke(DynamicLocalTransactionInterceptor.java:59)
	at org.springframework.aop.framework.ReflectiveMethodInvocation.proceed(ReflectiveMethodInvocation.java:179)
	at org.springframework.aop.framework.CglibAopProxy$DynamicAdvisedInterceptor.intercept(CglibAopProxy.java:719)
	at org.namewta.notify.usecase.ProviderCallbackUseCase$$SpringCGLIB$$15.apply(<generated>)
	at org.namewta.test.notify.NotifyAtomicResultIntegrationTest.callOn(NotifyAtomicResultIntegrationTest.java:1195)
	at org.namewta.test.notify.NotifyAtomicResultIntegrationTest.signedCallback(NotifyAtomicResultIntegrationTest.java:1189)
	at org.namewta.test.notify.NotifyAtomicResultIntegrationTest.callback(NotifyAtomicResultIntegrationTest.java:1186)
	at org.namewta.test.notify.NotifyAtomicResultIntegrationTest.lambda$commitDisconnectOrLostAcknowledgementCanRetryWithoutLosingTheEvent$45(NotifyAtomicResultIntegrationTest.java:915)
	at org.assertj.core.api.ThrowableAssert.catchThrowable(ThrowableAssert.java:66)
	at org.assertj.core.api.AssertionsForClassTypes.catchThrowable(AssertionsForClassTypes.java:908)
	at org.assertj.core.api.Assertions.catchThrowable(Assertions.java:1476)
	at org.assertj.core.api.Assertions.assertThatThrownBy(Assertions.java:1319)
	at org.namewta.test.notify.NotifyAtomicResultIntegrationTest.commitDisconnectOrLostAcknowledgementCanRetryWithoutLosingTheEvent(NotifyAtomicResultIntegrationTest.java:915)
	at java.base/jdk.internal.reflect.DirectMethodHandleAccessor.invoke(DirectMethodHandleAccessor.java:103)
	at java.base/java.lang.reflect.Method.invoke(Method.java:580)
	at org.junit.platform.commons.util.ReflectionUtils.invokeMethod(ReflectionUtils.java:701)
	at org.junit.platform.commons.support.ReflectionSupport.invokeMethod(ReflectionSupport.java:502)
	at org.junit.jupiter.engine.support.MethodReflectionUtils.invoke(MethodReflectionUtils.java:45)
	at org.junit.jupiter.engine.execution.MethodInvocation.proceed(MethodInvocation.java:61)
	at org.junit.jupiter.engine.execution.InvocationInterceptorChain$ValidatingInvocation.proceed(InvocationInterceptorChain.java:124)
	at org.junit.jupiter.engine.extension.TimeoutExtension.intercept(TimeoutExtension.java:163)
	at org.junit.jupiter.engine.extension.TimeoutExtension.interceptTestableMethod(TimeoutExtension.java:148)
	at org.junit.jupiter.engine.extension.TimeoutExtension.interceptTestTemplateMethod(TimeoutExtension.java:94)
	at org.junit.jupiter.engine.execution.InterceptingExecutableInvoker$ReflectiveInterceptorCall.lambda$ofVoidMethod$0(InterceptingExecutableInvoker.java:123)
	at org.junit.jupiter.engine.execution.InterceptingExecutableInvoker.lambda$invoke$0(InterceptingExecutableInvoker.java:105)
	at org.junit.jupiter.engine.execution.InvocationInterceptorChain$InterceptedInvocation.proceed(InvocationInterceptorChain.java:99)
	at org.junit.jupiter.engine.execution.InvocationInterceptorChain.proceed(InvocationInterceptorChain.java:66)
	at org.junit.jupiter.engine.execution.InvocationInterceptorChain.chainAndInvoke(InvocationInterceptorChain.java:47)
	at org.junit.jupiter.engine.execution.InvocationInterceptorChain.invoke(InvocationInterceptorChain.java:39)
	at org.junit.jupiter.engine.execution.InterceptingExecutableInvoker.invoke(InterceptingExecutableInvoker.java:104)
	at org.junit.jupiter.engine.execution.InterceptingExecutableInvoker.invoke(InterceptingExecutableInvoker.java:98)
	at org.junit.jupiter.engine.execution.InterceptingExecutableInvoker.invokeVoid(InterceptingExecutableInvoker.java:71)
	at org.junit.jupiter.engine.descriptor.TestMethodTestDescriptor.lambda$invokeTestMethod$0(TestMethodTestDescriptor.java:219)
	at org.junit.platform.engine.support.hierarchical.ThrowableCollector.execute(ThrowableCollector.java:74)
	at org.junit.jupiter.engine.descriptor.TestMethodTestDescriptor.invokeTestMethod(TestMethodTestDescriptor.java:215)
	at org.junit.jupiter.engine.descriptor.TestMethodTestDescriptor.execute(TestMethodTestDescriptor.java:157)
	at org.junit.jupiter.engine.descriptor.TestMethodTestDescriptor.execute(TestMethodTestDescriptor.java:70)
	at org.junit.platform.engine.support.hierarchical.NodeTestTask.lambda$executeRecursively$2(NodeTestTask.java:176)
	at org.junit.platform.engine.support.hierarchical.ThrowableCollector.execute(ThrowableCollector.java:74)
	at org.junit.platform.engine.support.hierarchical.NodeTestTask.lambda$executeRecursively$1(NodeTestTask.java:166)
	at org.junit.platform.engine.support.hierarchical.Node.around(Node.java:138)
	at org.junit.platform.engine.support.hierarchical.NodeTestTask.lambda$executeRecursively$0(NodeTestTask.java:164)
	at org.junit.platform.engine.support.hierarchical.ThrowableCollector.execute(ThrowableCollector.java:74)
	at org.junit.platform.engine.support.hierarchical.NodeTestTask.executeRecursively(NodeTestTask.java:163)
	at org.junit.platform.engine.support.hierarchical.NodeTestTask.execute(NodeTestTask.java:116)
	at org.junit.platform.engine.support.hierarchical.SameThreadHierarchicalTestExecutorService.submit(SameThreadHierarchicalTestExecutorService.java:36)
	at org.junit.platform.engine.support.hierarchical.NodeTestTask$DefaultDynamicTestExecutor.execute(NodeTestTask.java:268)
	at org.junit.platform.engine.support.hierarchical.NodeTestTask$DefaultDynamicTestExecutor.execute(NodeTestTask.java:246)
	at org.junit.jupiter.engine.descriptor.TemplateExecutor.execute(TemplateExecutor.java:96)
	at org.junit.jupiter.engine.descriptor.TemplateExecutor.lambda$executeForProvider$1(TemplateExecutor.java:59)
	at java.base/java.util.Optional.ifPresent(Optional.java:178)
	at org.junit.jupiter.engine.descriptor.TemplateExecutor.lambda$executeForProvider$0(TemplateExecutor.java:59)
	at java.base/java.util.stream.ForEachOps$ForEachOp$OfRef.accept(ForEachOps.java:184)
	at java.base/java.util.stream.ReferencePipeline$3$1.accept(ReferencePipeline.java:197)
	at java.base/java.util.stream.ForEachOps$ForEachOp$OfRef.accept(ForEachOps.java:184)
	at java.base/java.util.ArrayList$ArrayListSpliterator.forEachRemaining(ArrayList.java:1708)
	at java.base/java.util.stream.ReferencePipeline$Head.forEach(ReferencePipeline.java:762)
	at java.base/java.util.stream.ReferencePipeline$7$1.accept(ReferencePipeline.java:276)
	at java.base/java.util.ArrayList$ArrayListSpliterator.forEachRemaining(ArrayList.java:1708)
	at java.base/java.util.stream.AbstractPipeline.copyInto(AbstractPipeline.java:509)
	at java.base/java.util.stream.AbstractPipeline.wrapAndCopyInto(AbstractPipeline.java:499)
	at java.base/java.util.stream.ForEachOps$ForEachOp.evaluateSequential(ForEachOps.java:151)
	at java.base/java.util.stream.ForEachOps$ForEachOp$OfRef.evaluateSequential(ForEachOps.java:174)
	at java.base/java.util.stream.AbstractPipeline.evaluate(AbstractPipeline.java:234)
	at java.base/java.util.stream.ReferencePipeline.forEach(ReferencePipeline.java:596)
	at java.base/java.util.stream.ReferencePipeline$7$1.accept(ReferencePipeline.java:276)
	at java.base/java.util.stream.ReferencePipeline$3$1.accept(ReferencePipeline.java:197)
	at java.base/java.util.stream.ReferencePipeline$3$1.accept(ReferencePipeline.java:197)
	at java.base/java.util.stream.ReferencePipeline$3$1.accept(ReferencePipeline.java:197)
	at java.base/java.util.AbstractList$RandomAccessSpliterator.forEachRemaining(AbstractList.java:722)
	at java.base/java.util.stream.AbstractPipeline.copyInto(AbstractPipeline.java:509)
	at java.base/java.util.stream.AbstractPipeline.wrapAndCopyInto(AbstractPipeline.java:499)
	at java.base/java.util.stream.ForEachOps$ForEachOp.evaluateSequential(ForEachOps.java:151)
	at java.base/java.util.stream.ForEachOps$ForEachOp$OfRef.evaluateSequential(ForEachOps.java:174)
	at java.base/java.util.stream.AbstractPipeline.evaluate(AbstractPipeline.java:234)
	at java.base/java.util.stream.ReferencePipeline.forEach(ReferencePipeline.java:596)
	at org.junit.jupiter.engine.descriptor.TemplateExecutor.executeForProvider(TemplateExecutor.java:57)
	at org.junit.jupiter.engine.descriptor.TemplateExecutor.execute(TemplateExecutor.java:46)
	at org.junit.jupiter.engine.descriptor.TestTemplateTestDescriptor.execute(TestTemplateTestDescriptor.java:112)
	at org.junit.jupiter.engine.descriptor.TestTemplateTestDescriptor.execute(TestTemplateTestDescriptor.java:40)
	at org.junit.platform.engine.support.hierarchical.NodeTestTask.lambda$executeRecursively$2(NodeTestTask.java:176)
	at org.junit.platform.engine.support.hierarchical.ThrowableCollector.execute(ThrowableCollector.java:74)
	at org.junit.platform.engine.support.hierarchical.NodeTestTask.lambda$executeRecursively$1(NodeTestTask.java:166)
	at org.junit.platform.engine.support.hierarchical.Node.around(Node.java:138)
	at org.junit.platform.engine.support.hierarchical.NodeTestTask.lambda$executeRecursively$0(NodeTestTask.java:164)
	at org.junit.platform.engine.support.hierarchical.ThrowableCollector.execute(ThrowableCollector.java:74)
	at org.junit.platform.engine.support.hierarchical.NodeTestTask.executeRecursively(NodeTestTask.java:163)
	at org.junit.platform.engine.support.hierarchical.NodeTestTask.execute(NodeTestTask.java:116)
	at java.base/java.util.ArrayList.forEach(ArrayList.java:1596)
	at org.junit.platform.engine.support.hierarchical.SameThreadHierarchicalTestExecutorService.invokeAll(SameThreadHierarchicalTestExecutorService.java:42)
	at org.junit.platform.engine.support.hierarchical.NodeTestTask.lambda$executeRecursively$2(NodeTestTask.java:180)
	at org.junit.platform.engine.support.hierarchical.ThrowableCollector.execute(ThrowableCollector.java:74)
	at org.junit.platform.engine.support.hierarchical.NodeTestTask.lambda$executeRecursively$1(NodeTestTask.java:166)
	at org.junit.platform.engine.support.hierarchical.Node.around(Node.java:138)
	at org.junit.platform.engine.support.hierarchical.NodeTestTask.lambda$executeRecursively$0(NodeTestTask.java:164)
	at org.junit.platform.engine.support.hierarchical.ThrowableCollector.execute(ThrowableCollector.java:74)
	at org.junit.platform.engine.support.hierarchical.NodeTestTask.executeRecursively(NodeTestTask.java:163)
	at org.junit.platform.engine.support.hierarchical.NodeTestTask.execute(NodeTestTask.java:116)
	at java.base/java.util.ArrayList.forEach(ArrayList.java:1596)
	at org.junit.platform.engine.support.hierarchical.SameThreadHierarchicalTestExecutorService.invokeAll(SameThreadHierarchicalTestExecutorService.java:42)
	at org.junit.platform.engine.support.hierarchical.NodeTestTask.lambda$executeRecursively$2(NodeTestTask.java:180)
	at org.junit.platform.engine.support.hierarchical.ThrowableCollector.execute(ThrowableCollector.java:74)
	at org.junit.platform.engine.support.hierarchical.NodeTestTask.lambda$executeRecursively$1(NodeTestTask.java:166)
	at org.junit.platform.engine.support.hierarchical.Node.around(Node.java:138)
	at org.junit.platform.engine.support.hierarchical.NodeTestTask.lambda$executeRecursively$0(NodeTestTask.java:164)
	at org.junit.platform.engine.support.hierarchical.ThrowableCollector.execute(ThrowableCollector.java:74)
	at org.junit.platform.engine.support.hierarchical.NodeTestTask.executeRecursively(NodeTestTask.java:163)
	at org.junit.platform.engine.support.hierarchical.NodeTestTask.execute(NodeTestTask.java:116)
	at org.junit.platform.engine.support.hierarchical.SameThreadHierarchicalTestExecutorService.submit(SameThreadHierarchicalTestExecutorService.java:36)
	at org.junit.platform.engine.support.hierarchical.HierarchicalTestExecutor.execute(HierarchicalTestExecutor.java:52)
	at org.junit.platform.engine.support.hierarchical.HierarchicalTestEngine.execute(HierarchicalTestEngine.java:58)
	at org.junit.platform.launcher.core.EngineExecutionOrchestrator.executeEngine(EngineExecutionOrchestrator.java:246)
	at org.junit.platform.launcher.core.EngineExecutionOrchestrator.failOrExecuteEngine(EngineExecutionOrchestrator.java:218)
	at org.junit.platform.launcher.core.EngineExecutionOrchestrator.execute(EngineExecutionOrchestrator.java:179)
	at org.junit.platform.launcher.core.EngineExecutionOrchestrator.execute(EngineExecutionOrchestrator.java:108)
	at org.junit.platform.launcher.core.EngineExecutionOrchestrator.lambda$execute$0(EngineExecutionOrchestrator.java:66)
	at org.junit.platform.launcher.core.EngineExecutionOrchestrator.withInterceptedStreams(EngineExecutionOrchestrator.java:157)
	at org.junit.platform.launcher.core.EngineExecutionOrchestrator.execute(EngineExecutionOrchestrator.java:65)
	at org.junit.platform.launcher.core.DefaultLauncher.execute(DefaultLauncher.java:125)
	at org.junit.platform.launcher.core.DefaultLauncher.execute(DefaultLauncher.java:114)
	at org.junit.platform.launcher.core.DelegatingLauncher.execute(DelegatingLauncher.java:58)
	at org.junit.platform.launcher.core.InterceptingLauncher.lambda$execute$2(InterceptingLauncher.java:57)
	at org.junit.platform.launcher.core.ClasspathAlignmentCheckingLauncherInterceptor.intercept(ClasspathAlignmentCheckingLauncherInterceptor.java:25)
	at org.junit.platform.launcher.core.InterceptingLauncher.execute(InterceptingLauncher.java:56)
	at org.junit.platform.launcher.core.DelegatingLauncher.execute(DelegatingLauncher.java:58)
	at java.base/jdk.internal.reflect.DirectMethodHandleAccessor.invoke(DirectMethodHandleAccessor.java:103)
	at java.base/java.lang.reflect.Method.invoke(Method.java:580)
	at org.apache.maven.surefire.api.util.ReflectionUtils.invokeMethodWithArray(ReflectionUtils.java:125)
	at org.apache.maven.surefire.junitplatform.LauncherAdapter.executeWithCancellationToken(LauncherAdapter.java:68)
	at org.apache.maven.surefire.junitplatform.LauncherAdapter.execute(LauncherAdapter.java:54)
	at org.apache.maven.surefire.junitplatform.JUnitPlatformProvider.execute(JUnitPlatformProvider.java:203)
	at org.apache.maven.surefire.junitplatform.JUnitPlatformProvider.invokeAllTests(JUnitPlatformProvider.java:168)
	at org.apache.maven.surefire.junitplatform.JUnitPlatformProvider.invoke(JUnitPlatformProvider.java:134)
	at org.apache.maven.surefire.booter.ForkedBooter.runSuitesInProcess(ForkedBooter.java:385)
	at org.apache.maven.surefire.booter.ForkedBooter.execute(ForkedBooter.java:162)
	at org.apache.maven.surefire.booter.ForkedBooter.run(ForkedBooter.java:507)
	at org.apache.maven.surefire.booter.ForkedBooter.main(ForkedBooter.java:495)
10:53:02.764 [main] INFO com.baomidou.dynamic.datasource.DynamicRoutingDataSource -- dynamic-datasource start closing ....
10:53:02.764 [main] INFO com.baomidou.dynamic.datasource.DynamicRoutingDataSource -- dynamic-datasource all closed success,bye
10:53:02.764 [main] INFO com.zaxxer.hikari.HikariDataSource -- HikariPool-15 - Shutdown initiated...
10:53:02.764 [main] INFO com.zaxxer.hikari.HikariDataSource -- HikariPool-15 - Shutdown completed.
10:53:02.770 [main] INFO com.baomidou.dynamic.datasource.DynamicRoutingDataSource -- dynamic-datasource - add a datasource named [master] success
10:53:02.859 [main] INFO org.redisson.Version -- Redisson 4.6.1
10:53:02.865 [redisson-netty-47-1] INFO org.redisson.connection.ConnectionsHolder -- 1 connections initialized for 127.0.0.1/127.0.0.1:32833
10:53:02.865 [redisson-netty-47-2] INFO org.redisson.connection.ConnectionsHolder -- 1 connections initialized for 127.0.0.1/127.0.0.1:32833
10:53:02.880 [main] INFO com.zaxxer.hikari.HikariDataSource -- HikariPool-16 - Starting...
10:53:02.884 [main] INFO com.zaxxer.hikari.pool.HikariPool -- HikariPool-16 - Added connection com.mysql.cj.jdbc.ConnectionImpl@7b95eab0
10:53:02.884 [main] INFO com.zaxxer.hikari.HikariDataSource -- HikariPool-16 - Start completed.
10:53:02.972 [main] WARN com.zaxxer.hikari.pool.ProxyConnection -- HikariPool-16 - Connection com.mysql.cj.jdbc.ConnectionImpl@7b95eab0 marked as broken because of SQLSTATE(08S01), ErrorCode(0)
com.mysql.cj.jdbc.exceptions.CommunicationsException: Communications link failure

The last packet successfully received from the server was 6 milliseconds ago. The last packet sent successfully to the server was 7 milliseconds ago.
	at com.mysql.cj.jdbc.exceptions.SQLError.createCommunicationsException(SQLError.java:165)
	at com.mysql.cj.jdbc.exceptions.SQLExceptionsMapping.translateException(SQLExceptionsMapping.java:55)
	at com.mysql.cj.jdbc.ConnectionImpl.commit(ConnectionImpl.java:814)
	at com.zaxxer.hikari.pool.ProxyConnection.commit(ProxyConnection.java:378)
	at com.zaxxer.hikari.pool.HikariProxyConnection.commit(HikariProxyConnection.java)
	at java.base/jdk.internal.reflect.DirectMethodHandleAccessor.invoke(DirectMethodHandleAccessor.java:103)
	at java.base/java.lang.reflect.Method.invoke(Method.java:580)
	at org.namewta.test.notify.NotifyAtomicResultIntegrationTest$1.lambda$getConnection$0(NotifyAtomicResultIntegrationTest.java:118)
	at jdk.proxy2/jdk.proxy2.$Proxy131.commit(Unknown Source)
	at com.baomidou.dynamic.datasource.tx.ConnectionProxy.notify(ConnectionProxy.java:62)
	at com.baomidou.dynamic.datasource.tx.ConnectionFactory.notify(ConnectionFactory.java:153)
	at com.baomidou.dynamic.datasource.tx.LocalTxUtil.commit(LocalTxUtil.java:91)
	at com.baomidou.dynamic.datasource.tx.TransactionalTemplate.doExecute(TransactionalTemplate.java:126)
	at com.baomidou.dynamic.datasource.tx.TransactionalTemplate.execute(TransactionalTemplate.java:94)
	at com.baomidou.dynamic.datasource.aop.DynamicLocalTransactionInterceptor.invoke(DynamicLocalTransactionInterceptor.java:59)
	at org.springframework.aop.framework.ReflectiveMethodInvocation.proceed(ReflectiveMethodInvocation.java:179)
	at org.springframework.aop.framework.CglibAopProxy$DynamicAdvisedInterceptor.intercept(CglibAopProxy.java:719)
	at org.namewta.notify.usecase.NotifyDispatchResultUseCase$$SpringCGLIB$$15.completeInApp(<generated>)
	at org.namewta.notify.service.runtime.DispatchNotificationService.dispatchInApp(DispatchNotificationService.java:223)
	at org.namewta.notify.service.runtime.DispatchNotificationService.dispatch(DispatchNotificationService.java:92)
	at org.namewta.test.notify.NotifyAtomicResultIntegrationTest.lambda$uncertainResultCommitUsesDurableFactsToPreventDuplicateInbox$17(NotifyAtomicResultIntegrationTest.java:508)
	at org.assertj.core.api.ThrowableAssert.catchThrowable(ThrowableAssert.java:66)
	at org.assertj.core.api.AssertionsForClassTypes.catchThrowable(AssertionsForClassTypes.java:908)
	at org.assertj.core.api.Assertions.catchThrowable(Assertions.java:1476)
	at org.assertj.core.api.Assertions.assertThatThrownBy(Assertions.java:1319)
	at org.namewta.test.notify.NotifyAtomicResultIntegrationTest.uncertainResultCommitUsesDurableFactsToPreventDuplicateInbox(NotifyAtomicResultIntegrationTest.java:508)
	at java.base/jdk.internal.reflect.DirectMethodHandleAccessor.invoke(DirectMethodHandleAccessor.java:103)
	at java.base/java.lang.reflect.Method.invoke(Method.java:580)
	at org.junit.platform.commons.util.ReflectionUtils.invokeMethod(ReflectionUtils.java:701)
	at org.junit.platform.commons.support.ReflectionSupport.invokeMethod(ReflectionSupport.java:502)
	at org.junit.jupiter.engine.support.MethodReflectionUtils.invoke(MethodReflectionUtils.java:45)
	at org.junit.jupiter.engine.execution.MethodInvocation.proceed(MethodInvocation.java:61)
	at org.junit.jupiter.engine.execution.InvocationInterceptorChain$ValidatingInvocation.proceed(InvocationInterceptorChain.java:124)
	at org.junit.jupiter.engine.extension.TimeoutExtension.intercept(TimeoutExtension.java:163)
	at org.junit.jupiter.engine.extension.TimeoutExtension.interceptTestableMethod(TimeoutExtension.java:148)
	at org.junit.jupiter.engine.extension.TimeoutExtension.interceptTestTemplateMethod(TimeoutExtension.java:94)
	at org.junit.jupiter.engine.execution.InterceptingExecutableInvoker$ReflectiveInterceptorCall.lambda$ofVoidMethod$0(InterceptingExecutableInvoker.java:123)
	at org.junit.jupiter.engine.execution.InterceptingExecutableInvoker.lambda$invoke$0(InterceptingExecutableInvoker.java:105)
	at org.junit.jupiter.engine.execution.InvocationInterceptorChain$InterceptedInvocation.proceed(InvocationInterceptorChain.java:99)
	at org.junit.jupiter.engine.execution.InvocationInterceptorChain.proceed(InvocationInterceptorChain.java:66)
	at org.junit.jupiter.engine.execution.InvocationInterceptorChain.chainAndInvoke(InvocationInterceptorChain.java:47)
	at org.junit.jupiter.engine.execution.InvocationInterceptorChain.invoke(InvocationInterceptorChain.java:39)
	at org.junit.jupiter.engine.execution.InterceptingExecutableInvoker.invoke(InterceptingExecutableInvoker.java:104)
	at org.junit.jupiter.engine.execution.InterceptingExecutableInvoker.invoke(InterceptingExecutableInvoker.java:98)
	at org.junit.jupiter.engine.execution.InterceptingExecutableInvoker.invokeVoid(InterceptingExecutableInvoker.java:71)
	at org.junit.jupiter.engine.descriptor.TestMethodTestDescriptor.lambda$invokeTestMethod$0(TestMethodTestDescriptor.java:219)
	at org.junit.platform.engine.support.hierarchical.ThrowableCollector.execute(ThrowableCollector.java:74)
	at org.junit.jupiter.engine.descriptor.TestMethodTestDescriptor.invokeTestMethod(TestMethodTestDescriptor.java:215)
	at org.junit.jupiter.engine.descriptor.TestMethodTestDescriptor.execute(TestMethodTestDescriptor.java:157)
	at org.junit.jupiter.engine.descriptor.TestMethodTestDescriptor.execute(TestMethodTestDescriptor.java:70)
	at org.junit.platform.engine.support.hierarchical.NodeTestTask.lambda$executeRecursively$2(NodeTestTask.java:176)
	at org.junit.platform.engine.support.hierarchical.ThrowableCollector.execute(ThrowableCollector.java:74)
	at org.junit.platform.engine.support.hierarchical.NodeTestTask.lambda$executeRecursively$1(NodeTestTask.java:166)
	at org.junit.platform.engine.support.hierarchical.Node.around(Node.java:138)
	at org.junit.platform.engine.support.hierarchical.NodeTestTask.lambda$executeRecursively$0(NodeTestTask.java:164)
	at org.junit.platform.engine.support.hierarchical.ThrowableCollector.execute(ThrowableCollector.java:74)
	at org.junit.platform.engine.support.hierarchical.NodeTestTask.executeRecursively(NodeTestTask.java:163)
	at org.junit.platform.engine.support.hierarchical.NodeTestTask.execute(NodeTestTask.java:116)
	at org.junit.platform.engine.support.hierarchical.SameThreadHierarchicalTestExecutorService.submit(SameThreadHierarchicalTestExecutorService.java:36)
	at org.junit.platform.engine.support.hierarchical.NodeTestTask$DefaultDynamicTestExecutor.execute(NodeTestTask.java:268)
	at org.junit.platform.engine.support.hierarchical.NodeTestTask$DefaultDynamicTestExecutor.execute(NodeTestTask.java:246)
	at org.junit.jupiter.engine.descriptor.TemplateExecutor.execute(TemplateExecutor.java:96)
	at org.junit.jupiter.engine.descriptor.TemplateExecutor.lambda$executeForProvider$1(TemplateExecutor.java:59)
	at java.base/java.util.Optional.ifPresent(Optional.java:178)
	at org.junit.jupiter.engine.descriptor.TemplateExecutor.lambda$executeForProvider$0(TemplateExecutor.java:59)
	at java.base/java.util.stream.ForEachOps$ForEachOp$OfRef.accept(ForEachOps.java:184)
	at java.base/java.util.stream.ReferencePipeline$3$1.accept(ReferencePipeline.java:197)
	at java.base/java.util.stream.ForEachOps$ForEachOp$OfRef.accept(ForEachOps.java:184)
	at java.base/java.util.stream.ForEachOps$ForEachOp$OfRef.accept(ForEachOps.java:184)
	at java.base/java.util.stream.ReferencePipeline$3$1.accept(ReferencePipeline.java:197)
	at java.base/java.util.Spliterators$ArraySpliterator.forEachRemaining(Spliterators.java:1024)
	at java.base/java.util.stream.AbstractPipeline.copyInto(AbstractPipeline.java:509)
	at java.base/java.util.stream.AbstractPipeline.wrapAndCopyInto(AbstractPipeline.java:499)
	at java.base/java.util.stream.ForEachOps$ForEachOp.evaluateSequential(ForEachOps.java:151)
	at java.base/java.util.stream.ForEachOps$ForEachOp$OfRef.evaluateSequential(ForEachOps.java:174)
	at java.base/java.util.stream.AbstractPipeline.evaluate(AbstractPipeline.java:234)
	at java.base/java.util.stream.ReferencePipeline.forEach(ReferencePipeline.java:596)
	at java.base/java.util.stream.ReferencePipeline$7$1.accept(ReferencePipeline.java:276)
	at java.base/java.util.ArrayList$ArrayListSpliterator.forEachRemaining(ArrayList.java:1708)
	at java.base/java.util.stream.AbstractPipeline.copyInto(AbstractPipeline.java:509)
	at java.base/java.util.stream.AbstractPipeline.wrapAndCopyInto(AbstractPipeline.java:499)
	at java.base/java.util.stream.ForEachOps$ForEachOp.evaluateSequential(ForEachOps.java:151)
	at java.base/java.util.stream.ForEachOps$ForEachOp$OfRef.evaluateSequential(ForEachOps.java:174)
	at java.base/java.util.stream.AbstractPipeline.evaluate(AbstractPipeline.java:234)
	at java.base/java.util.stream.ReferencePipeline.forEach(ReferencePipeline.java:596)
	at java.base/java.util.stream.ReferencePipeline$7$1.accept(ReferencePipeline.java:276)
	at java.base/java.util.stream.ReferencePipeline$3$1.accept(ReferencePipeline.java:197)
	at java.base/java.util.stream.ReferencePipeline$3$1.accept(ReferencePipeline.java:197)
	at java.base/java.util.stream.ReferencePipeline$3$1.accept(ReferencePipeline.java:197)
	at java.base/java.util.AbstractList$RandomAccessSpliterator.forEachRemaining(AbstractList.java:722)
	at java.base/java.util.stream.AbstractPipeline.copyInto(AbstractPipeline.java:509)
	at java.base/java.util.stream.AbstractPipeline.wrapAndCopyInto(AbstractPipeline.java:499)
	at java.base/java.util.stream.ForEachOps$ForEachOp.evaluateSequential(ForEachOps.java:151)
	at java.base/java.util.stream.ForEachOps$ForEachOp$OfRef.evaluateSequential(ForEachOps.java:174)
	at java.base/java.util.stream.AbstractPipeline.evaluate(AbstractPipeline.java:234)
	at java.base/java.util.stream.ReferencePipeline.forEach(ReferencePipeline.java:596)
	at org.junit.jupiter.engine.descriptor.TemplateExecutor.executeForProvider(TemplateExecutor.java:57)
	at org.junit.jupiter.engine.descriptor.TemplateExecutor.execute(TemplateExecutor.java:46)
	at org.junit.jupiter.engine.descriptor.TestTemplateTestDescriptor.execute(TestTemplateTestDescriptor.java:112)
	at org.junit.jupiter.engine.descriptor.TestTemplateTestDescriptor.execute(TestTemplateTestDescriptor.java:40)
	at org.junit.platform.engine.support.hierarchical.NodeTestTask.lambda$executeRecursively$2(NodeTestTask.java:176)
	at org.junit.platform.engine.support.hierarchical.ThrowableCollector.execute(ThrowableCollector.java:74)
	at org.junit.platform.engine.support.hierarchical.NodeTestTask.lambda$executeRecursively$1(NodeTestTask.java:166)
	at org.junit.platform.engine.support.hierarchical.Node.around(Node.java:138)
	at org.junit.platform.engine.support.hierarchical.NodeTestTask.lambda$executeRecursively$0(NodeTestTask.java:164)
	at org.junit.platform.engine.support.hierarchical.ThrowableCollector.execute(ThrowableCollector.java:74)
	at org.junit.platform.engine.support.hierarchical.NodeTestTask.executeRecursively(NodeTestTask.java:163)
	at org.junit.platform.engine.support.hierarchical.NodeTestTask.execute(NodeTestTask.java:116)
	at java.base/java.util.ArrayList.forEach(ArrayList.java:1596)
	at org.junit.platform.engine.support.hierarchical.SameThreadHierarchicalTestExecutorService.invokeAll(SameThreadHierarchicalTestExecutorService.java:42)
	at org.junit.platform.engine.support.hierarchical.NodeTestTask.lambda$executeRecursively$2(NodeTestTask.java:180)
	at org.junit.platform.engine.support.hierarchical.ThrowableCollector.execute(ThrowableCollector.java:74)
	at org.junit.platform.engine.support.hierarchical.NodeTestTask.lambda$executeRecursively$1(NodeTestTask.java:166)
	at org.junit.platform.engine.support.hierarchical.Node.around(Node.java:138)
	at org.junit.platform.engine.support.hierarchical.NodeTestTask.lambda$executeRecursively$0(NodeTestTask.java:164)
	at org.junit.platform.engine.support.hierarchical.ThrowableCollector.execute(ThrowableCollector.java:74)
	at org.junit.platform.engine.support.hierarchical.NodeTestTask.executeRecursively(NodeTestTask.java:163)
	at org.junit.platform.engine.support.hierarchical.NodeTestTask.execute(NodeTestTask.java:116)
	at java.base/java.util.ArrayList.forEach(ArrayList.java:1596)
	at org.junit.platform.engine.support.hierarchical.SameThreadHierarchicalTestExecutorService.invokeAll(SameThreadHierarchicalTestExecutorService.java:42)
	at org.junit.platform.engine.support.hierarchical.NodeTestTask.lambda$executeRecursively$2(NodeTestTask.java:180)
	at org.junit.platform.engine.support.hierarchical.ThrowableCollector.execute(ThrowableCollector.java:74)
	at org.junit.platform.engine.support.hierarchical.NodeTestTask.lambda$executeRecursively$1(NodeTestTask.java:166)
	at org.junit.platform.engine.support.hierarchical.Node.around(Node.java:138)
	at org.junit.platform.engine.support.hierarchical.NodeTestTask.lambda$executeRecursively$0(NodeTestTask.java:164)
	at org.junit.platform.engine.support.hierarchical.ThrowableCollector.execute(ThrowableCollector.java:74)
	at org.junit.platform.engine.support.hierarchical.NodeTestTask.executeRecursively(NodeTestTask.java:163)
	at org.junit.platform.engine.support.hierarchical.NodeTestTask.execute(NodeTestTask.java:116)
	at org.junit.platform.engine.support.hierarchical.SameThreadHierarchicalTestExecutorService.submit(SameThreadHierarchicalTestExecutorService.java:36)
	at org.junit.platform.engine.support.hierarchical.HierarchicalTestExecutor.execute(HierarchicalTestExecutor.java:52)
	at org.junit.platform.engine.support.hierarchical.HierarchicalTestEngine.execute(HierarchicalTestEngine.java:58)
	at org.junit.platform.launcher.core.EngineExecutionOrchestrator.executeEngine(EngineExecutionOrchestrator.java:246)
	at org.junit.platform.launcher.core.EngineExecutionOrchestrator.failOrExecuteEngine(EngineExecutionOrchestrator.java:218)
	at org.junit.platform.launcher.core.EngineExecutionOrchestrator.execute(EngineExecutionOrchestrator.java:179)
	at org.junit.platform.launcher.core.EngineExecutionOrchestrator.execute(EngineExecutionOrchestrator.java:108)
	at org.junit.platform.launcher.core.EngineExecutionOrchestrator.lambda$execute$0(EngineExecutionOrchestrator.java:66)
	at org.junit.platform.launcher.core.EngineExecutionOrchestrator.withInterceptedStreams(EngineExecutionOrchestrator.java:157)
	at org.junit.platform.launcher.core.EngineExecutionOrchestrator.execute(EngineExecutionOrchestrator.java:65)
	at org.junit.platform.launcher.core.DefaultLauncher.execute(DefaultLauncher.java:125)
	at org.junit.platform.launcher.core.DefaultLauncher.execute(DefaultLauncher.java:114)
	at org.junit.platform.launcher.core.DelegatingLauncher.execute(DelegatingLauncher.java:58)
	at org.junit.platform.launcher.core.InterceptingLauncher.lambda$execute$2(InterceptingLauncher.java:57)
	at org.junit.platform.launcher.core.ClasspathAlignmentCheckingLauncherInterceptor.intercept(ClasspathAlignmentCheckingLauncherInterceptor.java:25)
	at org.junit.platform.launcher.core.InterceptingLauncher.execute(InterceptingLauncher.java:56)
	at org.junit.platform.launcher.core.DelegatingLauncher.execute(DelegatingLauncher.java:58)
	at java.base/jdk.internal.reflect.DirectMethodHandleAccessor.invoke(DirectMethodHandleAccessor.java:103)
	at java.base/java.lang.reflect.Method.invoke(Method.java:580)
	at org.apache.maven.surefire.api.util.ReflectionUtils.invokeMethodWithArray(ReflectionUtils.java:125)
	at org.apache.maven.surefire.junitplatform.LauncherAdapter.executeWithCancellationToken(LauncherAdapter.java:68)
	at org.apache.maven.surefire.junitplatform.LauncherAdapter.execute(LauncherAdapter.java:54)
	at org.apache.maven.surefire.junitplatform.JUnitPlatformProvider.execute(JUnitPlatformProvider.java:203)
	at org.apache.maven.surefire.junitplatform.JUnitPlatformProvider.invokeAllTests(JUnitPlatformProvider.java:168)
	at org.apache.maven.surefire.junitplatform.JUnitPlatformProvider.invoke(JUnitPlatformProvider.java:134)
	at org.apache.maven.surefire.booter.ForkedBooter.runSuitesInProcess(ForkedBooter.java:385)
	at org.apache.maven.surefire.booter.ForkedBooter.execute(ForkedBooter.java:162)
	at org.apache.maven.surefire.booter.ForkedBooter.run(ForkedBooter.java:507)
	at org.apache.maven.surefire.booter.ForkedBooter.main(ForkedBooter.java:495)
Caused by: com.mysql.cj.exceptions.CJCommunicationsException: Communications link failure

The last packet successfully received from the server was 6 milliseconds ago. The last packet sent successfully to the server was 7 milliseconds ago.
	at java.base/jdk.internal.reflect.DirectConstructorHandleAccessor.newInstance(DirectConstructorHandleAccessor.java:62)
	at java.base/java.lang.reflect.Constructor.newInstanceWithCaller(Constructor.java:502)
	at java.base/java.lang.reflect.Constructor.newInstance(Constructor.java:486)
	at com.mysql.cj.exceptions.ExceptionFactory.createException(ExceptionFactory.java:52)
	at com.mysql.cj.exceptions.ExceptionFactory.createException(ExceptionFactory.java:95)
	at com.mysql.cj.exceptions.ExceptionFactory.createException(ExceptionFactory.java:140)
	at com.mysql.cj.exceptions.ExceptionFactory.createCommunicationsException(ExceptionFactory.java:156)
	at com.mysql.cj.protocol.a.NativeProtocol.readMessage(NativeProtocol.java:590)
	at com.mysql.cj.protocol.a.NativeProtocol.checkErrorMessage(NativeProtocol.java:767)
	at com.mysql.cj.protocol.a.NativeProtocol.sendCommand(NativeProtocol.java:706)
	at com.mysql.cj.protocol.a.NativeProtocol.sendQueryPacket(NativeProtocol.java:938)
	at com.mysql.cj.NativeSession.execSQL(NativeSession.java:817)
	at com.mysql.cj.jdbc.ConnectionImpl.commit(ConnectionImpl.java:794)
	... 154 common frames omitted
Caused by: java.io.EOFException: Can not read response from server. Expected to read 4 bytes, read 0 bytes before connection was unexpectedly lost.
	at com.mysql.cj.protocol.FullReadInputStream.readFully(FullReadInputStream.java:58)
	at com.mysql.cj.protocol.a.SimplePacketReader.readHeaderLocal(SimplePacketReader.java:72)
	at com.mysql.cj.protocol.a.SimplePacketReader.readHeader(SimplePacketReader.java:54)
	at com.mysql.cj.protocol.a.SimplePacketReader.readHeader(SimplePacketReader.java:36)
	at com.mysql.cj.protocol.a.TimeTrackingPacketReader.readHeader(TimeTrackingPacketReader.java:43)
	at com.mysql.cj.protocol.a.TimeTrackingPacketReader.readHeader(TimeTrackingPacketReader.java:32)
	at com.mysql.cj.protocol.a.MultiPacketReader.readHeader(MultiPacketReader.java:45)
	at com.mysql.cj.protocol.a.MultiPacketReader.readHeader(MultiPacketReader.java:35)
	at com.mysql.cj.protocol.a.NativeProtocol.readMessage(NativeProtocol.java:584)
	... 159 common frames omitted
10:53:02.973 [main] ERROR com.baomidou.dynamic.datasource.tx.ConnectionProxy -- Communications link failure

The last packet successfully received from the server was 6 milliseconds ago. The last packet sent successfully to the server was 7 milliseconds ago.
com.mysql.cj.jdbc.exceptions.CommunicationsException: Communications link failure

The last packet successfully received from the server was 6 milliseconds ago. The last packet sent successfully to the server was 7 milliseconds ago.
	at com.mysql.cj.jdbc.exceptions.SQLError.createCommunicationsException(SQLError.java:165)
	at com.mysql.cj.jdbc.exceptions.SQLExceptionsMapping.translateException(SQLExceptionsMapping.java:55)
	at com.mysql.cj.jdbc.ConnectionImpl.commit(ConnectionImpl.java:814)
	at com.zaxxer.hikari.pool.ProxyConnection.commit(ProxyConnection.java:378)
	at com.zaxxer.hikari.pool.HikariProxyConnection.commit(HikariProxyConnection.java)
	at java.base/jdk.internal.reflect.DirectMethodHandleAccessor.invoke(DirectMethodHandleAccessor.java:103)
	at java.base/java.lang.reflect.Method.invoke(Method.java:580)
	at org.namewta.test.notify.NotifyAtomicResultIntegrationTest$1.lambda$getConnection$0(NotifyAtomicResultIntegrationTest.java:118)
	at jdk.proxy2/jdk.proxy2.$Proxy131.commit(Unknown Source)
	at com.baomidou.dynamic.datasource.tx.ConnectionProxy.notify(ConnectionProxy.java:62)
	at com.baomidou.dynamic.datasource.tx.ConnectionFactory.notify(ConnectionFactory.java:153)
	at com.baomidou.dynamic.datasource.tx.LocalTxUtil.commit(LocalTxUtil.java:91)
	at com.baomidou.dynamic.datasource.tx.TransactionalTemplate.doExecute(TransactionalTemplate.java:126)
	at com.baomidou.dynamic.datasource.tx.TransactionalTemplate.execute(TransactionalTemplate.java:94)
	at com.baomidou.dynamic.datasource.aop.DynamicLocalTransactionInterceptor.invoke(DynamicLocalTransactionInterceptor.java:59)
	at org.springframework.aop.framework.ReflectiveMethodInvocation.proceed(ReflectiveMethodInvocation.java:179)
	at org.springframework.aop.framework.CglibAopProxy$DynamicAdvisedInterceptor.intercept(CglibAopProxy.java:719)
	at org.namewta.notify.usecase.NotifyDispatchResultUseCase$$SpringCGLIB$$15.completeInApp(<generated>)
	at org.namewta.notify.service.runtime.DispatchNotificationService.dispatchInApp(DispatchNotificationService.java:223)
	at org.namewta.notify.service.runtime.DispatchNotificationService.dispatch(DispatchNotificationService.java:92)
	at org.namewta.test.notify.NotifyAtomicResultIntegrationTest.lambda$uncertainResultCommitUsesDurableFactsToPreventDuplicateInbox$17(NotifyAtomicResultIntegrationTest.java:508)
	at org.assertj.core.api.ThrowableAssert.catchThrowable(ThrowableAssert.java:66)
	at org.assertj.core.api.AssertionsForClassTypes.catchThrowable(AssertionsForClassTypes.java:908)
	at org.assertj.core.api.Assertions.catchThrowable(Assertions.java:1476)
	at org.assertj.core.api.Assertions.assertThatThrownBy(Assertions.java:1319)
	at org.namewta.test.notify.NotifyAtomicResultIntegrationTest.uncertainResultCommitUsesDurableFactsToPreventDuplicateInbox(NotifyAtomicResultIntegrationTest.java:508)
	at java.base/jdk.internal.reflect.DirectMethodHandleAccessor.invoke(DirectMethodHandleAccessor.java:103)
	at java.base/java.lang.reflect.Method.invoke(Method.java:580)
	at org.junit.platform.commons.util.ReflectionUtils.invokeMethod(ReflectionUtils.java:701)
	at org.junit.platform.commons.support.ReflectionSupport.invokeMethod(ReflectionSupport.java:502)
	at org.junit.jupiter.engine.support.MethodReflectionUtils.invoke(MethodReflectionUtils.java:45)
	at org.junit.jupiter.engine.execution.MethodInvocation.proceed(MethodInvocation.java:61)
	at org.junit.jupiter.engine.execution.InvocationInterceptorChain$ValidatingInvocation.proceed(InvocationInterceptorChain.java:124)
	at org.junit.jupiter.engine.extension.TimeoutExtension.intercept(TimeoutExtension.java:163)
	at org.junit.jupiter.engine.extension.TimeoutExtension.interceptTestableMethod(TimeoutExtension.java:148)
	at org.junit.jupiter.engine.extension.TimeoutExtension.interceptTestTemplateMethod(TimeoutExtension.java:94)
	at org.junit.jupiter.engine.execution.InterceptingExecutableInvoker$ReflectiveInterceptorCall.lambda$ofVoidMethod$0(InterceptingExecutableInvoker.java:123)
	at org.junit.jupiter.engine.execution.InterceptingExecutableInvoker.lambda$invoke$0(InterceptingExecutableInvoker.java:105)
	at org.junit.jupiter.engine.execution.InvocationInterceptorChain$InterceptedInvocation.proceed(InvocationInterceptorChain.java:99)
	at org.junit.jupiter.engine.execution.InvocationInterceptorChain.proceed(InvocationInterceptorChain.java:66)
	at org.junit.jupiter.engine.execution.InvocationInterceptorChain.chainAndInvoke(InvocationInterceptorChain.java:47)
	at org.junit.jupiter.engine.execution.InvocationInterceptorChain.invoke(InvocationInterceptorChain.java:39)
	at org.junit.jupiter.engine.execution.InterceptingExecutableInvoker.invoke(InterceptingExecutableInvoker.java:104)
	at org.junit.jupiter.engine.execution.InterceptingExecutableInvoker.invoke(InterceptingExecutableInvoker.java:98)
	at org.junit.jupiter.engine.execution.InterceptingExecutableInvoker.invokeVoid(InterceptingExecutableInvoker.java:71)
	at org.junit.jupiter.engine.descriptor.TestMethodTestDescriptor.lambda$invokeTestMethod$0(TestMethodTestDescriptor.java:219)
	at org.junit.platform.engine.support.hierarchical.ThrowableCollector.execute(ThrowableCollector.java:74)
	at org.junit.jupiter.engine.descriptor.TestMethodTestDescriptor.invokeTestMethod(TestMethodTestDescriptor.java:215)
	at org.junit.jupiter.engine.descriptor.TestMethodTestDescriptor.execute(TestMethodTestDescriptor.java:157)
	at org.junit.jupiter.engine.descriptor.TestMethodTestDescriptor.execute(TestMethodTestDescriptor.java:70)
	at org.junit.platform.engine.support.hierarchical.NodeTestTask.lambda$executeRecursively$2(NodeTestTask.java:176)
	at org.junit.platform.engine.support.hierarchical.ThrowableCollector.execute(ThrowableCollector.java:74)
	at org.junit.platform.engine.support.hierarchical.NodeTestTask.lambda$executeRecursively$1(NodeTestTask.java:166)
	at org.junit.platform.engine.support.hierarchical.Node.around(Node.java:138)
	at org.junit.platform.engine.support.hierarchical.NodeTestTask.lambda$executeRecursively$0(NodeTestTask.java:164)
	at org.junit.platform.engine.support.hierarchical.ThrowableCollector.execute(ThrowableCollector.java:74)
	at org.junit.platform.engine.support.hierarchical.NodeTestTask.executeRecursively(NodeTestTask.java:163)
	at org.junit.platform.engine.support.hierarchical.NodeTestTask.execute(NodeTestTask.java:116)
	at org.junit.platform.engine.support.hierarchical.SameThreadHierarchicalTestExecutorService.submit(SameThreadHierarchicalTestExecutorService.java:36)
	at org.junit.platform.engine.support.hierarchical.NodeTestTask$DefaultDynamicTestExecutor.execute(NodeTestTask.java:268)
	at org.junit.platform.engine.support.hierarchical.NodeTestTask$DefaultDynamicTestExecutor.execute(NodeTestTask.java:246)
	at org.junit.jupiter.engine.descriptor.TemplateExecutor.execute(TemplateExecutor.java:96)
	at org.junit.jupiter.engine.descriptor.TemplateExecutor.lambda$executeForProvider$1(TemplateExecutor.java:59)
	at java.base/java.util.Optional.ifPresent(Optional.java:178)
	at org.junit.jupiter.engine.descriptor.TemplateExecutor.lambda$executeForProvider$0(TemplateExecutor.java:59)
	at java.base/java.util.stream.ForEachOps$ForEachOp$OfRef.accept(ForEachOps.java:184)
	at java.base/java.util.stream.ReferencePipeline$3$1.accept(ReferencePipeline.java:197)
	at java.base/java.util.stream.ForEachOps$ForEachOp$OfRef.accept(ForEachOps.java:184)
	at java.base/java.util.stream.ForEachOps$ForEachOp$OfRef.accept(ForEachOps.java:184)
	at java.base/java.util.stream.ReferencePipeline$3$1.accept(ReferencePipeline.java:197)
	at java.base/java.util.Spliterators$ArraySpliterator.forEachRemaining(Spliterators.java:1024)
	at java.base/java.util.stream.AbstractPipeline.copyInto(AbstractPipeline.java:509)
	at java.base/java.util.stream.AbstractPipeline.wrapAndCopyInto(AbstractPipeline.java:499)
	at java.base/java.util.stream.ForEachOps$ForEachOp.evaluateSequential(ForEachOps.java:151)
	at java.base/java.util.stream.ForEachOps$ForEachOp$OfRef.evaluateSequential(ForEachOps.java:174)
	at java.base/java.util.stream.AbstractPipeline.evaluate(AbstractPipeline.java:234)
	at java.base/java.util.stream.ReferencePipeline.forEach(ReferencePipeline.java:596)
	at java.base/java.util.stream.ReferencePipeline$7$1.accept(ReferencePipeline.java:276)
	at java.base/java.util.ArrayList$ArrayListSpliterator.forEachRemaining(ArrayList.java:1708)
	at java.base/java.util.stream.AbstractPipeline.copyInto(AbstractPipeline.java:509)
	at java.base/java.util.stream.AbstractPipeline.wrapAndCopyInto(AbstractPipeline.java:499)
	at java.base/java.util.stream.ForEachOps$ForEachOp.evaluateSequential(ForEachOps.java:151)
	at java.base/java.util.stream.ForEachOps$ForEachOp$OfRef.evaluateSequential(ForEachOps.java:174)
	at java.base/java.util.stream.AbstractPipeline.evaluate(AbstractPipeline.java:234)
	at java.base/java.util.stream.ReferencePipeline.forEach(ReferencePipeline.java:596)
	at java.base/java.util.stream.ReferencePipeline$7$1.accept(ReferencePipeline.java:276)
	at java.base/java.util.stream.ReferencePipeline$3$1.accept(ReferencePipeline.java:197)
	at java.base/java.util.stream.ReferencePipeline$3$1.accept(ReferencePipeline.java:197)
	at java.base/java.util.stream.ReferencePipeline$3$1.accept(ReferencePipeline.java:197)
	at java.base/java.util.AbstractList$RandomAccessSpliterator.forEachRemaining(AbstractList.java:722)
	at java.base/java.util.stream.AbstractPipeline.copyInto(AbstractPipeline.java:509)
	at java.base/java.util.stream.AbstractPipeline.wrapAndCopyInto(AbstractPipeline.java:499)
	at java.base/java.util.stream.ForEachOps$ForEachOp.evaluateSequential(ForEachOps.java:151)
	at java.base/java.util.stream.ForEachOps$ForEachOp$OfRef.evaluateSequential(ForEachOps.java:174)
	at java.base/java.util.stream.AbstractPipeline.evaluate(AbstractPipeline.java:234)
	at java.base/java.util.stream.ReferencePipeline.forEach(ReferencePipeline.java:596)
	at org.junit.jupiter.engine.descriptor.TemplateExecutor.executeForProvider(TemplateExecutor.java:57)
	at org.junit.jupiter.engine.descriptor.TemplateExecutor.execute(TemplateExecutor.java:46)
	at org.junit.jupiter.engine.descriptor.TestTemplateTestDescriptor.execute(TestTemplateTestDescriptor.java:112)
	at org.junit.jupiter.engine.descriptor.TestTemplateTestDescriptor.execute(TestTemplateTestDescriptor.java:40)
	at org.junit.platform.engine.support.hierarchical.NodeTestTask.lambda$executeRecursively$2(NodeTestTask.java:176)
	at org.junit.platform.engine.support.hierarchical.ThrowableCollector.execute(ThrowableCollector.java:74)
	at org.junit.platform.engine.support.hierarchical.NodeTestTask.lambda$executeRecursively$1(NodeTestTask.java:166)
	at org.junit.platform.engine.support.hierarchical.Node.around(Node.java:138)
	at org.junit.platform.engine.support.hierarchical.NodeTestTask.lambda$executeRecursively$0(NodeTestTask.java:164)
	at org.junit.platform.engine.support.hierarchical.ThrowableCollector.execute(ThrowableCollector.java:74)
	at org.junit.platform.engine.support.hierarchical.NodeTestTask.executeRecursively(NodeTestTask.java:163)
	at org.junit.platform.engine.support.hierarchical.NodeTestTask.execute(NodeTestTask.java:116)
	at java.base/java.util.ArrayList.forEach(ArrayList.java:1596)
	at org.junit.platform.engine.support.hierarchical.SameThreadHierarchicalTestExecutorService.invokeAll(SameThreadHierarchicalTestExecutorService.java:42)
	at org.junit.platform.engine.support.hierarchical.NodeTestTask.lambda$executeRecursively$2(NodeTestTask.java:180)
	at org.junit.platform.engine.support.hierarchical.ThrowableCollector.execute(ThrowableCollector.java:74)
	at org.junit.platform.engine.support.hierarchical.NodeTestTask.lambda$executeRecursively$1(NodeTestTask.java:166)
	at org.junit.platform.engine.support.hierarchical.Node.around(Node.java:138)
	at org.junit.platform.engine.support.hierarchical.NodeTestTask.lambda$executeRecursively$0(NodeTestTask.java:164)
	at org.junit.platform.engine.support.hierarchical.ThrowableCollector.execute(ThrowableCollector.java:74)
	at org.junit.platform.engine.support.hierarchical.NodeTestTask.executeRecursively(NodeTestTask.java:163)
	at org.junit.platform.engine.support.hierarchical.NodeTestTask.execute(NodeTestTask.java:116)
	at java.base/java.util.ArrayList.forEach(ArrayList.java:1596)
	at org.junit.platform.engine.support.hierarchical.SameThreadHierarchicalTestExecutorService.invokeAll(SameThreadHierarchicalTestExecutorService.java:42)
	at org.junit.platform.engine.support.hierarchical.NodeTestTask.lambda$executeRecursively$2(NodeTestTask.java:180)
	at org.junit.platform.engine.support.hierarchical.ThrowableCollector.execute(ThrowableCollector.java:74)
	at org.junit.platform.engine.support.hierarchical.NodeTestTask.lambda$executeRecursively$1(NodeTestTask.java:166)
	at org.junit.platform.engine.support.hierarchical.Node.around(Node.java:138)
	at org.junit.platform.engine.support.hierarchical.NodeTestTask.lambda$executeRecursively$0(NodeTestTask.java:164)
	at org.junit.platform.engine.support.hierarchical.ThrowableCollector.execute(ThrowableCollector.java:74)
	at org.junit.platform.engine.support.hierarchical.NodeTestTask.executeRecursively(NodeTestTask.java:163)
	at org.junit.platform.engine.support.hierarchical.NodeTestTask.execute(NodeTestTask.java:116)
	at org.junit.platform.engine.support.hierarchical.SameThreadHierarchicalTestExecutorService.submit(SameThreadHierarchicalTestExecutorService.java:36)
	at org.junit.platform.engine.support.hierarchical.HierarchicalTestExecutor.execute(HierarchicalTestExecutor.java:52)
	at org.junit.platform.engine.support.hierarchical.HierarchicalTestEngine.execute(HierarchicalTestEngine.java:58)
	at org.junit.platform.launcher.core.EngineExecutionOrchestrator.executeEngine(EngineExecutionOrchestrator.java:246)
	at org.junit.platform.launcher.core.EngineExecutionOrchestrator.failOrExecuteEngine(EngineExecutionOrchestrator.java:218)
	at org.junit.platform.launcher.core.EngineExecutionOrchestrator.execute(EngineExecutionOrchestrator.java:179)
	at org.junit.platform.launcher.core.EngineExecutionOrchestrator.execute(EngineExecutionOrchestrator.java:108)
	at org.junit.platform.launcher.core.EngineExecutionOrchestrator.lambda$execute$0(EngineExecutionOrchestrator.java:66)
	at org.junit.platform.launcher.core.EngineExecutionOrchestrator.withInterceptedStreams(EngineExecutionOrchestrator.java:157)
	at org.junit.platform.launcher.core.EngineExecutionOrchestrator.execute(EngineExecutionOrchestrator.java:65)
	at org.junit.platform.launcher.core.DefaultLauncher.execute(DefaultLauncher.java:125)
	at org.junit.platform.launcher.core.DefaultLauncher.execute(DefaultLauncher.java:114)
	at org.junit.platform.launcher.core.DelegatingLauncher.execute(DelegatingLauncher.java:58)
	at org.junit.platform.launcher.core.InterceptingLauncher.lambda$execute$2(InterceptingLauncher.java:57)
	at org.junit.platform.launcher.core.ClasspathAlignmentCheckingLauncherInterceptor.intercept(ClasspathAlignmentCheckingLauncherInterceptor.java:25)
	at org.junit.platform.launcher.core.InterceptingLauncher.execute(InterceptingLauncher.java:56)
	at org.junit.platform.launcher.core.DelegatingLauncher.execute(DelegatingLauncher.java:58)
	at java.base/jdk.internal.reflect.DirectMethodHandleAccessor.invoke(DirectMethodHandleAccessor.java:103)
	at java.base/java.lang.reflect.Method.invoke(Method.java:580)
	at org.apache.maven.surefire.api.util.ReflectionUtils.invokeMethodWithArray(ReflectionUtils.java:125)
	at org.apache.maven.surefire.junitplatform.LauncherAdapter.executeWithCancellationToken(LauncherAdapter.java:68)
	at org.apache.maven.surefire.junitplatform.LauncherAdapter.execute(LauncherAdapter.java:54)
	at org.apache.maven.surefire.junitplatform.JUnitPlatformProvider.execute(JUnitPlatformProvider.java:203)
	at org.apache.maven.surefire.junitplatform.JUnitPlatformProvider.invokeAllTests(JUnitPlatformProvider.java:168)
	at org.apache.maven.surefire.junitplatform.JUnitPlatformProvider.invoke(JUnitPlatformProvider.java:134)
	at org.apache.maven.surefire.booter.ForkedBooter.runSuitesInProcess(ForkedBooter.java:385)
	at org.apache.maven.surefire.booter.ForkedBooter.execute(ForkedBooter.java:162)
	at org.apache.maven.surefire.booter.ForkedBooter.run(ForkedBooter.java:507)
	at org.apache.maven.surefire.booter.ForkedBooter.main(ForkedBooter.java:495)
Caused by: com.mysql.cj.exceptions.CJCommunicationsException: Communications link failure

The last packet successfully received from the server was 6 milliseconds ago. The last packet sent successfully to the server was 7 milliseconds ago.
	at java.base/jdk.internal.reflect.DirectConstructorHandleAccessor.newInstance(DirectConstructorHandleAccessor.java:62)
	at java.base/java.lang.reflect.Constructor.newInstanceWithCaller(Constructor.java:502)
	at java.base/java.lang.reflect.Constructor.newInstance(Constructor.java:486)
	at com.mysql.cj.exceptions.ExceptionFactory.createException(ExceptionFactory.java:52)
	at com.mysql.cj.exceptions.ExceptionFactory.createException(ExceptionFactory.java:95)
	at com.mysql.cj.exceptions.ExceptionFactory.createException(ExceptionFactory.java:140)
	at com.mysql.cj.exceptions.ExceptionFactory.createCommunicationsException(ExceptionFactory.java:156)
	at com.mysql.cj.protocol.a.NativeProtocol.readMessage(NativeProtocol.java:590)
	at com.mysql.cj.protocol.a.NativeProtocol.checkErrorMessage(NativeProtocol.java:767)
	at com.mysql.cj.protocol.a.NativeProtocol.sendCommand(NativeProtocol.java:706)
	at com.mysql.cj.protocol.a.NativeProtocol.sendQueryPacket(NativeProtocol.java:938)
	at com.mysql.cj.NativeSession.execSQL(NativeSession.java:817)
	at com.mysql.cj.jdbc.ConnectionImpl.commit(ConnectionImpl.java:794)
	... 154 common frames omitted
Caused by: java.io.EOFException: Can not read response from server. Expected to read 4 bytes, read 0 bytes before connection was unexpectedly lost.
	at com.mysql.cj.protocol.FullReadInputStream.readFully(FullReadInputStream.java:58)
	at com.mysql.cj.protocol.a.SimplePacketReader.readHeaderLocal(SimplePacketReader.java:72)
	at com.mysql.cj.protocol.a.SimplePacketReader.readHeader(SimplePacketReader.java:54)
	at com.mysql.cj.protocol.a.SimplePacketReader.readHeader(SimplePacketReader.java:36)
	at com.mysql.cj.protocol.a.TimeTrackingPacketReader.readHeader(TimeTrackingPacketReader.java:43)
	at com.mysql.cj.protocol.a.TimeTrackingPacketReader.readHeader(TimeTrackingPacketReader.java:32)
	at com.mysql.cj.protocol.a.MultiPacketReader.readHeader(MultiPacketReader.java:45)
	at com.mysql.cj.protocol.a.MultiPacketReader.readHeader(MultiPacketReader.java:35)
	at com.mysql.cj.protocol.a.NativeProtocol.readMessage(NativeProtocol.java:584)
	... 159 common frames omitted
10:53:03.059 [main] WARN org.namewta.notify.adapter.event.InAppCommittedPushListener -- 站内实时提示失败，messageId=9220001, reason=IllegalStateException
10:53:03.132 [main] WARN org.namewta.notify.adapter.event.InAppCommittedPushListener -- 站内实时提示失败，messageId=9220001, reason=IllegalStateException
10:53:03.154 [main] INFO com.baomidou.dynamic.datasource.DynamicRoutingDataSource -- dynamic-datasource start closing ....
10:53:03.154 [main] INFO com.baomidou.dynamic.datasource.DynamicRoutingDataSource -- dynamic-datasource all closed success,bye
10:53:03.154 [main] INFO com.zaxxer.hikari.HikariDataSource -- HikariPool-16 - Shutdown initiated...
10:53:03.169 [main] INFO com.zaxxer.hikari.HikariDataSource -- HikariPool-16 - Shutdown completed.
10:53:03.171 [main] INFO com.baomidou.dynamic.datasource.DynamicRoutingDataSource -- dynamic-datasource - add a datasource named [master] success
10:53:03.298 [main] INFO org.redisson.Version -- Redisson 4.6.1
10:53:03.303 [redisson-netty-50-2] INFO org.redisson.connection.ConnectionsHolder -- 1 connections initialized for 127.0.0.1/127.0.0.1:32833
10:53:03.303 [redisson-netty-50-1] INFO org.redisson.connection.ConnectionsHolder -- 1 connections initialized for 127.0.0.1/127.0.0.1:32833
10:53:03.323 [main] INFO com.zaxxer.hikari.HikariDataSource -- HikariPool-17 - Starting...
10:53:03.330 [main] INFO com.zaxxer.hikari.pool.HikariPool -- HikariPool-17 - Added connection com.mysql.cj.jdbc.ConnectionImpl@359c9b3b
10:53:03.330 [main] INFO com.zaxxer.hikari.HikariDataSource -- HikariPool-17 - Start completed.
10:53:03.400 [main] ERROR com.baomidou.dynamic.datasource.tx.ConnectionProxy -- owned lost commit acknowledgement
java.sql.SQLRecoverableException: owned lost commit acknowledgement
	at org.namewta.test.notify.NotifyAtomicResultIntegrationTest$1.lambda$getConnection$0(NotifyAtomicResultIntegrationTest.java:115)
	at jdk.proxy2/jdk.proxy2.$Proxy131.commit(Unknown Source)
	at com.baomidou.dynamic.datasource.tx.ConnectionProxy.notify(ConnectionProxy.java:62)
	at com.baomidou.dynamic.datasource.tx.ConnectionFactory.notify(ConnectionFactory.java:153)
	at com.baomidou.dynamic.datasource.tx.LocalTxUtil.commit(LocalTxUtil.java:91)
	at com.baomidou.dynamic.datasource.tx.TransactionalTemplate.doExecute(TransactionalTemplate.java:126)
	at com.baomidou.dynamic.datasource.tx.TransactionalTemplate.execute(TransactionalTemplate.java:94)
	at com.baomidou.dynamic.datasource.aop.DynamicLocalTransactionInterceptor.invoke(DynamicLocalTransactionInterceptor.java:59)
	at org.springframework.aop.framework.ReflectiveMethodInvocation.proceed(ReflectiveMethodInvocation.java:179)
	at org.springframework.aop.framework.CglibAopProxy$DynamicAdvisedInterceptor.intercept(CglibAopProxy.java:719)
	at org.namewta.notify.usecase.NotifyDispatchResultUseCase$$SpringCGLIB$$16.completeInApp(<generated>)
	at org.namewta.notify.service.runtime.DispatchNotificationService.dispatchInApp(DispatchNotificationService.java:223)
	at org.namewta.notify.service.runtime.DispatchNotificationService.dispatch(DispatchNotificationService.java:92)
	at org.namewta.test.notify.NotifyAtomicResultIntegrationTest.lambda$uncertainResultCommitUsesDurableFactsToPreventDuplicateInbox$17(NotifyAtomicResultIntegrationTest.java:508)
	at org.assertj.core.api.ThrowableAssert.catchThrowable(ThrowableAssert.java:66)
	at org.assertj.core.api.AssertionsForClassTypes.catchThrowable(AssertionsForClassTypes.java:908)
	at org.assertj.core.api.Assertions.catchThrowable(Assertions.java:1476)
	at org.assertj.core.api.Assertions.assertThatThrownBy(Assertions.java:1319)
	at org.namewta.test.notify.NotifyAtomicResultIntegrationTest.uncertainResultCommitUsesDurableFactsToPreventDuplicateInbox(NotifyAtomicResultIntegrationTest.java:508)
	at java.base/jdk.internal.reflect.DirectMethodHandleAccessor.invoke(DirectMethodHandleAccessor.java:103)
	at java.base/java.lang.reflect.Method.invoke(Method.java:580)
	at org.junit.platform.commons.util.ReflectionUtils.invokeMethod(ReflectionUtils.java:701)
	at org.junit.platform.commons.support.ReflectionSupport.invokeMethod(ReflectionSupport.java:502)
	at org.junit.jupiter.engine.support.MethodReflectionUtils.invoke(MethodReflectionUtils.java:45)
	at org.junit.jupiter.engine.execution.MethodInvocation.proceed(MethodInvocation.java:61)
	at org.junit.jupiter.engine.execution.InvocationInterceptorChain$ValidatingInvocation.proceed(InvocationInterceptorChain.java:124)
	at org.junit.jupiter.engine.extension.TimeoutExtension.intercept(TimeoutExtension.java:163)
	at org.junit.jupiter.engine.extension.TimeoutExtension.interceptTestableMethod(TimeoutExtension.java:148)
	at org.junit.jupiter.engine.extension.TimeoutExtension.interceptTestTemplateMethod(TimeoutExtension.java:94)
	at org.junit.jupiter.engine.execution.InterceptingExecutableInvoker$ReflectiveInterceptorCall.lambda$ofVoidMethod$0(InterceptingExecutableInvoker.java:123)
	at org.junit.jupiter.engine.execution.InterceptingExecutableInvoker.lambda$invoke$0(InterceptingExecutableInvoker.java:105)
	at org.junit.jupiter.engine.execution.InvocationInterceptorChain$InterceptedInvocation.proceed(InvocationInterceptorChain.java:99)
	at org.junit.jupiter.engine.execution.InvocationInterceptorChain.proceed(InvocationInterceptorChain.java:66)
	at org.junit.jupiter.engine.execution.InvocationInterceptorChain.chainAndInvoke(InvocationInterceptorChain.java:47)
	at org.junit.jupiter.engine.execution.InvocationInterceptorChain.invoke(InvocationInterceptorChain.java:39)
	at org.junit.jupiter.engine.execution.InterceptingExecutableInvoker.invoke(InterceptingExecutableInvoker.java:104)
	at org.junit.jupiter.engine.execution.InterceptingExecutableInvoker.invoke(InterceptingExecutableInvoker.java:98)
	at org.junit.jupiter.engine.execution.InterceptingExecutableInvoker.invokeVoid(InterceptingExecutableInvoker.java:71)
	at org.junit.jupiter.engine.descriptor.TestMethodTestDescriptor.lambda$invokeTestMethod$0(TestMethodTestDescriptor.java:219)
	at org.junit.platform.engine.support.hierarchical.ThrowableCollector.execute(ThrowableCollector.java:74)
	at org.junit.jupiter.engine.descriptor.TestMethodTestDescriptor.invokeTestMethod(TestMethodTestDescriptor.java:215)
	at org.junit.jupiter.engine.descriptor.TestMethodTestDescriptor.execute(TestMethodTestDescriptor.java:157)
	at org.junit.jupiter.engine.descriptor.TestMethodTestDescriptor.execute(TestMethodTestDescriptor.java:70)
	at org.junit.platform.engine.support.hierarchical.NodeTestTask.lambda$executeRecursively$2(NodeTestTask.java:176)
	at org.junit.platform.engine.support.hierarchical.ThrowableCollector.execute(ThrowableCollector.java:74)
	at org.junit.platform.engine.support.hierarchical.NodeTestTask.lambda$executeRecursively$1(NodeTestTask.java:166)
	at org.junit.platform.engine.support.hierarchical.Node.around(Node.java:138)
	at org.junit.platform.engine.support.hierarchical.NodeTestTask.lambda$executeRecursively$0(NodeTestTask.java:164)
	at org.junit.platform.engine.support.hierarchical.ThrowableCollector.execute(ThrowableCollector.java:74)
	at org.junit.platform.engine.support.hierarchical.NodeTestTask.executeRecursively(NodeTestTask.java:163)
	at org.junit.platform.engine.support.hierarchical.NodeTestTask.execute(NodeTestTask.java:116)
	at org.junit.platform.engine.support.hierarchical.SameThreadHierarchicalTestExecutorService.submit(SameThreadHierarchicalTestExecutorService.java:36)
	at org.junit.platform.engine.support.hierarchical.NodeTestTask$DefaultDynamicTestExecutor.execute(NodeTestTask.java:268)
	at org.junit.platform.engine.support.hierarchical.NodeTestTask$DefaultDynamicTestExecutor.execute(NodeTestTask.java:246)
	at org.junit.jupiter.engine.descriptor.TemplateExecutor.execute(TemplateExecutor.java:96)
	at org.junit.jupiter.engine.descriptor.TemplateExecutor.lambda$executeForProvider$1(TemplateExecutor.java:59)
	at java.base/java.util.Optional.ifPresent(Optional.java:178)
	at org.junit.jupiter.engine.descriptor.TemplateExecutor.lambda$executeForProvider$0(TemplateExecutor.java:59)
	at java.base/java.util.stream.ForEachOps$ForEachOp$OfRef.accept(ForEachOps.java:184)
	at java.base/java.util.stream.ReferencePipeline$3$1.accept(ReferencePipeline.java:197)
	at java.base/java.util.stream.ForEachOps$ForEachOp$OfRef.accept(ForEachOps.java:184)
	at java.base/java.util.stream.ForEachOps$ForEachOp$OfRef.accept(ForEachOps.java:184)
	at java.base/java.util.stream.ReferencePipeline$3$1.accept(ReferencePipeline.java:197)
	at java.base/java.util.Spliterators$ArraySpliterator.forEachRemaining(Spliterators.java:1024)
	at java.base/java.util.stream.AbstractPipeline.copyInto(AbstractPipeline.java:509)
	at java.base/java.util.stream.AbstractPipeline.wrapAndCopyInto(AbstractPipeline.java:499)
	at java.base/java.util.stream.ForEachOps$ForEachOp.evaluateSequential(ForEachOps.java:151)
	at java.base/java.util.stream.ForEachOps$ForEachOp$OfRef.evaluateSequential(ForEachOps.java:174)
	at java.base/java.util.stream.AbstractPipeline.evaluate(AbstractPipeline.java:234)
	at java.base/java.util.stream.ReferencePipeline.forEach(ReferencePipeline.java:596)
	at java.base/java.util.stream.ReferencePipeline$7$1.accept(ReferencePipeline.java:276)
	at java.base/java.util.ArrayList$ArrayListSpliterator.forEachRemaining(ArrayList.java:1708)
	at java.base/java.util.stream.AbstractPipeline.copyInto(AbstractPipeline.java:509)
	at java.base/java.util.stream.AbstractPipeline.wrapAndCopyInto(AbstractPipeline.java:499)
	at java.base/java.util.stream.ForEachOps$ForEachOp.evaluateSequential(ForEachOps.java:151)
	at java.base/java.util.stream.ForEachOps$ForEachOp$OfRef.evaluateSequential(ForEachOps.java:174)
	at java.base/java.util.stream.AbstractPipeline.evaluate(AbstractPipeline.java:234)
	at java.base/java.util.stream.ReferencePipeline.forEach(ReferencePipeline.java:596)
	at java.base/java.util.stream.ReferencePipeline$7$1.accept(ReferencePipeline.java:276)
	at java.base/java.util.stream.ReferencePipeline$3$1.accept(ReferencePipeline.java:197)
	at java.base/java.util.stream.ReferencePipeline$3$1.accept(ReferencePipeline.java:197)
	at java.base/java.util.stream.ReferencePipeline$3$1.accept(ReferencePipeline.java:197)
	at java.base/java.util.AbstractList$RandomAccessSpliterator.forEachRemaining(AbstractList.java:722)
	at java.base/java.util.stream.AbstractPipeline.copyInto(AbstractPipeline.java:509)
	at java.base/java.util.stream.AbstractPipeline.wrapAndCopyInto(AbstractPipeline.java:499)
	at java.base/java.util.stream.ForEachOps$ForEachOp.evaluateSequential(ForEachOps.java:151)
	at java.base/java.util.stream.ForEachOps$ForEachOp$OfRef.evaluateSequential(ForEachOps.java:174)
	at java.base/java.util.stream.AbstractPipeline.evaluate(AbstractPipeline.java:234)
	at java.base/java.util.stream.ReferencePipeline.forEach(ReferencePipeline.java:596)
	at org.junit.jupiter.engine.descriptor.TemplateExecutor.executeForProvider(TemplateExecutor.java:57)
	at org.junit.jupiter.engine.descriptor.TemplateExecutor.execute(TemplateExecutor.java:46)
	at org.junit.jupiter.engine.descriptor.TestTemplateTestDescriptor.execute(TestTemplateTestDescriptor.java:112)
	at org.junit.jupiter.engine.descriptor.TestTemplateTestDescriptor.execute(TestTemplateTestDescriptor.java:40)
	at org.junit.platform.engine.support.hierarchical.NodeTestTask.lambda$executeRecursively$2(NodeTestTask.java:176)
	at org.junit.platform.engine.support.hierarchical.ThrowableCollector.execute(ThrowableCollector.java:74)
	at org.junit.platform.engine.support.hierarchical.NodeTestTask.lambda$executeRecursively$1(NodeTestTask.java:166)
	at org.junit.platform.engine.support.hierarchical.Node.around(Node.java:138)
	at org.junit.platform.engine.support.hierarchical.NodeTestTask.lambda$executeRecursively$0(NodeTestTask.java:164)
	at org.junit.platform.engine.support.hierarchical.ThrowableCollector.execute(ThrowableCollector.java:74)
	at org.junit.platform.engine.support.hierarchical.NodeTestTask.executeRecursively(NodeTestTask.java:163)
	at org.junit.platform.engine.support.hierarchical.NodeTestTask.execute(NodeTestTask.java:116)
	at java.base/java.util.ArrayList.forEach(ArrayList.java:1596)
	at org.junit.platform.engine.support.hierarchical.SameThreadHierarchicalTestExecutorService.invokeAll(SameThreadHierarchicalTestExecutorService.java:42)
	at org.junit.platform.engine.support.hierarchical.NodeTestTask.lambda$executeRecursively$2(NodeTestTask.java:180)
	at org.junit.platform.engine.support.hierarchical.ThrowableCollector.execute(ThrowableCollector.java:74)
	at org.junit.platform.engine.support.hierarchical.NodeTestTask.lambda$executeRecursively$1(NodeTestTask.java:166)
	at org.junit.platform.engine.support.hierarchical.Node.around(Node.java:138)
	at org.junit.platform.engine.support.hierarchical.NodeTestTask.lambda$executeRecursively$0(NodeTestTask.java:164)
	at org.junit.platform.engine.support.hierarchical.ThrowableCollector.execute(ThrowableCollector.java:74)
	at org.junit.platform.engine.support.hierarchical.NodeTestTask.executeRecursively(NodeTestTask.java:163)
	at org.junit.platform.engine.support.hierarchical.NodeTestTask.execute(NodeTestTask.java:116)
	at java.base/java.util.ArrayList.forEach(ArrayList.java:1596)
	at org.junit.platform.engine.support.hierarchical.SameThreadHierarchicalTestExecutorService.invokeAll(SameThreadHierarchicalTestExecutorService.java:42)
	at org.junit.platform.engine.support.hierarchical.NodeTestTask.lambda$executeRecursively$2(NodeTestTask.java:180)
	at org.junit.platform.engine.support.hierarchical.ThrowableCollector.execute(ThrowableCollector.java:74)
	at org.junit.platform.engine.support.hierarchical.NodeTestTask.lambda$executeRecursively$1(NodeTestTask.java:166)
	at org.junit.platform.engine.support.hierarchical.Node.around(Node.java:138)
	at org.junit.platform.engine.support.hierarchical.NodeTestTask.lambda$executeRecursively$0(NodeTestTask.java:164)
	at org.junit.platform.engine.support.hierarchical.ThrowableCollector.execute(ThrowableCollector.java:74)
	at org.junit.platform.engine.support.hierarchical.NodeTestTask.executeRecursively(NodeTestTask.java:163)
	at org.junit.platform.engine.support.hierarchical.NodeTestTask.execute(NodeTestTask.java:116)
	at org.junit.platform.engine.support.hierarchical.SameThreadHierarchicalTestExecutorService.submit(SameThreadHierarchicalTestExecutorService.java:36)
	at org.junit.platform.engine.support.hierarchical.HierarchicalTestExecutor.execute(HierarchicalTestExecutor.java:52)
	at org.junit.platform.engine.support.hierarchical.HierarchicalTestEngine.execute(HierarchicalTestEngine.java:58)
	at org.junit.platform.launcher.core.EngineExecutionOrchestrator.executeEngine(EngineExecutionOrchestrator.java:246)
	at org.junit.platform.launcher.core.EngineExecutionOrchestrator.failOrExecuteEngine(EngineExecutionOrchestrator.java:218)
	at org.junit.platform.launcher.core.EngineExecutionOrchestrator.execute(EngineExecutionOrchestrator.java:179)
	at org.junit.platform.launcher.core.EngineExecutionOrchestrator.execute(EngineExecutionOrchestrator.java:108)
	at org.junit.platform.launcher.core.EngineExecutionOrchestrator.lambda$execute$0(EngineExecutionOrchestrator.java:66)
	at org.junit.platform.launcher.core.EngineExecutionOrchestrator.withInterceptedStreams(EngineExecutionOrchestrator.java:157)
	at org.junit.platform.launcher.core.EngineExecutionOrchestrator.execute(EngineExecutionOrchestrator.java:65)
	at org.junit.platform.launcher.core.DefaultLauncher.execute(DefaultLauncher.java:125)
	at org.junit.platform.launcher.core.DefaultLauncher.execute(DefaultLauncher.java:114)
	at org.junit.platform.launcher.core.DelegatingLauncher.execute(DelegatingLauncher.java:58)
	at org.junit.platform.launcher.core.InterceptingLauncher.lambda$execute$2(InterceptingLauncher.java:57)
	at org.junit.platform.launcher.core.ClasspathAlignmentCheckingLauncherInterceptor.intercept(ClasspathAlignmentCheckingLauncherInterceptor.java:25)
	at org.junit.platform.launcher.core.InterceptingLauncher.execute(InterceptingLauncher.java:56)
	at org.junit.platform.launcher.core.DelegatingLauncher.execute(DelegatingLauncher.java:58)
	at java.base/jdk.internal.reflect.DirectMethodHandleAccessor.invoke(DirectMethodHandleAccessor.java:103)
	at java.base/java.lang.reflect.Method.invoke(Method.java:580)
	at org.apache.maven.surefire.api.util.ReflectionUtils.invokeMethodWithArray(ReflectionUtils.java:125)
	at org.apache.maven.surefire.junitplatform.LauncherAdapter.executeWithCancellationToken(LauncherAdapter.java:68)
	at org.apache.maven.surefire.junitplatform.LauncherAdapter.execute(LauncherAdapter.java:54)
	at org.apache.maven.surefire.junitplatform.JUnitPlatformProvider.execute(JUnitPlatformProvider.java:203)
	at org.apache.maven.surefire.junitplatform.JUnitPlatformProvider.invokeAllTests(JUnitPlatformProvider.java:168)
	at org.apache.maven.surefire.junitplatform.JUnitPlatformProvider.invoke(JUnitPlatformProvider.java:134)
	at org.apache.maven.surefire.booter.ForkedBooter.runSuitesInProcess(ForkedBooter.java:385)
	at org.apache.maven.surefire.booter.ForkedBooter.execute(ForkedBooter.java:162)
	at org.apache.maven.surefire.booter.ForkedBooter.run(ForkedBooter.java:507)
	at org.apache.maven.surefire.booter.ForkedBooter.main(ForkedBooter.java:495)
10:53:03.468 [main] WARN org.namewta.notify.adapter.event.InAppCommittedPushListener -- 站内实时提示失败，messageId=9220001, reason=IllegalStateException
10:53:03.486 [main] INFO com.baomidou.dynamic.datasource.DynamicRoutingDataSource -- dynamic-datasource start closing ....
10:53:03.487 [main] INFO com.baomidou.dynamic.datasource.DynamicRoutingDataSource -- dynamic-datasource all closed success,bye
10:53:03.487 [main] INFO com.zaxxer.hikari.HikariDataSource -- HikariPool-17 - Shutdown initiated...
10:53:03.498 [main] INFO com.zaxxer.hikari.HikariDataSource -- HikariPool-17 - Shutdown completed.
10:53:03.501 [main] INFO com.baomidou.dynamic.datasource.DynamicRoutingDataSource -- dynamic-datasource - add a datasource named [master] success
10:53:03.601 [main] INFO org.redisson.Version -- Redisson 4.6.1
10:53:03.604 [redisson-netty-53-1] INFO org.redisson.connection.ConnectionsHolder -- 1 connections initialized for 127.0.0.1/127.0.0.1:32833
10:53:03.605 [redisson-netty-53-2] INFO org.redisson.connection.ConnectionsHolder -- 1 connections initialized for 127.0.0.1/127.0.0.1:32833
10:53:03.626 [main] INFO com.zaxxer.hikari.HikariDataSource -- HikariPool-18 - Starting...
10:53:03.631 [main] INFO com.zaxxer.hikari.pool.HikariPool -- HikariPool-18 - Added connection com.mysql.cj.jdbc.ConnectionImpl@7647d789
10:53:03.631 [main] INFO com.zaxxer.hikari.HikariDataSource -- HikariPool-18 - Start completed.
10:53:03.759 [main] INFO com.baomidou.dynamic.datasource.DynamicRoutingDataSource -- dynamic-datasource start closing ....
10:53:03.759 [main] INFO com.baomidou.dynamic.datasource.DynamicRoutingDataSource -- dynamic-datasource all closed success,bye
10:53:03.759 [main] INFO com.zaxxer.hikari.HikariDataSource -- HikariPool-18 - Shutdown initiated...
10:53:03.767 [main] INFO com.zaxxer.hikari.HikariDataSource -- HikariPool-18 - Shutdown completed.
10:53:03.769 [main] INFO com.baomidou.dynamic.datasource.DynamicRoutingDataSource -- dynamic-datasource - add a datasource named [master] success
10:53:03.916 [main] INFO org.redisson.Version -- Redisson 4.6.1
10:53:03.920 [redisson-netty-56-1] INFO org.redisson.connection.ConnectionsHolder -- 1 connections initialized for 127.0.0.1/127.0.0.1:32833
10:53:03.923 [redisson-netty-56-2] INFO org.redisson.connection.ConnectionsHolder -- 1 connections initialized for 127.0.0.1/127.0.0.1:32833
10:53:03.945 [main] INFO com.zaxxer.hikari.HikariDataSource -- HikariPool-19 - Starting...
10:53:03.949 [main] INFO com.zaxxer.hikari.pool.HikariPool -- HikariPool-19 - Added connection com.mysql.cj.jdbc.ConnectionImpl@5919dd67
10:53:03.949 [main] INFO com.zaxxer.hikari.HikariDataSource -- HikariPool-19 - Start completed.
10:53:04.040 [main] INFO com.baomidou.dynamic.datasource.DynamicRoutingDataSource -- dynamic-datasource start closing ....
10:53:04.040 [main] INFO com.baomidou.dynamic.datasource.DynamicRoutingDataSource -- dynamic-datasource all closed success,bye
10:53:04.040 [main] INFO com.zaxxer.hikari.HikariDataSource -- HikariPool-19 - Shutdown initiated...
10:53:04.041 [main] INFO com.zaxxer.hikari.HikariDataSource -- HikariPool-19 - Shutdown completed.
10:53:04.042 [main] INFO com.baomidou.dynamic.datasource.DynamicRoutingDataSource -- dynamic-datasource - add a datasource named [master] success
10:53:04.149 [main] INFO org.redisson.Version -- Redisson 4.6.1
10:53:04.153 [redisson-netty-59-1] INFO org.redisson.connection.ConnectionsHolder -- 1 connections initialized for 127.0.0.1/127.0.0.1:32833
10:53:04.153 [redisson-netty-59-2] INFO org.redisson.connection.ConnectionsHolder -- 1 connections initialized for 127.0.0.1/127.0.0.1:32833
10:53:04.170 [main] INFO com.zaxxer.hikari.HikariDataSource -- HikariPool-20 - Starting...
10:53:04.175 [main] INFO com.zaxxer.hikari.pool.HikariPool -- HikariPool-20 - Added connection com.mysql.cj.jdbc.ConnectionImpl@59ed8460
10:53:04.175 [main] INFO com.zaxxer.hikari.HikariDataSource -- HikariPool-20 - Start completed.
10:53:04.245 [main] INFO com.baomidou.dynamic.datasource.DynamicRoutingDataSource -- dynamic-datasource start closing ....
10:53:04.246 [main] INFO com.baomidou.dynamic.datasource.DynamicRoutingDataSource -- dynamic-datasource all closed success,bye
10:53:04.246 [main] INFO com.zaxxer.hikari.HikariDataSource -- HikariPool-20 - Shutdown initiated...
10:53:04.246 [main] INFO com.zaxxer.hikari.HikariDataSource -- HikariPool-20 - Shutdown completed.
10:53:04.248 [main] INFO com.baomidou.dynamic.datasource.DynamicRoutingDataSource -- dynamic-datasource - add a datasource named [master] success
10:53:04.341 [main] INFO org.redisson.Version -- Redisson 4.6.1
10:53:04.347 [redisson-netty-62-1] INFO org.redisson.connection.ConnectionsHolder -- 1 connections initialized for 127.0.0.1/127.0.0.1:32833
10:53:04.347 [redisson-netty-62-2] INFO org.redisson.connection.ConnectionsHolder -- 1 connections initialized for 127.0.0.1/127.0.0.1:32833
10:53:04.362 [main] INFO com.zaxxer.hikari.HikariDataSource -- HikariPool-21 - Starting...
10:53:04.366 [main] INFO com.zaxxer.hikari.pool.HikariPool -- HikariPool-21 - Added connection com.mysql.cj.jdbc.ConnectionImpl@422b5005
10:53:04.366 [main] INFO com.zaxxer.hikari.HikariDataSource -- HikariPool-21 - Start completed.
10:53:04.401 [main] INFO com.baomidou.dynamic.datasource.DynamicRoutingDataSource -- dynamic-datasource start closing ....
10:53:04.402 [main] INFO com.baomidou.dynamic.datasource.DynamicRoutingDataSource -- dynamic-datasource all closed success,bye
10:53:04.402 [main] INFO com.zaxxer.hikari.HikariDataSource -- HikariPool-21 - Shutdown initiated...
10:53:04.402 [main] INFO com.zaxxer.hikari.HikariDataSource -- HikariPool-21 - Shutdown completed.
10:53:04.405 [main] INFO com.baomidou.dynamic.datasource.DynamicRoutingDataSource -- dynamic-datasource - add a datasource named [master] success
10:53:04.507 [main] INFO org.redisson.Version -- Redisson 4.6.1
10:53:04.514 [redisson-netty-65-1] INFO org.redisson.connection.ConnectionsHolder -- 1 connections initialized for 127.0.0.1/127.0.0.1:32833
10:53:04.515 [redisson-netty-65-2] INFO org.redisson.connection.ConnectionsHolder -- 1 connections initialized for 127.0.0.1/127.0.0.1:32833
10:53:04.536 [main] INFO com.zaxxer.hikari.HikariDataSource -- HikariPool-22 - Starting...
10:53:04.541 [main] INFO com.zaxxer.hikari.pool.HikariPool -- HikariPool-22 - Added connection com.mysql.cj.jdbc.ConnectionImpl@467686b2
10:53:04.541 [main] INFO com.zaxxer.hikari.HikariDataSource -- HikariPool-22 - Start completed.
10:53:04.698 [main] WARN org.namewta.notify.adapter.event.InAppCommittedPushListener -- 站内实时提示失败，messageId=9220001, reason=IllegalStateException
10:53:04.729 [main] INFO com.baomidou.dynamic.datasource.DynamicRoutingDataSource -- dynamic-datasource start closing ....
10:53:04.729 [main] INFO com.baomidou.dynamic.datasource.DynamicRoutingDataSource -- dynamic-datasource all closed success,bye
10:53:04.729 [main] INFO com.zaxxer.hikari.HikariDataSource -- HikariPool-22 - Shutdown initiated...
10:53:04.745 [main] INFO com.zaxxer.hikari.HikariDataSource -- HikariPool-22 - Shutdown completed.
10:53:04.747 [main] INFO com.baomidou.dynamic.datasource.DynamicRoutingDataSource -- dynamic-datasource - add a datasource named [master] success
10:53:04.864 [main] INFO org.redisson.Version -- Redisson 4.6.1
10:53:04.869 [redisson-netty-68-1] INFO org.redisson.connection.ConnectionsHolder -- 1 connections initialized for 127.0.0.1/127.0.0.1:32833
10:53:04.870 [redisson-netty-68-2] INFO org.redisson.connection.ConnectionsHolder -- 1 connections initialized for 127.0.0.1/127.0.0.1:32833
10:53:04.885 [main] INFO com.zaxxer.hikari.HikariDataSource -- HikariPool-23 - Starting...
10:53:04.891 [main] INFO com.zaxxer.hikari.pool.HikariPool -- HikariPool-23 - Added connection com.mysql.cj.jdbc.ConnectionImpl@2afee2ee
10:53:04.891 [main] INFO com.zaxxer.hikari.HikariDataSource -- HikariPool-23 - Start completed.
10:53:05.084 [main] INFO com.baomidou.dynamic.datasource.DynamicRoutingDataSource -- dynamic-datasource start closing ....
10:53:05.084 [main] INFO com.baomidou.dynamic.datasource.DynamicRoutingDataSource -- dynamic-datasource all closed success,bye
10:53:05.084 [main] INFO com.zaxxer.hikari.HikariDataSource -- HikariPool-23 - Shutdown initiated...
10:53:05.116 [main] INFO com.zaxxer.hikari.HikariDataSource -- HikariPool-23 - Shutdown completed.
10:53:05.119 [main] INFO com.baomidou.dynamic.datasource.DynamicRoutingDataSource -- dynamic-datasource - add a datasource named [master] success
10:53:05.231 [main] INFO org.redisson.Version -- Redisson 4.6.1
10:53:05.236 [redisson-netty-71-1] INFO org.redisson.connection.ConnectionsHolder -- 1 connections initialized for 127.0.0.1/127.0.0.1:32833
10:53:05.236 [redisson-netty-71-2] INFO org.redisson.connection.ConnectionsHolder -- 1 connections initialized for 127.0.0.1/127.0.0.1:32833
10:53:05.253 [main] INFO com.zaxxer.hikari.HikariDataSource -- HikariPool-24 - Starting...
10:53:05.256 [main] INFO com.zaxxer.hikari.pool.HikariPool -- HikariPool-24 - Added connection com.mysql.cj.jdbc.ConnectionImpl@5e8f7cf4
10:53:05.256 [main] INFO com.zaxxer.hikari.HikariDataSource -- HikariPool-24 - Start completed.
10:53:05.339 [main] WARN org.namewta.notify.adapter.event.InAppCommittedPushListener -- 站内实时提示失败，messageId=9220001, reason=IllegalStateException
10:53:05.368 [main] INFO com.baomidou.dynamic.datasource.DynamicRoutingDataSource -- dynamic-datasource start closing ....
10:53:05.368 [main] INFO com.baomidou.dynamic.datasource.DynamicRoutingDataSource -- dynamic-datasource all closed success,bye
10:53:05.368 [main] INFO com.zaxxer.hikari.HikariDataSource -- HikariPool-24 - Shutdown initiated...
10:53:05.394 [main] INFO com.zaxxer.hikari.HikariDataSource -- HikariPool-24 - Shutdown completed.
10:53:05.397 [main] INFO com.baomidou.dynamic.datasource.DynamicRoutingDataSource -- dynamic-datasource - add a datasource named [master] success
10:53:05.512 [main] INFO org.redisson.Version -- Redisson 4.6.1
10:53:05.519 [redisson-netty-74-1] INFO org.redisson.connection.ConnectionsHolder -- 1 connections initialized for 127.0.0.1/127.0.0.1:32833
10:53:05.520 [redisson-netty-74-2] INFO org.redisson.connection.ConnectionsHolder -- 1 connections initialized for 127.0.0.1/127.0.0.1:32833
10:53:05.539 [main] INFO com.zaxxer.hikari.HikariDataSource -- HikariPool-25 - Starting...
10:53:05.543 [main] INFO com.zaxxer.hikari.pool.HikariPool -- HikariPool-25 - Added connection com.mysql.cj.jdbc.ConnectionImpl@3ae62c8a
10:53:05.543 [main] INFO com.zaxxer.hikari.HikariDataSource -- HikariPool-25 - Start completed.
10:53:05.639 [main] INFO com.baomidou.dynamic.datasource.DynamicRoutingDataSource -- dynamic-datasource start closing ....
10:53:05.639 [main] INFO com.baomidou.dynamic.datasource.DynamicRoutingDataSource -- dynamic-datasource all closed success,bye
10:53:05.639 [main] INFO com.zaxxer.hikari.HikariDataSource -- HikariPool-25 - Shutdown initiated...
10:53:05.640 [main] INFO com.zaxxer.hikari.HikariDataSource -- HikariPool-25 - Shutdown completed.
10:53:05.643 [main] INFO com.baomidou.dynamic.datasource.DynamicRoutingDataSource -- dynamic-datasource - add a datasource named [master] success
10:53:05.750 [main] INFO org.redisson.Version -- Redisson 4.6.1
10:53:05.754 [redisson-netty-77-1] INFO org.redisson.connection.ConnectionsHolder -- 1 connections initialized for 127.0.0.1/127.0.0.1:32833
10:53:05.754 [redisson-netty-77-2] INFO org.redisson.connection.ConnectionsHolder -- 1 connections initialized for 127.0.0.1/127.0.0.1:32833
10:53:05.774 [main] INFO com.zaxxer.hikari.HikariDataSource -- HikariPool-26 - Starting...
10:53:05.779 [main] INFO com.zaxxer.hikari.pool.HikariPool -- HikariPool-26 - Added connection com.mysql.cj.jdbc.ConnectionImpl@4b47e09b
10:53:05.779 [main] INFO com.zaxxer.hikari.HikariDataSource -- HikariPool-26 - Start completed.
10:53:05.859 [main] INFO com.baomidou.dynamic.datasource.DynamicRoutingDataSource -- dynamic-datasource start closing ....
10:53:05.859 [main] INFO com.baomidou.dynamic.datasource.DynamicRoutingDataSource -- dynamic-datasource all closed success,bye
10:53:05.859 [main] INFO com.zaxxer.hikari.HikariDataSource -- HikariPool-26 - Shutdown initiated...
10:53:05.861 [main] INFO com.zaxxer.hikari.HikariDataSource -- HikariPool-26 - Shutdown completed.
10:53:05.863 [main] INFO com.baomidou.dynamic.datasource.DynamicRoutingDataSource -- dynamic-datasource - add a datasource named [master] success
10:53:05.975 [main] INFO org.redisson.Version -- Redisson 4.6.1
10:53:05.979 [redisson-netty-80-1] INFO org.redisson.connection.ConnectionsHolder -- 1 connections initialized for 127.0.0.1/127.0.0.1:32833
10:53:05.980 [redisson-netty-80-2] INFO org.redisson.connection.ConnectionsHolder -- 1 connections initialized for 127.0.0.1/127.0.0.1:32833
10:53:06.001 [main] INFO com.zaxxer.hikari.HikariDataSource -- HikariPool-27 - Starting...
10:53:06.005 [main] INFO com.zaxxer.hikari.pool.HikariPool -- HikariPool-27 - Added connection com.mysql.cj.jdbc.ConnectionImpl@4ac40529
10:53:06.006 [main] INFO com.zaxxer.hikari.HikariDataSource -- HikariPool-27 - Start completed.
10:53:06.068 [main] INFO com.baomidou.dynamic.datasource.DynamicRoutingDataSource -- dynamic-datasource start closing ....
10:53:06.068 [main] INFO com.baomidou.dynamic.datasource.DynamicRoutingDataSource -- dynamic-datasource all closed success,bye
10:53:06.068 [main] INFO com.zaxxer.hikari.HikariDataSource -- HikariPool-27 - Shutdown initiated...
10:53:06.069 [main] INFO com.zaxxer.hikari.HikariDataSource -- HikariPool-27 - Shutdown completed.
10:53:06.072 [main] INFO com.baomidou.dynamic.datasource.DynamicRoutingDataSource -- dynamic-datasource - add a datasource named [master] success
10:53:06.182 [main] INFO org.redisson.Version -- Redisson 4.6.1
10:53:06.185 [redisson-netty-83-1] INFO org.redisson.connection.ConnectionsHolder -- 1 connections initialized for 127.0.0.1/127.0.0.1:32833
10:53:06.185 [redisson-netty-83-2] INFO org.redisson.connection.ConnectionsHolder -- 1 connections initialized for 127.0.0.1/127.0.0.1:32833
10:53:06.199 [main] INFO com.zaxxer.hikari.HikariDataSource -- HikariPool-28 - Starting...
10:53:06.202 [main] INFO com.zaxxer.hikari.pool.HikariPool -- HikariPool-28 - Added connection com.mysql.cj.jdbc.ConnectionImpl@2b06fc00
10:53:06.203 [main] INFO com.zaxxer.hikari.HikariDataSource -- HikariPool-28 - Start completed.
10:53:06.270 [main] INFO com.baomidou.dynamic.datasource.DynamicRoutingDataSource -- dynamic-datasource start closing ....
10:53:06.270 [main] INFO com.baomidou.dynamic.datasource.DynamicRoutingDataSource -- dynamic-datasource all closed success,bye
10:53:06.270 [main] INFO com.zaxxer.hikari.HikariDataSource -- HikariPool-28 - Shutdown initiated...
10:53:06.271 [main] INFO com.zaxxer.hikari.HikariDataSource -- HikariPool-28 - Shutdown completed.
10:53:06.273 [main] INFO com.baomidou.dynamic.datasource.DynamicRoutingDataSource -- dynamic-datasource - add a datasource named [master] success
10:53:06.367 [main] INFO org.redisson.Version -- Redisson 4.6.1
10:53:06.370 [redisson-netty-86-1] INFO org.redisson.connection.ConnectionsHolder -- 1 connections initialized for 127.0.0.1/127.0.0.1:32833
10:53:06.370 [redisson-netty-86-2] INFO org.redisson.connection.ConnectionsHolder -- 1 connections initialized for 127.0.0.1/127.0.0.1:32833
10:53:06.385 [main] INFO com.zaxxer.hikari.HikariDataSource -- HikariPool-29 - Starting...
10:53:06.391 [main] INFO com.zaxxer.hikari.pool.HikariPool -- HikariPool-29 - Added connection com.mysql.cj.jdbc.ConnectionImpl@177bd3ae
10:53:06.391 [main] INFO com.zaxxer.hikari.HikariDataSource -- HikariPool-29 - Start completed.
10:53:06.460 [main] INFO com.baomidou.dynamic.datasource.DynamicRoutingDataSource -- dynamic-datasource start closing ....
10:53:06.460 [main] INFO com.baomidou.dynamic.datasource.DynamicRoutingDataSource -- dynamic-datasource all closed success,bye
10:53:06.460 [main] INFO com.zaxxer.hikari.HikariDataSource -- HikariPool-29 - Shutdown initiated...
10:53:06.461 [main] INFO com.zaxxer.hikari.HikariDataSource -- HikariPool-29 - Shutdown completed.
10:53:06.463 [main] INFO com.baomidou.dynamic.datasource.DynamicRoutingDataSource -- dynamic-datasource - add a datasource named [master] success
10:53:06.551 [main] INFO org.redisson.Version -- Redisson 4.6.1
10:53:06.553 [redisson-netty-89-1] INFO org.redisson.connection.ConnectionsHolder -- 1 connections initialized for 127.0.0.1/127.0.0.1:32833
10:53:06.554 [redisson-netty-89-2] INFO org.redisson.connection.ConnectionsHolder -- 1 connections initialized for 127.0.0.1/127.0.0.1:32833
10:53:06.568 [main] INFO com.zaxxer.hikari.HikariDataSource -- HikariPool-30 - Starting...
10:53:06.571 [main] INFO com.zaxxer.hikari.pool.HikariPool -- HikariPool-30 - Added connection com.mysql.cj.jdbc.ConnectionImpl@3c73a08e
10:53:06.571 [main] INFO com.zaxxer.hikari.HikariDataSource -- HikariPool-30 - Start completed.
10:53:06.655 [main] INFO com.baomidou.dynamic.datasource.DynamicRoutingDataSource -- dynamic-datasource start closing ....
10:53:06.655 [main] INFO com.baomidou.dynamic.datasource.DynamicRoutingDataSource -- dynamic-datasource all closed success,bye
10:53:06.655 [main] INFO com.zaxxer.hikari.HikariDataSource -- HikariPool-30 - Shutdown initiated...
10:53:06.656 [main] INFO com.zaxxer.hikari.HikariDataSource -- HikariPool-30 - Shutdown completed.
10:53:06.658 [main] INFO com.baomidou.dynamic.datasource.DynamicRoutingDataSource -- dynamic-datasource - add a datasource named [master] success
10:53:06.758 [main] INFO org.redisson.Version -- Redisson 4.6.1
10:53:06.763 [redisson-netty-92-1] INFO org.redisson.connection.ConnectionsHolder -- 1 connections initialized for 127.0.0.1/127.0.0.1:32833
10:53:06.763 [redisson-netty-92-2] INFO org.redisson.connection.ConnectionsHolder -- 1 connections initialized for 127.0.0.1/127.0.0.1:32833
10:53:06.785 [main] INFO com.zaxxer.hikari.HikariDataSource -- HikariPool-31 - Starting...
10:53:06.788 [main] INFO com.zaxxer.hikari.pool.HikariPool -- HikariPool-31 - Added connection com.mysql.cj.jdbc.ConnectionImpl@5ba1192c
10:53:06.789 [main] INFO com.zaxxer.hikari.HikariDataSource -- HikariPool-31 - Start completed.
10:53:06.868 [main] INFO com.baomidou.dynamic.datasource.DynamicRoutingDataSource -- dynamic-datasource start closing ....
10:53:06.868 [main] INFO com.baomidou.dynamic.datasource.DynamicRoutingDataSource -- dynamic-datasource all closed success,bye
10:53:06.868 [main] INFO com.zaxxer.hikari.HikariDataSource -- HikariPool-31 - Shutdown initiated...
10:53:06.869 [main] INFO com.zaxxer.hikari.HikariDataSource -- HikariPool-31 - Shutdown completed.
10:53:06.870 [main] INFO com.baomidou.dynamic.datasource.DynamicRoutingDataSource -- dynamic-datasource - add a datasource named [master] success
10:53:06.952 [main] INFO org.redisson.Version -- Redisson 4.6.1
10:53:06.955 [redisson-netty-95-1] INFO org.redisson.connection.ConnectionsHolder -- 1 connections initialized for 127.0.0.1/127.0.0.1:32833
10:53:06.956 [redisson-netty-95-2] INFO org.redisson.connection.ConnectionsHolder -- 1 connections initialized for 127.0.0.1/127.0.0.1:32833
10:53:06.968 [main] INFO com.zaxxer.hikari.HikariDataSource -- HikariPool-32 - Starting...
10:53:06.972 [main] INFO com.zaxxer.hikari.pool.HikariPool -- HikariPool-32 - Added connection com.mysql.cj.jdbc.ConnectionImpl@9e81d7b
10:53:06.972 [main] INFO com.zaxxer.hikari.HikariDataSource -- HikariPool-32 - Start completed.
10:53:07.060 [main] INFO com.baomidou.dynamic.datasource.DynamicRoutingDataSource -- dynamic-datasource start closing ....
10:53:07.061 [main] INFO com.baomidou.dynamic.datasource.DynamicRoutingDataSource -- dynamic-datasource all closed success,bye
10:53:07.061 [main] INFO com.zaxxer.hikari.HikariDataSource -- HikariPool-32 - Shutdown initiated...
10:53:07.062 [main] INFO com.zaxxer.hikari.HikariDataSource -- HikariPool-32 - Shutdown completed.
10:53:07.064 [main] INFO com.baomidou.dynamic.datasource.DynamicRoutingDataSource -- dynamic-datasource - add a datasource named [master] success
10:53:07.151 [main] INFO org.redisson.Version -- Redisson 4.6.1
10:53:07.156 [redisson-netty-98-1] INFO org.redisson.connection.ConnectionsHolder -- 1 connections initialized for 127.0.0.1/127.0.0.1:32833
10:53:07.156 [redisson-netty-98-2] INFO org.redisson.connection.ConnectionsHolder -- 1 connections initialized for 127.0.0.1/127.0.0.1:32833
10:53:07.171 [main] INFO com.zaxxer.hikari.HikariDataSource -- HikariPool-33 - Starting...
10:53:07.176 [main] INFO com.zaxxer.hikari.pool.HikariPool -- HikariPool-33 - Added connection com.mysql.cj.jdbc.ConnectionImpl@423b3147
10:53:07.176 [main] INFO com.zaxxer.hikari.HikariDataSource -- HikariPool-33 - Start completed.
10:53:07.267 [main] INFO com.baomidou.dynamic.datasource.DynamicRoutingDataSource -- dynamic-datasource start closing ....
10:53:07.267 [main] INFO com.baomidou.dynamic.datasource.DynamicRoutingDataSource -- dynamic-datasource all closed success,bye
10:53:07.267 [main] INFO com.zaxxer.hikari.HikariDataSource -- HikariPool-33 - Shutdown initiated...
10:53:07.267 [main] INFO com.zaxxer.hikari.HikariDataSource -- HikariPool-33 - Shutdown completed.
10:53:07.269 [main] INFO com.baomidou.dynamic.datasource.DynamicRoutingDataSource -- dynamic-datasource - add a datasource named [master] success
10:53:07.366 [main] INFO org.redisson.Version -- Redisson 4.6.1
10:53:07.370 [redisson-netty-101-2] INFO org.redisson.connection.ConnectionsHolder -- 1 connections initialized for 127.0.0.1/127.0.0.1:32833
10:53:07.370 [redisson-netty-101-1] INFO org.redisson.connection.ConnectionsHolder -- 1 connections initialized for 127.0.0.1/127.0.0.1:32833
10:53:07.391 [main] INFO com.zaxxer.hikari.HikariDataSource -- HikariPool-34 - Starting...
10:53:07.397 [main] INFO com.zaxxer.hikari.pool.HikariPool -- HikariPool-34 - Added connection com.mysql.cj.jdbc.ConnectionImpl@196fe9d2
10:53:07.398 [main] INFO com.zaxxer.hikari.HikariDataSource -- HikariPool-34 - Start completed.
10:53:07.477 [main] INFO com.baomidou.dynamic.datasource.DynamicRoutingDataSource -- dynamic-datasource start closing ....
10:53:07.477 [main] INFO com.baomidou.dynamic.datasource.DynamicRoutingDataSource -- dynamic-datasource all closed success,bye
10:53:07.477 [main] INFO com.zaxxer.hikari.HikariDataSource -- HikariPool-34 - Shutdown initiated...
10:53:07.479 [main] INFO com.zaxxer.hikari.HikariDataSource -- HikariPool-34 - Shutdown completed.
10:53:07.482 [main] INFO com.baomidou.dynamic.datasource.DynamicRoutingDataSource -- dynamic-datasource - add a datasource named [master] success
10:53:07.595 [main] INFO org.redisson.Version -- Redisson 4.6.1
10:53:07.599 [redisson-netty-104-1] INFO org.redisson.connection.ConnectionsHolder -- 1 connections initialized for 127.0.0.1/127.0.0.1:32833
10:53:07.600 [redisson-netty-104-2] INFO org.redisson.connection.ConnectionsHolder -- 1 connections initialized for 127.0.0.1/127.0.0.1:32833
10:53:07.629 [main] INFO com.zaxxer.hikari.HikariDataSource -- HikariPool-35 - Starting...
10:53:07.635 [main] INFO com.zaxxer.hikari.pool.HikariPool -- HikariPool-35 - Added connection com.mysql.cj.jdbc.ConnectionImpl@2315d524
10:53:07.635 [main] INFO com.zaxxer.hikari.HikariDataSource -- HikariPool-35 - Start completed.
10:53:07.729 [main] WARN org.namewta.notify.adapter.event.InAppCommittedPushListener -- 站内实时提示失败，messageId=9220001, reason=IllegalStateException
10:53:07.756 [main] INFO com.baomidou.dynamic.datasource.DynamicRoutingDataSource -- dynamic-datasource start closing ....
10:53:07.756 [main] INFO com.baomidou.dynamic.datasource.DynamicRoutingDataSource -- dynamic-datasource all closed success,bye
10:53:07.756 [main] INFO com.zaxxer.hikari.HikariDataSource -- HikariPool-35 - Shutdown initiated...
10:53:07.769 [main] INFO com.zaxxer.hikari.HikariDataSource -- HikariPool-35 - Shutdown completed.
10:53:07.772 [main] INFO com.baomidou.dynamic.datasource.DynamicRoutingDataSource -- dynamic-datasource - add a datasource named [master] success
10:53:07.885 [main] INFO org.redisson.Version -- Redisson 4.6.1
10:53:07.889 [redisson-netty-107-2] INFO org.redisson.connection.ConnectionsHolder -- 1 connections initialized for 127.0.0.1/127.0.0.1:32833
10:53:07.889 [redisson-netty-107-1] INFO org.redisson.connection.ConnectionsHolder -- 1 connections initialized for 127.0.0.1/127.0.0.1:32833
10:53:07.905 [main] INFO com.zaxxer.hikari.HikariDataSource -- HikariPool-36 - Starting...
10:53:07.909 [main] INFO com.zaxxer.hikari.pool.HikariPool -- HikariPool-36 - Added connection com.mysql.cj.jdbc.ConnectionImpl@2f5d95b
10:53:07.910 [main] INFO com.zaxxer.hikari.HikariDataSource -- HikariPool-36 - Start completed.
10:53:07.988 [main] INFO com.baomidou.dynamic.datasource.DynamicRoutingDataSource -- dynamic-datasource start closing ....
10:53:07.989 [main] INFO com.baomidou.dynamic.datasource.DynamicRoutingDataSource -- dynamic-datasource all closed success,bye
10:53:07.989 [main] INFO com.zaxxer.hikari.HikariDataSource -- HikariPool-36 - Shutdown initiated...
10:53:07.990 [main] INFO com.zaxxer.hikari.HikariDataSource -- HikariPool-36 - Shutdown completed.
10:53:07.993 [main] INFO com.baomidou.dynamic.datasource.DynamicRoutingDataSource -- dynamic-datasource - add a datasource named [master] success
10:53:08.095 [main] INFO org.redisson.Version -- Redisson 4.6.1
10:53:08.099 [redisson-netty-110-1] INFO org.redisson.connection.ConnectionsHolder -- 1 connections initialized for 127.0.0.1/127.0.0.1:32833
10:53:08.099 [redisson-netty-110-2] INFO org.redisson.connection.ConnectionsHolder -- 1 connections initialized for 127.0.0.1/127.0.0.1:32833
10:53:08.118 [main] INFO com.zaxxer.hikari.HikariDataSource -- HikariPool-37 - Starting...
10:53:08.122 [main] INFO com.zaxxer.hikari.pool.HikariPool -- HikariPool-37 - Added connection com.mysql.cj.jdbc.ConnectionImpl@578d4551
10:53:08.122 [main] INFO com.zaxxer.hikari.HikariDataSource -- HikariPool-37 - Start completed.
10:53:08.200 [main] WARN org.namewta.notify.adapter.event.InAppCommittedPushListener -- 站内实时提示失败，messageId=9220001, reason=IllegalStateException
10:53:08.230 [main] INFO com.baomidou.dynamic.datasource.DynamicRoutingDataSource -- dynamic-datasource start closing ....
10:53:08.231 [main] INFO com.baomidou.dynamic.datasource.DynamicRoutingDataSource -- dynamic-datasource all closed success,bye
10:53:08.231 [main] INFO com.zaxxer.hikari.HikariDataSource -- HikariPool-37 - Shutdown initiated...
10:53:08.256 [main] INFO com.zaxxer.hikari.HikariDataSource -- HikariPool-37 - Shutdown completed.
10:53:08.259 [main] INFO com.baomidou.dynamic.datasource.DynamicRoutingDataSource -- dynamic-datasource - add a datasource named [master] success
10:53:08.407 [main] INFO org.redisson.Version -- Redisson 4.6.1
10:53:08.411 [redisson-netty-113-1] INFO org.redisson.connection.ConnectionsHolder -- 1 connections initialized for 127.0.0.1/127.0.0.1:32833
10:53:08.412 [redisson-netty-113-2] INFO org.redisson.connection.ConnectionsHolder -- 1 connections initialized for 127.0.0.1/127.0.0.1:32833
10:53:08.429 [main] INFO com.zaxxer.hikari.HikariDataSource -- HikariPool-38 - Starting...
10:53:08.434 [main] INFO com.zaxxer.hikari.pool.HikariPool -- HikariPool-38 - Added connection com.mysql.cj.jdbc.ConnectionImpl@3dfbd145
10:53:08.435 [main] INFO com.zaxxer.hikari.HikariDataSource -- HikariPool-38 - Start completed.
10:53:08.516 [main] INFO com.baomidou.dynamic.datasource.DynamicRoutingDataSource -- dynamic-datasource start closing ....
10:53:08.516 [main] INFO com.baomidou.dynamic.datasource.DynamicRoutingDataSource -- dynamic-datasource all closed success,bye
10:53:08.516 [main] INFO com.zaxxer.hikari.HikariDataSource -- HikariPool-38 - Shutdown initiated...
10:53:08.517 [main] INFO com.zaxxer.hikari.HikariDataSource -- HikariPool-38 - Shutdown completed.
10:53:08.519 [main] INFO com.baomidou.dynamic.datasource.DynamicRoutingDataSource -- dynamic-datasource - add a datasource named [master] success
10:53:08.625 [main] INFO org.redisson.Version -- Redisson 4.6.1
10:53:08.631 [redisson-netty-116-2] INFO org.redisson.connection.ConnectionsHolder -- 1 connections initialized for 127.0.0.1/127.0.0.1:32833
10:53:08.631 [redisson-netty-116-1] INFO org.redisson.connection.ConnectionsHolder -- 1 connections initialized for 127.0.0.1/127.0.0.1:32833
10:53:08.651 [main] INFO com.zaxxer.hikari.HikariDataSource -- HikariPool-39 - Starting...
10:53:08.655 [main] INFO com.zaxxer.hikari.pool.HikariPool -- HikariPool-39 - Added connection com.mysql.cj.jdbc.ConnectionImpl@79b5cc90
10:53:08.656 [main] INFO com.zaxxer.hikari.HikariDataSource -- HikariPool-39 - Start completed.
10:53:08.739 [main] WARN org.namewta.notify.adapter.event.InAppCommittedPushListener -- 站内实时提示失败，messageId=9220001, reason=IllegalStateException
10:53:08.763 [main] INFO com.baomidou.dynamic.datasource.DynamicRoutingDataSource -- dynamic-datasource start closing ....
10:53:08.763 [main] INFO com.baomidou.dynamic.datasource.DynamicRoutingDataSource -- dynamic-datasource all closed success,bye
10:53:08.764 [main] INFO com.zaxxer.hikari.HikariDataSource -- HikariPool-39 - Shutdown initiated...
10:53:08.792 [main] INFO com.zaxxer.hikari.HikariDataSource -- HikariPool-39 - Shutdown completed.
10:53:08.793 [main] INFO com.baomidou.dynamic.datasource.DynamicRoutingDataSource -- dynamic-datasource - add a datasource named [master] success
10:53:08.898 [main] INFO org.redisson.Version -- Redisson 4.6.1
10:53:08.901 [redisson-netty-119-2] INFO org.redisson.connection.ConnectionsHolder -- 1 connections initialized for 127.0.0.1/127.0.0.1:32833
10:53:08.901 [redisson-netty-119-1] INFO org.redisson.connection.ConnectionsHolder -- 1 connections initialized for 127.0.0.1/127.0.0.1:32833
10:53:08.916 [main] INFO com.zaxxer.hikari.HikariDataSource -- HikariPool-40 - Starting...
10:53:08.919 [main] INFO com.zaxxer.hikari.pool.HikariPool -- HikariPool-40 - Added connection com.mysql.cj.jdbc.ConnectionImpl@99dd7e9
10:53:08.920 [main] INFO com.zaxxer.hikari.HikariDataSource -- HikariPool-40 - Start completed.
10:53:08.984 [main] WARN org.namewta.notify.adapter.event.InAppCommittedPushListener -- 站内实时提示失败，messageId=9220001, reason=IllegalStateException
10:53:09.005 [main] INFO com.baomidou.dynamic.datasource.DynamicRoutingDataSource -- dynamic-datasource start closing ....
10:53:09.005 [main] INFO com.baomidou.dynamic.datasource.DynamicRoutingDataSource -- dynamic-datasource all closed success,bye
10:53:09.005 [main] INFO com.zaxxer.hikari.HikariDataSource -- HikariPool-40 - Shutdown initiated...
10:53:09.006 [main] INFO com.zaxxer.hikari.HikariDataSource -- HikariPool-40 - Shutdown completed.
10:53:09.007 [main] INFO com.baomidou.dynamic.datasource.DynamicRoutingDataSource -- dynamic-datasource - add a datasource named [master] success
10:53:09.084 [main] INFO org.redisson.Version -- Redisson 4.6.1
10:53:09.086 [redisson-netty-122-1] INFO org.redisson.connection.ConnectionsHolder -- 1 connections initialized for 127.0.0.1/127.0.0.1:32833
10:53:09.087 [redisson-netty-122-2] INFO org.redisson.connection.ConnectionsHolder -- 1 connections initialized for 127.0.0.1/127.0.0.1:32833
10:53:09.101 [main] INFO com.zaxxer.hikari.HikariDataSource -- HikariPool-41 - Starting...
10:53:09.106 [main] INFO com.zaxxer.hikari.pool.HikariPool -- HikariPool-41 - Added connection com.mysql.cj.jdbc.ConnectionImpl@6848a393
10:53:09.106 [main] INFO com.zaxxer.hikari.HikariDataSource -- HikariPool-41 - Start completed.
10:53:09.171 [main] WARN org.namewta.notify.adapter.event.InAppCommittedPushListener -- 站内实时提示失败，messageId=9220001, reason=IllegalStateException
10:53:09.198 [main] INFO com.baomidou.dynamic.datasource.DynamicRoutingDataSource -- dynamic-datasource start closing ....
10:53:09.198 [main] INFO com.baomidou.dynamic.datasource.DynamicRoutingDataSource -- dynamic-datasource all closed success,bye
10:53:09.198 [main] INFO com.zaxxer.hikari.HikariDataSource -- HikariPool-41 - Shutdown initiated...
10:53:09.199 [main] INFO com.zaxxer.hikari.HikariDataSource -- HikariPool-41 - Shutdown completed.
10:53:09.200 [main] INFO com.baomidou.dynamic.datasource.DynamicRoutingDataSource -- dynamic-datasource - add a datasource named [master] success
10:53:09.293 [main] INFO org.redisson.Version -- Redisson 4.6.1
10:53:09.296 [redisson-netty-125-2] INFO org.redisson.connection.ConnectionsHolder -- 1 connections initialized for 127.0.0.1/127.0.0.1:32833
10:53:09.296 [redisson-netty-125-1] INFO org.redisson.connection.ConnectionsHolder -- 1 connections initialized for 127.0.0.1/127.0.0.1:32833
10:53:09.310 [main] INFO com.zaxxer.hikari.HikariDataSource -- HikariPool-42 - Starting...
10:53:09.313 [main] INFO com.zaxxer.hikari.pool.HikariPool -- HikariPool-42 - Added connection com.mysql.cj.jdbc.ConnectionImpl@32f5a26b
10:53:09.314 [main] INFO com.zaxxer.hikari.HikariDataSource -- HikariPool-42 - Start completed.
10:53:09.389 [main] INFO com.baomidou.dynamic.datasource.DynamicRoutingDataSource -- dynamic-datasource start closing ....
10:53:09.389 [main] INFO com.baomidou.dynamic.datasource.DynamicRoutingDataSource -- dynamic-datasource all closed success,bye
10:53:09.389 [main] INFO com.zaxxer.hikari.HikariDataSource -- HikariPool-42 - Shutdown initiated...
10:53:09.390 [main] INFO com.zaxxer.hikari.HikariDataSource -- HikariPool-42 - Shutdown completed.
10:53:09.394 [main] INFO com.baomidou.dynamic.datasource.DynamicRoutingDataSource -- dynamic-datasource - add a datasource named [master] success
10:53:09.482 [main] INFO org.redisson.Version -- Redisson 4.6.1
10:53:09.486 [redisson-netty-128-1] INFO org.redisson.connection.ConnectionsHolder -- 1 connections initialized for 127.0.0.1/127.0.0.1:32833
10:53:09.486 [redisson-netty-128-2] INFO org.redisson.connection.ConnectionsHolder -- 1 connections initialized for 127.0.0.1/127.0.0.1:32833
10:53:09.499 [main] INFO com.zaxxer.hikari.HikariDataSource -- HikariPool-43 - Starting...
10:53:09.503 [main] INFO com.zaxxer.hikari.pool.HikariPool -- HikariPool-43 - Added connection com.mysql.cj.jdbc.ConnectionImpl@575e2c6f
10:53:09.503 [main] INFO com.zaxxer.hikari.HikariDataSource -- HikariPool-43 - Start completed.
10:53:09.557 [main] INFO com.baomidou.dynamic.datasource.DynamicRoutingDataSource -- dynamic-datasource start closing ....
10:53:09.558 [main] INFO com.baomidou.dynamic.datasource.DynamicRoutingDataSource -- dynamic-datasource all closed success,bye
10:53:09.558 [main] INFO com.zaxxer.hikari.HikariDataSource -- HikariPool-43 - Shutdown initiated...
10:53:09.558 [main] INFO com.zaxxer.hikari.HikariDataSource -- HikariPool-43 - Shutdown completed.
10:53:09.560 [main] INFO com.baomidou.dynamic.datasource.DynamicRoutingDataSource -- dynamic-datasource - add a datasource named [master] success
10:53:09.660 [main] INFO org.redisson.Version -- Redisson 4.6.1
10:53:09.663 [redisson-netty-131-2] INFO org.redisson.connection.ConnectionsHolder -- 1 connections initialized for 127.0.0.1/127.0.0.1:32833
10:53:09.663 [redisson-netty-131-1] INFO org.redisson.connection.ConnectionsHolder -- 1 connections initialized for 127.0.0.1/127.0.0.1:32833
10:53:09.686 [main] INFO com.zaxxer.hikari.HikariDataSource -- HikariPool-44 - Starting...
10:53:09.693 [main] INFO com.zaxxer.hikari.pool.HikariPool -- HikariPool-44 - Added connection com.mysql.cj.jdbc.ConnectionImpl@c16feeb
10:53:09.693 [main] INFO com.zaxxer.hikari.HikariDataSource -- HikariPool-44 - Start completed.
10:53:09.746 [main] INFO com.baomidou.dynamic.datasource.DynamicRoutingDataSource -- dynamic-datasource start closing ....
10:53:09.746 [main] INFO com.baomidou.dynamic.datasource.DynamicRoutingDataSource -- dynamic-datasource all closed success,bye
10:53:09.746 [main] INFO com.zaxxer.hikari.HikariDataSource -- HikariPool-44 - Shutdown initiated...
10:53:09.747 [main] INFO com.zaxxer.hikari.HikariDataSource -- HikariPool-44 - Shutdown completed.
10:53:09.749 [main] INFO com.baomidou.dynamic.datasource.DynamicRoutingDataSource -- dynamic-datasource - add a datasource named [master] success
10:53:09.857 [main] INFO org.redisson.Version -- Redisson 4.6.1
10:53:09.860 [redisson-netty-134-1] INFO org.redisson.connection.ConnectionsHolder -- 1 connections initialized for 127.0.0.1/127.0.0.1:32833
10:53:09.860 [redisson-netty-134-2] INFO org.redisson.connection.ConnectionsHolder -- 1 connections initialized for 127.0.0.1/127.0.0.1:32833
10:53:09.876 [main] INFO com.zaxxer.hikari.HikariDataSource -- HikariPool-45 - Starting...
10:53:09.880 [main] INFO com.zaxxer.hikari.pool.HikariPool -- HikariPool-45 - Added connection com.mysql.cj.jdbc.ConnectionImpl@43a99ef2
10:53:09.880 [main] INFO com.zaxxer.hikari.HikariDataSource -- HikariPool-45 - Start completed.
10:53:09.931 [main] INFO com.baomidou.dynamic.datasource.DynamicRoutingDataSource -- dynamic-datasource start closing ....
10:53:09.931 [main] INFO com.baomidou.dynamic.datasource.DynamicRoutingDataSource -- dynamic-datasource all closed success,bye
10:53:09.931 [main] INFO com.zaxxer.hikari.HikariDataSource -- HikariPool-45 - Shutdown initiated...
10:53:09.932 [main] INFO com.zaxxer.hikari.HikariDataSource -- HikariPool-45 - Shutdown completed.
10:53:09.934 [main] INFO com.baomidou.dynamic.datasource.DynamicRoutingDataSource -- dynamic-datasource - add a datasource named [master] success
10:53:10.017 [main] INFO org.redisson.Version -- Redisson 4.6.1
10:53:10.022 [redisson-netty-137-1] INFO org.redisson.connection.ConnectionsHolder -- 1 connections initialized for 127.0.0.1/127.0.0.1:32833
10:53:10.023 [redisson-netty-137-2] INFO org.redisson.connection.ConnectionsHolder -- 1 connections initialized for 127.0.0.1/127.0.0.1:32833
10:53:10.039 [main] INFO com.zaxxer.hikari.HikariDataSource -- HikariPool-46 - Starting...
10:53:10.042 [main] INFO com.zaxxer.hikari.pool.HikariPool -- HikariPool-46 - Added connection com.mysql.cj.jdbc.ConnectionImpl@6d9dba8d
10:53:10.043 [main] INFO com.zaxxer.hikari.HikariDataSource -- HikariPool-46 - Start completed.
10:53:10.127 [main] INFO com.baomidou.dynamic.datasource.DynamicRoutingDataSource -- dynamic-datasource start closing ....
10:53:10.127 [main] INFO com.baomidou.dynamic.datasource.DynamicRoutingDataSource -- dynamic-datasource all closed success,bye
10:53:10.127 [main] INFO com.zaxxer.hikari.HikariDataSource -- HikariPool-46 - Shutdown initiated...
10:53:10.128 [main] INFO com.zaxxer.hikari.HikariDataSource -- HikariPool-46 - Shutdown completed.
10:53:10.130 [main] INFO com.baomidou.dynamic.datasource.DynamicRoutingDataSource -- dynamic-datasource - add a datasource named [master] success
10:53:10.223 [main] INFO org.redisson.Version -- Redisson 4.6.1
10:53:10.227 [redisson-netty-140-2] INFO org.redisson.connection.ConnectionsHolder -- 1 connections initialized for 127.0.0.1/127.0.0.1:32833
10:53:10.227 [redisson-netty-140-1] INFO org.redisson.connection.ConnectionsHolder -- 1 connections initialized for 127.0.0.1/127.0.0.1:32833
10:53:10.240 [main] INFO com.zaxxer.hikari.HikariDataSource -- HikariPool-47 - Starting...
10:53:10.245 [main] INFO com.zaxxer.hikari.pool.HikariPool -- HikariPool-47 - Added connection com.mysql.cj.jdbc.ConnectionImpl@181c7470
10:53:10.245 [main] INFO com.zaxxer.hikari.HikariDataSource -- HikariPool-47 - Start completed.
10:53:10.313 [main] INFO com.baomidou.dynamic.datasource.DynamicRoutingDataSource -- dynamic-datasource start closing ....
10:53:10.313 [main] INFO com.baomidou.dynamic.datasource.DynamicRoutingDataSource -- dynamic-datasource all closed success,bye
10:53:10.313 [main] INFO com.zaxxer.hikari.HikariDataSource -- HikariPool-47 - Shutdown initiated...
10:53:10.314 [main] INFO com.zaxxer.hikari.HikariDataSource -- HikariPool-47 - Shutdown completed.
10:53:10.316 [main] INFO com.baomidou.dynamic.datasource.DynamicRoutingDataSource -- dynamic-datasource - add a datasource named [master] success
10:53:10.400 [main] INFO org.redisson.Version -- Redisson 4.6.1
10:53:10.403 [redisson-netty-143-1] INFO org.redisson.connection.ConnectionsHolder -- 1 connections initialized for 127.0.0.1/127.0.0.1:32833
10:53:10.404 [redisson-netty-143-2] INFO org.redisson.connection.ConnectionsHolder -- 1 connections initialized for 127.0.0.1/127.0.0.1:32833
10:53:10.418 [main] INFO com.zaxxer.hikari.HikariDataSource -- HikariPool-48 - Starting...
10:53:10.422 [main] INFO com.zaxxer.hikari.pool.HikariPool -- HikariPool-48 - Added connection com.mysql.cj.jdbc.ConnectionImpl@279da001
10:53:10.422 [main] INFO com.zaxxer.hikari.HikariDataSource -- HikariPool-48 - Start completed.
10:53:10.641 [main] INFO com.baomidou.dynamic.datasource.DynamicRoutingDataSource -- dynamic-datasource start closing ....
10:53:10.641 [main] INFO com.baomidou.dynamic.datasource.DynamicRoutingDataSource -- dynamic-datasource all closed success,bye
10:53:10.641 [main] INFO com.zaxxer.hikari.HikariDataSource -- HikariPool-48 - Shutdown initiated...
10:53:10.655 [main] INFO com.zaxxer.hikari.HikariDataSource -- HikariPool-48 - Shutdown completed.
10:53:10.657 [main] INFO com.baomidou.dynamic.datasource.DynamicRoutingDataSource -- dynamic-datasource - add a datasource named [master] success
10:53:10.761 [main] INFO org.redisson.Version -- Redisson 4.6.1
10:53:10.765 [redisson-netty-146-1] INFO org.redisson.connection.ConnectionsHolder -- 1 connections initialized for 127.0.0.1/127.0.0.1:32833
10:53:10.765 [redisson-netty-146-2] INFO org.redisson.connection.ConnectionsHolder -- 1 connections initialized for 127.0.0.1/127.0.0.1:32833
10:53:10.788 [main] INFO com.zaxxer.hikari.HikariDataSource -- HikariPool-49 - Starting...
10:53:10.794 [main] INFO com.zaxxer.hikari.pool.HikariPool -- HikariPool-49 - Added connection com.mysql.cj.jdbc.ConnectionImpl@1dab4e01
10:53:10.794 [main] INFO com.zaxxer.hikari.HikariDataSource -- HikariPool-49 - Start completed.
10:53:10.902 [main] INFO com.baomidou.dynamic.datasource.DynamicRoutingDataSource -- dynamic-datasource start closing ....
10:53:10.902 [main] INFO com.baomidou.dynamic.datasource.DynamicRoutingDataSource -- dynamic-datasource all closed success,bye
10:53:10.902 [main] INFO com.zaxxer.hikari.HikariDataSource -- HikariPool-49 - Shutdown initiated...
10:53:10.933 [main] INFO com.zaxxer.hikari.HikariDataSource -- HikariPool-49 - Shutdown completed.
10:53:10.934 [main] INFO com.baomidou.dynamic.datasource.DynamicRoutingDataSource -- dynamic-datasource - add a datasource named [master] success
10:53:11.036 [main] INFO org.redisson.Version -- Redisson 4.6.1
10:53:11.041 [redisson-netty-149-1] INFO org.redisson.connection.ConnectionsHolder -- 1 connections initialized for 127.0.0.1/127.0.0.1:32833
10:53:11.042 [redisson-netty-149-2] INFO org.redisson.connection.ConnectionsHolder -- 1 connections initialized for 127.0.0.1/127.0.0.1:32833
10:53:11.058 [main] INFO com.zaxxer.hikari.HikariDataSource -- HikariPool-50 - Starting...
10:53:11.063 [main] INFO com.zaxxer.hikari.pool.HikariPool -- HikariPool-50 - Added connection com.mysql.cj.jdbc.ConnectionImpl@46872fde
10:53:11.063 [main] INFO com.zaxxer.hikari.HikariDataSource -- HikariPool-50 - Start completed.
10:53:11.100 [main] INFO com.baomidou.dynamic.datasource.DynamicRoutingDataSource -- dynamic-datasource start closing ....
10:53:11.100 [main] INFO com.baomidou.dynamic.datasource.DynamicRoutingDataSource -- dynamic-datasource all closed success,bye
10:53:11.100 [main] INFO com.zaxxer.hikari.HikariDataSource -- HikariPool-50 - Shutdown initiated...
10:53:11.101 [main] INFO com.zaxxer.hikari.HikariDataSource -- HikariPool-50 - Shutdown completed.
10:53:11.102 [main] INFO com.baomidou.dynamic.datasource.DynamicRoutingDataSource -- dynamic-datasource - add a datasource named [master] success
10:53:11.214 [main] INFO org.redisson.Version -- Redisson 4.6.1
10:53:11.221 [redisson-netty-152-1] INFO org.redisson.connection.ConnectionsHolder -- 1 connections initialized for 127.0.0.1/127.0.0.1:32833
10:53:11.221 [redisson-netty-152-2] INFO org.redisson.connection.ConnectionsHolder -- 1 connections initialized for 127.0.0.1/127.0.0.1:32833
10:53:11.241 [main] INFO com.zaxxer.hikari.HikariDataSource -- HikariPool-51 - Starting...
10:53:11.249 [main] INFO com.zaxxer.hikari.pool.HikariPool -- HikariPool-51 - Added connection com.mysql.cj.jdbc.ConnectionImpl@218b6efe
10:53:11.250 [main] INFO com.zaxxer.hikari.HikariDataSource -- HikariPool-51 - Start completed.
10:53:11.323 [main] INFO com.baomidou.dynamic.datasource.DynamicRoutingDataSource -- dynamic-datasource start closing ....
10:53:11.323 [main] INFO com.baomidou.dynamic.datasource.DynamicRoutingDataSource -- dynamic-datasource all closed success,bye
10:53:11.323 [main] INFO com.zaxxer.hikari.HikariDataSource -- HikariPool-51 - Shutdown initiated...
10:53:11.324 [main] INFO com.zaxxer.hikari.HikariDataSource -- HikariPool-51 - Shutdown completed.
10:53:11.326 [main] INFO com.baomidou.dynamic.datasource.DynamicRoutingDataSource -- dynamic-datasource - add a datasource named [master] success
10:53:11.412 [main] INFO org.redisson.Version -- Redisson 4.6.1
10:53:11.417 [redisson-netty-155-1] INFO org.redisson.connection.ConnectionsHolder -- 1 connections initialized for 127.0.0.1/127.0.0.1:32833
10:53:11.417 [redisson-netty-155-2] INFO org.redisson.connection.ConnectionsHolder -- 1 connections initialized for 127.0.0.1/127.0.0.1:32833
10:53:11.434 [main] INFO com.zaxxer.hikari.HikariDataSource -- HikariPool-52 - Starting...
10:53:11.438 [main] INFO com.zaxxer.hikari.pool.HikariPool -- HikariPool-52 - Added connection com.mysql.cj.jdbc.ConnectionImpl@26c265ab
10:53:11.438 [main] INFO com.zaxxer.hikari.HikariDataSource -- HikariPool-52 - Start completed.
10:53:11.527 [main] INFO com.baomidou.dynamic.datasource.DynamicRoutingDataSource -- dynamic-datasource start closing ....
10:53:11.527 [main] INFO com.baomidou.dynamic.datasource.DynamicRoutingDataSource -- dynamic-datasource all closed success,bye
10:53:11.527 [main] INFO com.zaxxer.hikari.HikariDataSource -- HikariPool-52 - Shutdown initiated...
10:53:11.527 [main] INFO com.zaxxer.hikari.HikariDataSource -- HikariPool-52 - Shutdown completed.
10:53:11.529 [main] INFO com.baomidou.dynamic.datasource.DynamicRoutingDataSource -- dynamic-datasource - add a datasource named [master] success
10:53:11.621 [main] INFO org.redisson.Version -- Redisson 4.6.1
10:53:11.629 [redisson-netty-158-2] INFO org.redisson.connection.ConnectionsHolder -- 1 connections initialized for 127.0.0.1/127.0.0.1:32833
10:53:11.629 [redisson-netty-158-1] INFO org.redisson.connection.ConnectionsHolder -- 1 connections initialized for 127.0.0.1/127.0.0.1:32833
10:53:11.647 [main] INFO com.zaxxer.hikari.HikariDataSource -- HikariPool-53 - Starting...
10:53:11.650 [main] INFO com.zaxxer.hikari.pool.HikariPool -- HikariPool-53 - Added connection com.mysql.cj.jdbc.ConnectionImpl@1cd8af0e
10:53:11.651 [main] INFO com.zaxxer.hikari.HikariDataSource -- HikariPool-53 - Start completed.
10:53:11.761 [main] INFO com.baomidou.dynamic.datasource.DynamicRoutingDataSource -- dynamic-datasource start closing ....
10:53:11.761 [main] INFO com.baomidou.dynamic.datasource.DynamicRoutingDataSource -- dynamic-datasource all closed success,bye
10:53:11.761 [main] INFO com.zaxxer.hikari.HikariDataSource -- HikariPool-53 - Shutdown initiated...
10:53:11.785 [main] INFO com.zaxxer.hikari.HikariDataSource -- HikariPool-53 - Shutdown completed.
10:53:11.787 [main] INFO com.baomidou.dynamic.datasource.DynamicRoutingDataSource -- dynamic-datasource - add a datasource named [master] success
10:53:11.881 [main] INFO org.redisson.Version -- Redisson 4.6.1
10:53:11.885 [redisson-netty-161-2] INFO org.redisson.connection.ConnectionsHolder -- 1 connections initialized for 127.0.0.1/127.0.0.1:32833
10:53:11.885 [redisson-netty-161-1] INFO org.redisson.connection.ConnectionsHolder -- 1 connections initialized for 127.0.0.1/127.0.0.1:32833
10:53:11.900 [main] INFO com.zaxxer.hikari.HikariDataSource -- HikariPool-54 - Starting...
10:53:11.904 [main] INFO com.zaxxer.hikari.pool.HikariPool -- HikariPool-54 - Added connection com.mysql.cj.jdbc.ConnectionImpl@75bf619c
10:53:11.904 [main] INFO com.zaxxer.hikari.HikariDataSource -- HikariPool-54 - Start completed.
10:53:12.001 [main] INFO com.baomidou.dynamic.datasource.DynamicRoutingDataSource -- dynamic-datasource start closing ....
10:53:12.001 [main] INFO com.baomidou.dynamic.datasource.DynamicRoutingDataSource -- dynamic-datasource all closed success,bye
10:53:12.001 [main] INFO com.zaxxer.hikari.HikariDataSource -- HikariPool-54 - Shutdown initiated...
10:53:12.002 [main] INFO com.zaxxer.hikari.HikariDataSource -- HikariPool-54 - Shutdown completed.
10:53:12.003 [main] INFO com.baomidou.dynamic.datasource.DynamicRoutingDataSource -- dynamic-datasource - add a datasource named [master] success
10:53:12.111 [main] INFO org.redisson.Version -- Redisson 4.6.1
10:53:12.117 [redisson-netty-164-1] INFO org.redisson.connection.ConnectionsHolder -- 1 connections initialized for 127.0.0.1/127.0.0.1:32833
10:53:12.117 [redisson-netty-164-2] INFO org.redisson.connection.ConnectionsHolder -- 1 connections initialized for 127.0.0.1/127.0.0.1:32833
10:53:12.131 [main] INFO com.zaxxer.hikari.HikariDataSource -- HikariPool-55 - Starting...
10:53:12.135 [main] INFO com.zaxxer.hikari.pool.HikariPool -- HikariPool-55 - Added connection com.mysql.cj.jdbc.ConnectionImpl@515f59b7
10:53:12.135 [main] INFO com.zaxxer.hikari.HikariDataSource -- HikariPool-55 - Start completed.
10:53:16.029 [main] INFO com.baomidou.dynamic.datasource.DynamicRoutingDataSource -- dynamic-datasource start closing ....
10:53:16.029 [main] INFO com.baomidou.dynamic.datasource.DynamicRoutingDataSource -- dynamic-datasource all closed success,bye
10:53:16.029 [main] INFO com.zaxxer.hikari.HikariDataSource -- HikariPool-55 - Shutdown initiated...
10:53:16.031 [main] INFO com.zaxxer.hikari.HikariDataSource -- HikariPool-55 - Shutdown completed.
10:53:16.032 [main] INFO com.baomidou.dynamic.datasource.DynamicRoutingDataSource -- dynamic-datasource - add a datasource named [master] success
10:53:16.132 [main] INFO org.redisson.Version -- Redisson 4.6.1
10:53:16.136 [redisson-netty-167-1] INFO org.redisson.connection.ConnectionsHolder -- 1 connections initialized for 127.0.0.1/127.0.0.1:32833
10:53:16.137 [redisson-netty-167-2] INFO org.redisson.connection.ConnectionsHolder -- 1 connections initialized for 127.0.0.1/127.0.0.1:32833
10:53:16.148 [main] INFO com.zaxxer.hikari.HikariDataSource -- HikariPool-56 - Starting...
10:53:16.153 [main] INFO com.zaxxer.hikari.pool.HikariPool -- HikariPool-56 - Added connection com.mysql.cj.jdbc.ConnectionImpl@4d509a1f
10:53:16.153 [main] INFO com.zaxxer.hikari.HikariDataSource -- HikariPool-56 - Start completed.
10:53:16.307 [main] INFO com.baomidou.dynamic.datasource.DynamicRoutingDataSource -- dynamic-datasource start closing ....
10:53:16.307 [main] INFO com.baomidou.dynamic.datasource.DynamicRoutingDataSource -- dynamic-datasource all closed success,bye
10:53:16.307 [main] INFO com.zaxxer.hikari.HikariDataSource -- HikariPool-56 - Shutdown initiated...
10:53:16.323 [main] INFO com.zaxxer.hikari.HikariDataSource -- HikariPool-56 - Shutdown completed.
10:53:16.324 [main] INFO com.baomidou.dynamic.datasource.DynamicRoutingDataSource -- dynamic-datasource - add a datasource named [master] success
10:53:16.402 [main] INFO org.redisson.Version -- Redisson 4.6.1
10:53:16.405 [redisson-netty-170-1] INFO org.redisson.connection.ConnectionsHolder -- 1 connections initialized for 127.0.0.1/127.0.0.1:32833
10:53:16.405 [redisson-netty-170-2] INFO org.redisson.connection.ConnectionsHolder -- 1 connections initialized for 127.0.0.1/127.0.0.1:32833
10:53:16.417 [main] INFO com.zaxxer.hikari.HikariDataSource -- HikariPool-57 - Starting...
10:53:16.422 [main] INFO com.zaxxer.hikari.pool.HikariPool -- HikariPool-57 - Added connection com.mysql.cj.jdbc.ConnectionImpl@46ca7c9
10:53:16.422 [main] INFO com.zaxxer.hikari.HikariDataSource -- HikariPool-57 - Start completed.
10:53:16.491 [main] INFO com.baomidou.dynamic.datasource.DynamicRoutingDataSource -- dynamic-datasource start closing ....
10:53:16.492 [main] INFO com.baomidou.dynamic.datasource.DynamicRoutingDataSource -- dynamic-datasource all closed success,bye
10:53:16.492 [main] INFO com.zaxxer.hikari.HikariDataSource -- HikariPool-57 - Shutdown initiated...
10:53:16.492 [main] INFO com.zaxxer.hikari.HikariDataSource -- HikariPool-57 - Shutdown completed.
10:53:16.494 [main] INFO com.baomidou.dynamic.datasource.DynamicRoutingDataSource -- dynamic-datasource - add a datasource named [master] success
10:53:16.581 [main] INFO org.redisson.Version -- Redisson 4.6.1
10:53:16.585 [redisson-netty-173-1] INFO org.redisson.connection.ConnectionsHolder -- 1 connections initialized for 127.0.0.1/127.0.0.1:32833
10:53:16.585 [redisson-netty-173-2] INFO org.redisson.connection.ConnectionsHolder -- 1 connections initialized for 127.0.0.1/127.0.0.1:32833
10:53:16.598 [main] INFO com.zaxxer.hikari.HikariDataSource -- HikariPool-58 - Starting...
10:53:16.600 [main] INFO com.zaxxer.hikari.pool.HikariPool -- HikariPool-58 - Added connection com.mysql.cj.jdbc.ConnectionImpl@15b2d290
10:53:16.601 [main] INFO com.zaxxer.hikari.HikariDataSource -- HikariPool-58 - Start completed.
10:53:16.659 [main] INFO com.baomidou.dynamic.datasource.DynamicRoutingDataSource -- dynamic-datasource start closing ....
10:53:16.660 [main] INFO com.baomidou.dynamic.datasource.DynamicRoutingDataSource -- dynamic-datasource all closed success,bye
10:53:16.660 [main] INFO com.zaxxer.hikari.HikariDataSource -- HikariPool-58 - Shutdown initiated...
10:53:16.660 [main] INFO com.zaxxer.hikari.HikariDataSource -- HikariPool-58 - Shutdown completed.
10:53:16.662 [main] INFO com.baomidou.dynamic.datasource.DynamicRoutingDataSource -- dynamic-datasource - add a datasource named [master] success
10:53:16.757 [main] INFO org.redisson.Version -- Redisson 4.6.1
10:53:16.763 [redisson-netty-176-1] INFO org.redisson.connection.ConnectionsHolder -- 1 connections initialized for 127.0.0.1/127.0.0.1:32833
10:53:16.765 [redisson-netty-176-2] INFO org.redisson.connection.ConnectionsHolder -- 1 connections initialized for 127.0.0.1/127.0.0.1:32833
10:53:16.784 [main] INFO com.zaxxer.hikari.HikariDataSource -- HikariPool-59 - Starting...
10:53:16.788 [main] INFO com.zaxxer.hikari.pool.HikariPool -- HikariPool-59 - Added connection com.mysql.cj.jdbc.ConnectionImpl@564c7cec
10:53:16.788 [main] INFO com.zaxxer.hikari.HikariDataSource -- HikariPool-59 - Start completed.
10:53:16.952 [main] INFO com.baomidou.dynamic.datasource.DynamicRoutingDataSource -- dynamic-datasource start closing ....
10:53:16.952 [main] INFO com.baomidou.dynamic.datasource.DynamicRoutingDataSource -- dynamic-datasource all closed success,bye
10:53:16.952 [main] INFO com.zaxxer.hikari.HikariDataSource -- HikariPool-59 - Shutdown initiated...
10:53:16.961 [main] INFO com.zaxxer.hikari.HikariDataSource -- HikariPool-59 - Shutdown completed.
10:53:16.962 [main] INFO com.baomidou.dynamic.datasource.DynamicRoutingDataSource -- dynamic-datasource - add a datasource named [master] success
10:53:17.081 [main] INFO org.redisson.Version -- Redisson 4.6.1
10:53:17.084 [redisson-netty-179-1] INFO org.redisson.connection.ConnectionsHolder -- 1 connections initialized for 127.0.0.1/127.0.0.1:32833
10:53:17.084 [redisson-netty-179-2] INFO org.redisson.connection.ConnectionsHolder -- 1 connections initialized for 127.0.0.1/127.0.0.1:32833
10:53:17.101 [main] INFO com.zaxxer.hikari.HikariDataSource -- HikariPool-60 - Starting...
10:53:17.107 [main] INFO com.zaxxer.hikari.pool.HikariPool -- HikariPool-60 - Added connection com.mysql.cj.jdbc.ConnectionImpl@65f712f4
10:53:17.107 [main] INFO com.zaxxer.hikari.HikariDataSource -- HikariPool-60 - Start completed.
10:53:17.163 [main] INFO com.baomidou.dynamic.datasource.DynamicRoutingDataSource -- dynamic-datasource start closing ....
10:53:17.164 [main] INFO com.baomidou.dynamic.datasource.DynamicRoutingDataSource -- dynamic-datasource all closed success,bye
10:53:17.164 [main] INFO com.zaxxer.hikari.HikariDataSource -- HikariPool-60 - Shutdown initiated...
10:53:17.164 [main] INFO com.zaxxer.hikari.HikariDataSource -- HikariPool-60 - Shutdown completed.
10:53:17.165 [main] INFO com.baomidou.dynamic.datasource.DynamicRoutingDataSource -- dynamic-datasource - add a datasource named [master] success
10:53:17.260 [main] INFO org.redisson.Version -- Redisson 4.6.1
10:53:17.264 [redisson-netty-182-1] INFO org.redisson.connection.ConnectionsHolder -- 1 connections initialized for 127.0.0.1/127.0.0.1:32833
10:53:17.265 [redisson-netty-182-2] INFO org.redisson.connection.ConnectionsHolder -- 1 connections initialized for 127.0.0.1/127.0.0.1:32833
10:53:17.282 [main] INFO com.zaxxer.hikari.HikariDataSource -- HikariPool-61 - Starting...
10:53:17.289 [main] INFO com.zaxxer.hikari.pool.HikariPool -- HikariPool-61 - Added connection com.mysql.cj.jdbc.ConnectionImpl@40a8a626
10:53:17.289 [main] INFO com.zaxxer.hikari.HikariDataSource -- HikariPool-61 - Start completed.
10:53:17.348 [main] INFO com.baomidou.dynamic.datasource.DynamicRoutingDataSource -- dynamic-datasource start closing ....
10:53:17.348 [main] INFO com.baomidou.dynamic.datasource.DynamicRoutingDataSource -- dynamic-datasource all closed success,bye
10:53:17.348 [main] INFO com.zaxxer.hikari.HikariDataSource -- HikariPool-61 - Shutdown initiated...
10:53:17.349 [main] INFO com.zaxxer.hikari.HikariDataSource -- HikariPool-61 - Shutdown completed.
10:53:17.350 [main] INFO com.baomidou.dynamic.datasource.DynamicRoutingDataSource -- dynamic-datasource - add a datasource named [master] success
10:53:17.439 [main] INFO org.redisson.Version -- Redisson 4.6.1
10:53:17.444 [redisson-netty-185-1] INFO org.redisson.connection.ConnectionsHolder -- 1 connections initialized for 127.0.0.1/127.0.0.1:32833
10:53:17.445 [redisson-netty-185-2] INFO org.redisson.connection.ConnectionsHolder -- 1 connections initialized for 127.0.0.1/127.0.0.1:32833
10:53:17.459 [main] INFO com.zaxxer.hikari.HikariDataSource -- HikariPool-62 - Starting...
10:53:17.464 [main] INFO com.zaxxer.hikari.pool.HikariPool -- HikariPool-62 - Added connection com.mysql.cj.jdbc.ConnectionImpl@c984aee
10:53:17.465 [main] INFO com.zaxxer.hikari.HikariDataSource -- HikariPool-62 - Start completed.
10:53:17.498 [main] INFO org.eclipse.jetty.server.Server -- jetty-12.1.10; built: 2026-05-31T04:45:52.925Z; git: 986024525891c2c20ff08c58ba300dc3b9847586; jvm 21.0.12.1+1-LTS
10:53:17.500 [main] INFO org.eclipse.jetty.server.handler.ContextHandler -- Started oeje11s.ServletContextHandler@3e62d73b{ROOT,/,b=null,a=AVAILABLE,h=oeje11s.ServletHandler@27b3a7d7{STARTED}}
10:53:17.501 [main] INFO org.eclipse.jetty.server.handler.ContextHandler.ROOT -- Initializing Spring DispatcherServlet 'org.springframework.web.servlet.DispatcherServlet-f798243'
10:53:17.501 [main] INFO org.springframework.web.servlet.DispatcherServlet -- Initializing Servlet 'org.springframework.web.servlet.DispatcherServlet-f798243'
10:53:17.501 [main] INFO org.springframework.web.servlet.DispatcherServlet -- Completed initialization in 0 ms
10:53:17.501 [main] INFO org.eclipse.jetty.ee11.servlet.ServletContextHandler -- Started oeje11s.ServletContextHandler@3e62d73b{ROOT,/,b=null,a=AVAILABLE,h=oeje11s.ServletHandler@27b3a7d7{STARTED}}
10:53:17.503 [main] INFO org.eclipse.jetty.server.AbstractConnector -- Started oejs.ServerConnector@7aff6bda{HTTP/1.1, (http/1.1)}{localhost:36043}
10:53:17.503 [main] INFO org.eclipse.jetty.server.Server -- Started oejs.Server@7fdc1d8e{STARTING}[12.1.10,sto=0] @4ms
10:53:17.608 [qtp766190669-497] WARN org.springframework.web.servlet.mvc.support.DefaultHandlerExceptionResolver -- Resolved [org.springframework.web.HttpMediaTypeNotSupportedException: Content-Type 'text/plain' is not supported]
10:53:17.638 [main] INFO org.eclipse.jetty.server.Server -- Stopped oejs.Server@7fdc1d8e{STOPPING}[12.1.10,sto=0]
10:53:17.639 [main] INFO org.eclipse.jetty.server.AbstractConnector -- Stopped oejs.ServerConnector@7aff6bda{HTTP/1.1, (http/1.1)}{localhost:0}
10:53:17.639 [main] INFO org.eclipse.jetty.server.handler.ContextHandler.ROOT -- Destroying Spring FrameworkServlet 'org.springframework.web.servlet.DispatcherServlet-f798243'
10:53:17.640 [main] INFO org.eclipse.jetty.ee11.servlet.ServletContextHandler -- Stopped oeje11s.ServletContextHandler@3e62d73b{ROOT,/,b=null,a=AVAILABLE,h=oeje11s.ServletHandler@27b3a7d7{STOPPED}}
10:53:17.670 [main] INFO com.baomidou.dynamic.datasource.DynamicRoutingDataSource -- dynamic-datasource start closing ....
10:53:17.670 [main] INFO com.baomidou.dynamic.datasource.DynamicRoutingDataSource -- dynamic-datasource all closed success,bye
10:53:17.670 [main] INFO com.zaxxer.hikari.HikariDataSource -- HikariPool-62 - Shutdown initiated...
10:53:17.700 [main] INFO com.zaxxer.hikari.HikariDataSource -- HikariPool-62 - Shutdown completed.
10:53:17.701 [main] INFO com.baomidou.dynamic.datasource.DynamicRoutingDataSource -- dynamic-datasource - add a datasource named [master] success
10:53:17.806 [main] INFO org.redisson.Version -- Redisson 4.6.1
10:53:17.812 [redisson-netty-188-1] INFO org.redisson.connection.ConnectionsHolder -- 1 connections initialized for 127.0.0.1/127.0.0.1:32833
10:53:17.816 [redisson-netty-188-2] INFO org.redisson.connection.ConnectionsHolder -- 1 connections initialized for 127.0.0.1/127.0.0.1:32833
10:53:17.832 [main] INFO com.zaxxer.hikari.HikariDataSource -- HikariPool-63 - Starting...
10:53:17.840 [main] INFO com.zaxxer.hikari.pool.HikariPool -- HikariPool-63 - Added connection com.mysql.cj.jdbc.ConnectionImpl@599f178a
10:53:17.840 [main] INFO com.zaxxer.hikari.HikariDataSource -- HikariPool-63 - Start completed.
10:53:17.898 [main] INFO com.baomidou.dynamic.datasource.DynamicRoutingDataSource -- dynamic-datasource start closing ....
10:53:17.898 [main] INFO com.baomidou.dynamic.datasource.DynamicRoutingDataSource -- dynamic-datasource all closed success,bye
10:53:17.898 [main] INFO com.zaxxer.hikari.HikariDataSource -- HikariPool-63 - Shutdown initiated...
10:53:17.899 [main] INFO com.zaxxer.hikari.HikariDataSource -- HikariPool-63 - Shutdown completed.
10:53:17.901 [main] INFO com.baomidou.dynamic.datasource.DynamicRoutingDataSource -- dynamic-datasource - add a datasource named [master] success
10:53:18.010 [main] INFO org.redisson.Version -- Redisson 4.6.1
10:53:18.014 [redisson-netty-191-1] INFO org.redisson.connection.ConnectionsHolder -- 1 connections initialized for 127.0.0.1/127.0.0.1:32833
10:53:18.017 [redisson-netty-191-2] INFO org.redisson.connection.ConnectionsHolder -- 1 connections initialized for 127.0.0.1/127.0.0.1:32833
10:53:18.032 [main] INFO com.zaxxer.hikari.HikariDataSource -- HikariPool-64 - Starting...
10:53:18.037 [main] INFO com.zaxxer.hikari.pool.HikariPool -- HikariPool-64 - Added connection com.mysql.cj.jdbc.ConnectionImpl@590322b3
10:53:18.037 [main] INFO com.zaxxer.hikari.HikariDataSource -- HikariPool-64 - Start completed.
10:53:18.101 [main] WARN org.namewta.notify.adapter.event.InAppCommittedPushListener -- 站内实时提示失败，messageId=9220001, reason=IllegalStateException
10:53:18.122 [main] INFO com.baomidou.dynamic.datasource.DynamicRoutingDataSource -- dynamic-datasource start closing ....
10:53:18.122 [main] INFO com.baomidou.dynamic.datasource.DynamicRoutingDataSource -- dynamic-datasource all closed success,bye
10:53:18.122 [main] INFO com.zaxxer.hikari.HikariDataSource -- HikariPool-64 - Shutdown initiated...
10:53:18.123 [main] INFO com.zaxxer.hikari.HikariDataSource -- HikariPool-64 - Shutdown completed.
10:53:18.124 [main] INFO com.baomidou.dynamic.datasource.DynamicRoutingDataSource -- dynamic-datasource - add a datasource named [master] success
10:53:18.205 [main] INFO org.redisson.Version -- Redisson 4.6.1
10:53:18.209 [redisson-netty-194-2] INFO org.redisson.connection.ConnectionsHolder -- 1 connections initialized for 127.0.0.1/127.0.0.1:32833
10:53:18.210 [redisson-netty-194-1] INFO org.redisson.connection.ConnectionsHolder -- 1 connections initialized for 127.0.0.1/127.0.0.1:32833
10:53:18.223 [main] INFO com.zaxxer.hikari.HikariDataSource -- HikariPool-65 - Starting...
10:53:18.228 [main] INFO com.zaxxer.hikari.pool.HikariPool -- HikariPool-65 - Added connection com.mysql.cj.jdbc.ConnectionImpl@1ce6a337
10:53:18.229 [main] INFO com.zaxxer.hikari.HikariDataSource -- HikariPool-65 - Start completed.
10:53:18.307 [main] INFO com.baomidou.dynamic.datasource.DynamicRoutingDataSource -- dynamic-datasource start closing ....
10:53:18.308 [main] INFO com.baomidou.dynamic.datasource.DynamicRoutingDataSource -- dynamic-datasource all closed success,bye
10:53:18.308 [main] INFO com.zaxxer.hikari.HikariDataSource -- HikariPool-65 - Shutdown initiated...
10:53:18.309 [main] INFO com.zaxxer.hikari.HikariDataSource -- HikariPool-65 - Shutdown completed.
10:53:18.311 [main] INFO com.baomidou.dynamic.datasource.DynamicRoutingDataSource -- dynamic-datasource - add a datasource named [master] success
10:53:18.420 [main] INFO org.redisson.Version -- Redisson 4.6.1
10:53:18.424 [redisson-netty-197-1] INFO org.redisson.connection.ConnectionsHolder -- 1 connections initialized for 127.0.0.1/127.0.0.1:32833
10:53:18.424 [redisson-netty-197-2] INFO org.redisson.connection.ConnectionsHolder -- 1 connections initialized for 127.0.0.1/127.0.0.1:32833
10:53:18.439 [main] INFO com.zaxxer.hikari.HikariDataSource -- HikariPool-66 - Starting...
10:53:18.445 [main] INFO com.zaxxer.hikari.pool.HikariPool -- HikariPool-66 - Added connection com.mysql.cj.jdbc.ConnectionImpl@15b63a1
10:53:18.446 [main] INFO com.zaxxer.hikari.HikariDataSource -- HikariPool-66 - Start completed.
10:53:18.484 [main] INFO com.baomidou.dynamic.datasource.DynamicRoutingDataSource -- dynamic-datasource start closing ....
10:53:18.484 [main] INFO com.baomidou.dynamic.datasource.DynamicRoutingDataSource -- dynamic-datasource all closed success,bye
10:53:18.484 [main] INFO com.zaxxer.hikari.HikariDataSource -- HikariPool-66 - Shutdown initiated...
10:53:18.485 [main] INFO com.zaxxer.hikari.HikariDataSource -- HikariPool-66 - Shutdown completed.
[INFO] Tests run: 66, Failures: 0, Errors: 0, Skipped: 0, Time elapsed: 32.26 s -- in org.namewta.test.notify.NotifyAtomicResultIntegrationTest
[INFO] Running org.namewta.test.notify.NotifyManualRetryIntegrationTest
10:53:19.606 [main] INFO com.baomidou.dynamic.datasource.DynamicRoutingDataSource -- dynamic-datasource - add a datasource named [master] success
10:53:20.456 [main] INFO org.redisson.Version -- Redisson 4.6.1
10:53:20.830 [redisson-netty-1-1] INFO org.redisson.connection.ConnectionsHolder -- 1 connections initialized for 127.0.0.1/127.0.0.1:32833
10:53:20.831 [redisson-netty-1-2] INFO org.redisson.connection.ConnectionsHolder -- 1 connections initialized for 127.0.0.1/127.0.0.1:32833
Mockito is currently self-attaching to enable the inline-mock-maker. This will no longer work in future releases of the JDK. Please add Mockito as an agent to your build as described in Mockito's documentation: https://javadoc.io/doc/org.mockito/mockito-core/latest/org.mockito/org/mockito/Mockito.html#0.3
OpenJDK 64-Bit Server VM warning: Sharing is only supported for boot loader classes because bootstrap classpath has been appended
WARNING: A Java agent has been loaded dynamically (/root/.m2/repository/net/bytebuddy/byte-buddy-agent/1.18.10/byte-buddy-agent-1.18.10.jar)
WARNING: If a serviceability tool is in use, please run with -XX:+EnableDynamicAgentLoading to hide this warning
WARNING: If a serviceability tool is not in use, please run with -Djdk.instrument.traceUsage for more information
WARNING: Dynamic loading of agents will be disallowed by default in a future release
10:53:22.399 [main] INFO com.zaxxer.hikari.HikariDataSource -- HikariPool-1 - Starting...
10:53:22.724 [main] INFO com.zaxxer.hikari.pool.HikariPool -- HikariPool-1 - Added connection com.mysql.cj.jdbc.ConnectionImpl@6e0d058a
10:53:22.726 [main] INFO com.zaxxer.hikari.HikariDataSource -- HikariPool-1 - Start completed.
10:53:23.455 [main] INFO com.baomidou.dynamic.datasource.DynamicRoutingDataSource -- dynamic-datasource start closing ....
10:53:23.458 [main] INFO com.baomidou.dynamic.datasource.DynamicRoutingDataSource -- dynamic-datasource all closed success,bye
10:53:23.458 [main] INFO com.zaxxer.hikari.HikariDataSource -- HikariPool-1 - Shutdown initiated...
10:53:23.469 [main] INFO com.zaxxer.hikari.HikariDataSource -- HikariPool-1 - Shutdown completed.
10:53:23.482 [main] INFO com.baomidou.dynamic.datasource.DynamicRoutingDataSource -- dynamic-datasource - add a datasource named [master] success
10:53:23.774 [main] INFO org.redisson.Version -- Redisson 4.6.1
10:53:23.784 [redisson-netty-5-1] INFO org.redisson.connection.ConnectionsHolder -- 1 connections initialized for 127.0.0.1/127.0.0.1:32833
10:53:23.785 [redisson-netty-5-2] INFO org.redisson.connection.ConnectionsHolder -- 1 connections initialized for 127.0.0.1/127.0.0.1:32833
10:53:23.831 [main] INFO com.zaxxer.hikari.HikariDataSource -- HikariPool-2 - Starting...
10:53:23.843 [main] INFO com.zaxxer.hikari.pool.HikariPool -- HikariPool-2 - Added connection com.mysql.cj.jdbc.ConnectionImpl@2c846d55
10:53:23.844 [main] INFO com.zaxxer.hikari.HikariDataSource -- HikariPool-2 - Start completed.
10:53:24.072 [main] INFO com.baomidou.dynamic.datasource.DynamicRoutingDataSource -- dynamic-datasource start closing ....
10:53:24.072 [main] INFO com.baomidou.dynamic.datasource.DynamicRoutingDataSource -- dynamic-datasource all closed success,bye
10:53:24.072 [main] INFO com.zaxxer.hikari.HikariDataSource -- HikariPool-2 - Shutdown initiated...
10:53:24.113 [main] INFO com.zaxxer.hikari.HikariDataSource -- HikariPool-2 - Shutdown completed.
10:53:24.119 [main] INFO com.baomidou.dynamic.datasource.DynamicRoutingDataSource -- dynamic-datasource - add a datasource named [master] success
10:53:24.365 [main] INFO org.redisson.Version -- Redisson 4.6.1
10:53:24.372 [redisson-netty-8-1] INFO org.redisson.connection.ConnectionsHolder -- 1 connections initialized for 127.0.0.1/127.0.0.1:32833
10:53:24.376 [redisson-netty-8-2] INFO org.redisson.connection.ConnectionsHolder -- 1 connections initialized for 127.0.0.1/127.0.0.1:32833
10:53:24.401 [main] INFO com.zaxxer.hikari.HikariDataSource -- HikariPool-3 - Starting...
10:53:24.407 [main] INFO com.zaxxer.hikari.pool.HikariPool -- HikariPool-3 - Added connection com.mysql.cj.jdbc.ConnectionImpl@7fd32c56
10:53:24.407 [main] INFO com.zaxxer.hikari.HikariDataSource -- HikariPool-3 - Start completed.
10:53:24.921 [main] INFO com.baomidou.dynamic.datasource.DynamicRoutingDataSource -- dynamic-datasource start closing ....
10:53:24.922 [main] INFO com.baomidou.dynamic.datasource.DynamicRoutingDataSource -- dynamic-datasource all closed success,bye
10:53:24.922 [main] INFO com.zaxxer.hikari.HikariDataSource -- HikariPool-3 - Shutdown initiated...
10:53:24.923 [main] INFO com.zaxxer.hikari.HikariDataSource -- HikariPool-3 - Shutdown completed.
10:53:24.927 [main] INFO com.baomidou.dynamic.datasource.DynamicRoutingDataSource -- dynamic-datasource - add a datasource named [master] success
10:53:25.082 [main] INFO org.redisson.Version -- Redisson 4.6.1
10:53:25.089 [redisson-netty-11-1] INFO org.redisson.connection.ConnectionsHolder -- 1 connections initialized for 127.0.0.1/127.0.0.1:32833
10:53:25.089 [redisson-netty-11-2] INFO org.redisson.connection.ConnectionsHolder -- 1 connections initialized for 127.0.0.1/127.0.0.1:32833
10:53:25.108 [main] INFO com.zaxxer.hikari.HikariDataSource -- HikariPool-4 - Starting...
10:53:25.115 [main] INFO com.zaxxer.hikari.pool.HikariPool -- HikariPool-4 - Added connection com.mysql.cj.jdbc.ConnectionImpl@29ddaa8e
10:53:25.115 [main] INFO com.zaxxer.hikari.HikariDataSource -- HikariPool-4 - Start completed.
10:53:25.334 [main] INFO com.baomidou.dynamic.datasource.DynamicRoutingDataSource -- dynamic-datasource start closing ....
10:53:25.334 [main] INFO com.baomidou.dynamic.datasource.DynamicRoutingDataSource -- dynamic-datasource all closed success,bye
10:53:25.334 [main] INFO com.zaxxer.hikari.HikariDataSource -- HikariPool-4 - Shutdown initiated...
10:53:25.363 [main] INFO com.zaxxer.hikari.HikariDataSource -- HikariPool-4 - Shutdown completed.
10:53:25.366 [main] INFO com.baomidou.dynamic.datasource.DynamicRoutingDataSource -- dynamic-datasource - add a datasource named [master] success
10:53:25.546 [main] INFO org.redisson.Version -- Redisson 4.6.1
10:53:25.558 [redisson-netty-14-1] INFO org.redisson.connection.ConnectionsHolder -- 1 connections initialized for 127.0.0.1/127.0.0.1:32833
10:53:25.558 [redisson-netty-14-2] INFO org.redisson.connection.ConnectionsHolder -- 1 connections initialized for 127.0.0.1/127.0.0.1:32833
10:53:25.581 [main] INFO com.zaxxer.hikari.HikariDataSource -- HikariPool-5 - Starting...
10:53:25.587 [main] INFO com.zaxxer.hikari.pool.HikariPool -- HikariPool-5 - Added connection com.mysql.cj.jdbc.ConnectionImpl@1d01fa0c
10:53:25.588 [main] INFO com.zaxxer.hikari.HikariDataSource -- HikariPool-5 - Start completed.
10:53:25.691 [main] INFO com.baomidou.dynamic.datasource.DynamicRoutingDataSource -- dynamic-datasource start closing ....
10:53:25.692 [main] INFO com.baomidou.dynamic.datasource.DynamicRoutingDataSource -- dynamic-datasource all closed success,bye
10:53:25.692 [main] INFO com.zaxxer.hikari.HikariDataSource -- HikariPool-5 - Shutdown initiated...
10:53:25.724 [main] INFO com.zaxxer.hikari.HikariDataSource -- HikariPool-5 - Shutdown completed.
10:53:25.730 [main] INFO com.baomidou.dynamic.datasource.DynamicRoutingDataSource -- dynamic-datasource - add a datasource named [master] success
10:53:25.921 [main] INFO org.redisson.Version -- Redisson 4.6.1
10:53:25.927 [redisson-netty-17-1] INFO org.redisson.connection.ConnectionsHolder -- 1 connections initialized for 127.0.0.1/127.0.0.1:32833
10:53:25.934 [redisson-netty-17-2] INFO org.redisson.connection.ConnectionsHolder -- 1 connections initialized for 127.0.0.1/127.0.0.1:32833
10:53:25.959 [main] INFO com.zaxxer.hikari.HikariDataSource -- HikariPool-6 - Starting...
10:53:25.966 [main] INFO com.zaxxer.hikari.pool.HikariPool -- HikariPool-6 - Added connection com.mysql.cj.jdbc.ConnectionImpl@823f978
10:53:25.966 [main] INFO com.zaxxer.hikari.HikariDataSource -- HikariPool-6 - Start completed.
10:53:26.110 [main] INFO com.baomidou.dynamic.datasource.DynamicRoutingDataSource -- dynamic-datasource start closing ....
10:53:26.110 [main] INFO com.baomidou.dynamic.datasource.DynamicRoutingDataSource -- dynamic-datasource all closed success,bye
10:53:26.110 [main] INFO com.zaxxer.hikari.HikariDataSource -- HikariPool-6 - Shutdown initiated...
10:53:26.140 [main] INFO com.zaxxer.hikari.HikariDataSource -- HikariPool-6 - Shutdown completed.
10:53:26.143 [main] INFO com.baomidou.dynamic.datasource.DynamicRoutingDataSource -- dynamic-datasource - add a datasource named [master] success
10:53:26.298 [main] INFO org.redisson.Version -- Redisson 4.6.1
10:53:26.307 [redisson-netty-20-1] INFO org.redisson.connection.ConnectionsHolder -- 1 connections initialized for 127.0.0.1/127.0.0.1:32833
10:53:26.308 [redisson-netty-20-2] INFO org.redisson.connection.ConnectionsHolder -- 1 connections initialized for 127.0.0.1/127.0.0.1:32833
10:53:26.332 [main] INFO com.zaxxer.hikari.HikariDataSource -- HikariPool-7 - Starting...
10:53:26.337 [main] INFO com.zaxxer.hikari.pool.HikariPool -- HikariPool-7 - Added connection com.mysql.cj.jdbc.ConnectionImpl@312e8eaf
10:53:26.338 [main] INFO com.zaxxer.hikari.HikariDataSource -- HikariPool-7 - Start completed.
10:53:26.541 [main] WARN org.namewta.notify.adapter.event.InAppCommittedPushListener -- 站内实时提示失败，messageId=9380049, reason=IllegalStateException
10:53:26.585 [main] INFO com.baomidou.dynamic.datasource.DynamicRoutingDataSource -- dynamic-datasource start closing ....
10:53:26.585 [main] INFO com.baomidou.dynamic.datasource.DynamicRoutingDataSource -- dynamic-datasource all closed success,bye
10:53:26.585 [main] INFO com.zaxxer.hikari.HikariDataSource -- HikariPool-7 - Shutdown initiated...
10:53:26.596 [main] INFO com.zaxxer.hikari.HikariDataSource -- HikariPool-7 - Shutdown completed.
10:53:26.599 [main] INFO com.baomidou.dynamic.datasource.DynamicRoutingDataSource -- dynamic-datasource - add a datasource named [master] success
10:53:26.748 [main] INFO org.redisson.Version -- Redisson 4.6.1
10:53:26.755 [redisson-netty-23-1] INFO org.redisson.connection.ConnectionsHolder -- 1 connections initialized for 127.0.0.1/127.0.0.1:32833
10:53:26.756 [redisson-netty-23-2] INFO org.redisson.connection.ConnectionsHolder -- 1 connections initialized for 127.0.0.1/127.0.0.1:32833
10:53:26.782 [main] INFO com.zaxxer.hikari.HikariDataSource -- HikariPool-8 - Starting...
10:53:26.789 [main] INFO com.zaxxer.hikari.pool.HikariPool -- HikariPool-8 - Added connection com.mysql.cj.jdbc.ConnectionImpl@68c05c5b
10:53:26.789 [main] INFO com.zaxxer.hikari.HikariDataSource -- HikariPool-8 - Start completed.
10:53:26.874 [main] INFO com.baomidou.dynamic.datasource.DynamicRoutingDataSource -- dynamic-datasource start closing ....
10:53:26.874 [main] INFO com.baomidou.dynamic.datasource.DynamicRoutingDataSource -- dynamic-datasource all closed success,bye
10:53:26.874 [main] INFO com.zaxxer.hikari.HikariDataSource -- HikariPool-8 - Shutdown initiated...
10:53:26.875 [main] INFO com.zaxxer.hikari.HikariDataSource -- HikariPool-8 - Shutdown completed.
10:53:26.878 [main] INFO com.baomidou.dynamic.datasource.DynamicRoutingDataSource -- dynamic-datasource - add a datasource named [master] success
10:53:27.051 [main] INFO org.redisson.Version -- Redisson 4.6.1
10:53:27.059 [redisson-netty-26-1] INFO org.redisson.connection.ConnectionsHolder -- 1 connections initialized for 127.0.0.1/127.0.0.1:32833
10:53:27.060 [redisson-netty-26-2] INFO org.redisson.connection.ConnectionsHolder -- 1 connections initialized for 127.0.0.1/127.0.0.1:32833
10:53:27.086 [main] INFO com.zaxxer.hikari.HikariDataSource -- HikariPool-9 - Starting...
10:53:27.093 [main] INFO com.zaxxer.hikari.pool.HikariPool -- HikariPool-9 - Added connection com.mysql.cj.jdbc.ConnectionImpl@6ae1d5f1
10:53:27.093 [main] INFO com.zaxxer.hikari.HikariDataSource -- HikariPool-9 - Start completed.
10:53:27.294 [main] INFO com.baomidou.dynamic.datasource.DynamicRoutingDataSource -- dynamic-datasource start closing ....
10:53:27.294 [main] INFO com.baomidou.dynamic.datasource.DynamicRoutingDataSource -- dynamic-datasource all closed success,bye
10:53:27.294 [main] INFO com.zaxxer.hikari.HikariDataSource -- HikariPool-9 - Shutdown initiated...
10:53:27.309 [main] INFO com.zaxxer.hikari.HikariDataSource -- HikariPool-9 - Shutdown completed.
10:53:27.312 [main] INFO com.baomidou.dynamic.datasource.DynamicRoutingDataSource -- dynamic-datasource - add a datasource named [master] success
10:53:27.424 [main] INFO org.redisson.Version -- Redisson 4.6.1
10:53:27.431 [redisson-netty-29-2] INFO org.redisson.connection.ConnectionsHolder -- 1 connections initialized for 127.0.0.1/127.0.0.1:32833
10:53:27.431 [redisson-netty-29-1] INFO org.redisson.connection.ConnectionsHolder -- 1 connections initialized for 127.0.0.1/127.0.0.1:32833
10:53:27.446 [main] INFO com.zaxxer.hikari.HikariDataSource -- HikariPool-10 - Starting...
10:53:27.450 [main] INFO com.zaxxer.hikari.pool.HikariPool -- HikariPool-10 - Added connection com.mysql.cj.jdbc.ConnectionImpl@6980e66a
10:53:27.450 [main] INFO com.zaxxer.hikari.HikariDataSource -- HikariPool-10 - Start completed.
10:53:27.584 [main] WARN org.namewta.notify.adapter.event.InAppCommittedPushListener -- 站内实时提示失败，messageId=9380062, reason=IllegalStateException
10:53:27.630 [main] INFO com.baomidou.dynamic.datasource.DynamicRoutingDataSource -- dynamic-datasource start closing ....
10:53:27.630 [main] INFO com.baomidou.dynamic.datasource.DynamicRoutingDataSource -- dynamic-datasource all closed success,bye
10:53:27.630 [main] INFO com.zaxxer.hikari.HikariDataSource -- HikariPool-10 - Shutdown initiated...
10:53:27.659 [main] INFO com.zaxxer.hikari.HikariDataSource -- HikariPool-10 - Shutdown completed.
10:53:27.662 [main] INFO com.baomidou.dynamic.datasource.DynamicRoutingDataSource -- dynamic-datasource - add a datasource named [master] success
10:53:27.777 [main] INFO org.redisson.Version -- Redisson 4.6.1
10:53:27.783 [redisson-netty-32-1] INFO org.redisson.connection.ConnectionsHolder -- 1 connections initialized for 127.0.0.1/127.0.0.1:32833
10:53:27.784 [redisson-netty-32-2] INFO org.redisson.connection.ConnectionsHolder -- 1 connections initialized for 127.0.0.1/127.0.0.1:32833
10:53:27.801 [main] INFO com.zaxxer.hikari.HikariDataSource -- HikariPool-11 - Starting...
10:53:27.806 [main] INFO com.zaxxer.hikari.pool.HikariPool -- HikariPool-11 - Added connection com.mysql.cj.jdbc.ConnectionImpl@457f43a2
10:53:27.808 [main] INFO com.zaxxer.hikari.HikariDataSource -- HikariPool-11 - Start completed.
10:53:27.931 [main] INFO com.baomidou.dynamic.datasource.DynamicRoutingDataSource -- dynamic-datasource start closing ....
10:53:27.931 [main] INFO com.baomidou.dynamic.datasource.DynamicRoutingDataSource -- dynamic-datasource all closed success,bye
10:53:27.931 [main] INFO com.zaxxer.hikari.HikariDataSource -- HikariPool-11 - Shutdown initiated...
10:53:27.943 [main] INFO com.zaxxer.hikari.HikariDataSource -- HikariPool-11 - Shutdown completed.
10:53:27.944 [main] INFO com.baomidou.dynamic.datasource.DynamicRoutingDataSource -- dynamic-datasource - add a datasource named [master] success
10:53:28.055 [main] INFO org.redisson.Version -- Redisson 4.6.1
10:53:28.061 [redisson-netty-35-1] INFO org.redisson.connection.ConnectionsHolder -- 1 connections initialized for 127.0.0.1/127.0.0.1:32833
10:53:28.061 [redisson-netty-35-2] INFO org.redisson.connection.ConnectionsHolder -- 1 connections initialized for 127.0.0.1/127.0.0.1:32833
10:53:28.079 [main] INFO com.zaxxer.hikari.HikariDataSource -- HikariPool-12 - Starting...
10:53:28.084 [main] INFO com.zaxxer.hikari.pool.HikariPool -- HikariPool-12 - Added connection com.mysql.cj.jdbc.ConnectionImpl@18a66406
10:53:28.085 [main] INFO com.zaxxer.hikari.HikariDataSource -- HikariPool-12 - Start completed.
10:53:28.194 [main] INFO com.baomidou.dynamic.datasource.DynamicRoutingDataSource -- dynamic-datasource start closing ....
10:53:28.194 [main] INFO com.baomidou.dynamic.datasource.DynamicRoutingDataSource -- dynamic-datasource all closed success,bye
10:53:28.194 [main] INFO com.zaxxer.hikari.HikariDataSource -- HikariPool-12 - Shutdown initiated...
10:53:28.221 [main] INFO com.zaxxer.hikari.HikariDataSource -- HikariPool-12 - Shutdown completed.
10:53:28.223 [main] INFO com.baomidou.dynamic.datasource.DynamicRoutingDataSource -- dynamic-datasource - add a datasource named [master] success
10:53:28.337 [main] INFO org.redisson.Version -- Redisson 4.6.1
10:53:28.342 [redisson-netty-38-2] INFO org.redisson.connection.ConnectionsHolder -- 1 connections initialized for 127.0.0.1/127.0.0.1:32833
10:53:28.342 [redisson-netty-38-1] INFO org.redisson.connection.ConnectionsHolder -- 1 connections initialized for 127.0.0.1/127.0.0.1:32833
10:53:28.361 [main] INFO com.zaxxer.hikari.HikariDataSource -- HikariPool-13 - Starting...
10:53:28.366 [main] INFO com.zaxxer.hikari.pool.HikariPool -- HikariPool-13 - Added connection com.mysql.cj.jdbc.ConnectionImpl@47d7792e
10:53:28.366 [main] INFO com.zaxxer.hikari.HikariDataSource -- HikariPool-13 - Start completed.
10:53:28.457 [main] INFO com.baomidou.dynamic.datasource.DynamicRoutingDataSource -- dynamic-datasource start closing ....
10:53:28.457 [main] INFO com.baomidou.dynamic.datasource.DynamicRoutingDataSource -- dynamic-datasource all closed success,bye
10:53:28.457 [main] INFO com.zaxxer.hikari.HikariDataSource -- HikariPool-13 - Shutdown initiated...
10:53:28.458 [main] INFO com.zaxxer.hikari.HikariDataSource -- HikariPool-13 - Shutdown completed.
[INFO] Tests run: 13, Failures: 0, Errors: 0, Skipped: 0, Time elapsed: 9.027 s -- in org.namewta.test.notify.NotifyManualRetryIntegrationTest
[INFO] 
[INFO] Results:
[INFO] 
[INFO] Tests run: 135, Failures: 0, Errors: 0, Skipped: 0
[INFO] 
[INFO] ------------------------------------------------------------------------
[INFO] Reactor Summary for WTA-Plus 6.0.0:
[INFO] 
[INFO] WTA-Plus ........................................... SUCCESS [  0.371 s]
[INFO] wta-common ......................................... SUCCESS [  0.142 s]
[INFO] wta-common-core .................................... SUCCESS [  0.976 s]
[INFO] wta-common-doc ..................................... SUCCESS [  0.216 s]
[INFO] wta-common-json .................................... SUCCESS [  0.093 s]
[INFO] wta-common-redis ................................... SUCCESS [  0.230 s]
[INFO] wta-common-social .................................. SUCCESS [  0.082 s]
[INFO] wta-common-nacos ................................... SUCCESS [  0.132 s]
[INFO] wta-common-notify .................................. SUCCESS [  0.117 s]
[INFO] wta-common-mail .................................... SUCCESS [  0.091 s]
[INFO] wta-common-mcp ..................................... SUCCESS [  0.120 s]
[INFO] wta-api ............................................ SUCCESS [  0.081 s]
[INFO] wta-common-satoken ................................. SUCCESS [  0.082 s]
[INFO] wta-common-openapi ................................. SUCCESS [  0.082 s]
[INFO] wta-common-mybatis ................................. SUCCESS [  0.339 s]
[INFO] wta-common-translation ............................. SUCCESS [  0.056 s]
[INFO] wta-common-oss ..................................... SUCCESS [  0.178 s]
[INFO] wta-common-log ..................................... SUCCESS [  0.077 s]
[INFO] wta-common-excel ................................... SUCCESS [  0.134 s]
[INFO] wta-common-sms ..................................... SUCCESS [  0.096 s]
[INFO] wta-common-security ................................ SUCCESS [  0.083 s]
[INFO] wta-common-web ..................................... SUCCESS [  0.222 s]
[INFO] wta-common-sensitive ............................... SUCCESS [  0.056 s]
[INFO] wta-common-encrypt ................................. SUCCESS [  0.059 s]
[INFO] wta-common-push .................................... SUCCESS [  0.062 s]
[INFO] wta-modules ........................................ SUCCESS [  0.031 s]
[INFO] wta-system ......................................... SUCCESS [  0.130 s]
[INFO] wta-third .......................................... SUCCESS [  0.088 s]
[INFO] wta-notify ......................................... SUCCESS [  2.793 s]
[INFO] wta-sso ............................................ SUCCESS [  0.126 s]
[INFO] wta-common-job ..................................... SUCCESS [  0.104 s]
[INFO] wta-job ............................................ SUCCESS [  0.054 s]
[INFO] wta-common-ai ...................................... SUCCESS [  0.039 s]
[INFO] wta-ai ............................................. SUCCESS [  0.045 s]
[INFO] wta-common-richtext ................................ SUCCESS [  0.043 s]
[INFO] wta-common-elasticsearch ........................... SUCCESS [  0.054 s]
[INFO] wta-common-mqtt .................................... SUCCESS [  0.055 s]
[INFO] wta-demo ........................................... SUCCESS [  0.119 s]
[INFO] wta-common-liteflow ................................ SUCCESS [  0.070 s]
[INFO] wta-workflow ....................................... SUCCESS [  0.116 s]
[INFO] wta-profile ........................................ SUCCESS [  0.026 s]
[INFO] wta-profile-person ................................. SUCCESS [  1.896 s]
[INFO] wta-profile-enterprise ............................. SUCCESS [  1.477 s]
[INFO] wta-admin .......................................... SUCCESS [01:38 min]
[INFO] ------------------------------------------------------------------------
[INFO] BUILD SUCCESS
[INFO] ------------------------------------------------------------------------
[INFO] Total time:  01:50 min
[INFO] Finished at: 2026-09-23T10:53:28-04:00
[INFO] ------------------------------------------------------------------------
