Picked up JAVA_TOOL_OPTIONS: -Xms128m -Xmx1536m
[INFO] Scanning for projects...
[INFO] ------------------------------------------------------------------------
[INFO] Reactor Build Order:
[INFO] 
[INFO] WTA-Plus                                                           [pom]
[INFO] wta-common                                                         [pom]
[INFO] wta-common-core                                                    [jar]
[INFO] wta-common-doc                                                     [jar]
[INFO] wta-common-json                                                    [jar]
[INFO] wta-common-redis                                                   [jar]
[INFO] wta-common-social                                                  [jar]
[INFO] wta-common-nacos                                                   [jar]
[INFO] wta-common-notify                                                  [jar]
[INFO] wta-common-mail                                                    [jar]
[INFO] wta-common-mcp                                                     [jar]
[INFO] wta-api                                                            [jar]
[INFO] wta-common-satoken                                                 [jar]
[INFO] wta-common-openapi                                                 [jar]
[INFO] wta-common-mybatis                                                 [jar]
[INFO] wta-common-translation                                             [jar]
[INFO] wta-common-oss                                                     [jar]
[INFO] wta-common-log                                                     [jar]
[INFO] wta-common-excel                                                   [jar]
[INFO] wta-common-sms                                                     [jar]
[INFO] wta-common-security                                                [jar]
[INFO] wta-common-web                                                     [jar]
[INFO] wta-common-sensitive                                               [jar]
[INFO] wta-common-encrypt                                                 [jar]
[INFO] wta-common-push                                                    [jar]
[INFO] wta-modules                                                        [pom]
[INFO] wta-system                                                         [jar]
[INFO] wta-third                                                          [jar]
[INFO] wta-notify                                                         [jar]
[INFO] wta-sso                                                            [jar]
[INFO] wta-common-job                                                     [jar]
[INFO] wta-job                                                            [jar]
[INFO] wta-common-ai                                                      [jar]
[INFO] wta-ai                                                             [jar]
[INFO] wta-common-richtext                                                [jar]
[INFO] wta-common-elasticsearch                                           [jar]
[INFO] wta-common-mqtt                                                    [jar]
[INFO] wta-demo                                                           [jar]
[INFO] wta-common-liteflow                                                [jar]
[INFO] wta-workflow                                                       [jar]
[INFO] wta-profile                                                        [pom]
[INFO] wta-profile-person                                                 [jar]
[INFO] wta-profile-enterprise                                             [jar]
[INFO] wta-admin                                                          [jar]
[INFO] wta-common-bom                                                     [pom]
[INFO] wta-extend                                                         [pom]
[INFO] wta-monitor-admin                                                  [jar]
[INFO] wta-snailjob-server                                                [jar]
[INFO] wta-profile-bom                                                    [pom]
[INFO] 
[INFO] ----------------------< org.namewta:wta-vue-plus >----------------------
[INFO] Building WTA-Plus 6.0.0                                           [1/49]
[INFO]   from pom.xml
[INFO] --------------------------------[ pom ]---------------------------------
[INFO] 
[INFO] --- flatten:1.7.3:flatten (flatten) @ wta-vue-plus ---
[INFO] Generating flattened POM of project org.namewta:wta-vue-plus:pom:6.0.0...
[INFO] 
[INFO] -----------------------< org.namewta:wta-common >-----------------------
[INFO] Building wta-common 6.0.0                                         [2/49]
[INFO]   from wta-common/pom.xml
[INFO] --------------------------------[ pom ]---------------------------------
[INFO] 
[INFO] --- flatten:1.7.3:flatten (flatten) @ wta-common ---
[INFO] Generating flattened POM of project org.namewta:wta-common:pom:6.0.0...
[INFO] 
[INFO] --------------------< org.namewta:wta-common-core >---------------------
[INFO] Building wta-common-core 6.0.0                                    [3/49]
[INFO]   from wta-common/wta-common-core/pom.xml
[INFO] --------------------------------[ jar ]---------------------------------
[INFO] 
[INFO] --- resources:3.3.1:resources (default-resources) @ wta-common-core ---
[INFO] Copying 1 resource from src/main/resources to target/classes
[INFO] Copying 0 resource from src/main/resources to target/classes
[INFO] 
[INFO] --- flatten:1.7.3:flatten (flatten) @ wta-common-core ---
[INFO] Generating flattened POM of project org.namewta:wta-common-core:jar:6.0.0...
[INFO] 
[INFO] --- compiler:3.15.0:compile (default-compile) @ wta-common-core ---
[INFO] Recompiling the module because of changed source code.
[INFO] Compiling 76 source files with javac [debug release 21] to target/classes
[INFO] /srv/WTA-plus/backend/wta-common/wta-common-core/src/main/java/org/namewta/common/core/utils/StringUtils.java: /srv/WTA-plus/backend/wta-common/wta-common-core/src/main/java/org/namewta/common/core/utils/StringUtils.java uses or overrides a deprecated API.
[INFO] /srv/WTA-plus/backend/wta-common/wta-common-core/src/main/java/org/namewta/common/core/utils/StringUtils.java: Recompile with -Xlint:deprecation for details.
[INFO] 
[INFO] --- resources:3.3.1:testResources (default-testResources) @ wta-common-core ---
[INFO] skip non existing resourceDirectory /srv/WTA-plus/backend/wta-common/wta-common-core/src/test/resources
[INFO] 
[INFO] --- compiler:3.15.0:testCompile (default-testCompile) @ wta-common-core ---
[INFO] Recompiling the module because of changed dependency.
[INFO] Compiling 2 source files with javac [debug release 21] to target/test-classes
[INFO] 
[INFO] --- surefire:3.5.5:test (default-test) @ wta-common-core ---
[INFO] Using auto detected provider org.apache.maven.surefire.junitplatform.JUnitPlatformProvider
[INFO] 
[INFO] -------------------------------------------------------
[INFO]  T E S T S
[INFO] -------------------------------------------------------
Picked up JAVA_TOOL_OPTIONS: -Xms128m -Xmx1536m
[INFO] Running org.namewta.common.core.utils.ServletUtilsClientAddressTest
[INFO] Tests run: 1, Failures: 0, Errors: 0, Skipped: 0, Time elapsed: 0.081 s -- in org.namewta.common.core.utils.ServletUtilsClientAddressTest
[INFO] 
[INFO] Results:
[INFO] 
[INFO] Tests run: 1, Failures: 0, Errors: 0, Skipped: 0
[INFO] 
[INFO] 
[INFO] ---------------------< org.namewta:wta-common-doc >---------------------
[INFO] Building wta-common-doc 6.0.0                                     [4/49]
[INFO]   from wta-common/wta-common-doc/pom.xml
[INFO] --------------------------------[ jar ]---------------------------------
[INFO] 
[INFO] --- resources:3.3.1:resources (default-resources) @ wta-common-doc ---
[INFO] Copying 1 resource from src/main/resources to target/classes
[INFO] Copying 0 resource from src/main/resources to target/classes
[INFO] 
[INFO] --- flatten:1.7.3:flatten (flatten) @ wta-common-doc ---
[INFO] Generating flattened POM of project org.namewta:wta-common-doc:jar:6.0.0...
[INFO] 
[INFO] --- compiler:3.15.0:compile (default-compile) @ wta-common-doc ---
[INFO] Recompiling the module because of changed dependency.
[INFO] Compiling 8 source files with javac [debug release 21] to target/classes
[INFO] 
[INFO] --- resources:3.3.1:testResources (default-testResources) @ wta-common-doc ---
[INFO] skip non existing resourceDirectory /srv/WTA-plus/backend/wta-common/wta-common-doc/src/test/resources
[INFO] 
[INFO] --- compiler:3.15.0:testCompile (default-testCompile) @ wta-common-doc ---
[INFO] No sources to compile
[INFO] 
[INFO] --- surefire:3.5.5:test (default-test) @ wta-common-doc ---
[INFO] No tests to run.
[INFO] 
[INFO] --------------------< org.namewta:wta-common-json >---------------------
[INFO] Building wta-common-json 6.0.0                                    [5/49]
[INFO]   from wta-common/wta-common-json/pom.xml
[INFO] --------------------------------[ jar ]---------------------------------
[INFO] 
[INFO] --- resources:3.3.1:resources (default-resources) @ wta-common-json ---
[INFO] Copying 1 resource from src/main/resources to target/classes
[INFO] Copying 0 resource from src/main/resources to target/classes
[INFO] 
[INFO] --- flatten:1.7.3:flatten (flatten) @ wta-common-json ---
[INFO] Generating flattened POM of project org.namewta:wta-common-json:jar:6.0.0...
[INFO] 
[INFO] --- compiler:3.15.0:compile (default-compile) @ wta-common-json ---
[INFO] Recompiling the module because of changed dependency.
[INFO] Compiling 14 source files with javac [debug release 21] to target/classes
[INFO] /srv/WTA-plus/backend/wta-common/wta-common-json/src/main/java/org/namewta/common/json/utils/LogSanitizer.java: /srv/WTA-plus/backend/wta-common/wta-common-json/src/main/java/org/namewta/common/json/utils/LogSanitizer.java uses or overrides a deprecated API.
[INFO] /srv/WTA-plus/backend/wta-common/wta-common-json/src/main/java/org/namewta/common/json/utils/LogSanitizer.java: Recompile with -Xlint:deprecation for details.
[INFO] 
[INFO] --- resources:3.3.1:testResources (default-testResources) @ wta-common-json ---
[INFO] skip non existing resourceDirectory /srv/WTA-plus/backend/wta-common/wta-common-json/src/test/resources
[INFO] 
[INFO] --- compiler:3.15.0:testCompile (default-testCompile) @ wta-common-json ---
[INFO] Recompiling the module because of changed dependency.
[INFO] Compiling 1 source file with javac [debug release 21] to target/test-classes
[INFO] /srv/WTA-plus/backend/wta-common/wta-common-json/src/test/java/org/namewta/common/json/utils/LogSanitizerTest.java: /srv/WTA-plus/backend/wta-common/wta-common-json/src/test/java/org/namewta/common/json/utils/LogSanitizerTest.java uses or overrides a deprecated API.
[INFO] /srv/WTA-plus/backend/wta-common/wta-common-json/src/test/java/org/namewta/common/json/utils/LogSanitizerTest.java: Recompile with -Xlint:deprecation for details.
[INFO] 
[INFO] --- surefire:3.5.5:test (default-test) @ wta-common-json ---
[INFO] Using auto detected provider org.apache.maven.surefire.junitplatform.JUnitPlatformProvider
[INFO] 
[INFO] -------------------------------------------------------
[INFO]  T E S T S
[INFO] -------------------------------------------------------
Picked up JAVA_TOOL_OPTIONS: -Xms128m -Xmx1536m
[INFO] Running org.namewta.common.json.utils.LogSanitizerTest
[INFO] Tests run: 12, Failures: 0, Errors: 0, Skipped: 0, Time elapsed: 0.289 s -- in org.namewta.common.json.utils.LogSanitizerTest
[INFO] 
[INFO] Results:
[INFO] 
[INFO] Tests run: 12, Failures: 0, Errors: 0, Skipped: 0
[INFO] 
[INFO] 
[INFO] --------------------< org.namewta:wta-common-redis >--------------------
[INFO] Building wta-common-redis 6.0.0                                   [6/49]
[INFO]   from wta-common/wta-common-redis/pom.xml
[INFO] --------------------------------[ jar ]---------------------------------
[INFO] 
[INFO] --- resources:3.3.1:resources (default-resources) @ wta-common-redis ---
[INFO] Copying 2 resources from src/main/resources to target/classes
[INFO] Copying 0 resource from src/main/resources to target/classes
[INFO] 
[INFO] --- flatten:1.7.3:flatten (flatten) @ wta-common-redis ---
[INFO] Generating flattened POM of project org.namewta:wta-common-redis:jar:6.0.0...
[INFO] 
[INFO] --- compiler:3.15.0:compile (default-compile) @ wta-common-redis ---
[INFO] Recompiling the module because of changed dependency.
[INFO] Compiling 26 source files with javac [debug release 21] to target/classes
[INFO] 
[INFO] --- resources:3.3.1:testResources (default-testResources) @ wta-common-redis ---
[INFO] skip non existing resourceDirectory /srv/WTA-plus/backend/wta-common/wta-common-redis/src/test/resources
[INFO] 
[INFO] --- compiler:3.15.0:testCompile (default-testCompile) @ wta-common-redis ---
[INFO] Recompiling the module because of changed dependency.
[INFO] Compiling 2 source files with javac [debug release 21] to target/test-classes
[INFO] 
[INFO] --- surefire:3.5.5:test (default-test) @ wta-common-redis ---
[INFO] Using auto detected provider org.apache.maven.surefire.junitplatform.JUnitPlatformProvider
[INFO] 
[INFO] -------------------------------------------------------
[INFO]  T E S T S
[INFO] -------------------------------------------------------
Picked up JAVA_TOOL_OPTIONS: -Xms128m -Xmx1536m
[INFO] Running org.namewta.common.redis.utils.RedisUtilsDeadlineIntegrationTest
[WARNING] Tests run: 2, Failures: 0, Errors: 0, Skipped: 2, Time elapsed: 0.007 s -- in org.namewta.common.redis.utils.RedisUtilsDeadlineIntegrationTest
[INFO] Running org.namewta.common.redis.aspectj.RepeatSubmitRedisIntegrationTest
[INFO] Tests run: 0, Failures: 0, Errors: 0, Skipped: 0, Time elapsed: 0.035 s -- in org.namewta.common.redis.aspectj.RepeatSubmitRedisIntegrationTest
[INFO] 
[INFO] Results:
[INFO] 
[INFO] Tests run: 2, Failures: 0, Errors: 0, Skipped: 2
[INFO] 
[INFO] 
[INFO] -------------------< org.namewta:wta-common-social >--------------------
[INFO] Building wta-common-social 6.0.0                                  [7/49]
[INFO]   from wta-common/wta-common-social/pom.xml
[INFO] --------------------------------[ jar ]---------------------------------
[INFO] 
[INFO] --- resources:3.3.1:resources (default-resources) @ wta-common-social ---
[INFO] Copying 1 resource from src/main/resources to target/classes
[INFO] Copying 0 resource from src/main/resources to target/classes
[INFO] 
[INFO] --- flatten:1.7.3:flatten (flatten) @ wta-common-social ---
[INFO] Generating flattened POM of project org.namewta:wta-common-social:jar:6.0.0...
[INFO] 
[INFO] --- compiler:3.15.0:compile (default-compile) @ wta-common-social ---
[INFO] Recompiling the module because of changed dependency.
[INFO] Compiling 5 source files with javac [debug release 21] to target/classes
[INFO] 
[INFO] --- resources:3.3.1:testResources (default-testResources) @ wta-common-social ---
[INFO] skip non existing resourceDirectory /srv/WTA-plus/backend/wta-common/wta-common-social/src/test/resources
[INFO] 
[INFO] --- compiler:3.15.0:testCompile (default-testCompile) @ wta-common-social ---
[INFO] No sources to compile
[INFO] 
[INFO] --- surefire:3.5.5:test (default-test) @ wta-common-social ---
[INFO] No tests to run.
[INFO] 
[INFO] --------------------< org.namewta:wta-common-nacos >--------------------
[INFO] Building wta-common-nacos 6.0.0                                   [8/49]
[INFO]   from wta-common/wta-common-nacos/pom.xml
[INFO] --------------------------------[ jar ]---------------------------------
[INFO] 
[INFO] --- resources:3.3.1:resources (default-resources) @ wta-common-nacos ---
[INFO] Copying 2 resources from src/main/resources to target/classes
[INFO] Copying 0 resource from src/main/resources to target/classes
[INFO] 
[INFO] --- flatten:1.7.3:flatten (flatten) @ wta-common-nacos ---
[INFO] Generating flattened POM of project org.namewta:wta-common-nacos:jar:6.0.0...
[INFO] 
[INFO] --- compiler:3.15.0:compile (default-compile) @ wta-common-nacos ---
[INFO] Recompiling the module because of changed source code.
[INFO] Compiling 21 source files with javac [debug release 21] to target/classes
[INFO] 
[INFO] --- resources:3.3.1:testResources (default-testResources) @ wta-common-nacos ---
[INFO] skip non existing resourceDirectory /srv/WTA-plus/backend/wta-common/wta-common-nacos/src/test/resources
[INFO] 
[INFO] --- compiler:3.15.0:testCompile (default-testCompile) @ wta-common-nacos ---
[INFO] Recompiling the module because of changed dependency.
[INFO] Compiling 6 source files with javac [debug release 21] to target/test-classes
[INFO] 
[INFO] --- surefire:3.5.5:test (default-test) @ wta-common-nacos ---
[INFO] Using auto detected provider org.apache.maven.surefire.junitplatform.JUnitPlatformProvider
[INFO] 
[INFO] -------------------------------------------------------
[INFO]  T E S T S
[INFO] -------------------------------------------------------
Picked up JAVA_TOOL_OPTIONS: -Xms128m -Xmx1536m
[INFO] Running org.namewta.common.nacos.NacosConfigBootstrapTest
03:35:39.087 [main] WARN org.namewta.common.nacos.NacosConfigBootstrap -- Nacos 配置启动读取失败，已使用本地配置并等待服务恢复，profile=local dataId=wta-namewta.yml
[INFO] Tests run: 1, Failures: 0, Errors: 0, Skipped: 0, Time elapsed: 0.172 s -- in org.namewta.common.nacos.NacosConfigBootstrapTest
[INFO] Running org.namewta.common.nacos.NacosConfigManagerTest
[INFO] Tests run: 9, Failures: 0, Errors: 0, Skipped: 0, Time elapsed: 0.132 s -- in org.namewta.common.nacos.NacosConfigManagerTest
[INFO] Running org.namewta.common.nacos.NacosConfigAutoConfigurationTest
[INFO] Tests run: 1, Failures: 0, Errors: 0, Skipped: 0, Time elapsed: 0.131 s -- in org.namewta.common.nacos.NacosConfigAutoConfigurationTest
[INFO] Running org.namewta.common.nacos.NacosSnapshotPolicyUnitTest
03:35:39.410 [main] INFO com.alibaba.nacos.client.logging.NacosLogging -- Nacos Logging Adapter Builder: com.alibaba.nacos.logger.adapter.logback12.LogbackNacosLoggingAdapterBuilder
03:35:39.413 [main] INFO com.alibaba.nacos.client.logging.NacosLogging -- Nacos Logging Adapter Builder: com.alibaba.nacos.logger.adapter.logback14.LogbackNacosLoggingAdapterBuilder
03:35:39.414 [main] INFO com.alibaba.nacos.client.logging.NacosLogging -- Nacos Logging Adapter: com.alibaba.nacos.logger.adapter.logback14.LogbackNacosLoggingAdapter match ch.qos.logback.classic.Logger success.
03:35:39.418 [main] INFO com.alibaba.nacos.client.logging.NacosLogging -- Nacos Logging Adapter Builder: com.alibaba.nacos.logger.adapter.log4j2.Log4j2NacosLoggingAdapterBuilder
[INFO] Tests run: 1, Failures: 0, Errors: 0, Skipped: 0, Time elapsed: 0.120 s -- in org.namewta.common.nacos.NacosSnapshotPolicyUnitTest
[INFO] Running org.namewta.common.nacos.NacosConfigSettingsTest
[INFO] Tests run: 2, Failures: 0, Errors: 0, Skipped: 0, Time elapsed: 0.003 s -- in org.namewta.common.nacos.NacosConfigSettingsTest
[INFO] Running org.namewta.common.nacos.NacosPropertySourceRegistrarTest
[INFO] Tests run: 2, Failures: 0, Errors: 0, Skipped: 0, Time elapsed: 0.008 s -- in org.namewta.common.nacos.NacosPropertySourceRegistrarTest
[INFO] 
[INFO] Results:
[INFO] 
[INFO] Tests run: 16, Failures: 0, Errors: 0, Skipped: 0
[INFO] 
[INFO] 
[INFO] -------------------< org.namewta:wta-common-notify >--------------------
[INFO] Building wta-common-notify 6.0.0                                  [9/49]
[INFO]   from wta-common/wta-common-notify/pom.xml
[INFO] --------------------------------[ jar ]---------------------------------
[INFO] 
[INFO] --- resources:3.3.1:resources (default-resources) @ wta-common-notify ---
[INFO] Copying 1 resource from src/main/resources to target/classes
[INFO] Copying 0 resource from src/main/resources to target/classes
[INFO] 
[INFO] --- flatten:1.7.3:flatten (flatten) @ wta-common-notify ---
[INFO] Generating flattened POM of project org.namewta:wta-common-notify:jar:6.0.0...
[INFO] 
[INFO] --- compiler:3.15.0:compile (default-compile) @ wta-common-notify ---
[INFO] Recompiling the module because of changed dependency.
[INFO] Compiling 39 source files with javac [debug release 21] to target/classes
[INFO] 
[INFO] --- resources:3.3.1:testResources (default-testResources) @ wta-common-notify ---
[INFO] skip non existing resourceDirectory /srv/WTA-plus/backend/wta-common/wta-common-notify/src/test/resources
[INFO] 
[INFO] --- compiler:3.15.0:testCompile (default-testCompile) @ wta-common-notify ---
[INFO] No sources to compile
[INFO] 
[INFO] --- surefire:3.5.5:test (default-test) @ wta-common-notify ---
[INFO] No tests to run.
[INFO] 
[INFO] --------------------< org.namewta:wta-common-mail >---------------------
[INFO] Building wta-common-mail 6.0.0                                   [10/49]
[INFO]   from wta-common/wta-common-mail/pom.xml
[INFO] --------------------------------[ jar ]---------------------------------
[INFO] 
[INFO] --- resources:3.3.1:resources (default-resources) @ wta-common-mail ---
[INFO] Copying 1 resource from src/main/resources to target/classes
[INFO] Copying 0 resource from src/main/resources to target/classes
[INFO] 
[INFO] --- flatten:1.7.3:flatten (flatten) @ wta-common-mail ---
[INFO] Generating flattened POM of project org.namewta:wta-common-mail:jar:6.0.0...
[INFO] 
[INFO] --- compiler:3.15.0:compile (default-compile) @ wta-common-mail ---
[INFO] Recompiling the module because of changed dependency.
[INFO] Compiling 7 source files with javac [debug release 21] to target/classes
[INFO] 
[INFO] --- resources:3.3.1:testResources (default-testResources) @ wta-common-mail ---
[INFO] skip non existing resourceDirectory /srv/WTA-plus/backend/wta-common/wta-common-mail/src/test/resources
[INFO] 
[INFO] --- compiler:3.15.0:testCompile (default-testCompile) @ wta-common-mail ---
[INFO] No sources to compile
[INFO] 
[INFO] --- surefire:3.5.5:test (default-test) @ wta-common-mail ---
[INFO] No tests to run.
[INFO] 
[INFO] ---------------------< org.namewta:wta-common-mcp >---------------------
[INFO] Building wta-common-mcp 6.0.0                                    [11/49]
[INFO]   from wta-common/wta-common-mcp/pom.xml
[INFO] --------------------------------[ jar ]---------------------------------
[INFO] 
[INFO] --- resources:3.3.1:resources (default-resources) @ wta-common-mcp ---
[INFO] Copying 1 resource from src/main/resources to target/classes
[INFO] Copying 0 resource from src/main/resources to target/classes
[INFO] 
[INFO] --- flatten:1.7.3:flatten (flatten) @ wta-common-mcp ---
[INFO] Generating flattened POM of project org.namewta:wta-common-mcp:jar:6.0.0...
[INFO] 
[INFO] --- compiler:3.15.0:compile (default-compile) @ wta-common-mcp ---
[INFO] Recompiling the module because of changed dependency.
[INFO] Compiling 4 source files with javac [debug release 21] to target/classes
[INFO] /srv/WTA-plus/backend/wta-common/wta-common-mcp/src/main/java/org/namewta/common/mcp/core/McpClientTemplate.java: /srv/WTA-plus/backend/wta-common/wta-common-mcp/src/main/java/org/namewta/common/mcp/core/McpClientTemplate.java uses or overrides a deprecated API.
[INFO] /srv/WTA-plus/backend/wta-common/wta-common-mcp/src/main/java/org/namewta/common/mcp/core/McpClientTemplate.java: Recompile with -Xlint:deprecation for details.
[INFO] 
[INFO] --- resources:3.3.1:testResources (default-testResources) @ wta-common-mcp ---
[INFO] skip non existing resourceDirectory /srv/WTA-plus/backend/wta-common/wta-common-mcp/src/test/resources
[INFO] 
[INFO] --- compiler:3.15.0:testCompile (default-testCompile) @ wta-common-mcp ---
[INFO] No sources to compile
[INFO] 
[INFO] --- surefire:3.5.5:test (default-test) @ wta-common-mcp ---
[INFO] No tests to run.
[INFO] 
[INFO] ------------------------< org.namewta:wta-api >-------------------------
[INFO] Building wta-api 6.0.0                                           [12/49]
[INFO]   from wta-api/pom.xml
[INFO] --------------------------------[ jar ]---------------------------------
[INFO] 
[INFO] --- resources:3.3.1:resources (default-resources) @ wta-api ---
[INFO] skip non existing resourceDirectory /srv/WTA-plus/backend/wta-api/src/main/resources
[INFO] skip non existing resourceDirectory /srv/WTA-plus/backend/wta-api/src/main/resources
[INFO] 
[INFO] --- flatten:1.7.3:flatten (flatten) @ wta-api ---
[INFO] Generating flattened POM of project org.namewta:wta-api:jar:6.0.0...
[INFO] 
[INFO] --- compiler:3.15.0:compile (default-compile) @ wta-api ---
[INFO] Recompiling the module because of changed dependency.
[INFO] Compiling 65 source files with javac [debug release 21] to target/classes
[INFO] 
[INFO] --- resources:3.3.1:testResources (default-testResources) @ wta-api ---
[INFO] skip non existing resourceDirectory /srv/WTA-plus/backend/wta-api/src/test/resources
[INFO] 
[INFO] --- compiler:3.15.0:testCompile (default-testCompile) @ wta-api ---
[INFO] No sources to compile
[INFO] 
[INFO] --- surefire:3.5.5:test (default-test) @ wta-api ---
[INFO] No tests to run.
[INFO] 
[INFO] -------------------< org.namewta:wta-common-satoken >-------------------
[INFO] Building wta-common-satoken 6.0.0                                [13/49]
[INFO]   from wta-common/wta-common-satoken/pom.xml
[INFO] --------------------------------[ jar ]---------------------------------
[INFO] 
[INFO] --- resources:3.3.1:resources (default-resources) @ wta-common-satoken ---
[INFO] Copying 2 resources from src/main/resources to target/classes
[INFO] Copying 0 resource from src/main/resources to target/classes
[INFO] 
[INFO] --- flatten:1.7.3:flatten (flatten) @ wta-common-satoken ---
[INFO] Generating flattened POM of project org.namewta:wta-common-satoken:jar:6.0.0...
[INFO] 
[INFO] --- compiler:3.15.0:compile (default-compile) @ wta-common-satoken ---
[INFO] Recompiling the module because of changed dependency.
[INFO] Compiling 5 source files with javac [debug release 21] to target/classes
[INFO] 
[INFO] --- resources:3.3.1:testResources (default-testResources) @ wta-common-satoken ---
[INFO] skip non existing resourceDirectory /srv/WTA-plus/backend/wta-common/wta-common-satoken/src/test/resources
[INFO] 
[INFO] --- compiler:3.15.0:testCompile (default-testCompile) @ wta-common-satoken ---
[INFO] No sources to compile
[INFO] 
[INFO] --- surefire:3.5.5:test (default-test) @ wta-common-satoken ---
[INFO] No tests to run.
[INFO] 
[INFO] -------------------< org.namewta:wta-common-openapi >-------------------
[INFO] Building wta-common-openapi 6.0.0                                [14/49]
[INFO]   from wta-common/wta-common-openapi/pom.xml
[INFO] --------------------------------[ jar ]---------------------------------
[INFO] 
[INFO] --- resources:3.3.1:resources (default-resources) @ wta-common-openapi ---
[INFO] Copying 1 resource from src/main/resources to target/classes
[INFO] Copying 0 resource from src/main/resources to target/classes
[INFO] 
[INFO] --- flatten:1.7.3:flatten (flatten) @ wta-common-openapi ---
[INFO] Generating flattened POM of project org.namewta:wta-common-openapi:jar:6.0.0...
[INFO] 
[INFO] --- compiler:3.15.0:compile (default-compile) @ wta-common-openapi ---
[INFO] Recompiling the module because of changed dependency.
[INFO] Compiling 36 source files with javac [debug release 21] to target/classes
[INFO] 
[INFO] --- resources:3.3.1:testResources (default-testResources) @ wta-common-openapi ---
[INFO] skip non existing resourceDirectory /srv/WTA-plus/backend/wta-common/wta-common-openapi/src/test/resources
[INFO] 
[INFO] --- compiler:3.15.0:testCompile (default-testCompile) @ wta-common-openapi ---
[INFO] Recompiling the module because of changed dependency.
[INFO] Compiling 5 source files with javac [debug release 21] to target/test-classes
[INFO] 
[INFO] --- surefire:3.5.5:test (default-test) @ wta-common-openapi ---
[INFO] Using auto detected provider org.apache.maven.surefire.junitplatform.JUnitPlatformProvider
[INFO] 
[INFO] -------------------------------------------------------
[INFO]  T E S T S
[INFO] -------------------------------------------------------
Picked up JAVA_TOOL_OPTIONS: -Xms128m -Xmx1536m
[INFO] Running org.namewta.common.openapi.session.SaTokenOpenApiMachineSessionOperationsTest
Mockito is currently self-attaching to enable the inline-mock-maker. This will no longer work in future releases of the JDK. Please add Mockito as an agent to your build as described in Mockito's documentation: https://javadoc.io/doc/org.mockito/mockito-core/latest/org.mockito/org/mockito/Mockito.html#0.3
WARNING: A Java agent has been loaded dynamically (/root/.m2/repository/net/bytebuddy/byte-buddy-agent/1.18.10/byte-buddy-agent-1.18.10.jar)
WARNING: If a serviceability tool is in use, please run with -XX:+EnableDynamicAgentLoading to hide this warning
WARNING: If a serviceability tool is not in use, please run with -Djdk.instrument.traceUsage for more information
WARNING: Dynamic loading of agents will be disallowed by default in a future release
OpenJDK 64-Bit Server VM warning: Sharing is only supported for boot loader classes because bootstrap classpath has been appended
[INFO] Tests run: 3, Failures: 0, Errors: 0, Skipped: 0, Time elapsed: 1.261 s -- in org.namewta.common.openapi.session.SaTokenOpenApiMachineSessionOperationsTest
[INFO] Running org.namewta.common.openapi.session.OpenApiMachineSessionBridgeTest
[INFO] Tests run: 3, Failures: 0, Errors: 0, Skipped: 0, Time elapsed: 0.015 s -- in org.namewta.common.openapi.session.OpenApiMachineSessionBridgeTest
[INFO] Running org.namewta.common.openapi.registry.OpenApiOperationRegistryTest
03:35:46.039 [main] INFO org.hibernate.validator.internal.util.Version -- HV000001: Hibernate Validator 9.1.0.Final
[INFO] Tests run: 2, Failures: 0, Errors: 0, Skipped: 0, Time elapsed: 1.599 s -- in org.namewta.common.openapi.registry.OpenApiOperationRegistryTest
[INFO] Running org.namewta.common.openapi.gateway.OpenApiGatewayStateStoreTest
[INFO] Tests run: 2, Failures: 0, Errors: 0, Skipped: 0, Time elapsed: 0.132 s -- in org.namewta.common.openapi.gateway.OpenApiGatewayStateStoreTest
[INFO] Running org.namewta.common.openapi.protocol.OpenApiProtocolTest
[INFO] Tests run: 4, Failures: 0, Errors: 0, Skipped: 0, Time elapsed: 0.044 s -- in org.namewta.common.openapi.protocol.OpenApiProtocolTest
[INFO] 
[INFO] Results:
[INFO] 
[INFO] Tests run: 14, Failures: 0, Errors: 0, Skipped: 0
[INFO] 
[INFO] 
[INFO] -------------------< org.namewta:wta-common-mybatis >-------------------
[INFO] Building wta-common-mybatis 6.0.0                                [15/49]
[INFO]   from wta-common/wta-common-mybatis/pom.xml
[INFO] --------------------------------[ jar ]---------------------------------
[INFO] 
[INFO] --- resources:3.3.1:resources (default-resources) @ wta-common-mybatis ---
[INFO] Copying 2 resources from src/main/resources to target/classes
[INFO] Copying 0 resource from src/main/resources to target/classes
[INFO] 
[INFO] --- flatten:1.7.3:flatten (flatten) @ wta-common-mybatis ---
[INFO] Generating flattened POM of project org.namewta:wta-common-mybatis:jar:6.0.0...
[INFO] 
[INFO] --- compiler:3.15.0:compile (default-compile) @ wta-common-mybatis ---
[INFO] Recompiling the module because of changed dependency.
[INFO] Compiling 34 source files with javac [debug release 21] to target/classes
[INFO] /srv/WTA-plus/backend/wta-common/wta-common-mybatis/src/main/java/org/namewta/common/mybatis/core/query/LambdaQueryBuilder.java: /srv/WTA-plus/backend/wta-common/wta-common-mybatis/src/main/java/org/namewta/common/mybatis/core/query/LambdaQueryBuilder.java uses unchecked or unsafe operations.
[INFO] /srv/WTA-plus/backend/wta-common/wta-common-mybatis/src/main/java/org/namewta/common/mybatis/core/query/LambdaQueryBuilder.java: Recompile with -Xlint:unchecked for details.
[INFO] 
[INFO] --- resources:3.3.1:testResources (default-testResources) @ wta-common-mybatis ---
[INFO] skip non existing resourceDirectory /srv/WTA-plus/backend/wta-common/wta-common-mybatis/src/test/resources
[INFO] 
[INFO] --- compiler:3.15.0:testCompile (default-testCompile) @ wta-common-mybatis ---
[INFO] No sources to compile
[INFO] 
[INFO] --- surefire:3.5.5:test (default-test) @ wta-common-mybatis ---
[INFO] No tests to run.
[INFO] 
[INFO] -----------------< org.namewta:wta-common-translation >-----------------
[INFO] Building wta-common-translation 6.0.0                            [16/49]
[INFO]   from wta-common/wta-common-translation/pom.xml
[INFO] --------------------------------[ jar ]---------------------------------
[INFO] 
[INFO] --- resources:3.3.1:resources (default-resources) @ wta-common-translation ---
[INFO] Copying 1 resource from src/main/resources to target/classes
[INFO] Copying 0 resource from src/main/resources to target/classes
[INFO] 
[INFO] --- flatten:1.7.3:flatten (flatten) @ wta-common-translation ---
[INFO] Generating flattened POM of project org.namewta:wta-common-translation:jar:6.0.0...
[INFO] 
[INFO] --- compiler:3.15.0:compile (default-compile) @ wta-common-translation ---
[INFO] Recompiling the module because of changed dependency.
[INFO] Compiling 11 source files with javac [debug release 21] to target/classes
[INFO] /srv/WTA-plus/backend/wta-common/wta-common-translation/src/main/java/org/namewta/common/translation/core/impl/OssUrlTranslationImpl.java: /srv/WTA-plus/backend/wta-common/wta-common-translation/src/main/java/org/namewta/common/translation/core/impl/OssUrlTranslationImpl.java uses or overrides a deprecated API.
[INFO] /srv/WTA-plus/backend/wta-common/wta-common-translation/src/main/java/org/namewta/common/translation/core/impl/OssUrlTranslationImpl.java: Recompile with -Xlint:deprecation for details.
[INFO] 
[INFO] --- resources:3.3.1:testResources (default-testResources) @ wta-common-translation ---
[INFO] skip non existing resourceDirectory /srv/WTA-plus/backend/wta-common/wta-common-translation/src/test/resources
[INFO] 
[INFO] --- compiler:3.15.0:testCompile (default-testCompile) @ wta-common-translation ---
[INFO] No sources to compile
[INFO] 
[INFO] --- surefire:3.5.5:test (default-test) @ wta-common-translation ---
[INFO] No tests to run.
[INFO] 
[INFO] ---------------------< org.namewta:wta-common-oss >---------------------
[INFO] Building wta-common-oss 6.0.0                                    [17/49]
[INFO]   from wta-common/wta-common-oss/pom.xml
[INFO] --------------------------------[ jar ]---------------------------------
[INFO] 
[INFO] --- resources:3.3.1:resources (default-resources) @ wta-common-oss ---
[INFO] skip non existing resourceDirectory /srv/WTA-plus/backend/wta-common/wta-common-oss/src/main/resources
[INFO] skip non existing resourceDirectory /srv/WTA-plus/backend/wta-common/wta-common-oss/src/main/resources
[INFO] 
[INFO] --- flatten:1.7.3:flatten (flatten) @ wta-common-oss ---
[INFO] Generating flattened POM of project org.namewta:wta-common-oss:jar:6.0.0...
[INFO] 
[INFO] --- compiler:3.15.0:compile (default-compile) @ wta-common-oss ---
[INFO] Recompiling the module because of changed dependency.
[INFO] Compiling 31 source files with javac [debug release 21] to target/classes
[INFO] /srv/WTA-plus/backend/wta-common/wta-common-oss/src/main/java/org/namewta/common/oss/client/AbstractOssClientImpl.java: /srv/WTA-plus/backend/wta-common/wta-common-oss/src/main/java/org/namewta/common/oss/client/AbstractOssClientImpl.java uses or overrides a deprecated API.
[INFO] /srv/WTA-plus/backend/wta-common/wta-common-oss/src/main/java/org/namewta/common/oss/client/AbstractOssClientImpl.java: Recompile with -Xlint:deprecation for details.
[INFO] 
[INFO] --- resources:3.3.1:testResources (default-testResources) @ wta-common-oss ---
[INFO] skip non existing resourceDirectory /srv/WTA-plus/backend/wta-common/wta-common-oss/src/test/resources
[INFO] 
[INFO] --- compiler:3.15.0:testCompile (default-testCompile) @ wta-common-oss ---
[INFO] Recompiling the module because of changed dependency.
[INFO] Compiling 1 source file with javac [debug release 21] to target/test-classes
[INFO] 
[INFO] --- surefire:3.5.5:test (default-test) @ wta-common-oss ---
[INFO] Using auto detected provider org.apache.maven.surefire.junitplatform.JUnitPlatformProvider
[INFO] 
[INFO] -------------------------------------------------------
[INFO]  T E S T S
[INFO] -------------------------------------------------------
Picked up JAVA_TOOL_OPTIONS: -Xms128m -Xmx1536m
[INFO] Running org.namewta.common.oss.client.OssBoundedTransferTest
[INFO] Tests run: 3, Failures: 0, Errors: 0, Skipped: 0, Time elapsed: 0.655 s -- in org.namewta.common.oss.client.OssBoundedTransferTest
[INFO] 
[INFO] Results:
[INFO] 
[INFO] Tests run: 3, Failures: 0, Errors: 0, Skipped: 0
[INFO] 
[INFO] 
[INFO] ---------------------< org.namewta:wta-common-log >---------------------
[INFO] Building wta-common-log 6.0.0                                    [18/49]
[INFO]   from wta-common/wta-common-log/pom.xml
[INFO] --------------------------------[ jar ]---------------------------------
[INFO] 
[INFO] --- resources:3.3.1:resources (default-resources) @ wta-common-log ---
[INFO] Copying 1 resource from src/main/resources to target/classes
[INFO] Copying 0 resource from src/main/resources to target/classes
[INFO] 
[INFO] --- flatten:1.7.3:flatten (flatten) @ wta-common-log ---
[INFO] Generating flattened POM of project org.namewta:wta-common-log:jar:6.0.0...
[INFO] 
[INFO] --- compiler:3.15.0:compile (default-compile) @ wta-common-log ---
[INFO] Recompiling the module because of changed dependency.
[INFO] Compiling 7 source files with javac [debug release 21] to target/classes
[INFO] 
[INFO] --- resources:3.3.1:testResources (default-testResources) @ wta-common-log ---
[INFO] skip non existing resourceDirectory /srv/WTA-plus/backend/wta-common/wta-common-log/src/test/resources
[INFO] 
[INFO] --- compiler:3.15.0:testCompile (default-testCompile) @ wta-common-log ---
[INFO] Recompiling the module because of changed dependency.
[INFO] Compiling 1 source file with javac [debug release 21] to target/test-classes
[INFO] 
[INFO] --- surefire:3.5.5:test (default-test) @ wta-common-log ---
[INFO] Using auto detected provider org.apache.maven.surefire.junitplatform.JUnitPlatformProvider
[INFO] 
[INFO] -------------------------------------------------------
[INFO]  T E S T S
[INFO] -------------------------------------------------------
Picked up JAVA_TOOL_OPTIONS: -Xms128m -Xmx1536m
[INFO] Running org.namewta.common.log.aspect.LogAspectRedactionTest
[INFO] Tests run: 1, Failures: 0, Errors: 0, Skipped: 0, Time elapsed: 0.301 s -- in org.namewta.common.log.aspect.LogAspectRedactionTest
[INFO] 
[INFO] Results:
[INFO] 
[INFO] Tests run: 1, Failures: 0, Errors: 0, Skipped: 0
[INFO] 
[INFO] 
[INFO] --------------------< org.namewta:wta-common-excel >--------------------
[INFO] Building wta-common-excel 6.0.0                                  [19/49]
[INFO]   from wta-common/wta-common-excel/pom.xml
[INFO] --------------------------------[ jar ]---------------------------------
[INFO] 
[INFO] --- resources:3.3.1:resources (default-resources) @ wta-common-excel ---
[INFO] skip non existing resourceDirectory /srv/WTA-plus/backend/wta-common/wta-common-excel/src/main/resources
[INFO] skip non existing resourceDirectory /srv/WTA-plus/backend/wta-common/wta-common-excel/src/main/resources
[INFO] 
[INFO] --- flatten:1.7.3:flatten (flatten) @ wta-common-excel ---
[INFO] Generating flattened POM of project org.namewta:wta-common-excel:jar:6.0.0...
[INFO] 
[INFO] --- compiler:3.15.0:compile (default-compile) @ wta-common-excel ---
[INFO] Recompiling the module because of changed dependency.
[INFO] Compiling 21 source files with javac [debug release 21] to target/classes
[INFO] 
[INFO] --- resources:3.3.1:testResources (default-testResources) @ wta-common-excel ---
[INFO] skip non existing resourceDirectory /srv/WTA-plus/backend/wta-common/wta-common-excel/src/test/resources
[INFO] 
[INFO] --- compiler:3.15.0:testCompile (default-testCompile) @ wta-common-excel ---
[INFO] No sources to compile
[INFO] 
[INFO] --- surefire:3.5.5:test (default-test) @ wta-common-excel ---
[INFO] No tests to run.
[INFO] 
[INFO] ---------------------< org.namewta:wta-common-sms >---------------------
[INFO] Building wta-common-sms 6.0.0                                    [20/49]
[INFO]   from wta-common/wta-common-sms/pom.xml
[INFO] --------------------------------[ jar ]---------------------------------
[INFO] 
[INFO] --- resources:3.3.1:resources (default-resources) @ wta-common-sms ---
[INFO] Copying 1 resource from src/main/resources to target/classes
[INFO] Copying 0 resource from src/main/resources to target/classes
[INFO] 
[INFO] --- flatten:1.7.3:flatten (flatten) @ wta-common-sms ---
[INFO] Generating flattened POM of project org.namewta:wta-common-sms:jar:6.0.0...
[INFO] 
[INFO] --- compiler:3.15.0:compile (default-compile) @ wta-common-sms ---
[INFO] Recompiling the module because of changed dependency.
[INFO] Compiling 13 source files with javac [debug release 21] to target/classes
[INFO] /srv/WTA-plus/backend/wta-common/wta-common-sms/src/main/java/org/namewta/common/sms/notify/SmsDeliveryQueryClient.java: /srv/WTA-plus/backend/wta-common/wta-common-sms/src/main/java/org/namewta/common/sms/notify/SmsDeliveryQueryClient.java uses or overrides a deprecated API.
[INFO] /srv/WTA-plus/backend/wta-common/wta-common-sms/src/main/java/org/namewta/common/sms/notify/SmsDeliveryQueryClient.java: Recompile with -Xlint:deprecation for details.
[INFO] 
[INFO] --- resources:3.3.1:testResources (default-testResources) @ wta-common-sms ---
[INFO] skip non existing resourceDirectory /srv/WTA-plus/backend/wta-common/wta-common-sms/src/test/resources
[INFO] 
[INFO] --- compiler:3.15.0:testCompile (default-testCompile) @ wta-common-sms ---
[INFO] Recompiling the module because of changed dependency.
[INFO] Compiling 1 source file with javac [debug release 21] to target/test-classes
[INFO] 
[INFO] --- surefire:3.5.5:test (default-test) @ wta-common-sms ---
[INFO] Using auto detected provider org.apache.maven.surefire.junitplatform.JUnitPlatformProvider
[INFO] 
[INFO] -------------------------------------------------------
[INFO]  T E S T S
[INFO] -------------------------------------------------------
Picked up JAVA_TOOL_OPTIONS: -Xms128m -Xmx1536m
[INFO] Running org.namewta.common.sms.notify.SmsDeliveryQueryClientTest
[INFO] Tests run: 11, Failures: 0, Errors: 0, Skipped: 0, Time elapsed: 5.761 s -- in org.namewta.common.sms.notify.SmsDeliveryQueryClientTest
[INFO] 
[INFO] Results:
[INFO] 
[INFO] Tests run: 11, Failures: 0, Errors: 0, Skipped: 0
[INFO] 
[INFO] 
[INFO] ------------------< org.namewta:wta-common-security >-------------------
[INFO] Building wta-common-security 6.0.0                               [21/49]
[INFO]   from wta-common/wta-common-security/pom.xml
[INFO] --------------------------------[ jar ]---------------------------------
[INFO] 
[INFO] --- resources:3.3.1:resources (default-resources) @ wta-common-security ---
[INFO] Copying 1 resource from src/main/resources to target/classes
[INFO] Copying 0 resource from src/main/resources to target/classes
[INFO] 
[INFO] --- flatten:1.7.3:flatten (flatten) @ wta-common-security ---
[INFO] Generating flattened POM of project org.namewta:wta-common-security:jar:6.0.0...
[INFO] 
[INFO] --- compiler:3.15.0:compile (default-compile) @ wta-common-security ---
[INFO] Recompiling the module because of changed dependency.
[INFO] Compiling 3 source files with javac [debug release 21] to target/classes
[INFO] 
[INFO] --- resources:3.3.1:testResources (default-testResources) @ wta-common-security ---
[INFO] skip non existing resourceDirectory /srv/WTA-plus/backend/wta-common/wta-common-security/src/test/resources
[INFO] 
[INFO] --- compiler:3.15.0:testCompile (default-testCompile) @ wta-common-security ---
[INFO] No sources to compile
[INFO] 
[INFO] --- surefire:3.5.5:test (default-test) @ wta-common-security ---
[INFO] No tests to run.
[INFO] 
[INFO] ---------------------< org.namewta:wta-common-web >---------------------
[INFO] Building wta-common-web 6.0.0                                    [22/49]
[INFO]   from wta-common/wta-common-web/pom.xml
[INFO] --------------------------------[ jar ]---------------------------------
[INFO] 
[INFO] --- resources:3.3.1:resources (default-resources) @ wta-common-web ---
[INFO] Copying 1 resource from src/main/resources to target/classes
[INFO] Copying 0 resource from src/main/resources to target/classes
[INFO] 
[INFO] --- flatten:1.7.3:flatten (flatten) @ wta-common-web ---
[INFO] Generating flattened POM of project org.namewta:wta-common-web:jar:6.0.0...
[INFO] 
[INFO] --- compiler:3.15.0:compile (default-compile) @ wta-common-web ---
[INFO] Recompiling the module because of changed dependency.
[INFO] Compiling 31 source files with javac [debug release 21] to target/classes
[INFO] 
[INFO] --- resources:3.3.1:testResources (default-testResources) @ wta-common-web ---
[INFO] skip non existing resourceDirectory /srv/WTA-plus/backend/wta-common/wta-common-web/src/test/resources
[INFO] 
[INFO] --- compiler:3.15.0:testCompile (default-testCompile) @ wta-common-web ---
[INFO] Recompiling the module because of changed dependency.
[INFO] Compiling 9 source files with javac [debug release 21] to target/test-classes
[INFO] /srv/WTA-plus/backend/wta-common/wta-common-web/src/test/java/org/namewta/common/web/logging/SysLogEventWriterTest.java: /srv/WTA-plus/backend/wta-common/wta-common-web/src/test/java/org/namewta/common/web/logging/SysLogEventWriterTest.java uses or overrides a deprecated API.
[INFO] /srv/WTA-plus/backend/wta-common/wta-common-web/src/test/java/org/namewta/common/web/logging/SysLogEventWriterTest.java: Recompile with -Xlint:deprecation for details.
[INFO] 
[INFO] --- surefire:3.5.5:test (default-test) @ wta-common-web ---
[INFO] Using auto detected provider org.apache.maven.surefire.junitplatform.JUnitPlatformProvider
[INFO] 
[INFO] -------------------------------------------------------
[INFO]  T E S T S
[INFO] -------------------------------------------------------
Picked up JAVA_TOOL_OPTIONS: -Xms128m -Xmx1536m
[INFO] Running org.namewta.common.web.logging.SysLogFailureRedactionTest
03:36:02.329 [main] ERROR org.namewta.common.web.handler.GlobalExceptionHandler -- 请求地址'/app/monitor/online/[REDACTED]',发生未知异常, 错误编号: 85534482，类型=java.lang.IllegalStateException
03:36:02.334 [main] ERROR org.namewta.common.web.handler.GlobalExceptionHandler -- 请求地址'/app/monitor/online/myself/[REDACTED]',发生未知异常, 错误编号: 73825725，类型=java.lang.IllegalStateException
03:36:02.334 [main] ERROR org.namewta.common.web.handler.GlobalExceptionHandler -- 请求地址'/app/monitor/online/list',发生未知异常, 错误编号: 82437245，类型=java.lang.IllegalStateException
03:36:02.340 [main] ERROR org.namewta.common.web.logging.SysLogFilter -- 系统 HTTP 日志采集失败：阶段=请求事件输出，请求标识=db583e8e-45cd-4c6a-a76a-2cad5329132b，异常类型=java.lang.IllegalStateException
03:36:02.344 [main] ERROR org.namewta.common.web.logging.SysLogFilter -- 系统 HTTP 日志采集失败：阶段=响应事件输出，请求标识=db583e8e-45cd-4c6a-a76a-2cad5329132b，异常类型=java.lang.IllegalStateException
03:36:02.344 [main] ERROR org.namewta.common.web.handler.GlobalExceptionHandler -- 请求地址'/failed',发生未知异常, 错误编号: 68305697，类型=java.lang.IllegalStateException
[INFO] Tests run: 5, Failures: 0, Errors: 0, Skipped: 0, Time elapsed: 0.342 s -- in org.namewta.common.web.logging.SysLogFailureRedactionTest
[INFO] Running org.namewta.common.web.logging.SysLogFilterTest
03:36:02.386 [main] ERROR org.namewta.common.web.logging.SysLogFilter -- 系统 HTTP 日志采集失败：阶段=请求事件输出，请求标识=c3c7d322-9413-4797-90fd-d972a2e934f7，异常类型=java.lang.IllegalStateException
03:36:02.387 [main] ERROR org.namewta.common.web.logging.SysLogFilter -- 系统 HTTP 日志采集失败：阶段=响应事件输出，请求标识=c3c7d322-9413-4797-90fd-d972a2e934f7，异常类型=java.lang.IllegalStateException
[INFO] Tests run: 15, Failures: 0, Errors: 0, Skipped: 0, Time elapsed: 0.072 s -- in org.namewta.common.web.logging.SysLogFilterTest
[INFO] Running org.namewta.common.web.logging.SysLogEventWriterTest
03:36:02.431 [main] INFO org.namewta.system.http -- {"事件类型":"请求进入","请求标识":"request-id","正文已记录":true,"正文":"line1\n\"quoted\"\u0001"}
03:36:02.436 [main] INFO org.namewta.system.http -- {"事件类型":"响应返回","响应状态":200,"正文已记录":false,"正文省略原因":"非文本内容"}
[INFO] Tests run: 2, Failures: 0, Errors: 0, Skipped: 0, Time elapsed: 0.013 s -- in org.namewta.common.web.logging.SysLogEventWriterTest
[INFO] Running org.namewta.common.web.filter.ClientAddressFilterTest
[INFO] Tests run: 8, Failures: 0, Errors: 0, Skipped: 0, Time elapsed: 0.031 s -- in org.namewta.common.web.filter.ClientAddressFilterTest
[INFO] Running org.namewta.common.web.filter.RequestBodyLimitTest
[INFO] Tests run: 9, Failures: 0, Errors: 0, Skipped: 0, Time elapsed: 0.042 s -- in org.namewta.common.web.filter.RequestBodyLimitTest
[INFO] Running org.namewta.common.web.config.CorsPolicyTest
[INFO] Tests run: 7, Failures: 0, Errors: 0, Skipped: 0, Time elapsed: 0.033 s -- in org.namewta.common.web.config.CorsPolicyTest
[INFO] Running org.namewta.common.web.config.CorsServletHttpTest
03:36:02.905 [main] INFO org.eclipse.jetty.server.Server -- jetty-12.1.10; built: 2026-05-31T04:45:52.925Z; git: 986024525891c2c20ff08c58ba300dc3b9847586; jvm 21.0.12.1+1-LTS
03:36:02.924 [main] INFO org.eclipse.jetty.server.handler.ContextHandler -- Started oeje11s.ServletContextHandler@254f906e{ROOT,/,b=null,a=AVAILABLE,h=oeje11s.ServletHandler@3d0035d2{STARTED}}
03:36:02.927 [main] INFO org.eclipse.jetty.ee11.servlet.ServletContextHandler -- Started oeje11s.ServletContextHandler@254f906e{ROOT,/,b=null,a=AVAILABLE,h=oeje11s.ServletHandler@3d0035d2{STARTED}}
03:36:02.932 [main] INFO org.eclipse.jetty.server.AbstractConnector -- Started oejs.ServerConnector@75181b50{HTTP/1.1, (http/1.1)}{127.0.0.1:44123}
03:36:02.932 [main] INFO org.eclipse.jetty.server.Server -- Started oejs.Server@2d64160c{STARTING}[12.1.10,sto=0] @29ms
03:36:03.031 [main] INFO org.eclipse.jetty.server.Server -- Stopped oejs.Server@2d64160c{STOPPING}[12.1.10,sto=0]
03:36:03.035 [main] INFO org.eclipse.jetty.server.AbstractConnector -- Stopped oejs.ServerConnector@75181b50{HTTP/1.1, (http/1.1)}{127.0.0.1:0}
03:36:03.036 [main] INFO org.eclipse.jetty.ee11.servlet.ServletContextHandler -- Stopped oeje11s.ServletContextHandler@254f906e{ROOT,/,b=null,a=AVAILABLE,h=oeje11s.ServletHandler@3d0035d2{STOPPED}}
03:36:03.046 [main] INFO org.eclipse.jetty.server.Server -- jetty-12.1.10; built: 2026-05-31T04:45:52.925Z; git: 986024525891c2c20ff08c58ba300dc3b9847586; jvm 21.0.12.1+1-LTS
03:36:03.049 [main] INFO org.eclipse.jetty.server.handler.ContextHandler -- Started oeje11s.ServletContextHandler@68ac9ec5{ROOT,/,b=null,a=AVAILABLE,h=oeje11s.ServletHandler@a50d709{STARTED}}
03:36:03.049 [main] INFO org.eclipse.jetty.ee11.servlet.ServletContextHandler -- Started oeje11s.ServletContextHandler@68ac9ec5{ROOT,/,b=null,a=AVAILABLE,h=oeje11s.ServletHandler@a50d709{STARTED}}
03:36:03.050 [main] INFO org.eclipse.jetty.server.AbstractConnector -- Started oejs.ServerConnector@5ed4bc{HTTP/1.1, (http/1.1)}{127.0.0.1:40221}
03:36:03.050 [main] INFO org.eclipse.jetty.server.Server -- Started oejs.Server@6920b0bc{STARTING}[12.1.10,sto=0] @4ms
03:36:03.068 [main] INFO org.eclipse.jetty.server.Server -- Stopped oejs.Server@6920b0bc{STOPPING}[12.1.10,sto=0]
03:36:03.069 [main] INFO org.eclipse.jetty.server.AbstractConnector -- Stopped oejs.ServerConnector@5ed4bc{HTTP/1.1, (http/1.1)}{127.0.0.1:0}
03:36:03.070 [main] INFO org.eclipse.jetty.ee11.servlet.ServletContextHandler -- Stopped oeje11s.ServletContextHandler@68ac9ec5{ROOT,/,b=null,a=AVAILABLE,h=oeje11s.ServletHandler@a50d709{STOPPED}}
03:36:03.073 [main] INFO org.eclipse.jetty.server.Server -- jetty-12.1.10; built: 2026-05-31T04:45:52.925Z; git: 986024525891c2c20ff08c58ba300dc3b9847586; jvm 21.0.12.1+1-LTS
03:36:03.074 [main] INFO org.eclipse.jetty.server.handler.ContextHandler -- Started oeje11s.ServletContextHandler@44ed0a8f{ROOT,/,b=null,a=AVAILABLE,h=oeje11s.ServletHandler@32177fa5{STARTED}}
03:36:03.075 [main] INFO org.eclipse.jetty.ee11.servlet.ServletContextHandler -- Started oeje11s.ServletContextHandler@44ed0a8f{ROOT,/,b=null,a=AVAILABLE,h=oeje11s.ServletHandler@32177fa5{STARTED}}
03:36:03.075 [main] INFO org.eclipse.jetty.server.AbstractConnector -- Started oejs.ServerConnector@a96d56c{HTTP/1.1, (http/1.1)}{127.0.0.1:42095}
03:36:03.075 [main] INFO org.eclipse.jetty.server.Server -- Started oejs.Server@6ab4a5b{STARTING}[12.1.10,sto=0] @2ms
03:36:03.109 [main] INFO org.eclipse.jetty.server.Server -- Stopped oejs.Server@6ab4a5b{STOPPING}[12.1.10,sto=0]
03:36:03.110 [main] INFO org.eclipse.jetty.server.AbstractConnector -- Stopped oejs.ServerConnector@a96d56c{HTTP/1.1, (http/1.1)}{127.0.0.1:0}
03:36:03.110 [main] INFO org.eclipse.jetty.ee11.servlet.ServletContextHandler -- Stopped oeje11s.ServletContextHandler@44ed0a8f{ROOT,/,b=null,a=AVAILABLE,h=oeje11s.ServletHandler@32177fa5{STOPPED}}
[INFO] Tests run: 3, Failures: 0, Errors: 0, Skipped: 0, Time elapsed: 0.564 s -- in org.namewta.common.web.config.CorsServletHttpTest
[INFO] Running org.namewta.common.web.config.SysLogConfigTest
03:36:03.360 [main] INFO org.hibernate.validator.internal.util.Version -- HV000001: Hibernate Validator 9.1.0.Final
03:36:03.729 [main] WARN org.springframework.context.annotation.AnnotationConfigApplicationContext -- Exception encountered during context initialization - cancelling refresh attempt: org.springframework.beans.factory.UnsatisfiedDependencyException: Error creating bean with name 'sysLogFilter' defined in org.namewta.common.web.config.SysLogConfig: Unsatisfied dependency expressed through method 'sysLogFilter' parameter 1: Error creating bean with name 'namewta.web.request-body-org.namewta.common.web.config.properties.RequestBodyProperties': Could not bind properties to 'RequestBodyProperties' : prefix=namewta.web.request-body, ignoreInvalidFields=false, ignoreUnknownFields=true
03:36:03.758 [main] WARN org.springframework.context.annotation.AnnotationConfigApplicationContext -- Exception encountered during context initialization - cancelling refresh attempt: org.springframework.beans.factory.UnsatisfiedDependencyException: Error creating bean with name 'sysLogFilter' defined in org.namewta.common.web.config.SysLogConfig: Unsatisfied dependency expressed through method 'sysLogFilter' parameter 1: Error creating bean with name 'namewta.web.request-body-org.namewta.common.web.config.properties.RequestBodyProperties': Could not bind properties to 'RequestBodyProperties' : prefix=namewta.web.request-body, ignoreInvalidFields=false, ignoreUnknownFields=true
03:36:03.784 [main] WARN org.springframework.context.annotation.AnnotationConfigApplicationContext -- Exception encountered during context initialization - cancelling refresh attempt: org.springframework.beans.factory.UnsatisfiedDependencyException: Error creating bean with name 'sysLogFilter' defined in org.namewta.common.web.config.SysLogConfig: Unsatisfied dependency expressed through method 'sysLogFilter' parameter 1: Error creating bean with name 'namewta.web.request-body-org.namewta.common.web.config.properties.RequestBodyProperties': Could not bind properties to 'RequestBodyProperties' : prefix=namewta.web.request-body, ignoreInvalidFields=false, ignoreUnknownFields=true
03:36:03.806 [main] WARN org.springframework.context.annotation.AnnotationConfigApplicationContext -- Exception encountered during context initialization - cancelling refresh attempt: org.springframework.beans.factory.UnsatisfiedDependencyException: Error creating bean with name 'sysLogFilter' defined in org.namewta.common.web.config.SysLogConfig: Unsatisfied dependency expressed through method 'sysLogFilter' parameter 1: Error creating bean with name 'namewta.web.request-body-org.namewta.common.web.config.properties.RequestBodyProperties': Could not bind properties to 'RequestBodyProperties' : prefix=namewta.web.request-body, ignoreInvalidFields=false, ignoreUnknownFields=true
03:36:03.824 [main] WARN org.springframework.context.annotation.AnnotationConfigApplicationContext -- Exception encountered during context initialization - cancelling refresh attempt: org.springframework.beans.factory.UnsatisfiedDependencyException: Error creating bean with name 'sysLogFilter' defined in org.namewta.common.web.config.SysLogConfig: Unsatisfied dependency expressed through method 'sysLogFilter' parameter 0: Error creating bean with name 'sys.log-org.namewta.common.web.config.SysLogProperties': Could not bind properties to 'SysLogProperties' : prefix=sys.log, ignoreInvalidFields=false, ignoreUnknownFields=true
03:36:03.838 [main] WARN org.springframework.context.annotation.AnnotationConfigApplicationContext -- Exception encountered during context initialization - cancelling refresh attempt: org.springframework.beans.factory.UnsatisfiedDependencyException: Error creating bean with name 'sysLogFilter' defined in org.namewta.common.web.config.SysLogConfig: Unsatisfied dependency expressed through method 'sysLogFilter' parameter 0: Error creating bean with name 'sys.log-org.namewta.common.web.config.SysLogProperties': Could not bind properties to 'SysLogProperties' : prefix=sys.log, ignoreInvalidFields=false, ignoreUnknownFields=true
03:36:03.850 [main] WARN org.springframework.context.annotation.AnnotationConfigApplicationContext -- Exception encountered during context initialization - cancelling refresh attempt: org.springframework.beans.factory.UnsatisfiedDependencyException: Error creating bean with name 'sysLogFilter' defined in org.namewta.common.web.config.SysLogConfig: Unsatisfied dependency expressed through method 'sysLogFilter' parameter 0: Error creating bean with name 'sys.log-org.namewta.common.web.config.SysLogProperties': Could not bind properties to 'SysLogProperties' : prefix=sys.log, ignoreInvalidFields=false, ignoreUnknownFields=true
[INFO] Tests run: 4, Failures: 0, Errors: 0, Skipped: 0, Time elapsed: 0.735 s -- in org.namewta.common.web.config.SysLogConfigTest
[INFO] Running org.namewta.common.web.config.ClientAddressConfigTest
03:36:03.876 [main] WARN org.springframework.context.annotation.AnnotationConfigApplicationContext -- Exception encountered during context initialization - cancelling refresh attempt: org.springframework.beans.factory.BeanCreationException: Error creating bean with name 'clientAddressFilter' defined in org.namewta.common.web.config.ClientAddressConfig: Failed to instantiate [org.namewta.common.web.filter.ClientAddressFilter]: Factory method 'clientAddressFilter' threw exception with message: Invalid IPv4 literal
03:36:03.882 [main] WARN org.springframework.context.annotation.AnnotationConfigApplicationContext -- Exception encountered during context initialization - cancelling refresh attempt: org.springframework.beans.factory.BeanCreationException: Error creating bean with name 'clientAddressFilter' defined in org.namewta.common.web.config.ClientAddressConfig: Failed to instantiate [org.namewta.common.web.filter.ClientAddressFilter]: Factory method 'clientAddressFilter' threw exception with message: Client address resolution requires server.forward-headers-strategy=none
03:36:03.887 [main] WARN org.springframework.context.annotation.AnnotationConfigApplicationContext -- Exception encountered during context initialization - cancelling refresh attempt: org.springframework.beans.factory.BeanCreationException: Error creating bean with name 'clientAddressFilter' defined in org.namewta.common.web.config.ClientAddressConfig: Failed to instantiate [org.namewta.common.web.filter.ClientAddressFilter]: Factory method 'clientAddressFilter' threw exception with message: Client address resolution requires server.forward-headers-strategy=none
[INFO] Tests run: 2, Failures: 0, Errors: 0, Skipped: 0, Time elapsed: 0.051 s -- in org.namewta.common.web.config.ClientAddressConfigTest
[INFO] 
[INFO] Results:
[INFO] 
[INFO] Tests run: 55, Failures: 0, Errors: 0, Skipped: 0
[INFO] 
[INFO] 
[INFO] ------------------< org.namewta:wta-common-sensitive >------------------
[INFO] Building wta-common-sensitive 6.0.0                              [23/49]
[INFO]   from wta-common/wta-common-sensitive/pom.xml
[INFO] --------------------------------[ jar ]---------------------------------
[INFO] 
[INFO] --- resources:3.3.1:resources (default-resources) @ wta-common-sensitive ---
[INFO] Copying 1 resource from src/main/resources to target/classes
[INFO] Copying 0 resource from src/main/resources to target/classes
[INFO] 
[INFO] --- flatten:1.7.3:flatten (flatten) @ wta-common-sensitive ---
[INFO] Generating flattened POM of project org.namewta:wta-common-sensitive:jar:6.0.0...
[INFO] 
[INFO] --- compiler:3.15.0:compile (default-compile) @ wta-common-sensitive ---
[INFO] Recompiling the module because of changed dependency.
[INFO] Compiling 5 source files with javac [debug release 21] to target/classes
[INFO] 
[INFO] --- resources:3.3.1:testResources (default-testResources) @ wta-common-sensitive ---
[INFO] skip non existing resourceDirectory /srv/WTA-plus/backend/wta-common/wta-common-sensitive/src/test/resources
[INFO] 
[INFO] --- compiler:3.15.0:testCompile (default-testCompile) @ wta-common-sensitive ---
[INFO] No sources to compile
[INFO] 
[INFO] --- surefire:3.5.5:test (default-test) @ wta-common-sensitive ---
[INFO] No tests to run.
[INFO] 
[INFO] -------------------< org.namewta:wta-common-encrypt >-------------------
[INFO] Building wta-common-encrypt 6.0.0                                [24/49]
[INFO]   from wta-common/wta-common-encrypt/pom.xml
[INFO] --------------------------------[ jar ]---------------------------------
[INFO] 
[INFO] --- resources:3.3.1:resources (default-resources) @ wta-common-encrypt ---
[INFO] Copying 1 resource from src/main/resources to target/classes
[INFO] Copying 0 resource from src/main/resources to target/classes
[INFO] 
[INFO] --- flatten:1.7.3:flatten (flatten) @ wta-common-encrypt ---
[INFO] Generating flattened POM of project org.namewta:wta-common-encrypt:jar:6.0.0...
[INFO] 
[INFO] --- compiler:3.15.0:compile (default-compile) @ wta-common-encrypt ---
[INFO] Recompiling the module because of changed dependency.
[INFO] Compiling 19 source files with javac [debug release 21] to target/classes
[INFO] 
[INFO] --- resources:3.3.1:testResources (default-testResources) @ wta-common-encrypt ---
[INFO] skip non existing resourceDirectory /srv/WTA-plus/backend/wta-common/wta-common-encrypt/src/test/resources
[INFO] 
[INFO] --- compiler:3.15.0:testCompile (default-testCompile) @ wta-common-encrypt ---
[INFO] No sources to compile
[INFO] 
[INFO] --- surefire:3.5.5:test (default-test) @ wta-common-encrypt ---
[INFO] No tests to run.
[INFO] 
[INFO] --------------------< org.namewta:wta-common-push >---------------------
[INFO] Building wta-common-push 6.0.0                                   [25/49]
[INFO]   from wta-common/wta-common-push/pom.xml
[INFO] --------------------------------[ jar ]---------------------------------
[INFO] 
[INFO] --- resources:3.3.1:resources (default-resources) @ wta-common-push ---
[INFO] Copying 1 resource from src/main/resources to target/classes
[INFO] Copying 0 resource from src/main/resources to target/classes
[INFO] 
[INFO] --- flatten:1.7.3:flatten (flatten) @ wta-common-push ---
[INFO] Generating flattened POM of project org.namewta:wta-common-push:jar:6.0.0...
[INFO] 
[INFO] --- compiler:3.15.0:compile (default-compile) @ wta-common-push ---
[INFO] Recompiling the module because of changed dependency.
[INFO] Compiling 19 source files with javac [debug release 21] to target/classes
[INFO] 
[INFO] --- resources:3.3.1:testResources (default-testResources) @ wta-common-push ---
[INFO] skip non existing resourceDirectory /srv/WTA-plus/backend/wta-common/wta-common-push/src/test/resources
[INFO] 
[INFO] --- compiler:3.15.0:testCompile (default-testCompile) @ wta-common-push ---
[INFO] Recompiling the module because of changed dependency.
[INFO] Compiling 1 source file with javac [debug release 21] to target/test-classes
[INFO] 
[INFO] --- surefire:3.5.5:test (default-test) @ wta-common-push ---
[INFO] Using auto detected provider org.apache.maven.surefire.junitplatform.JUnitPlatformProvider
[INFO] 
[INFO] -------------------------------------------------------
[INFO]  T E S T S
[INFO] -------------------------------------------------------
Picked up JAVA_TOOL_OPTIONS: -Xms128m -Xmx1536m
[INFO] 
[INFO] Results:
[INFO] 
[INFO] Tests run: 0, Failures: 0, Errors: 0, Skipped: 0
[INFO] 
[INFO] 
[INFO] ----------------------< org.namewta:wta-modules >-----------------------
[INFO] Building wta-modules 6.0.0                                       [26/49]
[INFO]   from wta-modules/pom.xml
[INFO] --------------------------------[ pom ]---------------------------------
[INFO] 
[INFO] --- flatten:1.7.3:flatten (flatten) @ wta-modules ---
[INFO] Generating flattened POM of project org.namewta:wta-modules:pom:6.0.0...
[INFO] 
[INFO] -----------------------< org.namewta:wta-system >-----------------------
[INFO] Building wta-system 6.0.0                                        [27/49]
[INFO]   from wta-modules/wta-system/pom.xml
[INFO] --------------------------------[ jar ]---------------------------------
[INFO] 
[INFO] --- resources:3.3.1:resources (default-resources) @ wta-system ---
[INFO] Copying 23 resources from src/main/resources to target/classes
[INFO] Copying 0 resource from src/main/resources to target/classes
[INFO] 
[INFO] --- flatten:1.7.3:flatten (flatten) @ wta-system ---
[INFO] Generating flattened POM of project org.namewta:wta-system:jar:6.0.0...
[INFO] 
[INFO] --- compiler:3.15.0:compile (default-compile) @ wta-system ---
[INFO] Recompiling the module because of changed dependency.
[INFO] Compiling 262 source files with javac [debug release 21] to target/classes
[INFO] /srv/WTA-plus/backend/wta-modules/wta-system/src/main/java/org/namewta/system/oss/migration/MybatisOssMigrationStore.java: Some input files use or override a deprecated API.
[INFO] /srv/WTA-plus/backend/wta-modules/wta-system/src/main/java/org/namewta/system/oss/migration/MybatisOssMigrationStore.java: Recompile with -Xlint:deprecation for details.
[INFO] 
[INFO] --- resources:3.3.1:testResources (default-testResources) @ wta-system ---
[INFO] skip non existing resourceDirectory /srv/WTA-plus/backend/wta-modules/wta-system/src/test/resources
[INFO] 
[INFO] --- compiler:3.15.0:testCompile (default-testCompile) @ wta-system ---
[INFO] Recompiling the module because of changed dependency.
[INFO] Compiling 7 source files with javac [debug release 21] to target/test-classes
[INFO] /srv/WTA-plus/backend/wta-modules/wta-system/src/test/java/org/namewta/system/phone/UserPhoneWriteServiceTest.java: /srv/WTA-plus/backend/wta-modules/wta-system/src/test/java/org/namewta/system/phone/UserPhoneWriteServiceTest.java uses unchecked or unsafe operations.
[INFO] /srv/WTA-plus/backend/wta-modules/wta-system/src/test/java/org/namewta/system/phone/UserPhoneWriteServiceTest.java: Recompile with -Xlint:unchecked for details.
[INFO] 
[INFO] --- surefire:3.5.5:test (default-test) @ wta-system ---
[INFO] Using auto detected provider org.apache.maven.surefire.junitplatform.JUnitPlatformProvider
[INFO] 
[INFO] -------------------------------------------------------
[INFO]  T E S T S
[INFO] -------------------------------------------------------
Picked up JAVA_TOOL_OPTIONS: -Xms128m -Xmx1536m
[INFO] Running org.namewta.system.service.impl.SysClientServiceSsoUnitTest
Mockito is currently self-attaching to enable the inline-mock-maker. This will no longer work in future releases of the JDK. Please add Mockito as an agent to your build as described in Mockito's documentation: https://javadoc.io/doc/org.mockito/mockito-core/latest/org.mockito/org/mockito/Mockito.html#0.3
OpenJDK 64-Bit Server VM warning: Sharing is only supported for boot loader classes because bootstrap classpath has been appended
WARNING: A Java agent has been loaded dynamically (/root/.m2/repository/net/bytebuddy/byte-buddy-agent/1.18.10/byte-buddy-agent-1.18.10.jar)
WARNING: If a serviceability tool is in use, please run with -XX:+EnableDynamicAgentLoading to hide this warning
WARNING: If a serviceability tool is not in use, please run with -Djdk.instrument.traceUsage for more information
WARNING: Dynamic loading of agents will be disallowed by default in a future release
[INFO] Tests run: 3, Failures: 0, Errors: 0, Skipped: 0, Time elapsed: 1.238 s -- in org.namewta.system.service.impl.SysClientServiceSsoUnitTest
[INFO] Running org.namewta.system.phone.UserPhoneWriteServiceTest
[INFO] Tests run: 14, Failures: 0, Errors: 0, Skipped: 0, Time elapsed: 0.892 s -- in org.namewta.system.phone.UserPhoneWriteServiceTest
[INFO] Running org.namewta.system.sso.SsoClientFieldsSupportTest
[INFO] Tests run: 4, Failures: 0, Errors: 0, Skipped: 0, Time elapsed: 0.279 s -- in org.namewta.system.sso.SsoClientFieldsSupportTest
[INFO] Running org.namewta.system.sso.ClientAccessPathsTest
[INFO] Tests run: 3, Failures: 0, Errors: 0, Skipped: 0, Time elapsed: 0.034 s -- in org.namewta.system.sso.ClientAccessPathsTest
[INFO] Running org.namewta.system.sso.SsoAppRegistrationTest
[INFO] Tests run: 4, Failures: 0, Errors: 0, Skipped: 0, Time elapsed: 0.006 s -- in org.namewta.system.sso.SsoAppRegistrationTest
[INFO] Running org.namewta.system.sso.SsoRedirectUrisTest
[INFO] Tests run: 2, Failures: 0, Errors: 0, Skipped: 0, Time elapsed: 0.004 s -- in org.namewta.system.sso.SsoRedirectUrisTest
[INFO] Running org.namewta.system.sso.SsoAccessSupportTest
[INFO] Tests run: 3, Failures: 0, Errors: 0, Skipped: 0, Time elapsed: 0.006 s -- in org.namewta.system.sso.SsoAccessSupportTest
[INFO] 
[INFO] Results:
[INFO] 
[INFO] Tests run: 33, Failures: 0, Errors: 0, Skipped: 0
[INFO] 
[INFO] 
[INFO] -----------------------< org.namewta:wta-third >------------------------
[INFO] Building wta-third 6.0.0                                         [28/49]
[INFO]   from wta-modules/wta-third/pom.xml
[INFO] --------------------------------[ jar ]---------------------------------
[INFO] 
[INFO] --- resources:3.3.1:resources (default-resources) @ wta-third ---
[INFO] Copying 1 resource from src/main/resources to target/classes
[INFO] Copying 0 resource from src/main/resources to target/classes
[INFO] 
[INFO] --- flatten:1.7.3:flatten (flatten) @ wta-third ---
[INFO] Generating flattened POM of project org.namewta:wta-third:jar:6.0.0...
[INFO] 
[INFO] --- compiler:3.15.0:compile (default-compile) @ wta-third ---
[INFO] Recompiling the module because of changed dependency.
[INFO] Compiling 71 source files with javac [debug release 21] to target/classes
[INFO] /srv/WTA-plus/backend/wta-modules/wta-third/src/main/java/org/namewta/third/adapter/gateway/ThirdGatewayAdapter.java: Some input files use or override a deprecated API.
[INFO] /srv/WTA-plus/backend/wta-modules/wta-third/src/main/java/org/namewta/third/adapter/gateway/ThirdGatewayAdapter.java: Recompile with -Xlint:deprecation for details.
[INFO] /srv/WTA-plus/backend/wta-modules/wta-third/src/main/java/org/namewta/third/adapter/gateway/ThirdGatewayAdapter.java: /srv/WTA-plus/backend/wta-modules/wta-third/src/main/java/org/namewta/third/adapter/gateway/ThirdGatewayAdapter.java uses unchecked or unsafe operations.
[INFO] /srv/WTA-plus/backend/wta-modules/wta-third/src/main/java/org/namewta/third/adapter/gateway/ThirdGatewayAdapter.java: Recompile with -Xlint:unchecked for details.
[INFO] 
[INFO] --- resources:3.3.1:testResources (default-testResources) @ wta-third ---
[INFO] skip non existing resourceDirectory /srv/WTA-plus/backend/wta-modules/wta-third/src/test/resources
[INFO] 
[INFO] --- compiler:3.15.0:testCompile (default-testCompile) @ wta-third ---
[INFO] Recompiling the module because of changed dependency.
[INFO] Compiling 12 source files with javac [debug release 21] to target/test-classes
[INFO] /srv/WTA-plus/backend/wta-modules/wta-third/src/test/java/org/namewta/third/adapter/gateway/ThirdGatewayAdapterTest.java: Some input files use or override a deprecated API.
[INFO] /srv/WTA-plus/backend/wta-modules/wta-third/src/test/java/org/namewta/third/adapter/gateway/ThirdGatewayAdapterTest.java: Recompile with -Xlint:deprecation for details.
[INFO] 
[INFO] --- surefire:3.5.5:test (default-test) @ wta-third ---
[INFO] Using auto detected provider org.apache.maven.surefire.junitplatform.JUnitPlatformProvider
[INFO] 
[INFO] -------------------------------------------------------
[INFO]  T E S T S
[INFO] -------------------------------------------------------
Picked up JAVA_TOOL_OPTIONS: -Xms128m -Xmx1536m
[INFO] 
[INFO] Results:
[INFO] 
[INFO] Tests run: 0, Failures: 0, Errors: 0, Skipped: 0
[INFO] 
[INFO] 
[INFO] -----------------------< org.namewta:wta-notify >-----------------------
[INFO] Building wta-notify 6.0.0                                        [29/49]
[INFO]   from wta-modules/wta-notify/pom.xml
[INFO] --------------------------------[ jar ]---------------------------------
[INFO] 
[INFO] --- resources:3.3.1:resources (default-resources) @ wta-notify ---
[INFO] Copying 5 resources from src/main/resources to target/classes
[INFO] Copying 0 resource from src/main/resources to target/classes
[INFO] 
[INFO] --- flatten:1.7.3:flatten (flatten) @ wta-notify ---
[INFO] Generating flattened POM of project org.namewta:wta-notify:jar:6.0.0...
[INFO] 
[INFO] --- compiler:3.15.0:compile (default-compile) @ wta-notify ---
[INFO] Recompiling the module because of changed dependency.
[INFO] Compiling 111 source files with javac [debug release 21] to target/classes
[INFO] /srv/WTA-plus/backend/wta-modules/wta-notify/src/main/java/org/namewta/notify/dao/NotifyNotificationDao.java: Some input files use or override a deprecated API.
[INFO] /srv/WTA-plus/backend/wta-modules/wta-notify/src/main/java/org/namewta/notify/dao/NotifyNotificationDao.java: Recompile with -Xlint:deprecation for details.
[INFO] /srv/WTA-plus/backend/wta-modules/wta-notify/src/main/java/org/namewta/notify/service/NotifyNoticePublisherService.java: Some input files use unchecked or unsafe operations.
[INFO] /srv/WTA-plus/backend/wta-modules/wta-notify/src/main/java/org/namewta/notify/service/NotifyNoticePublisherService.java: Recompile with -Xlint:unchecked for details.
[INFO] 
[INFO] --- resources:3.3.1:testResources (default-testResources) @ wta-notify ---
[INFO] skip non existing resourceDirectory /srv/WTA-plus/backend/wta-modules/wta-notify/src/test/resources
[INFO] 
[INFO] --- compiler:3.15.0:testCompile (default-testCompile) @ wta-notify ---
[INFO] Recompiling the module because of changed dependency.
[INFO] Compiling 24 source files with javac [debug release 21] to target/test-classes
[INFO] /srv/WTA-plus/backend/wta-modules/wta-notify/src/test/java/org/namewta/notify/support/outbox/NotifyOutboxWakeRedisGate.java: /srv/WTA-plus/backend/wta-modules/wta-notify/src/test/java/org/namewta/notify/support/outbox/NotifyOutboxWakeRedisGate.java uses or overrides a deprecated API.
[INFO] /srv/WTA-plus/backend/wta-modules/wta-notify/src/test/java/org/namewta/notify/support/outbox/NotifyOutboxWakeRedisGate.java: Recompile with -Xlint:deprecation for details.
[INFO] /srv/WTA-plus/backend/wta-modules/wta-notify/src/test/java/org/namewta/notify/adapter/provider/Sms4jReceiptTest.java: Some input files use unchecked or unsafe operations.
[INFO] /srv/WTA-plus/backend/wta-modules/wta-notify/src/test/java/org/namewta/notify/adapter/provider/Sms4jReceiptTest.java: Recompile with -Xlint:unchecked for details.
[INFO] 
[INFO] --- surefire:3.5.5:test (default-test) @ wta-notify ---
[INFO] Using auto detected provider org.apache.maven.surefire.junitplatform.JUnitPlatformProvider
[INFO] 
[INFO] -------------------------------------------------------
[INFO]  T E S T S
[INFO] -------------------------------------------------------
Picked up JAVA_TOOL_OPTIONS: -Xms128m -Xmx1536m
[INFO] Running org.namewta.notify.service.runtime.InAppNotificationServiceTest
Mockito is currently self-attaching to enable the inline-mock-maker. This will no longer work in future releases of the JDK. Please add Mockito as an agent to your build as described in Mockito's documentation: https://javadoc.io/doc/org.mockito/mockito-core/latest/org.mockito/org/mockito/Mockito.html#0.3
OpenJDK 64-Bit Server VM warning: Sharing is only supported for boot loader classes because bootstrap classpath has been appended
WARNING: A Java agent has been loaded dynamically (/root/.m2/repository/net/bytebuddy/byte-buddy-agent/1.18.10/byte-buddy-agent-1.18.10.jar)
WARNING: If a serviceability tool is in use, please run with -XX:+EnableDynamicAgentLoading to hide this warning
WARNING: If a serviceability tool is not in use, please run with -Djdk.instrument.traceUsage for more information
WARNING: Dynamic loading of agents will be disallowed by default in a future release
03:36:19.446 [main] WARN com.baomidou.mybatisplus.core.toolkit.Sequence -- Unable to get network interface for wta-ubuntu/127.0.1.1
[INFO] Tests run: 2, Failures: 0, Errors: 0, Skipped: 0, Time elapsed: 1.215 s -- in org.namewta.notify.service.runtime.InAppNotificationServiceTest
[INFO] Running org.namewta.notify.service.runtime.NotificationDeadlineRuntimeTest
[INFO] Tests run: 1, Failures: 0, Errors: 0, Skipped: 0, Time elapsed: 0.103 s -- in org.namewta.notify.service.runtime.NotificationDeadlineRuntimeTest
[INFO] Running org.namewta.notify.service.runtime.NotificationSupportedModeRuntimeTest
[INFO] Tests run: 7, Failures: 0, Errors: 0, Skipped: 0, Time elapsed: 0.095 s -- in org.namewta.notify.service.runtime.NotificationSupportedModeRuntimeTest
[INFO] Running org.namewta.notify.service.runtime.DispatchNotificationServiceTest
[INFO] Tests run: 24, Failures: 0, Errors: 0, Skipped: 0, Time elapsed: 0.511 s -- in org.namewta.notify.service.runtime.DispatchNotificationServiceTest
[INFO] Running org.namewta.notify.service.runtime.NotificationMonitorServiceTest
[INFO] Tests run: 2, Failures: 0, Errors: 0, Skipped: 0, Time elapsed: 0.006 s -- in org.namewta.notify.service.runtime.NotificationMonitorServiceTest
[INFO] Running org.namewta.notify.service.runtime.NotifyOutboxClaimConcurrencyTest
[INFO] Tests run: 1, Failures: 0, Errors: 0, Skipped: 0, Time elapsed: 0.010 s -- in org.namewta.notify.service.runtime.NotifyOutboxClaimConcurrencyTest
[INFO] Running org.namewta.notify.service.NotifyTestSendServiceTest
[INFO] Tests run: 3, Failures: 0, Errors: 0, Skipped: 0, Time elapsed: 0.043 s -- in org.namewta.notify.service.NotifyTestSendServiceTest
[INFO] Running org.namewta.notify.service.NotifyNoticeServiceTest
[INFO] Tests run: 2, Failures: 0, Errors: 0, Skipped: 0, Time elapsed: 0.032 s -- in org.namewta.notify.service.NotifyNoticeServiceTest
[INFO] Running org.namewta.notify.service.NotifyNoticePublisherServiceTest
[INFO] Tests run: 3, Failures: 0, Errors: 0, Skipped: 0, Time elapsed: 0.046 s -- in org.namewta.notify.service.NotifyNoticePublisherServiceTest
[INFO] Running org.namewta.notify.service.NotifyConfigServiceTest
03:36:20.428 [main] WARN org.namewta.notify.service.NotifyConfigService -- 加载短信渠道账号失败，进程继续启动；发送将失败关闭。原因=select; bad SQL grammar [SELECT * FROM notify_channel_account]
[INFO] Tests run: 14, Failures: 0, Errors: 0, Skipped: 0, Time elapsed: 0.072 s -- in org.namewta.notify.service.NotifyConfigServiceTest
[INFO] Running org.namewta.notify.support.NotifyNoticeVersionFenceTest
[INFO] Tests run: 5, Failures: 0, Errors: 0, Skipped: 0, Time elapsed: 0.067 s -- in org.namewta.notify.support.NotifyNoticeVersionFenceTest
[INFO] Running org.namewta.notify.support.NotifySendPlannerTest
[INFO] Tests run: 4, Failures: 0, Errors: 0, Skipped: 0, Time elapsed: 0.006 s -- in org.namewta.notify.support.NotifySendPlannerTest
[INFO] Running org.namewta.notify.support.NotifyAuditSupportTest
[INFO] Tests run: 1, Failures: 0, Errors: 0, Skipped: 0, Time elapsed: 0.003 s -- in org.namewta.notify.support.NotifyAuditSupportTest
[INFO] Running org.namewta.notify.adapter.provider.Sms4jBlendRegistryTest
[INFO] Tests run: 5, Failures: 0, Errors: 0, Skipped: 0, Time elapsed: 0.053 s -- in org.namewta.notify.adapter.provider.Sms4jBlendRegistryTest
[INFO] Running org.namewta.notify.adapter.provider.Sms4jReceiptTest
[INFO] Tests run: 7, Failures: 0, Errors: 0, Skipped: 0, Time elapsed: 0.040 s -- in org.namewta.notify.adapter.provider.Sms4jReceiptTest
[INFO] Running org.namewta.notify.adapter.worker.NotifyOutboxWorkerWakePollTest
03:36:20.639 [main] INFO org.namewta.notify.adapter.worker.NotifyOutboxWorker -- notify outbox drain trigger=WAKE claimed=0 batches=1
03:36:20.641 [main] INFO org.namewta.notify.adapter.worker.NotifyOutboxWorker -- notify outbox drain trigger=POLL claimed=1 batches=2
03:36:20.642 [main] INFO org.namewta.notify.adapter.worker.NotifyOutboxWorker -- notify outbox drain trigger=WAKE claimed=1 batches=2
03:36:20.645 [pool-4-thread-1] INFO org.namewta.notify.adapter.worker.NotifyOutboxWorker -- notify outbox drain trigger=POLL claimed=1 batches=2
03:36:20.645 [main] INFO org.namewta.notify.adapter.worker.NotifyOutboxWorker -- notify outbox drain trigger=POLL claimed=0 batches=1
03:36:20.647 [main] INFO org.namewta.notify.adapter.worker.NotifyOutboxWorker -- notify outbox drain trigger=POLL claimed=1 batches=2
03:36:20.650 [main] WARN org.namewta.notify.adapter.worker.NotifyOutboxWakeSubscriber -- notify outbox wake subscribe failed, slow poll remains
java.lang.IllegalStateException: redis down
	at org.namewta.notify.adapter.worker.NotifyOutboxWorkerWakePollTest$1.subscribe(NotifyOutboxWorkerWakePollTest.java:159)
	at org.namewta.notify.adapter.worker.NotifyOutboxWakeSubscriber.afterPropertiesSet(NotifyOutboxWakeSubscriber.java:54)
	at org.junit.jupiter.api.AssertDoesNotThrow.assertDoesNotThrow(AssertDoesNotThrow.java:52)
	at org.junit.jupiter.api.AssertDoesNotThrow.assertDoesNotThrow(AssertDoesNotThrow.java:39)
	at org.junit.jupiter.api.Assertions.assertDoesNotThrow(Assertions.java:3295)
	at org.namewta.notify.adapter.worker.NotifyOutboxWorkerWakePollTest.subscribeFailureDoesNotPreventConstruction(NotifyOutboxWorkerWakePollTest.java:167)
	at java.base/jdk.internal.reflect.DirectMethodHandleAccessor.invoke(DirectMethodHandleAccessor.java:103)
	at java.base/java.lang.reflect.Method.invoke(Method.java:580)
	at org.junit.platform.commons.util.ReflectionUtils.invokeMethod(ReflectionUtils.java:701)
	at org.junit.platform.commons.support.ReflectionSupport.invokeMethod(ReflectionSupport.java:502)
	at org.junit.jupiter.engine.support.MethodReflectionUtils.invoke(MethodReflectionUtils.java:45)
	at org.junit.jupiter.engine.execution.MethodInvocation.proceed(MethodInvocation.java:61)
	at org.junit.jupiter.engine.execution.InvocationInterceptorChain$ValidatingInvocation.proceed(InvocationInterceptorChain.java:124)
	at org.junit.jupiter.engine.extension.TimeoutExtension.intercept(TimeoutExtension.java:163)
	at org.junit.jupiter.engine.extension.TimeoutExtension.interceptTestableMethod(TimeoutExtension.java:148)
	at org.junit.jupiter.engine.extension.TimeoutExtension.interceptTestMethod(TimeoutExtension.java:86)
	at org.junit.jupiter.engine.execution.InterceptingExecutableInvoker$ReflectiveInterceptorCall.lambda$ofVoidMethod$0(InterceptingExecutableInvoker.java:123)
	at org.junit.jupiter.engine.execution.InterceptingExecutableInvoker.lambda$invoke$0(InterceptingExecutableInvoker.java:105)
	at org.junit.jupiter.engine.execution.InvocationInterceptorChain$InterceptedInvocation.proceed(InvocationInterceptorChain.java:99)
	at org.junit.jupiter.engine.execution.InvocationInterceptorChain.proceed(InvocationInterceptorChain.java:66)
	at org.junit.jupiter.engine.execution.InvocationInterceptorChain.chainAndInvoke(InvocationInterceptorChain.java:47)
	at org.junit.jupiter.engine.execution.InvocationInterceptorChain.invoke(InvocationInterceptorChain.java:39)
	at org.junit.jupiter.engine.execution.InterceptingExecutableInvoker.invoke(InterceptingExecutableInvoker.java:104)
	at org.junit.jupiter.engine.execution.InterceptingExecutableInvoker.invoke(InterceptingExecutableInvoker.java:98)
	at org.junit.jupiter.engine.execution.InterceptingExecutableInvoker.invokeVoid(InterceptingExecutableInvoker.java:71)
	at org.junit.jupiter.engine.descriptor.TestMethodTestDescriptor.lambda$invokeTestMethod$0(TestMethodTestDescriptor.java:219)
	at org.junit.platform.engine.support.hierarchical.ThrowableCollector.execute(ThrowableCollector.java:74)
	at org.junit.jupiter.engine.descriptor.TestMethodTestDescriptor.invokeTestMethod(TestMethodTestDescriptor.java:215)
	at org.junit.jupiter.engine.descriptor.TestMethodTestDescriptor.execute(TestMethodTestDescriptor.java:157)
	at org.junit.jupiter.engine.descriptor.TestMethodTestDescriptor.execute(TestMethodTestDescriptor.java:70)
	at org.junit.platform.engine.support.hierarchical.NodeTestTask.lambda$executeRecursively$2(NodeTestTask.java:176)
	at org.junit.platform.engine.support.hierarchical.ThrowableCollector.execute(ThrowableCollector.java:74)
	at org.junit.platform.engine.support.hierarchical.NodeTestTask.lambda$executeRecursively$1(NodeTestTask.java:166)
	at org.junit.platform.engine.support.hierarchical.Node.around(Node.java:138)
	at org.junit.platform.engine.support.hierarchical.NodeTestTask.lambda$executeRecursively$0(NodeTestTask.java:164)
	at org.junit.platform.engine.support.hierarchical.ThrowableCollector.execute(ThrowableCollector.java:74)
	at org.junit.platform.engine.support.hierarchical.NodeTestTask.executeRecursively(NodeTestTask.java:163)
	at org.junit.platform.engine.support.hierarchical.NodeTestTask.execute(NodeTestTask.java:116)
	at java.base/java.util.ArrayList.forEach(ArrayList.java:1596)
	at org.junit.platform.engine.support.hierarchical.SameThreadHierarchicalTestExecutorService.invokeAll(SameThreadHierarchicalTestExecutorService.java:42)
	at org.junit.platform.engine.support.hierarchical.NodeTestTask.lambda$executeRecursively$2(NodeTestTask.java:180)
	at org.junit.platform.engine.support.hierarchical.ThrowableCollector.execute(ThrowableCollector.java:74)
	at org.junit.platform.engine.support.hierarchical.NodeTestTask.lambda$executeRecursively$1(NodeTestTask.java:166)
	at org.junit.platform.engine.support.hierarchical.Node.around(Node.java:138)
	at org.junit.platform.engine.support.hierarchical.NodeTestTask.lambda$executeRecursively$0(NodeTestTask.java:164)
	at org.junit.platform.engine.support.hierarchical.ThrowableCollector.execute(ThrowableCollector.java:74)
	at org.junit.platform.engine.support.hierarchical.NodeTestTask.executeRecursively(NodeTestTask.java:163)
	at org.junit.platform.engine.support.hierarchical.NodeTestTask.execute(NodeTestTask.java:116)
	at java.base/java.util.ArrayList.forEach(ArrayList.java:1596)
	at org.junit.platform.engine.support.hierarchical.SameThreadHierarchicalTestExecutorService.invokeAll(SameThreadHierarchicalTestExecutorService.java:42)
	at org.junit.platform.engine.support.hierarchical.NodeTestTask.lambda$executeRecursively$2(NodeTestTask.java:180)
	at org.junit.platform.engine.support.hierarchical.ThrowableCollector.execute(ThrowableCollector.java:74)
	at org.junit.platform.engine.support.hierarchical.NodeTestTask.lambda$executeRecursively$1(NodeTestTask.java:166)
	at org.junit.platform.engine.support.hierarchical.Node.around(Node.java:138)
	at org.junit.platform.engine.support.hierarchical.NodeTestTask.lambda$executeRecursively$0(NodeTestTask.java:164)
	at org.junit.platform.engine.support.hierarchical.ThrowableCollector.execute(ThrowableCollector.java:74)
	at org.junit.platform.engine.support.hierarchical.NodeTestTask.executeRecursively(NodeTestTask.java:163)
	at org.junit.platform.engine.support.hierarchical.NodeTestTask.execute(NodeTestTask.java:116)
	at org.junit.platform.engine.support.hierarchical.SameThreadHierarchicalTestExecutorService.submit(SameThreadHierarchicalTestExecutorService.java:36)
	at org.junit.platform.engine.support.hierarchical.HierarchicalTestExecutor.execute(HierarchicalTestExecutor.java:52)
	at org.junit.platform.engine.support.hierarchical.HierarchicalTestEngine.execute(HierarchicalTestEngine.java:58)
	at org.junit.platform.launcher.core.EngineExecutionOrchestrator.executeEngine(EngineExecutionOrchestrator.java:246)
	at org.junit.platform.launcher.core.EngineExecutionOrchestrator.failOrExecuteEngine(EngineExecutionOrchestrator.java:218)
	at org.junit.platform.launcher.core.EngineExecutionOrchestrator.execute(EngineExecutionOrchestrator.java:179)
	at org.junit.platform.launcher.core.EngineExecutionOrchestrator.execute(EngineExecutionOrchestrator.java:108)
	at org.junit.platform.launcher.core.EngineExecutionOrchestrator.lambda$execute$0(EngineExecutionOrchestrator.java:66)
	at org.junit.platform.launcher.core.EngineExecutionOrchestrator.withInterceptedStreams(EngineExecutionOrchestrator.java:157)
	at org.junit.platform.launcher.core.EngineExecutionOrchestrator.execute(EngineExecutionOrchestrator.java:65)
	at org.junit.platform.launcher.core.DefaultLauncher.execute(DefaultLauncher.java:125)
	at org.junit.platform.launcher.core.DefaultLauncher.execute(DefaultLauncher.java:114)
	at org.junit.platform.launcher.core.DelegatingLauncher.execute(DelegatingLauncher.java:58)
	at org.junit.platform.launcher.core.InterceptingLauncher.lambda$execute$2(InterceptingLauncher.java:57)
	at org.junit.platform.launcher.core.ClasspathAlignmentCheckingLauncherInterceptor.intercept(ClasspathAlignmentCheckingLauncherInterceptor.java:25)
	at org.junit.platform.launcher.core.InterceptingLauncher.execute(InterceptingLauncher.java:56)
	at org.junit.platform.launcher.core.DelegatingLauncher.execute(DelegatingLauncher.java:58)
	at java.base/jdk.internal.reflect.DirectMethodHandleAccessor.invoke(DirectMethodHandleAccessor.java:103)
	at java.base/java.lang.reflect.Method.invoke(Method.java:580)
	at org.apache.maven.surefire.api.util.ReflectionUtils.invokeMethodWithArray(ReflectionUtils.java:125)
	at org.apache.maven.surefire.junitplatform.LauncherAdapter.executeWithCancellationToken(LauncherAdapter.java:68)
	at org.apache.maven.surefire.junitplatform.LauncherAdapter.execute(LauncherAdapter.java:54)
	at org.apache.maven.surefire.junitplatform.JUnitPlatformProvider.execute(JUnitPlatformProvider.java:203)
	at org.apache.maven.surefire.junitplatform.JUnitPlatformProvider.invokeAllTests(JUnitPlatformProvider.java:168)
	at org.apache.maven.surefire.junitplatform.JUnitPlatformProvider.invoke(JUnitPlatformProvider.java:136)
	at org.apache.maven.surefire.booter.ForkedBooter.runSuitesInProcess(ForkedBooter.java:385)
	at org.apache.maven.surefire.booter.ForkedBooter.execute(ForkedBooter.java:162)
	at org.apache.maven.surefire.booter.ForkedBooter.run(ForkedBooter.java:507)
	at org.apache.maven.surefire.booter.ForkedBooter.main(ForkedBooter.java:495)
03:36:20.655 [main] INFO org.namewta.notify.adapter.worker.NotifyOutboxWorker -- notify outbox drain trigger=POLL claimed=0 batches=1
03:36:20.656 [main] INFO org.namewta.notify.adapter.worker.NotifyOutboxWorker -- notify outbox drain trigger=POLL claimed=2 batches=3
03:36:20.659 [main] INFO org.namewta.notify.adapter.worker.NotifyOutboxWorker -- notify outbox drain trigger=WAKE claimed=0 batches=1
[INFO] Tests run: 9, Failures: 0, Errors: 0, Skipped: 0, Time elapsed: 0.054 s -- in org.namewta.notify.adapter.worker.NotifyOutboxWorkerWakePollTest
[INFO] Running org.namewta.notify.adapter.event.NotifyOutboxWakePublisherTest
03:36:20.772 [main] WARN org.namewta.notify.adapter.event.NotifyOutboxWakePublisher -- notify outbox cross-process wake publish failed, outboxId=7, reason=IllegalStateException, fallback poll remains
03:36:20.774 [main] WARN org.namewta.notify.adapter.event.NotifyOutboxWakePublisher -- notify outbox wake interrupted, outboxId=1, fallback poll remains
03:36:20.825 [junit-timeout-thread-1] WARN org.namewta.notify.adapter.event.NotifyOutboxWakePublisher -- notify outbox cross-process wake publish failed, outboxId=1, reason=TimeoutException, fallback poll remains
[INFO] Tests run: 10, Failures: 0, Errors: 0, Skipped: 0, Time elapsed: 0.188 s -- in org.namewta.notify.adapter.event.NotifyOutboxWakePublisherTest
[INFO] Running org.namewta.notify.NotifyOutboxWakeScopeGateTest
[INFO] Tests run: 3, Failures: 0, Errors: 0, Skipped: 0, Time elapsed: 0.029 s -- in org.namewta.notify.NotifyOutboxWakeScopeGateTest
[INFO] Running org.namewta.notify.domain.policy.NotificationAggregatePolicyTest
[INFO] Tests run: 3, Failures: 0, Errors: 0, Skipped: 0, Time elapsed: 0.002 s -- in org.namewta.notify.domain.policy.NotificationAggregatePolicyTest
[INFO] Running org.namewta.notify.domain.policy.NoticeAudiencePolicyTest
[INFO] Tests run: 4, Failures: 0, Errors: 0, Skipped: 0, Time elapsed: 0.005 s -- in org.namewta.notify.domain.policy.NoticeAudiencePolicyTest
[INFO] Running org.namewta.notify.usecase.NotifyNoticeUseCaseTest
[INFO] Tests run: 4, Failures: 0, Errors: 0, Skipped: 0, Time elapsed: 0.074 s -- in org.namewta.notify.usecase.NotifyNoticeUseCaseTest
[INFO] Running org.namewta.notify.controller.admin.NotifyConfigControllerContractTest
[INFO] Tests run: 1, Failures: 0, Errors: 0, Skipped: 0, Time elapsed: 0.012 s -- in org.namewta.notify.controller.admin.NotifyConfigControllerContractTest
[INFO] 
[INFO] Results:
[INFO] 
[INFO] Tests run: 115, Failures: 0, Errors: 0, Skipped: 0
[INFO] 
[INFO] 
[INFO] ------------------------< org.namewta:wta-sso >-------------------------
[INFO] Building wta-sso 6.0.0                                           [30/49]
[INFO]   from wta-modules/wta-sso/pom.xml
[INFO] --------------------------------[ jar ]---------------------------------
[INFO] 
[INFO] --- resources:3.3.1:resources (default-resources) @ wta-sso ---
[INFO] Copying 1 resource from src/main/resources to target/classes
[INFO] Copying 0 resource from src/main/resources to target/classes
[INFO] 
[INFO] --- flatten:1.7.3:flatten (flatten) @ wta-sso ---
[INFO] Generating flattened POM of project org.namewta:wta-sso:jar:6.0.0...
[INFO] 
[INFO] --- compiler:3.15.0:compile (default-compile) @ wta-sso ---
[INFO] Recompiling the module because of changed dependency.
[INFO] Compiling 32 source files with javac [debug release 21] to target/classes
[INFO] 
[INFO] --- resources:3.3.1:testResources (default-testResources) @ wta-sso ---
[INFO] skip non existing resourceDirectory /srv/WTA-plus/backend/wta-modules/wta-sso/src/test/resources
[INFO] 
[INFO] --- compiler:3.15.0:testCompile (default-testCompile) @ wta-sso ---
[INFO] Recompiling the module because of changed dependency.
[INFO] Compiling 8 source files with javac [debug release 21] to target/test-classes
[INFO] 
[INFO] --- surefire:3.5.5:test (default-test) @ wta-sso ---
[INFO] Using auto detected provider org.apache.maven.surefire.junitplatform.JUnitPlatformProvider
[INFO] 
[INFO] -------------------------------------------------------
[INFO]  T E S T S
[INFO] -------------------------------------------------------
Picked up JAVA_TOOL_OPTIONS: -Xms128m -Xmx1536m
[INFO] Running org.namewta.sso.service.SsoSessionServiceTest
[INFO] Tests run: 1, Failures: 0, Errors: 0, Skipped: 0, Time elapsed: 0.080 s -- in org.namewta.sso.service.SsoSessionServiceTest
[INFO] Running org.namewta.sso.service.SsoAuthorizationServiceTest
03:36:22.687 [main] WARN com.baomidou.mybatisplus.core.toolkit.Sequence -- Unable to get network interface for wta-ubuntu/127.0.1.1
[INFO] Tests run: 7, Failures: 0, Errors: 0, Skipped: 0, Time elapsed: 0.152 s -- in org.namewta.sso.service.SsoAuthorizationServiceTest
[INFO] Running org.namewta.sso.support.SsoBearerTokensTest
[INFO] Tests run: 1, Failures: 0, Errors: 0, Skipped: 0, Time elapsed: 0.006 s -- in org.namewta.sso.support.SsoBearerTokensTest
[INFO] Running org.namewta.sso.support.PkceS256Test
[INFO] Tests run: 3, Failures: 0, Errors: 0, Skipped: 0, Time elapsed: 0.006 s -- in org.namewta.sso.support.PkceS256Test
[INFO] Running org.namewta.sso.adapter.gateway.SsoTokenExtrasTest
[INFO] Tests run: 1, Failures: 0, Errors: 0, Skipped: 0, Time elapsed: 0.008 s -- in org.namewta.sso.adapter.gateway.SsoTokenExtrasTest
[INFO] Running org.namewta.sso.adapter.http.SsoSessionCookieTest
[INFO] Tests run: 2, Failures: 0, Errors: 0, Skipped: 0, Time elapsed: 0.027 s -- in org.namewta.sso.adapter.http.SsoSessionCookieTest
[INFO] Running org.namewta.sso.config.SsoCookieConfigurationTest
03:36:23.228 [main] WARN org.springframework.context.annotation.AnnotationConfigApplicationContext -- Exception encountered during context initialization - cancelling refresh attempt: org.springframework.beans.factory.BeanCreationException: Error creating bean with name 'ssoAutoConfiguration': Failed to instantiate [org.namewta.sso.config.SsoAutoConfiguration]: Constructor threw exception
03:36:23.253 [main] WARN org.springframework.context.annotation.AnnotationConfigApplicationContext -- Exception encountered during context initialization - cancelling refresh attempt: org.springframework.beans.factory.BeanCreationException: Error creating bean with name 'ssoAutoConfiguration': Failed to instantiate [org.namewta.sso.config.SsoAutoConfiguration]: Constructor threw exception
03:36:23.274 [main] WARN org.springframework.context.annotation.AnnotationConfigApplicationContext -- Exception encountered during context initialization - cancelling refresh attempt: org.springframework.beans.factory.BeanCreationException: Error creating bean with name 'ssoAutoConfiguration': Failed to instantiate [org.namewta.sso.config.SsoAutoConfiguration]: Constructor threw exception
03:36:23.284 [main] WARN org.springframework.context.annotation.AnnotationConfigApplicationContext -- Exception encountered during context initialization - cancelling refresh attempt: org.springframework.beans.factory.BeanCreationException: Error creating bean with name 'ssoAutoConfiguration': Failed to instantiate [org.namewta.sso.config.SsoAutoConfiguration]: Constructor threw exception
03:36:23.298 [main] WARN org.springframework.context.annotation.AnnotationConfigApplicationContext -- Exception encountered during context initialization - cancelling refresh attempt: org.springframework.beans.factory.BeanCreationException: Error creating bean with name 'ssoAutoConfiguration': Failed to instantiate [org.namewta.sso.config.SsoAutoConfiguration]: Constructor threw exception
[INFO] Tests run: 1, Failures: 0, Errors: 0, Skipped: 0, Time elapsed: 0.535 s -- in org.namewta.sso.config.SsoCookieConfigurationTest
[INFO] 
[INFO] Results:
[INFO] 
[INFO] Tests run: 16, Failures: 0, Errors: 0, Skipped: 0
[INFO] 
[INFO] 
[INFO] ---------------------< org.namewta:wta-common-job >---------------------
[INFO] Building wta-common-job 6.0.0                                    [31/49]
[INFO]   from wta-common/wta-common-job/pom.xml
[INFO] --------------------------------[ jar ]---------------------------------
[INFO] 
[INFO] --- resources:3.3.1:resources (default-resources) @ wta-common-job ---
[INFO] Copying 1 resource from src/main/resources to target/classes
[INFO] Copying 0 resource from src/main/resources to target/classes
[INFO] 
[INFO] --- flatten:1.7.3:flatten (flatten) @ wta-common-job ---
[INFO] Generating flattened POM of project org.namewta:wta-common-job:jar:6.0.0...
[INFO] 
[INFO] --- compiler:3.15.0:compile (default-compile) @ wta-common-job ---
[INFO] Recompiling the module because of changed dependency.
[INFO] Compiling 1 source file with javac [debug release 21] to target/classes
[INFO] 
[INFO] --- resources:3.3.1:testResources (default-testResources) @ wta-common-job ---
[INFO] skip non existing resourceDirectory /srv/WTA-plus/backend/wta-common/wta-common-job/src/test/resources
[INFO] 
[INFO] --- compiler:3.15.0:testCompile (default-testCompile) @ wta-common-job ---
[INFO] No sources to compile
[INFO] 
[INFO] --- surefire:3.5.5:test (default-test) @ wta-common-job ---
[INFO] No tests to run.
[INFO] 
[INFO] ------------------------< org.namewta:wta-job >-------------------------
[INFO] Building wta-job 6.0.0                                           [32/49]
[INFO]   from wta-modules/wta-job/pom.xml
[INFO] --------------------------------[ jar ]---------------------------------
[INFO] 
[INFO] --- resources:3.3.1:resources (default-resources) @ wta-job ---
[INFO] skip non existing resourceDirectory /srv/WTA-plus/backend/wta-modules/wta-job/src/main/resources
[INFO] skip non existing resourceDirectory /srv/WTA-plus/backend/wta-modules/wta-job/src/main/resources
[INFO] 
[INFO] --- flatten:1.7.3:flatten (flatten) @ wta-job ---
[INFO] Generating flattened POM of project org.namewta:wta-job:jar:6.0.0...
[INFO] 
[INFO] --- compiler:3.15.0:compile (default-compile) @ wta-job ---
[INFO] Recompiling the module because of changed dependency.
[INFO] Compiling 11 source files with javac [debug release 21] to target/classes
[INFO] 
[INFO] --- resources:3.3.1:testResources (default-testResources) @ wta-job ---
[INFO] skip non existing resourceDirectory /srv/WTA-plus/backend/wta-modules/wta-job/src/test/resources
[INFO] 
[INFO] --- compiler:3.15.0:testCompile (default-testCompile) @ wta-job ---
[INFO] No sources to compile
[INFO] 
[INFO] --- surefire:3.5.5:test (default-test) @ wta-job ---
[INFO] No tests to run.
[INFO] 
[INFO] ---------------------< org.namewta:wta-common-ai >----------------------
[INFO] Building wta-common-ai 6.0.0                                     [33/49]
[INFO]   from wta-common/wta-common-ai/pom.xml
[INFO] --------------------------------[ jar ]---------------------------------
[INFO] 
[INFO] --- resources:3.3.1:resources (default-resources) @ wta-common-ai ---
[INFO] Copying 0 resource from src/main/resources to target/classes
[INFO] Copying 0 resource from src/main/resources to target/classes
[INFO] 
[INFO] --- flatten:1.7.3:flatten (flatten) @ wta-common-ai ---
[INFO] Generating flattened POM of project org.namewta:wta-common-ai:jar:6.0.0...
[INFO] 
[INFO] --- compiler:3.15.0:compile (default-compile) @ wta-common-ai ---
[INFO] Nothing to compile - all classes are up to date.
[INFO] 
[INFO] --- resources:3.3.1:testResources (default-testResources) @ wta-common-ai ---
[INFO] skip non existing resourceDirectory /srv/WTA-plus/backend/wta-common/wta-common-ai/src/test/resources
[INFO] 
[INFO] --- compiler:3.15.0:testCompile (default-testCompile) @ wta-common-ai ---
[INFO] No sources to compile
[INFO] 
[INFO] --- surefire:3.5.5:test (default-test) @ wta-common-ai ---
[INFO] No tests to run.
[INFO] 
[INFO] -------------------------< org.namewta:wta-ai >-------------------------
[INFO] Building wta-ai 6.0.0                                            [34/49]
[INFO]   from wta-modules/wta-ai/pom.xml
[INFO] --------------------------------[ jar ]---------------------------------
[INFO] 
[INFO] --- resources:3.3.1:resources (default-resources) @ wta-ai ---
[INFO] skip non existing resourceDirectory /srv/WTA-plus/backend/wta-modules/wta-ai/src/main/resources
[INFO] skip non existing resourceDirectory /srv/WTA-plus/backend/wta-modules/wta-ai/src/main/resources
[INFO] 
[INFO] --- flatten:1.7.3:flatten (flatten) @ wta-ai ---
[INFO] Generating flattened POM of project org.namewta:wta-ai:jar:6.0.0...
[INFO] 
[INFO] --- compiler:3.15.0:compile (default-compile) @ wta-ai ---
[INFO] Nothing to compile - all classes are up to date.
[INFO] 
[INFO] --- resources:3.3.1:testResources (default-testResources) @ wta-ai ---
[INFO] skip non existing resourceDirectory /srv/WTA-plus/backend/wta-modules/wta-ai/src/test/resources
[INFO] 
[INFO] --- compiler:3.15.0:testCompile (default-testCompile) @ wta-ai ---
[INFO] No sources to compile
[INFO] 
[INFO] --- surefire:3.5.5:test (default-test) @ wta-ai ---
[INFO] No tests to run.
[INFO] 
[INFO] ------------------< org.namewta:wta-common-richtext >-------------------
[INFO] Building wta-common-richtext 6.0.0                               [35/49]
[INFO]   from wta-common/wta-common-richtext/pom.xml
[INFO] --------------------------------[ jar ]---------------------------------
[INFO] 
[INFO] --- resources:3.3.1:resources (default-resources) @ wta-common-richtext ---
[INFO] skip non existing resourceDirectory /srv/WTA-plus/backend/wta-common/wta-common-richtext/src/main/resources
[INFO] skip non existing resourceDirectory /srv/WTA-plus/backend/wta-common/wta-common-richtext/src/main/resources
[INFO] 
[INFO] --- flatten:1.7.3:flatten (flatten) @ wta-common-richtext ---
[INFO] Generating flattened POM of project org.namewta:wta-common-richtext:jar:6.0.0...
[INFO] 
[INFO] --- compiler:3.15.0:compile (default-compile) @ wta-common-richtext ---
[INFO] Recompiling the module because of changed source code.
[INFO] Compiling 4 source files with javac [debug release 21] to target/classes
[INFO] 
[INFO] --- resources:3.3.1:testResources (default-testResources) @ wta-common-richtext ---
[INFO] skip non existing resourceDirectory /srv/WTA-plus/backend/wta-common/wta-common-richtext/src/test/resources
[INFO] 
[INFO] --- compiler:3.15.0:testCompile (default-testCompile) @ wta-common-richtext ---
[INFO] Recompiling the module because of changed dependency.
[INFO] Compiling 1 source file with javac [debug release 21] to target/test-classes
[INFO] 
[INFO] --- surefire:3.5.5:test (default-test) @ wta-common-richtext ---
[INFO] Using auto detected provider org.apache.maven.surefire.junitplatform.JUnitPlatformProvider
[INFO] 
[INFO] -------------------------------------------------------
[INFO]  T E S T S
[INFO] -------------------------------------------------------
Picked up JAVA_TOOL_OPTIONS: -Xms128m -Xmx1536m
[INFO] Running org.namewta.common.richtext.RichTextProcessorTest
[INFO] Tests run: 4, Failures: 0, Errors: 0, Skipped: 0, Time elapsed: 0.168 s -- in org.namewta.common.richtext.RichTextProcessorTest
[INFO] 
[INFO] Results:
[INFO] 
[INFO] Tests run: 4, Failures: 0, Errors: 0, Skipped: 0
[INFO] 
[INFO] 
[INFO] ----------------< org.namewta:wta-common-elasticsearch >----------------
[INFO] Building wta-common-elasticsearch 6.0.0                          [36/49]
[INFO]   from wta-common/wta-common-elasticsearch/pom.xml
[INFO] --------------------------------[ jar ]---------------------------------
[INFO] 
[INFO] --- resources:3.3.1:resources (default-resources) @ wta-common-elasticsearch ---
[INFO] Copying 2 resources from src/main/resources to target/classes
[INFO] Copying 0 resource from src/main/resources to target/classes
[INFO] 
[INFO] --- flatten:1.7.3:flatten (flatten) @ wta-common-elasticsearch ---
[INFO] Generating flattened POM of project org.namewta:wta-common-elasticsearch:jar:6.0.0...
[INFO] 
[INFO] --- compiler:3.15.0:compile (default-compile) @ wta-common-elasticsearch ---
[INFO] Recompiling the module because of changed source code.
[INFO] Compiling 2 source files with javac [debug release 21] to target/classes
[INFO] 
[INFO] --- resources:3.3.1:testResources (default-testResources) @ wta-common-elasticsearch ---
[INFO] skip non existing resourceDirectory /srv/WTA-plus/backend/wta-common/wta-common-elasticsearch/src/test/resources
[INFO] 
[INFO] --- compiler:3.15.0:testCompile (default-testCompile) @ wta-common-elasticsearch ---
[INFO] No sources to compile
[INFO] 
[INFO] --- surefire:3.5.5:test (default-test) @ wta-common-elasticsearch ---
[INFO] No tests to run.
[INFO] 
[INFO] --------------------< org.namewta:wta-common-mqtt >---------------------
[INFO] Building wta-common-mqtt 6.0.0                                   [37/49]
[INFO]   from wta-common/wta-common-mqtt/pom.xml
[INFO] --------------------------------[ jar ]---------------------------------
[INFO] 
[INFO] --- resources:3.3.1:resources (default-resources) @ wta-common-mqtt ---
[INFO] Copying 1 resource from src/main/resources to target/classes
[INFO] Copying 0 resource from src/main/resources to target/classes
[INFO] 
[INFO] --- flatten:1.7.3:flatten (flatten) @ wta-common-mqtt ---
[INFO] Generating flattened POM of project org.namewta:wta-common-mqtt:jar:6.0.0...
[INFO] 
[INFO] --- compiler:3.15.0:compile (default-compile) @ wta-common-mqtt ---
[INFO] Recompiling the module because of changed dependency.
[INFO] Compiling 3 source files with javac [debug release 21] to target/classes
[INFO] 
[INFO] --- resources:3.3.1:testResources (default-testResources) @ wta-common-mqtt ---
[INFO] skip non existing resourceDirectory /srv/WTA-plus/backend/wta-common/wta-common-mqtt/src/test/resources
[INFO] 
[INFO] --- compiler:3.15.0:testCompile (default-testCompile) @ wta-common-mqtt ---
[INFO] No sources to compile
[INFO] 
[INFO] --- surefire:3.5.5:test (default-test) @ wta-common-mqtt ---
[INFO] No tests to run.
[INFO] 
[INFO] ------------------------< org.namewta:wta-demo >------------------------
[INFO] Building wta-demo 6.0.0                                          [38/49]
[INFO]   from wta-modules/wta-demo/pom.xml
[INFO] --------------------------------[ jar ]---------------------------------
[INFO] 
[INFO] --- resources:3.3.1:resources (default-resources) @ wta-demo ---
[INFO] Copying 6 resources from src/main/resources to target/classes
[INFO] Copying 0 resource from src/main/resources to target/classes
[INFO] 
[INFO] --- flatten:1.7.3:flatten (flatten) @ wta-demo ---
[INFO] Generating flattened POM of project org.namewta:wta-demo:jar:6.0.0...
[INFO] 
[INFO] --- compiler:3.15.0:compile (default-compile) @ wta-demo ---
[INFO] Recompiling the module because of changed dependency.
[INFO] Compiling 61 source files with javac [debug release 21] to target/classes
[INFO] /srv/WTA-plus/backend/wta-modules/wta-demo/src/main/java/org/namewta/demo/mcp/McpDemoClientHandlers.java: /srv/WTA-plus/backend/wta-modules/wta-demo/src/main/java/org/namewta/demo/mcp/McpDemoClientHandlers.java uses or overrides a deprecated API.
[INFO] /srv/WTA-plus/backend/wta-modules/wta-demo/src/main/java/org/namewta/demo/mcp/McpDemoClientHandlers.java: Recompile with -Xlint:deprecation for details.
[INFO] 
[INFO] --- resources:3.3.1:testResources (default-testResources) @ wta-demo ---
[INFO] skip non existing resourceDirectory /srv/WTA-plus/backend/wta-modules/wta-demo/src/test/resources
[INFO] 
[INFO] --- compiler:3.15.0:testCompile (default-testCompile) @ wta-demo ---
[INFO] Recompiling the module because of changed dependency.
[INFO] Compiling 1 source file with javac [debug release 21] to target/test-classes
[INFO] 
[INFO] --- surefire:3.5.5:test (default-test) @ wta-demo ---
[INFO] Using auto detected provider org.apache.maven.surefire.junitplatform.JUnitPlatformProvider
[INFO] 
[INFO] -------------------------------------------------------
[INFO]  T E S T S
[INFO] -------------------------------------------------------
Picked up JAVA_TOOL_OPTIONS: -Xms128m -Xmx1536m
[INFO] Running org.namewta.demo.service.impl.TestRichTextListAutoMapperTest
[INFO] Tests run: 2, Failures: 0, Errors: 0, Skipped: 0, Time elapsed: 0.332 s -- in org.namewta.demo.service.impl.TestRichTextListAutoMapperTest
[INFO] 
[INFO] Results:
[INFO] 
[INFO] Tests run: 2, Failures: 0, Errors: 0, Skipped: 0
[INFO] 
[INFO] 
[INFO] ------------------< org.namewta:wta-common-liteflow >-------------------
[INFO] Building wta-common-liteflow 6.0.0                               [39/49]
[INFO]   from wta-common/wta-common-liteflow/pom.xml
[INFO] --------------------------------[ jar ]---------------------------------
[INFO] 
[INFO] --- resources:3.3.1:resources (default-resources) @ wta-common-liteflow ---
[INFO] Copying 1 resource from src/main/resources to target/classes
[INFO] Copying 0 resource from src/main/resources to target/classes
[INFO] 
[INFO] --- flatten:1.7.3:flatten (flatten) @ wta-common-liteflow ---
[INFO] Generating flattened POM of project org.namewta:wta-common-liteflow:jar:6.0.0...
[INFO] 
[INFO] --- compiler:3.15.0:compile (default-compile) @ wta-common-liteflow ---
[INFO] Recompiling the module because of changed dependency.
[INFO] Compiling 8 source files with javac [debug release 21] to target/classes
[INFO] 
[INFO] --- resources:3.3.1:testResources (default-testResources) @ wta-common-liteflow ---
[INFO] skip non existing resourceDirectory /srv/WTA-plus/backend/wta-common/wta-common-liteflow/src/test/resources
[INFO] 
[INFO] --- compiler:3.15.0:testCompile (default-testCompile) @ wta-common-liteflow ---
[INFO] No sources to compile
[INFO] 
[INFO] --- surefire:3.5.5:test (default-test) @ wta-common-liteflow ---
[INFO] No tests to run.
[INFO] 
[INFO] ----------------------< org.namewta:wta-workflow >----------------------
[INFO] Building wta-workflow 6.0.0                                      [40/49]
[INFO]   from wta-modules/wta-workflow/pom.xml
[INFO] --------------------------------[ jar ]---------------------------------
[INFO] 
[INFO] --- resources:3.3.1:resources (default-resources) @ wta-workflow ---
[INFO] Copying 11 resources from src/main/resources to target/classes
[INFO] Copying 0 resource from src/main/resources to target/classes
[INFO] 
[INFO] --- flatten:1.7.3:flatten (flatten) @ wta-workflow ---
[INFO] Generating flattened POM of project org.namewta:wta-workflow:jar:6.0.0...
[INFO] 
[INFO] --- compiler:3.15.0:compile (default-compile) @ wta-workflow ---
[INFO] Recompiling the module because of changed dependency.
[INFO] Compiling 111 source files with javac [debug release 21] to target/classes
[INFO] 
[INFO] --- resources:3.3.1:testResources (default-testResources) @ wta-workflow ---
[INFO] skip non existing resourceDirectory /srv/WTA-plus/backend/wta-modules/wta-workflow/src/test/resources
[INFO] 
[INFO] --- compiler:3.15.0:testCompile (default-testCompile) @ wta-workflow ---
[INFO] No sources to compile
[INFO] 
[INFO] --- surefire:3.5.5:test (default-test) @ wta-workflow ---
[INFO] No tests to run.
[INFO] 
[INFO] ----------------------< org.namewta:wta-profile >-----------------------
[INFO] Building wta-profile 6.0.0                                       [41/49]
[INFO]   from wta-modules/wta-profile/pom.xml
[INFO] --------------------------------[ pom ]---------------------------------
[INFO] 
[INFO] --- flatten:1.7.3:flatten (flatten) @ wta-profile ---
[INFO] Generating flattened POM of project org.namewta:wta-profile:pom:6.0.0...
[INFO] 
[INFO] -------------------< org.namewta:wta-profile-person >-------------------
[INFO] Building wta-profile-person 6.0.0                                [42/49]
[INFO]   from wta-modules/wta-profile/wta-profile-person/pom.xml
[INFO] --------------------------------[ jar ]---------------------------------
[INFO] 
[INFO] --- resources:3.3.1:resources (default-resources) @ wta-profile-person ---
[INFO] Copying 6 resources from src/main/resources to target/classes
[INFO] Copying 0 resource from src/main/resources to target/classes
[INFO] 
[INFO] --- flatten:1.7.3:flatten (flatten) @ wta-profile-person ---
[INFO] Generating flattened POM of project org.namewta:wta-profile-person:jar:6.0.0...
[INFO] 
[INFO] --- compiler:3.15.0:compile (default-compile) @ wta-profile-person ---
[INFO] Recompiling the module because of changed dependency.
[INFO] Compiling 165 source files with javac [debug release 21] to target/classes
[INFO] 
[INFO] --- resources:3.3.1:testResources (default-testResources) @ wta-profile-person ---
[INFO] skip non existing resourceDirectory /srv/WTA-plus/backend/wta-modules/wta-profile/wta-profile-person/src/test/resources
[INFO] 
[INFO] --- compiler:3.15.0:testCompile (default-testCompile) @ wta-profile-person ---
[INFO] Recompiling the module because of changed dependency.
[INFO] Compiling 38 source files with javac [debug release 21] to target/test-classes
[INFO] /srv/WTA-plus/backend/wta-modules/wta-profile/wta-profile-person/src/test/java/org/namewta/profile/person/controller/admin/PersonAdminHttpContractTest.java: Some input files use unchecked or unsafe operations.
[INFO] /srv/WTA-plus/backend/wta-modules/wta-profile/wta-profile-person/src/test/java/org/namewta/profile/person/controller/admin/PersonAdminHttpContractTest.java: Recompile with -Xlint:unchecked for details.
[INFO] 
[INFO] --- surefire:3.5.5:test (default-test) @ wta-profile-person ---
[INFO] Using auto detected provider org.apache.maven.surefire.junitplatform.JUnitPlatformProvider
[INFO] 
[INFO] -------------------------------------------------------
[INFO]  T E S T S
[INFO] -------------------------------------------------------
Picked up JAVA_TOOL_OPTIONS: -Xms128m -Xmx1536m
[INFO] Running org.namewta.profile.person.service.impl.PersonRebindServicePersistenceTest
Mockito is currently self-attaching to enable the inline-mock-maker. This will no longer work in future releases of the JDK. Please add Mockito as an agent to your build as described in Mockito's documentation: https://javadoc.io/doc/org.mockito/mockito-core/latest/org.mockito/org/mockito/Mockito.html#0.3
OpenJDK 64-Bit Server VM warning: Sharing is only supported for boot loader classes because bootstrap classpath has been appended
WARNING: A Java agent has been loaded dynamically (/root/.m2/repository/net/bytebuddy/byte-buddy-agent/1.18.10/byte-buddy-agent-1.18.10.jar)
WARNING: If a serviceability tool is in use, please run with -XX:+EnableDynamicAgentLoading to hide this warning
WARNING: If a serviceability tool is not in use, please run with -Djdk.instrument.traceUsage for more information
WARNING: Dynamic loading of agents will be disallowed by default in a future release
03:36:36.695 [main] WARN com.baomidou.mybatisplus.core.toolkit.Sequence -- Unable to get network interface for wta-ubuntu/127.0.1.1
[INFO] Tests run: 4, Failures: 0, Errors: 0, Skipped: 0, Time elapsed: 1.602 s -- in org.namewta.profile.person.service.impl.PersonRebindServicePersistenceTest
[INFO] Running org.namewta.profile.person.service.impl.PersonVerificationEvidenceCodecTest
[INFO] Tests run: 1, Failures: 0, Errors: 0, Skipped: 0, Time elapsed: 0.368 s -- in org.namewta.profile.person.service.impl.PersonVerificationEvidenceCodecTest
[INFO] Running org.namewta.profile.person.service.impl.PersonProfileMaterialOwnerContributorTest
[INFO] Tests run: 2, Failures: 0, Errors: 0, Skipped: 0, Time elapsed: 0.019 s -- in org.namewta.profile.person.service.impl.PersonProfileMaterialOwnerContributorTest
[INFO] Running org.namewta.profile.person.service.impl.PersonVerificationAttemptServiceTest
[INFO] Tests run: 2, Failures: 0, Errors: 0, Skipped: 0, Time elapsed: 0.079 s -- in org.namewta.profile.person.service.impl.PersonVerificationAttemptServiceTest
[INFO] Running org.namewta.profile.person.service.impl.PersonProfileProjectionContributorTest
[INFO] Tests run: 1, Failures: 0, Errors: 0, Skipped: 0, Time elapsed: 0.012 s -- in org.namewta.profile.person.service.impl.PersonProfileProjectionContributorTest
[INFO] Running org.namewta.profile.person.service.impl.PersonApplicationServiceTest
[INFO] Tests run: 14, Failures: 0, Errors: 0, Skipped: 0, Time elapsed: 0.257 s -- in org.namewta.profile.person.service.impl.PersonApplicationServiceTest
[INFO] Running org.namewta.profile.person.service.impl.PersonAdminServiceTest
[INFO] Tests run: 4, Failures: 0, Errors: 0, Skipped: 0, Time elapsed: 0.169 s -- in org.namewta.profile.person.service.impl.PersonAdminServiceTest
[INFO] Running org.namewta.profile.person.service.impl.PersonIdentityLookupServiceImplTest
[INFO] Tests run: 2, Failures: 0, Errors: 0, Skipped: 0, Time elapsed: 0.006 s -- in org.namewta.profile.person.service.impl.PersonIdentityLookupServiceImplTest
[INFO] Running org.namewta.profile.person.service.impl.PersonRebindServiceTest
[INFO] Tests run: 5, Failures: 0, Errors: 0, Skipped: 0, Time elapsed: 0.090 s -- in org.namewta.profile.person.service.impl.PersonRebindServiceTest
[INFO] Running org.namewta.profile.person.service.impl.PersonApplicationServicePersistenceTest
[INFO] Tests run: 4, Failures: 0, Errors: 0, Skipped: 0, Time elapsed: 0.016 s -- in org.namewta.profile.person.service.impl.PersonApplicationServicePersistenceTest
[INFO] Running org.namewta.profile.person.service.impl.SpringPersonWorkflowGatewayTest
[INFO] Tests run: 4, Failures: 0, Errors: 0, Skipped: 0, Time elapsed: 0.084 s -- in org.namewta.profile.person.service.impl.SpringPersonWorkflowGatewayTest
[INFO] Running org.namewta.profile.person.service.impl.PersonVerificationProviderRegistryTest
[INFO] Tests run: 2, Failures: 0, Errors: 0, Skipped: 0, Time elapsed: 0.003 s -- in org.namewta.profile.person.service.impl.PersonVerificationProviderRegistryTest
[INFO] Running org.namewta.profile.person.service.impl.ProfileMaterialServiceTest
[INFO] Tests run: 9, Failures: 0, Errors: 0, Skipped: 0, Time elapsed: 0.181 s -- in org.namewta.profile.person.service.impl.ProfileMaterialServiceTest
[INFO] Running org.namewta.profile.person.service.impl.PersonRebindNotificationTest
03:36:38.489 [main] WARN org.namewta.profile.person.service.PersonRebindNotificationService -- 个人换绑通知失败，channel=PERSON_REBIND_INTERNAL，category=DELIVERY_FAILED
03:36:38.491 [main] WARN org.namewta.profile.person.service.PersonRebindNotificationService -- 个人换绑通知失败，channel=PERSON_REBIND_SMS，category=DELIVERY_FAILED
[INFO] Tests run: 6, Failures: 0, Errors: 0, Skipped: 0, Time elapsed: 0.309 s -- in org.namewta.profile.person.service.impl.PersonRebindNotificationTest
[INFO] Running org.namewta.profile.person.service.impl.PersonVerificationCallbackContractTest
[INFO] Tests run: 4, Failures: 0, Errors: 0, Skipped: 0, Time elapsed: 0.066 s -- in org.namewta.profile.person.service.impl.PersonVerificationCallbackContractTest
[INFO] Running org.namewta.profile.person.listener.PersonRebindProcessListenerTest
[INFO] Tests run: 2, Failures: 0, Errors: 0, Skipped: 0, Time elapsed: 0.015 s -- in org.namewta.profile.person.listener.PersonRebindProcessListenerTest
[INFO] Running org.namewta.profile.person.controller.anonymous.PersonVerificationAnonymousControllerTest
03:36:39.084 [main] INFO org.hibernate.validator.internal.util.Version -- HV000001: Hibernate Validator 9.1.0.Final
03:36:39.494 [main] INFO org.springframework.mock.web.MockServletContext -- Initializing Spring TestDispatcherServlet ''
03:36:39.494 [main] INFO org.springframework.test.web.servlet.TestDispatcherServlet -- Initializing Servlet ''
03:36:39.496 [main] INFO org.springframework.test.web.servlet.TestDispatcherServlet -- Completed initialization in 1 ms
[INFO] Tests run: 1, Failures: 0, Errors: 0, Skipped: 0, Time elapsed: 1.390 s -- in org.namewta.profile.person.controller.anonymous.PersonVerificationAnonymousControllerTest
[INFO] Running org.namewta.profile.person.controller.self.PersonRebindHttpContractTest
[INFO] Tests run: 3, Failures: 0, Errors: 0, Skipped: 0, Time elapsed: 0.016 s -- in org.namewta.profile.person.controller.self.PersonRebindHttpContractTest
[INFO] Running org.namewta.profile.person.controller.self.PersonApplicationHttpContractTest
[INFO] Tests run: 2, Failures: 0, Errors: 0, Skipped: 0, Time elapsed: 0.004 s -- in org.namewta.profile.person.controller.self.PersonApplicationHttpContractTest
[INFO] Running org.namewta.profile.person.controller.admin.ProfileMaterialHttpContractTest
[INFO] Tests run: 3, Failures: 0, Errors: 0, Skipped: 0, Time elapsed: 0.007 s -- in org.namewta.profile.person.controller.admin.ProfileMaterialHttpContractTest
[INFO] Running org.namewta.profile.person.controller.admin.PersonAdminHttpContractTest
[INFO] Tests run: 1, Failures: 0, Errors: 0, Skipped: 0, Time elapsed: 0.004 s -- in org.namewta.profile.person.controller.admin.PersonAdminHttpContractTest
[INFO] Running org.namewta.profile.person.controller.admin.MaterialRequirementsHttpContractTest
03:36:40.068 [main] INFO org.springframework.mock.web.MockServletContext -- Initializing Spring TestDispatcherServlet ''
03:36:40.068 [main] INFO org.springframework.test.web.servlet.TestDispatcherServlet -- Initializing Servlet ''
03:36:40.068 [main] INFO org.springframework.test.web.servlet.TestDispatcherServlet -- Completed initialization in 0 ms
03:36:40.127 [main] INFO org.springframework.mock.web.MockServletContext -- Initializing Spring TestDispatcherServlet ''
03:36:40.127 [main] INFO org.springframework.test.web.servlet.TestDispatcherServlet -- Initializing Servlet ''
03:36:40.127 [main] INFO org.springframework.test.web.servlet.TestDispatcherServlet -- Completed initialization in 0 ms
03:36:40.135 [main] ERROR org.namewta.common.satoken.handler.SaTokenExceptionHandler -- 请求地址'/profile/person/materials/WORKING/123',权限码校验失败'无此权限：profile:person:material:self'
03:36:40.150 [main] INFO org.springframework.mock.web.MockServletContext -- Initializing Spring TestDispatcherServlet ''
03:36:40.150 [main] INFO org.springframework.test.web.servlet.TestDispatcherServlet -- Initializing Servlet ''
03:36:40.150 [main] INFO org.springframework.test.web.servlet.TestDispatcherServlet -- Completed initialization in 0 ms
03:36:40.189 [main] INFO org.springframework.mock.web.MockServletContext -- Initializing Spring TestDispatcherServlet ''
03:36:40.189 [main] INFO org.springframework.test.web.servlet.TestDispatcherServlet -- Initializing Servlet ''
03:36:40.189 [main] INFO org.springframework.test.web.servlet.TestDispatcherServlet -- Completed initialization in 0 ms
03:36:40.198 [main] WARN org.springframework.web.servlet.mvc.support.DefaultHandlerExceptionResolver -- Resolved [org.springframework.web.bind.MissingServletRequestParameterException: Required request parameter 'documentTypeCode' for method parameter type String is not present]
03:36:40.210 [main] WARN org.springframework.web.servlet.mvc.support.DefaultHandlerExceptionResolver -- Resolved [org.springframework.web.method.annotation.MethodArgumentTypeMismatchException: Method parameter 'profileType': Failed to convert value of type 'java.lang.String' to required type 'org.namewta.profile.api.domain.ProfileType'; Failed to convert from type [java.lang.String] to type [@org.springframework.web.bind.annotation.RequestParam org.namewta.profile.api.domain.ProfileType] for value [OTHER]]
03:36:40.221 [main] INFO org.springframework.mock.web.MockServletContext -- Initializing Spring TestDispatcherServlet ''
03:36:40.222 [main] INFO org.springframework.test.web.servlet.TestDispatcherServlet -- Initializing Servlet ''
03:36:40.222 [main] INFO org.springframework.test.web.servlet.TestDispatcherServlet -- Completed initialization in 0 ms
03:36:40.231 [main] INFO org.springframework.mock.web.MockServletContext -- Initializing Spring TestDispatcherServlet ''
03:36:40.232 [main] INFO org.springframework.test.web.servlet.TestDispatcherServlet -- Initializing Servlet ''
03:36:40.232 [main] INFO org.springframework.test.web.servlet.TestDispatcherServlet -- Completed initialization in 0 ms
03:36:40.237 [main] ERROR org.namewta.common.satoken.handler.SaTokenExceptionHandler -- 请求地址'/profile/person/materials/WORKING/123',认证失败'login',无法访问系统资源
03:36:40.252 [main] INFO org.springframework.mock.web.MockServletContext -- Initializing Spring TestDispatcherServlet ''
03:36:40.252 [main] INFO org.springframework.test.web.servlet.TestDispatcherServlet -- Initializing Servlet ''
03:36:40.253 [main] INFO org.springframework.test.web.servlet.TestDispatcherServlet -- Completed initialization in 1 ms
03:36:40.278 [main] INFO org.springframework.mock.web.MockServletContext -- Initializing Spring TestDispatcherServlet ''
03:36:40.278 [main] INFO org.springframework.test.web.servlet.TestDispatcherServlet -- Initializing Servlet ''
03:36:40.278 [main] INFO org.springframework.test.web.servlet.TestDispatcherServlet -- Completed initialization in 0 ms
03:36:40.290 [main] INFO org.springframework.mock.web.MockServletContext -- Initializing Spring TestDispatcherServlet ''
03:36:40.290 [main] INFO org.springframework.test.web.servlet.TestDispatcherServlet -- Initializing Servlet ''
03:36:40.290 [main] INFO org.springframework.test.web.servlet.TestDispatcherServlet -- Completed initialization in 0 ms
[INFO] Tests run: 6, Failures: 0, Errors: 0, Skipped: 0, Time elapsed: 0.285 s -- in org.namewta.profile.person.controller.admin.MaterialRequirementsHttpContractTest
[INFO] Running org.namewta.profile.person.config.ProfileApiConfigurationTest
[INFO] Tests run: 3, Failures: 0, Errors: 0, Skipped: 0, Time elapsed: 0.066 s -- in org.namewta.profile.person.config.ProfileApiConfigurationTest
[INFO] Running org.namewta.profile.person.architecture.PersonModuleArchitectureTest
[INFO] Tests run: 7, Failures: 0, Errors: 0, Skipped: 0, Time elapsed: 0.386 s -- in org.namewta.profile.person.architecture.PersonModuleArchitectureTest
[INFO] Running org.namewta.profile.person.architecture.ExplicitProfileIdentityContractTest
[INFO] Tests run: 13, Failures: 0, Errors: 0, Skipped: 0, Time elapsed: 3.643 s -- in org.namewta.profile.person.architecture.ExplicitProfileIdentityContractTest
[INFO] 
[INFO] Results:
[INFO] 
[INFO] Tests run: 105, Failures: 0, Errors: 0, Skipped: 0
[INFO] 
[INFO] 
[INFO] -----------------< org.namewta:wta-profile-enterprise >-----------------
[INFO] Building wta-profile-enterprise 6.0.0                            [43/49]
[INFO]   from wta-modules/wta-profile/wta-profile-enterprise/pom.xml
[INFO] --------------------------------[ jar ]---------------------------------
[INFO] 
[INFO] --- resources:3.3.1:resources (default-resources) @ wta-profile-enterprise ---
[INFO] Copying 4 resources from src/main/resources to target/classes
[INFO] Copying 0 resource from src/main/resources to target/classes
[INFO] 
[INFO] --- flatten:1.7.3:flatten (flatten) @ wta-profile-enterprise ---
[INFO] Generating flattened POM of project org.namewta:wta-profile-enterprise:jar:6.0.0...
[INFO] 
[INFO] --- compiler:3.15.0:compile (default-compile) @ wta-profile-enterprise ---
[INFO] Recompiling the module because of changed dependency.
[INFO] Compiling 127 source files with javac [debug release 21] to target/classes
[INFO] 
[INFO] --- resources:3.3.1:testResources (default-testResources) @ wta-profile-enterprise ---
[INFO] skip non existing resourceDirectory /srv/WTA-plus/backend/wta-modules/wta-profile/wta-profile-enterprise/src/test/resources
[INFO] 
[INFO] --- compiler:3.15.0:testCompile (default-testCompile) @ wta-profile-enterprise ---
[INFO] Recompiling the module because of changed dependency.
[INFO] Compiling 31 source files with javac [debug release 21] to target/test-classes
[INFO] /srv/WTA-plus/backend/wta-modules/wta-profile/wta-profile-enterprise/src/test/java/org/namewta/profile/enterprise/service/impl/EnterpriseTransferMySqlRedisE2ETest.java: Some input files use or override a deprecated API.
[INFO] /srv/WTA-plus/backend/wta-modules/wta-profile/wta-profile-enterprise/src/test/java/org/namewta/profile/enterprise/service/impl/EnterpriseTransferMySqlRedisE2ETest.java: Recompile with -Xlint:deprecation for details.
[INFO] /srv/WTA-plus/backend/wta-modules/wta-profile/wta-profile-enterprise/src/test/java/org/namewta/profile/enterprise/controller/admin/EnterpriseAdminHttpContractTest.java: Some input files use unchecked or unsafe operations.
[INFO] /srv/WTA-plus/backend/wta-modules/wta-profile/wta-profile-enterprise/src/test/java/org/namewta/profile/enterprise/controller/admin/EnterpriseAdminHttpContractTest.java: Recompile with -Xlint:unchecked for details.
[INFO] 
[INFO] --- surefire:3.5.5:test (default-test) @ wta-profile-enterprise ---
[INFO] Using auto detected provider org.apache.maven.surefire.junitplatform.JUnitPlatformProvider
[INFO] 
[INFO] -------------------------------------------------------
[INFO]  T E S T S
[INFO] -------------------------------------------------------
Picked up JAVA_TOOL_OPTIONS: -Xms128m -Xmx1536m
[INFO] Running org.namewta.profile.enterprise.service.impl.EnterpriseApplicationServiceTest
Mockito is currently self-attaching to enable the inline-mock-maker. This will no longer work in future releases of the JDK. Please add Mockito as an agent to your build as described in Mockito's documentation: https://javadoc.io/doc/org.mockito/mockito-core/latest/org.mockito/org/mockito/Mockito.html#0.3
OpenJDK 64-Bit Server VM warning: Sharing is only supported for boot loader classes because bootstrap classpath has been appended
WARNING: A Java agent has been loaded dynamically (/root/.m2/repository/net/bytebuddy/byte-buddy-agent/1.18.10/byte-buddy-agent-1.18.10.jar)
WARNING: If a serviceability tool is in use, please run with -XX:+EnableDynamicAgentLoading to hide this warning
WARNING: If a serviceability tool is not in use, please run with -Djdk.instrument.traceUsage for more information
WARNING: Dynamic loading of agents will be disallowed by default in a future release
[INFO] Tests run: 11, Failures: 0, Errors: 0, Skipped: 0, Time elapsed: 1.581 s -- in org.namewta.profile.enterprise.service.impl.EnterpriseApplicationServiceTest
[INFO] Running org.namewta.profile.enterprise.service.impl.EnterpriseProfileProjectionContributorTest
[INFO] Tests run: 1, Failures: 0, Errors: 0, Skipped: 0, Time elapsed: 0.014 s -- in org.namewta.profile.enterprise.service.impl.EnterpriseProfileProjectionContributorTest
[INFO] Running org.namewta.profile.enterprise.service.impl.EnterpriseTransferPersistenceTest
03:36:49.412 [main] WARN com.baomidou.mybatisplus.core.toolkit.Sequence -- Unable to get network interface for wta-ubuntu/127.0.1.1
[INFO] Tests run: 3, Failures: 0, Errors: 0, Skipped: 0, Time elapsed: 0.102 s -- in org.namewta.profile.enterprise.service.impl.EnterpriseTransferPersistenceTest
[INFO] Running org.namewta.profile.enterprise.service.impl.EnterpriseMaterialOwnerContributorTest
[INFO] Tests run: 3, Failures: 0, Errors: 0, Skipped: 0, Time elapsed: 0.020 s -- in org.namewta.profile.enterprise.service.impl.EnterpriseMaterialOwnerContributorTest
[INFO] Running org.namewta.profile.enterprise.service.impl.EnterpriseApplicationPersistenceTest
[INFO] Tests run: 3, Failures: 0, Errors: 0, Skipped: 0, Time elapsed: 0.012 s -- in org.namewta.profile.enterprise.service.impl.EnterpriseApplicationPersistenceTest
[INFO] Running org.namewta.profile.enterprise.service.impl.EnterpriseVerificationCallbackContractTest
[INFO] Tests run: 3, Failures: 0, Errors: 0, Skipped: 0, Time elapsed: 0.384 s -- in org.namewta.profile.enterprise.service.impl.EnterpriseVerificationCallbackContractTest
[INFO] Running org.namewta.profile.enterprise.service.impl.EnterpriseVerificationProviderRegistryTest
[INFO] Tests run: 2, Failures: 0, Errors: 0, Skipped: 0, Time elapsed: 0.011 s -- in org.namewta.profile.enterprise.service.impl.EnterpriseVerificationProviderRegistryTest
[INFO] Running org.namewta.profile.enterprise.service.impl.EnterpriseVerificationAttemptServiceTest
[INFO] Tests run: 2, Failures: 0, Errors: 0, Skipped: 0, Time elapsed: 0.014 s -- in org.namewta.profile.enterprise.service.impl.EnterpriseVerificationAttemptServiceTest
[INFO] Running org.namewta.profile.enterprise.service.impl.EnterpriseAdminServiceTest
[INFO] Tests run: 4, Failures: 0, Errors: 0, Skipped: 0, Time elapsed: 0.199 s -- in org.namewta.profile.enterprise.service.impl.EnterpriseAdminServiceTest
[INFO] Running org.namewta.profile.enterprise.service.impl.EnterpriseTransferServiceTest
[INFO] Tests run: 12, Failures: 0, Errors: 0, Skipped: 0, Time elapsed: 0.401 s -- in org.namewta.profile.enterprise.service.impl.EnterpriseTransferServiceTest
[INFO] Running org.namewta.profile.enterprise.service.impl.SpringEnterpriseWorkflowGatewayTest
[INFO] Tests run: 4, Failures: 0, Errors: 0, Skipped: 0, Time elapsed: 0.089 s -- in org.namewta.profile.enterprise.service.impl.SpringEnterpriseWorkflowGatewayTest
[INFO] Running org.namewta.profile.enterprise.service.impl.EnterpriseVerificationEvidenceCodecTest
[INFO] Tests run: 1, Failures: 0, Errors: 0, Skipped: 0, Time elapsed: 0.003 s -- in org.namewta.profile.enterprise.service.impl.EnterpriseVerificationEvidenceCodecTest
[INFO] Running org.namewta.profile.enterprise.controller.anonymous.EnterpriseVerificationAnonymousControllerTest
03:36:51.206 [main] INFO org.hibernate.validator.internal.util.Version -- HV000001: Hibernate Validator 9.1.0.Final
03:36:51.640 [main] INFO org.springframework.mock.web.MockServletContext -- Initializing Spring TestDispatcherServlet ''
03:36:51.641 [main] INFO org.springframework.test.web.servlet.TestDispatcherServlet -- Initializing Servlet ''
03:36:51.644 [main] INFO org.springframework.test.web.servlet.TestDispatcherServlet -- Completed initialization in 2 ms
[INFO] Tests run: 1, Failures: 0, Errors: 0, Skipped: 0, Time elapsed: 1.496 s -- in org.namewta.profile.enterprise.controller.anonymous.EnterpriseVerificationAnonymousControllerTest
[INFO] Running org.namewta.profile.enterprise.controller.self.EnterpriseTransferHttpContractTest
[INFO] Tests run: 1, Failures: 0, Errors: 0, Skipped: 0, Time elapsed: 0.014 s -- in org.namewta.profile.enterprise.controller.self.EnterpriseTransferHttpContractTest
[INFO] Running org.namewta.profile.enterprise.controller.self.EnterpriseMaterialSelfControllerContractTest
[INFO] Tests run: 2, Failures: 0, Errors: 0, Skipped: 0, Time elapsed: 0.041 s -- in org.namewta.profile.enterprise.controller.self.EnterpriseMaterialSelfControllerContractTest
[INFO] Running org.namewta.profile.enterprise.controller.self.EnterpriseApplicationHttpContractTest
[INFO] Tests run: 2, Failures: 0, Errors: 0, Skipped: 0, Time elapsed: 0.007 s -- in org.namewta.profile.enterprise.controller.self.EnterpriseApplicationHttpContractTest
[INFO] Running org.namewta.profile.enterprise.controller.EnterpriseBeanValidationContractTest
[INFO] Tests run: 3, Failures: 0, Errors: 0, Skipped: 0, Time elapsed: 0.191 s -- in org.namewta.profile.enterprise.controller.EnterpriseBeanValidationContractTest
[INFO] Running org.namewta.profile.enterprise.controller.admin.EnterpriseMaterialAdminControllerContractTest
[INFO] Tests run: 2, Failures: 0, Errors: 0, Skipped: 0, Time elapsed: 0.004 s -- in org.namewta.profile.enterprise.controller.admin.EnterpriseMaterialAdminControllerContractTest
[INFO] Running org.namewta.profile.enterprise.controller.admin.EnterpriseAdminHttpContractTest
[INFO] Tests run: 1, Failures: 0, Errors: 0, Skipped: 0, Time elapsed: 0.003 s -- in org.namewta.profile.enterprise.controller.admin.EnterpriseAdminHttpContractTest
[INFO] Running org.namewta.profile.enterprise.architecture.EnterpriseModuleArchitectureTest
[INFO] Tests run: 7, Failures: 0, Errors: 0, Skipped: 0, Time elapsed: 0.130 s -- in org.namewta.profile.enterprise.architecture.EnterpriseModuleArchitectureTest
[INFO] Running org.namewta.profile.enterprise.architecture.ExplicitProfileIdentityContractTest
[INFO] Tests run: 12, Failures: 0, Errors: 0, Skipped: 0, Time elapsed: 3.264 s -- in org.namewta.profile.enterprise.architecture.ExplicitProfileIdentityContractTest
[INFO] 
[INFO] Results:
[INFO] 
[INFO] Tests run: 80, Failures: 0, Errors: 0, Skipped: 0
[INFO] 
[INFO] 
[INFO] -----------------------< org.namewta:wta-admin >------------------------
[INFO] Building wta-admin 6.0.0                                         [44/49]
[INFO]   from wta-admin/pom.xml
[INFO] --------------------------------[ jar ]---------------------------------
[INFO] 
[INFO] --- resources:3.3.1:resources (default-resources) @ wta-admin ---
[INFO] Copying 9 resources from src/main/resources to target/classes
[INFO] Copying 4 resources from src/main/resources to target/classes
[INFO] 
[INFO] --- flatten:1.7.3:flatten (flatten) @ wta-admin ---
[INFO] Generating flattened POM of project org.namewta:wta-admin:jar:6.0.0...
[INFO] 
[INFO] --- compiler:3.15.0:compile (default-compile) @ wta-admin ---
[INFO] Recompiling the module because of changed dependency.
[INFO] Compiling 21 source files with javac [debug release 21] to target/classes
[INFO] 
[INFO] --- resources:3.3.1:testResources (default-testResources) @ wta-admin ---
[INFO] Copying 2 resources from src/test/resources to target/test-classes
[INFO] 
[INFO] --- compiler:3.15.0:testCompile (default-testCompile) @ wta-admin ---
[INFO] Recompiling the module because of changed dependency.
[INFO] Compiling 168 source files with javac [debug release 21] to target/test-classes
[INFO] /srv/WTA-plus/backend/wta-admin/src/test/java/org/namewta/common/redis/cache/ThirdRedisIntegrationTest.java: Some input files use or override a deprecated API.
[INFO] /srv/WTA-plus/backend/wta-admin/src/test/java/org/namewta/common/redis/cache/ThirdRedisIntegrationTest.java: Recompile with -Xlint:deprecation for details.
[INFO] /srv/WTA-plus/backend/wta-admin/src/test/java/org/namewta/test/notify/NotifyDeadlineIntegrationTest.java: Some input files use unchecked or unsafe operations.
[INFO] /srv/WTA-plus/backend/wta-admin/src/test/java/org/namewta/test/notify/NotifyDeadlineIntegrationTest.java: Recompile with -Xlint:unchecked for details.
[INFO] 
[INFO] --- surefire:3.5.5:test (default-test) @ wta-admin ---
[INFO] Using auto detected provider org.apache.maven.surefire.junitplatform.JUnitPlatformProvider
[INFO] 
[INFO] -------------------------------------------------------
[INFO]  T E S T S
[INFO] -------------------------------------------------------
Picked up JAVA_TOOL_OPTIONS: -Xms128m -Xmx1536m
[INFO] Running org.namewta.common.redis.cache.ThirdRedisIntegrationTest
[WARNING] Tests run: 2, Failures: 0, Errors: 0, Skipped: 2, Time elapsed: 0.114 s -- in org.namewta.common.redis.cache.ThirdRedisIntegrationTest
[INFO] Running org.namewta.common.oss.client.OssAccessDiagnosticUnitTest
Mockito is currently self-attaching to enable the inline-mock-maker. This will no longer work in future releases of the JDK. Please add Mockito as an agent to your build as described in Mockito's documentation: https://javadoc.io/doc/org.mockito/mockito-core/latest/org.mockito/org/mockito/Mockito.html#0.3
OpenJDK 64-Bit Server VM warning: Sharing is only supported for boot loader classes because bootstrap classpath has been appended
WARNING: A Java agent has been loaded dynamically (/root/.m2/repository/net/bytebuddy/byte-buddy-agent/1.18.10/byte-buddy-agent-1.18.10.jar)
WARNING: If a serviceability tool is in use, please run with -XX:+EnableDynamicAgentLoading to hide this warning
WARNING: If a serviceability tool is not in use, please run with -Djdk.instrument.traceUsage for more information
WARNING: Dynamic loading of agents will be disallowed by default in a future release
[INFO] Tests run: 24, Failures: 0, Errors: 0, Skipped: 0, Time elapsed: 5.252 s -- in org.namewta.common.oss.client.OssAccessDiagnosticUnitTest
[INFO] Running org.namewta.common.oss.client.OssClientProviderUnitTest
[INFO] Tests run: 6, Failures: 0, Errors: 0, Skipped: 0, Time elapsed: 0.360 s -- in org.namewta.common.oss.client.OssClientProviderUnitTest
[INFO] Running org.namewta.web.service.SysRegisterServiceRegistrationUnitTest
[INFO] Tests run: 7, Failures: 0, Errors: 0, Skipped: 0, Time elapsed: 0.819 s -- in org.namewta.web.service.SysRegisterServiceRegistrationUnitTest
[INFO] Running org.namewta.web.service.impl.PasswordAuthStrategyTemporaryUnitTest
[INFO] Tests run: 5, Failures: 0, Errors: 0, Skipped: 0, Time elapsed: 1.578 s -- in org.namewta.web.service.impl.PasswordAuthStrategyTemporaryUnitTest
[INFO] Running org.namewta.web.service.HomeClientLoginAccessPathTest
[INFO] Tests run: 1, Failures: 0, Errors: 0, Skipped: 0, Time elapsed: 0.032 s -- in org.namewta.web.service.HomeClientLoginAccessPathTest
[INFO] Running org.namewta.web.controller.AuthClientContextSsoUnitTest
[INFO] Tests run: 3, Failures: 0, Errors: 0, Skipped: 0, Time elapsed: 0.026 s -- in org.namewta.web.controller.AuthClientContextSsoUnitTest
[INFO] Running org.namewta.NamewtaApplicationUnitTest
03:37:12.553 [main] INFO org.namewta.NamewtaApplication -- 
==================
访问地址：https://localhost:9090/api
启动时间：2026-08-25 21:02:03
运行的系统：Linux 7.0.0-31-generic（amd64）
启动耗时：2.50 秒
运行内存：已用 97.15 MB / 最大 1.50 GB
==================
[INFO] Tests run: 1, Failures: 0, Errors: 0, Skipped: 0, Time elapsed: 0.263 s -- in org.namewta.NamewtaApplicationUnitTest
[INFO] Running org.namewta.test.logging.LogRedactionHttpMySqlIntegrationTest
[WARNING] Tests run: 2, Failures: 0, Errors: 0, Skipped: 2, Time elapsed: 0.005 s -- in org.namewta.test.logging.LogRedactionHttpMySqlIntegrationTest
[INFO] Running org.namewta.test.logging.OperationLogRedactionTest
[INFO] Tests run: 4, Failures: 0, Errors: 0, Skipped: 0, Time elapsed: 0.513 s -- in org.namewta.test.logging.OperationLogRedactionTest
[INFO] Running org.namewta.test.logging.SysConsoleLoggingUnitTest
2026-09-24 03:37:13 [main] INFO  org.namewta.system.http
 - {"正文":"line1\n\"quoted\"\u0001","事件类型":"响应返回","请求标识":"request-id"}
2026-09-24 03:37:13 [main] INFO  example.normal
 - normal marker
[INFO] Tests run: 1, Failures: 0, Errors: 0, Skipped: 0, Time elapsed: 0.286 s -- in org.namewta.test.logging.SysConsoleLoggingUnitTest
[INFO] Running org.namewta.test.ai.SnailAiRetirementTest
03:37:14.126 [main] INFO org.hibernate.validator.internal.util.Version -- HV000001: Hibernate Validator 9.1.0.Final
03:37:14.756 [main] INFO org.springframework.mock.web.MockServletContext -- Initializing Spring TestDispatcherServlet ''
03:37:14.756 [main] INFO org.springframework.test.web.servlet.TestDispatcherServlet -- Initializing Servlet ''
03:37:14.759 [main] INFO org.springframework.test.web.servlet.TestDispatcherServlet -- Completed initialization in 3 ms
03:37:14.842 [main] WARN org.springframework.web.servlet.PageNotFound -- No mapping for POST /snail-ai/user/register
03:37:14.844 [main] WARN org.springframework.web.servlet.PageNotFound -- No endpoint POST /snail-ai/user/register.
03:37:14.845 [main] WARN org.springframework.web.servlet.PageNotFound -- No mapping for POST /snail-chat/chat
03:37:14.846 [main] WARN org.springframework.web.servlet.PageNotFound -- No endpoint POST /snail-chat/chat.
03:37:14.846 [main] WARN org.springframework.web.servlet.PageNotFound -- No mapping for POST /api/snail/chat/chat
03:37:14.846 [main] WARN org.springframework.web.servlet.PageNotFound -- No endpoint POST /api/snail/chat/chat.
[INFO] Tests run: 2, Failures: 0, Errors: 0, Skipped: 0, Time elapsed: 1.475 s -- in org.namewta.test.ai.SnailAiRetirementTest
[INFO] Running org.namewta.test.notify.context.RequestNotifyContextResolverUnitTest
[INFO] Tests run: 4, Failures: 0, Errors: 0, Skipped: 0, Time elapsed: 0.175 s -- in org.namewta.test.notify.context.RequestNotifyContextResolverUnitTest
[INFO] Running org.namewta.test.notify.NotifyNoticeRetractionIntegrationTest
[WARNING] Tests run: 15, Failures: 0, Errors: 0, Skipped: 15, Time elapsed: 0.002 s -- in org.namewta.test.notify.NotifyNoticeRetractionIntegrationTest
[INFO] Running org.namewta.test.notify.caller.NotifyCallerMigrationContractUnitTest
[INFO] Tests run: 1, Failures: 0, Errors: 0, Skipped: 0, Time elapsed: 0.009 s -- in org.namewta.test.notify.caller.NotifyCallerMigrationContractUnitTest
[INFO] Running org.namewta.test.notify.caller.DemoNotifyCallerUnitTest
[INFO] Tests run: 4, Failures: 0, Errors: 0, Skipped: 0, Time elapsed: 0.051 s -- in org.namewta.test.notify.caller.DemoNotifyCallerUnitTest
[INFO] Running org.namewta.test.notify.caller.AuthNotifyCallerUnitTest
[INFO] Tests run: 1, Failures: 0, Errors: 0, Skipped: 0, Time elapsed: 0.158 s -- in org.namewta.test.notify.caller.AuthNotifyCallerUnitTest
[INFO] Running org.namewta.test.notify.caller.WorkflowNotifyCallerUnitTest
03:37:15.308 [main] ERROR org.namewta.workflow.service.impl.FlwCommonServiceImpl -- 【消息发送失败】类型=EMAIL_MESSAGE，异常类型=IllegalStateException
[INFO] Tests run: 2, Failures: 0, Errors: 0, Skipped: 0, Time elapsed: 0.048 s -- in org.namewta.test.notify.caller.WorkflowNotifyCallerUnitTest
[INFO] Running org.namewta.test.notify.caller.CaptchaNotifyCallerUnitTest
03:37:15.331 [main] ERROR org.namewta.web.controller.CaptchaController -- 验证码短信发送失败，异常类型=IllegalStateException
03:37:15.342 [main] ERROR org.namewta.web.controller.CaptchaController -- 验证码邮件发送失败，异常类型=ServiceException
03:37:15.344 [main] ERROR org.namewta.web.controller.CaptchaController -- 验证码邮件发送失败，异常类型=ServiceException
03:37:15.346 [main] ERROR org.namewta.web.controller.CaptchaController -- 验证码邮件发送失败，异常类型=IllegalStateException
[INFO] Tests run: 9, Failures: 0, Errors: 0, Skipped: 0, Time elapsed: 0.032 s -- in org.namewta.test.notify.caller.CaptchaNotifyCallerUnitTest
[INFO] Running org.namewta.test.notify.NotificationModeOpenApiTest
[INFO] Tests run: 1, Failures: 0, Errors: 0, Skipped: 0, Time elapsed: 0.346 s -- in org.namewta.test.notify.NotificationModeOpenApiTest
[INFO] Running org.namewta.test.notify.NotifyDeadlineIntegrationTest
[WARNING] Tests run: 15, Failures: 0, Errors: 0, Skipped: 15, Time elapsed: 0 s -- in org.namewta.test.notify.NotifyDeadlineIntegrationTest
[INFO] Running org.namewta.test.notify.NotifyWakeIntegrationTest
[WARNING] Tests run: 1, Failures: 0, Errors: 0, Skipped: 1, Time elapsed: 0 s -- in org.namewta.test.notify.NotifyWakeIntegrationTest
[INFO] Running org.namewta.test.notify.NotifySmsDispatchIntegrationTest
[WARNING] Tests run: 10, Failures: 0, Errors: 0, Skipped: 10, Time elapsed: 0 s -- in org.namewta.test.notify.NotifySmsDispatchIntegrationTest
[INFO] Running org.namewta.test.notify.NotifySupportedModeIntegrationTest
[WARNING] Tests run: 16, Failures: 0, Errors: 0, Skipped: 16, Time elapsed: 0 s -- in org.namewta.test.notify.NotifySupportedModeIntegrationTest
[INFO] Running org.namewta.test.notify.EnterpriseQueuedNotificationIntegrationTest
[WARNING] Tests run: 8, Failures: 0, Errors: 0, Skipped: 8, Time elapsed: 0.001 s -- in org.namewta.test.notify.EnterpriseQueuedNotificationIntegrationTest
[INFO] Running org.namewta.test.notify.idempotency.NotifyIdempotencyAutoConfigurationUnitTest
[INFO] Tests run: 3, Failures: 0, Errors: 0, Skipped: 0, Time elapsed: 0.426 s -- in org.namewta.test.notify.idempotency.NotifyIdempotencyAutoConfigurationUnitTest
[INFO] Running org.namewta.test.notify.idempotency.RedisNotifyIdempotencyStoreIntegrationTest
[WARNING] Tests run: 3, Failures: 0, Errors: 0, Skipped: 3, Time elapsed: 0.006 s -- in org.namewta.test.notify.idempotency.RedisNotifyIdempotencyStoreIntegrationTest
[INFO] Running org.namewta.test.notify.idempotency.NotifyIdempotencyDispatcherUnitTest
[INFO] Tests run: 11, Failures: 0, Errors: 0, Skipped: 0, Time elapsed: 0.215 s -- in org.namewta.test.notify.idempotency.NotifyIdempotencyDispatcherUnitTest
[INFO] Running org.namewta.test.notify.NotifyAtomicResultIntegrationTest
[WARNING] Tests run: 49, Failures: 0, Errors: 0, Skipped: 49, Time elapsed: 0.022 s -- in org.namewta.test.notify.NotifyAtomicResultIntegrationTest
[INFO] Running org.namewta.test.notify.NotifyManualRetryIntegrationTest
[WARNING] Tests run: 13, Failures: 0, Errors: 0, Skipped: 13, Time elapsed: 0 s -- in org.namewta.test.notify.NotifyManualRetryIntegrationTest
[INFO] Running org.namewta.test.notify.NotifyMailAttachmentIntegrationTest
[WARNING] Tests run: 27, Failures: 0, Errors: 0, Skipped: 27, Time elapsed: 0 s -- in org.namewta.test.notify.NotifyMailAttachmentIntegrationTest
[INFO] Running org.namewta.test.notify.NotificationRetryControllerContractTest
03:37:16.494 [main] INFO org.springframework.mock.web.MockServletContext -- Initializing Spring TestDispatcherServlet ''
03:37:16.494 [main] INFO org.springframework.test.web.servlet.TestDispatcherServlet -- Initializing Servlet ''
03:37:16.494 [main] INFO org.springframework.test.web.servlet.TestDispatcherServlet -- Completed initialization in 0 ms
____ ____    ___ ____ _  _ ____ _  _ 
[__  |__| __  |  |  | |_/  |___ |\ | 
___] |  |     |  |__| | \_ |___ | \| 
https://sa-token.cc (v1.45.0)
03:37:16.580 [main] INFO org.springframework.mock.web.MockServletContext -- Initializing Spring TestDispatcherServlet ''
03:37:16.580 [main] INFO org.springframework.test.web.servlet.TestDispatcherServlet -- Initializing Servlet ''
03:37:16.580 [main] INFO org.springframework.test.web.servlet.TestDispatcherServlet -- Completed initialization in 0 ms
03:37:16.592 [main] ERROR org.namewta.common.satoken.handler.SaTokenExceptionHandler -- 请求地址'/notify/notification/101/retry',权限码校验失败'无此权限：notify:notification:retry'
03:37:16.705 [main] ERROR org.namewta.common.satoken.handler.SaTokenExceptionHandler -- 请求地址'/notify/notification/101/cancel',权限码校验失败'无此权限：notify:notification:cancel'
03:37:16.711 [main] ERROR org.namewta.common.satoken.handler.SaTokenExceptionHandler -- 请求地址'/notify/notification/101/cancel',权限码校验失败'无此权限：notify:notification:cancel'
03:37:16.715 [main] ERROR org.namewta.common.satoken.handler.SaTokenExceptionHandler -- 请求地址'/notify/notification/101/retry',权限码校验失败'无此权限：notify:notification:retry'
____ ____    ___ ____ _  _ ____ _  _ 
[__  |__| __  |  |  | |_/  |___ |\ | 
___] |  |     |  |__| | \_ |___ | \| 
https://sa-token.cc (v1.45.0)
03:37:16.732 [main] INFO org.springframework.mock.web.MockServletContext -- Initializing Spring TestDispatcherServlet ''
03:37:16.732 [main] INFO org.springframework.test.web.servlet.TestDispatcherServlet -- Initializing Servlet ''
03:37:16.732 [main] INFO org.springframework.test.web.servlet.TestDispatcherServlet -- Completed initialization in 0 ms
03:37:16.748 [main] INFO org.springframework.mock.web.MockServletContext -- Initializing Spring TestDispatcherServlet ''
03:37:16.748 [main] INFO org.springframework.test.web.servlet.TestDispatcherServlet -- Initializing Servlet ''
03:37:16.748 [main] INFO org.springframework.test.web.servlet.TestDispatcherServlet -- Completed initialization in 0 ms
[INFO] Tests run: 4, Failures: 0, Errors: 0, Skipped: 0, Time elapsed: 0.292 s -- in org.namewta.test.notify.NotificationRetryControllerContractTest
[INFO] Running org.namewta.test.notify.attachment.NotifyAttachmentDispatcherUnitTest
03:37:16.796 [main] WARN org.namewta.common.notify.core.NotifyDispatcher -- 通知监控事件发布失败，requestId=request-1, exception=IllegalStateException
[INFO] Tests run: 6, Failures: 0, Errors: 0, Skipped: 0, Time elapsed: 0.041 s -- in org.namewta.test.notify.attachment.NotifyAttachmentDispatcherUnitTest
[INFO] Running org.namewta.test.notify.attachment.MailAttachmentSnapshotUnitTest
[INFO] Tests run: 3, Failures: 0, Errors: 0, Skipped: 0, Time elapsed: 0.013 s -- in org.namewta.test.notify.attachment.MailAttachmentSnapshotUnitTest
[INFO] Running org.namewta.test.notify.NotifySmsLogEntryTest
[INFO] Tests run: 2, Failures: 0, Errors: 0, Skipped: 0, Time elapsed: 0.039 s -- in org.namewta.test.notify.NotifySmsLogEntryTest
[INFO] Running org.namewta.test.notify.monitor.NotifyMonitorMySqlIntegrationTest
[WARNING] Tests run: 1, Failures: 0, Errors: 0, Skipped: 1, Time elapsed: 0.002 s -- in org.namewta.test.notify.monitor.NotifyMonitorMySqlIntegrationTest
[INFO] Running org.namewta.test.notify.NotifyInboxPagingIntegrationTest
[WARNING] Tests run: 4, Failures: 0, Errors: 0, Skipped: 4, Time elapsed: 0 s -- in org.namewta.test.notify.NotifyInboxPagingIntegrationTest
[INFO] Running org.namewta.test.notify.core.NotifyChannelUnitTest
[INFO] Tests run: 3, Failures: 0, Errors: 0, Skipped: 0, Time elapsed: 0.028 s -- in org.namewta.test.notify.core.NotifyChannelUnitTest
[INFO] Running org.namewta.test.notify.core.NotifyDispatcherUnitTest
03:37:16.940 [main] WARN org.namewta.common.notify.core.NotifyDispatcher -- 通知监控事件发布失败，requestId=[REDACTED], exception=IllegalStateException
03:37:16.941 [main] WARN org.namewta.common.notify.core.NotifyDispatcher -- 通知重复监控事件发布失败，requestId=[REDACTED], exception=IllegalStateException
03:37:16.946 [main] WARN org.namewta.common.notify.core.NotifyDispatcher -- 通知监控事件发布失败，requestId=8266aba8-ac30-4f22-9b4a-975a4f4b432d, exception=IllegalStateException
[INFO] Tests run: 9, Failures: 0, Errors: 0, Skipped: 0, Time elapsed: 0.079 s -- in org.namewta.test.notify.core.NotifyDispatcherUnitTest
[INFO] Running org.namewta.test.notify.core.NotifyAutoConfigurationUnitTest
[INFO] Tests run: 1, Failures: 0, Errors: 0, Skipped: 0, Time elapsed: 0.048 s -- in org.namewta.test.notify.core.NotifyAutoConfigurationUnitTest
[INFO] Running org.namewta.test.notify.core.MailNotifyChannelAdapterUnitTest
[INFO] Tests run: 3, Failures: 0, Errors: 0, Skipped: 0, Time elapsed: 0.005 s -- in org.namewta.test.notify.core.MailNotifyChannelAdapterUnitTest
[INFO] Running org.namewta.test.notify.core.SmsNotifyChannelAdapterUnitTest
[INFO] Tests run: 2, Failures: 0, Errors: 0, Skipped: 0, Time elapsed: 0.006 s -- in org.namewta.test.notify.core.SmsNotifyChannelAdapterUnitTest
[INFO] Running org.namewta.test.notify.NotifyAttachmentRuntimeRedTest
03:37:17.330 [main] WARN com.baomidou.mybatisplus.core.toolkit.Sequence -- Unable to get network interface for wta-ubuntu/127.0.1.1
[INFO] Tests run: 2, Failures: 0, Errors: 0, Skipped: 0, Time elapsed: 0.629 s -- in org.namewta.test.notify.NotifyAttachmentRuntimeRedTest
[INFO] Running org.namewta.test.migration.ossnotify.OssNotifyMigrationUnitTest
[INFO] Tests run: 2, Failures: 0, Errors: 0, Skipped: 0, Time elapsed: 0.050 s -- in org.namewta.test.migration.ossnotify.OssNotifyMigrationUnitTest
[INFO] Running org.namewta.test.migration.adminruntime.AdminRuntimeCapabilityMySqlIntegrationTest
[WARNING] Tests run: 5, Failures: 0, Errors: 0, Skipped: 5, Time elapsed: 0.012 s -- in org.namewta.test.migration.adminruntime.AdminRuntimeCapabilityMySqlIntegrationTest
[INFO] Running org.namewta.test.migration.adminruntime.AdminRuntimeCapabilitySqlContractTest
[INFO] Tests run: 2, Failures: 0, Errors: 0, Skipped: 0, Time elapsed: 0.263 s -- in org.namewta.test.migration.adminruntime.AdminRuntimeCapabilitySqlContractTest
[INFO] Running org.namewta.test.migration.password.PasswordMigrationMySqlIntegrationTest
[WARNING] Tests run: 1, Failures: 0, Errors: 0, Skipped: 1, Time elapsed: 0.003 s -- in org.namewta.test.migration.password.PasswordMigrationMySqlIntegrationTest
[INFO] Running org.namewta.test.migration.password.PasswordMigrationUnitTest
[INFO] Tests run: 4, Failures: 0, Errors: 0, Skipped: 0, Time elapsed: 0.054 s -- in org.namewta.test.migration.password.PasswordMigrationUnitTest
[INFO] Running org.namewta.test.migration.ossaccess.OssAccessMigrationContractUnitTest
[INFO] Tests run: 3, Failures: 0, Errors: 0, Skipped: 0, Time elapsed: 0.027 s -- in org.namewta.test.migration.ossaccess.OssAccessMigrationContractUnitTest
[INFO] Running org.namewta.test.migration.ossaccess.OssAccessMigrationMySqlIntegrationTest
[WARNING] Tests run: 1, Failures: 0, Errors: 0, Skipped: 1, Time elapsed: 0.003 s -- in org.namewta.test.migration.ossaccess.OssAccessMigrationMySqlIntegrationTest
[INFO] Running org.namewta.test.migration.BusinessMenuRetirementMySqlIntegrationTest
[WARNING] Tests run: 1, Failures: 0, Errors: 0, Skipped: 1, Time elapsed: 0.005 s -- in org.namewta.test.migration.BusinessMenuRetirementMySqlIntegrationTest
[INFO] Running org.namewta.test.requestbody.RequestBodyHttpIntegrationTest
03:37:18.679 [main] INFO org.eclipse.jetty.server.Server -- jetty-12.1.10; built: 2026-05-31T04:45:52.925Z; git: 986024525891c2c20ff08c58ba300dc3b9847586; jvm 21.0.12.1+1-LTS
03:37:18.712 [main] INFO org.eclipse.jetty.server.handler.ContextHandler -- Started oeje11s.ServletContextHandler@523a10a0{ROOT,/,b=null,a=AVAILABLE,h=oeje11s.ServletHandler@3952621d{STARTED}}
03:37:18.720 [main] INFO org.eclipse.jetty.server.handler.ContextHandler.ROOT -- Initializing Spring DispatcherServlet 'org.springframework.web.servlet.DispatcherServlet-7b83476f'
03:37:18.720 [main] INFO org.springframework.web.servlet.DispatcherServlet -- Initializing Servlet 'org.springframework.web.servlet.DispatcherServlet-7b83476f'
03:37:18.721 [main] INFO org.springframework.web.servlet.DispatcherServlet -- Completed initialization in 1 ms
03:37:18.722 [main] INFO org.eclipse.jetty.ee11.servlet.ServletContextHandler -- Started oeje11s.ServletContextHandler@523a10a0{ROOT,/,b=null,a=AVAILABLE,h=oeje11s.ServletHandler@3952621d{STARTED}}
03:37:18.734 [main] INFO org.eclipse.jetty.server.AbstractConnector -- Started oejs.ServerConnector@6de7c6bd{HTTP/1.1, (http/1.1)}{localhost:34343}
03:37:18.735 [main] INFO org.eclipse.jetty.server.Server -- Started oejs.Server@73ebf7cc{STARTING}[12.1.10,sto=0] @61ms
03:37:19.351 [main] INFO org.eclipse.jetty.server.Server -- Stopped oejs.Server@73ebf7cc{STOPPING}[12.1.10,sto=0]
03:37:19.353 [main] INFO org.eclipse.jetty.server.AbstractConnector -- Stopped oejs.ServerConnector@6de7c6bd{HTTP/1.1, (http/1.1)}{localhost:0}
03:37:19.354 [main] INFO org.eclipse.jetty.server.handler.ContextHandler.ROOT -- Destroying Spring FrameworkServlet 'org.springframework.web.servlet.DispatcherServlet-7b83476f'
03:37:19.355 [main] INFO org.eclipse.jetty.ee11.servlet.ServletContextHandler -- Stopped oeje11s.ServletContextHandler@523a10a0{ROOT,/,b=null,a=AVAILABLE,h=oeje11s.ServletHandler@3952621d{STOPPED}}
03:37:19.393 [main] INFO org.eclipse.jetty.server.Server -- jetty-12.1.10; built: 2026-05-31T04:45:52.925Z; git: 986024525891c2c20ff08c58ba300dc3b9847586; jvm 21.0.12.1+1-LTS
03:37:19.395 [main] INFO org.eclipse.jetty.server.handler.ContextHandler -- Started oeje11s.ServletContextHandler@2a28bf25{ROOT,/,b=null,a=AVAILABLE,h=oeje11s.ServletHandler@35a7c477{STARTED}}
03:37:19.396 [main] INFO org.eclipse.jetty.server.handler.ContextHandler.ROOT -- Initializing Spring DispatcherServlet 'org.springframework.web.servlet.DispatcherServlet-127205ac'
03:37:19.396 [main] INFO org.springframework.web.servlet.DispatcherServlet -- Initializing Servlet 'org.springframework.web.servlet.DispatcherServlet-127205ac'
03:37:19.396 [main] INFO org.springframework.web.servlet.DispatcherServlet -- Completed initialization in 0 ms
03:37:19.396 [main] INFO org.eclipse.jetty.ee11.servlet.ServletContextHandler -- Started oeje11s.ServletContextHandler@2a28bf25{ROOT,/,b=null,a=AVAILABLE,h=oeje11s.ServletHandler@35a7c477{STARTED}}
03:37:19.398 [main] INFO org.eclipse.jetty.server.AbstractConnector -- Started oejs.ServerConnector@6c54bc3{HTTP/1.1, (http/1.1)}{localhost:36525}
03:37:19.398 [main] INFO org.eclipse.jetty.server.Server -- Started oejs.Server@51a94f7f{STARTING}[12.1.10,sto=0] @4ms
03:37:19.464 [main] INFO org.eclipse.jetty.server.Server -- Stopped oejs.Server@51a94f7f{STOPPING}[12.1.10,sto=0]
03:37:19.471 [main] INFO org.eclipse.jetty.server.AbstractConnector -- Stopped oejs.ServerConnector@6c54bc3{HTTP/1.1, (http/1.1)}{localhost:0}
03:37:19.471 [main] INFO org.eclipse.jetty.server.handler.ContextHandler.ROOT -- Destroying Spring FrameworkServlet 'org.springframework.web.servlet.DispatcherServlet-127205ac'
03:37:19.472 [main] INFO org.eclipse.jetty.ee11.servlet.ServletContextHandler -- Stopped oeje11s.ServletContextHandler@2a28bf25{ROOT,/,b=null,a=AVAILABLE,h=oeje11s.ServletHandler@35a7c477{STOPPED}}
03:37:19.540 [main] INFO org.eclipse.jetty.server.Server -- jetty-12.1.10; built: 2026-05-31T04:45:52.925Z; git: 986024525891c2c20ff08c58ba300dc3b9847586; jvm 21.0.12.1+1-LTS
03:37:19.546 [main] INFO org.eclipse.jetty.server.handler.ContextHandler -- Started oeje11s.ServletContextHandler@231a08d{ROOT,/,b=null,a=AVAILABLE,h=oeje11s.ServletHandler@48b97191{STARTED}}
03:37:19.546 [main] INFO org.eclipse.jetty.server.handler.ContextHandler.ROOT -- Initializing Spring DispatcherServlet 'org.springframework.web.servlet.DispatcherServlet-57110a9d'
03:37:19.546 [main] INFO org.springframework.web.servlet.DispatcherServlet -- Initializing Servlet 'org.springframework.web.servlet.DispatcherServlet-57110a9d'
03:37:19.547 [main] INFO org.springframework.web.servlet.DispatcherServlet -- Completed initialization in 1 ms
03:37:19.547 [main] INFO org.eclipse.jetty.ee11.servlet.ServletContextHandler -- Started oeje11s.ServletContextHandler@231a08d{ROOT,/,b=null,a=AVAILABLE,h=oeje11s.ServletHandler@48b97191{STARTED}}
03:37:19.548 [main] INFO org.eclipse.jetty.server.AbstractConnector -- Started oejs.ServerConnector@2e239394{HTTP/1.1, (http/1.1)}{localhost:45831}
03:37:19.548 [main] INFO org.eclipse.jetty.server.Server -- Started oejs.Server@5467016f{STARTING}[12.1.10,sto=0] @8ms
03:37:19.619 [main] INFO org.eclipse.jetty.server.Server -- Stopped oejs.Server@5467016f{STOPPING}[12.1.10,sto=0]
03:37:19.628 [main] INFO org.eclipse.jetty.server.AbstractConnector -- Stopped oejs.ServerConnector@2e239394{HTTP/1.1, (http/1.1)}{localhost:0}
03:37:19.628 [main] INFO org.eclipse.jetty.server.handler.ContextHandler.ROOT -- Destroying Spring FrameworkServlet 'org.springframework.web.servlet.DispatcherServlet-57110a9d'
03:37:19.629 [main] INFO org.eclipse.jetty.ee11.servlet.ServletContextHandler -- Stopped oeje11s.ServletContextHandler@231a08d{ROOT,/,b=null,a=AVAILABLE,h=oeje11s.ServletHandler@48b97191{STOPPED}}
03:37:19.671 [main] INFO org.eclipse.jetty.server.Server -- jetty-12.1.10; built: 2026-05-31T04:45:52.925Z; git: 986024525891c2c20ff08c58ba300dc3b9847586; jvm 21.0.12.1+1-LTS
03:37:19.674 [main] INFO org.eclipse.jetty.server.handler.ContextHandler -- Started oeje11s.ServletContextHandler@55c445e5{ROOT,/,b=null,a=AVAILABLE,h=oeje11s.ServletHandler@7144cd51{STARTED}}
03:37:19.674 [main] INFO org.eclipse.jetty.server.handler.ContextHandler.ROOT -- Initializing Spring DispatcherServlet 'org.springframework.web.servlet.DispatcherServlet-5ea15dd4'
03:37:19.674 [main] INFO org.springframework.web.servlet.DispatcherServlet -- Initializing Servlet 'org.springframework.web.servlet.DispatcherServlet-5ea15dd4'
03:37:19.675 [main] INFO org.springframework.web.servlet.DispatcherServlet -- Completed initialization in 1 ms
03:37:19.675 [main] INFO org.eclipse.jetty.ee11.servlet.ServletContextHandler -- Started oeje11s.ServletContextHandler@55c445e5{ROOT,/,b=null,a=AVAILABLE,h=oeje11s.ServletHandler@7144cd51{STARTED}}
03:37:19.676 [main] INFO org.eclipse.jetty.server.AbstractConnector -- Started oejs.ServerConnector@5592464a{HTTP/1.1, (http/1.1)}{localhost:36847}
03:37:19.676 [main] INFO org.eclipse.jetty.server.Server -- Started oejs.Server@21af717b{STARTING}[12.1.10,sto=0] @5ms
03:37:19.701 [main] INFO org.eclipse.jetty.server.Server -- Stopped oejs.Server@21af717b{STOPPING}[12.1.10,sto=0]
03:37:19.704 [main] INFO org.eclipse.jetty.server.AbstractConnector -- Stopped oejs.ServerConnector@5592464a{HTTP/1.1, (http/1.1)}{localhost:0}
03:37:19.704 [main] INFO org.eclipse.jetty.server.handler.ContextHandler.ROOT -- Destroying Spring FrameworkServlet 'org.springframework.web.servlet.DispatcherServlet-5ea15dd4'
03:37:19.705 [main] INFO org.eclipse.jetty.ee11.servlet.ServletContextHandler -- Stopped oeje11s.ServletContextHandler@55c445e5{ROOT,/,b=null,a=AVAILABLE,h=oeje11s.ServletHandler@7144cd51{STOPPED}}
03:37:19.738 [main] INFO org.eclipse.jetty.server.Server -- jetty-12.1.10; built: 2026-05-31T04:45:52.925Z; git: 986024525891c2c20ff08c58ba300dc3b9847586; jvm 21.0.12.1+1-LTS
03:37:19.742 [main] INFO org.eclipse.jetty.server.handler.ContextHandler -- Started oeje11s.ServletContextHandler@7f78cca6{ROOT,/,b=null,a=AVAILABLE,h=oeje11s.ServletHandler@72909488{STARTED}}
03:37:19.743 [main] INFO org.eclipse.jetty.server.handler.ContextHandler.ROOT -- Initializing Spring DispatcherServlet 'org.springframework.web.servlet.DispatcherServlet-20f1cf40'
03:37:19.743 [main] INFO org.springframework.web.servlet.DispatcherServlet -- Initializing Servlet 'org.springframework.web.servlet.DispatcherServlet-20f1cf40'
03:37:19.745 [main] INFO org.springframework.web.servlet.DispatcherServlet -- Completed initialization in 2 ms
03:37:19.745 [main] INFO org.eclipse.jetty.ee11.servlet.ServletContextHandler -- Started oeje11s.ServletContextHandler@7f78cca6{ROOT,/,b=null,a=AVAILABLE,h=oeje11s.ServletHandler@72909488{STARTED}}
03:37:19.749 [main] INFO org.eclipse.jetty.server.AbstractConnector -- Started oejs.ServerConnector@579e08e6{HTTP/1.1, (http/1.1)}{localhost:40895}
03:37:19.749 [main] INFO org.eclipse.jetty.server.Server -- Started oejs.Server@151fce03{STARTING}[12.1.10,sto=0] @11ms
03:37:19.770 [main] INFO org.eclipse.jetty.server.Server -- Stopped oejs.Server@151fce03{STOPPING}[12.1.10,sto=0]
03:37:19.773 [main] INFO org.eclipse.jetty.server.AbstractConnector -- Stopped oejs.ServerConnector@579e08e6{HTTP/1.1, (http/1.1)}{localhost:0}
03:37:19.773 [main] INFO org.eclipse.jetty.server.handler.ContextHandler.ROOT -- Destroying Spring FrameworkServlet 'org.springframework.web.servlet.DispatcherServlet-20f1cf40'
03:37:19.779 [main] INFO org.eclipse.jetty.ee11.servlet.ServletContextHandler -- Stopped oeje11s.ServletContextHandler@7f78cca6{ROOT,/,b=null,a=AVAILABLE,h=oeje11s.ServletHandler@72909488{STOPPED}}
03:37:19.824 [main] INFO org.eclipse.jetty.server.Server -- jetty-12.1.10; built: 2026-05-31T04:45:52.925Z; git: 986024525891c2c20ff08c58ba300dc3b9847586; jvm 21.0.12.1+1-LTS
03:37:19.828 [main] INFO org.eclipse.jetty.server.handler.ContextHandler -- Started oeje11s.ServletContextHandler@4b082a6e{ROOT,/,b=null,a=AVAILABLE,h=oeje11s.ServletHandler@25b33665{STARTED}}
03:37:19.829 [main] INFO org.eclipse.jetty.server.handler.ContextHandler.ROOT -- Initializing Spring DispatcherServlet 'org.springframework.web.servlet.DispatcherServlet-49253d1f'
03:37:19.830 [main] INFO org.springframework.web.servlet.DispatcherServlet -- Initializing Servlet 'org.springframework.web.servlet.DispatcherServlet-49253d1f'
03:37:19.834 [main] INFO org.springframework.web.servlet.DispatcherServlet -- Completed initialization in 4 ms
03:37:19.834 [main] INFO org.eclipse.jetty.ee11.servlet.ServletContextHandler -- Started oeje11s.ServletContextHandler@4b082a6e{ROOT,/,b=null,a=AVAILABLE,h=oeje11s.ServletHandler@25b33665{STARTED}}
03:37:19.836 [main] INFO org.eclipse.jetty.server.AbstractConnector -- Started oejs.ServerConnector@7c8f401b{HTTP/1.1, (http/1.1)}{localhost:40643}
03:37:19.836 [main] INFO org.eclipse.jetty.server.Server -- Started oejs.Server@6212695e{STARTING}[12.1.10,sto=0] @12ms
03:37:19.855 [main] INFO org.eclipse.jetty.server.Server -- Stopped oejs.Server@6212695e{STOPPING}[12.1.10,sto=0]
03:37:19.857 [main] INFO org.eclipse.jetty.server.AbstractConnector -- Stopped oejs.ServerConnector@7c8f401b{HTTP/1.1, (http/1.1)}{localhost:0}
03:37:19.857 [main] INFO org.eclipse.jetty.server.handler.ContextHandler.ROOT -- Destroying Spring FrameworkServlet 'org.springframework.web.servlet.DispatcherServlet-49253d1f'
03:37:19.858 [main] INFO org.eclipse.jetty.ee11.servlet.ServletContextHandler -- Stopped oeje11s.ServletContextHandler@4b082a6e{ROOT,/,b=null,a=AVAILABLE,h=oeje11s.ServletHandler@25b33665{STOPPED}}
03:37:19.890 [main] INFO org.eclipse.jetty.server.Server -- jetty-12.1.10; built: 2026-05-31T04:45:52.925Z; git: 986024525891c2c20ff08c58ba300dc3b9847586; jvm 21.0.12.1+1-LTS
03:37:19.896 [main] INFO org.eclipse.jetty.server.handler.ContextHandler -- Started oeje11s.ServletContextHandler@524b1c70{ROOT,/,b=null,a=AVAILABLE,h=oeje11s.ServletHandler@37ca8b4c{STARTED}}
03:37:19.899 [main] INFO org.eclipse.jetty.server.handler.ContextHandler.ROOT -- Initializing Spring DispatcherServlet 'org.springframework.web.servlet.DispatcherServlet-1c9c7f1e'
03:37:19.902 [main] INFO org.springframework.web.servlet.DispatcherServlet -- Initializing Servlet 'org.springframework.web.servlet.DispatcherServlet-1c9c7f1e'
03:37:19.903 [main] INFO org.springframework.web.servlet.DispatcherServlet -- Completed initialization in 1 ms
03:37:19.903 [main] INFO org.eclipse.jetty.ee11.servlet.ServletContextHandler -- Started oeje11s.ServletContextHandler@524b1c70{ROOT,/,b=null,a=AVAILABLE,h=oeje11s.ServletHandler@37ca8b4c{STARTED}}
03:37:19.906 [main] INFO org.eclipse.jetty.server.AbstractConnector -- Started oejs.ServerConnector@7a282bad{HTTP/1.1, (http/1.1)}{localhost:43853}
03:37:19.906 [main] INFO org.eclipse.jetty.server.Server -- Started oejs.Server@5a6029d9{STARTING}[12.1.10,sto=0] @16ms
03:37:19.930 [main] INFO org.eclipse.jetty.server.Server -- Stopped oejs.Server@5a6029d9{STOPPING}[12.1.10,sto=0]
03:37:19.934 [main] INFO org.eclipse.jetty.server.AbstractConnector -- Stopped oejs.ServerConnector@7a282bad{HTTP/1.1, (http/1.1)}{localhost:0}
03:37:19.934 [main] INFO org.eclipse.jetty.server.handler.ContextHandler.ROOT -- Destroying Spring FrameworkServlet 'org.springframework.web.servlet.DispatcherServlet-1c9c7f1e'
03:37:19.935 [main] INFO org.eclipse.jetty.ee11.servlet.ServletContextHandler -- Stopped oeje11s.ServletContextHandler@524b1c70{ROOT,/,b=null,a=AVAILABLE,h=oeje11s.ServletHandler@37ca8b4c{STOPPED}}
03:37:19.982 [main] INFO org.eclipse.jetty.server.Server -- jetty-12.1.10; built: 2026-05-31T04:45:52.925Z; git: 986024525891c2c20ff08c58ba300dc3b9847586; jvm 21.0.12.1+1-LTS
03:37:19.985 [main] INFO org.eclipse.jetty.server.handler.ContextHandler -- Started oeje11s.ServletContextHandler@4abc179d{ROOT,/,b=null,a=AVAILABLE,h=oeje11s.ServletHandler@2fe19bda{STARTED}}
03:37:19.986 [main] INFO org.eclipse.jetty.server.handler.ContextHandler.ROOT -- Initializing Spring DispatcherServlet 'org.springframework.web.servlet.DispatcherServlet-1963b057'
03:37:19.986 [main] INFO org.springframework.web.servlet.DispatcherServlet -- Initializing Servlet 'org.springframework.web.servlet.DispatcherServlet-1963b057'
03:37:19.987 [main] INFO org.springframework.web.servlet.DispatcherServlet -- Completed initialization in 1 ms
03:37:19.987 [main] INFO org.eclipse.jetty.ee11.servlet.ServletContextHandler -- Started oeje11s.ServletContextHandler@4abc179d{ROOT,/,b=null,a=AVAILABLE,h=oeje11s.ServletHandler@2fe19bda{STARTED}}
03:37:19.989 [main] INFO org.eclipse.jetty.server.AbstractConnector -- Started oejs.ServerConnector@37d85eec{HTTP/1.1, (http/1.1)}{localhost:39511}
03:37:19.989 [main] INFO org.eclipse.jetty.server.Server -- Started oejs.Server@17b1f9a7{STARTING}[12.1.10,sto=0] @7ms
03:37:20.013 [main] INFO org.eclipse.jetty.server.Server -- Stopped oejs.Server@17b1f9a7{STOPPING}[12.1.10,sto=0]
03:37:20.015 [main] INFO org.eclipse.jetty.server.AbstractConnector -- Stopped oejs.ServerConnector@37d85eec{HTTP/1.1, (http/1.1)}{localhost:0}
03:37:20.015 [main] INFO org.eclipse.jetty.server.handler.ContextHandler.ROOT -- Destroying Spring FrameworkServlet 'org.springframework.web.servlet.DispatcherServlet-1963b057'
03:37:20.016 [main] INFO org.eclipse.jetty.ee11.servlet.ServletContextHandler -- Stopped oeje11s.ServletContextHandler@4abc179d{ROOT,/,b=null,a=AVAILABLE,h=oeje11s.ServletHandler@2fe19bda{STOPPED}}
03:37:20.060 [main] INFO org.eclipse.jetty.server.Server -- jetty-12.1.10; built: 2026-05-31T04:45:52.925Z; git: 986024525891c2c20ff08c58ba300dc3b9847586; jvm 21.0.12.1+1-LTS
03:37:20.062 [main] INFO org.eclipse.jetty.server.handler.ContextHandler -- Started oeje11s.ServletContextHandler@65beeceb{ROOT,/,b=null,a=AVAILABLE,h=oeje11s.ServletHandler@10063448{STARTED}}
03:37:20.062 [main] INFO org.eclipse.jetty.server.handler.ContextHandler.ROOT -- Initializing Spring DispatcherServlet 'org.springframework.web.servlet.DispatcherServlet-767c34a0'
03:37:20.062 [main] INFO org.springframework.web.servlet.DispatcherServlet -- Initializing Servlet 'org.springframework.web.servlet.DispatcherServlet-767c34a0'
03:37:20.063 [main] INFO org.springframework.web.servlet.DispatcherServlet -- Completed initialization in 1 ms
03:37:20.063 [main] INFO org.eclipse.jetty.ee11.servlet.ServletContextHandler -- Started oeje11s.ServletContextHandler@65beeceb{ROOT,/,b=null,a=AVAILABLE,h=oeje11s.ServletHandler@10063448{STARTED}}
03:37:20.064 [main] INFO org.eclipse.jetty.server.AbstractConnector -- Started oejs.ServerConnector@3f1d04a8{HTTP/1.1, (http/1.1)}{localhost:34097}
03:37:20.064 [main] INFO org.eclipse.jetty.server.Server -- Started oejs.Server@37630101{STARTING}[12.1.10,sto=0] @4ms
03:37:20.108 [main] INFO org.eclipse.jetty.server.Server -- Stopped oejs.Server@37630101{STOPPING}[12.1.10,sto=0]
03:37:20.109 [main] INFO org.eclipse.jetty.server.AbstractConnector -- Stopped oejs.ServerConnector@3f1d04a8{HTTP/1.1, (http/1.1)}{localhost:0}
03:37:20.109 [main] INFO org.eclipse.jetty.server.handler.ContextHandler.ROOT -- Destroying Spring FrameworkServlet 'org.springframework.web.servlet.DispatcherServlet-767c34a0'
03:37:20.110 [main] INFO org.eclipse.jetty.ee11.servlet.ServletContextHandler -- Stopped oeje11s.ServletContextHandler@65beeceb{ROOT,/,b=null,a=AVAILABLE,h=oeje11s.ServletHandler@10063448{STOPPED}}
03:37:20.147 [main] INFO org.eclipse.jetty.server.Server -- jetty-12.1.10; built: 2026-05-31T04:45:52.925Z; git: 986024525891c2c20ff08c58ba300dc3b9847586; jvm 21.0.12.1+1-LTS
03:37:20.152 [main] INFO org.eclipse.jetty.server.handler.ContextHandler -- Started oeje11s.ServletContextHandler@7155dce8{ROOT,/,b=null,a=AVAILABLE,h=oeje11s.ServletHandler@29f7c73e{STARTED}}
03:37:20.153 [main] INFO org.eclipse.jetty.server.handler.ContextHandler.ROOT -- Initializing Spring DispatcherServlet 'org.springframework.web.servlet.DispatcherServlet-172f0ab5'
03:37:20.153 [main] INFO org.springframework.web.servlet.DispatcherServlet -- Initializing Servlet 'org.springframework.web.servlet.DispatcherServlet-172f0ab5'
03:37:20.154 [main] INFO org.springframework.web.servlet.DispatcherServlet -- Completed initialization in 1 ms
03:37:20.154 [main] INFO org.eclipse.jetty.ee11.servlet.ServletContextHandler -- Started oeje11s.ServletContextHandler@7155dce8{ROOT,/,b=null,a=AVAILABLE,h=oeje11s.ServletHandler@29f7c73e{STARTED}}
03:37:20.157 [main] INFO org.eclipse.jetty.server.AbstractConnector -- Started oejs.ServerConnector@4ca3923{HTTP/1.1, (http/1.1)}{localhost:32875}
03:37:20.158 [main] INFO org.eclipse.jetty.server.Server -- Started oejs.Server@7cb77d5{STARTING}[12.1.10,sto=0] @10ms
03:37:20.175 [main] INFO org.eclipse.jetty.server.Server -- Stopped oejs.Server@7cb77d5{STOPPING}[12.1.10,sto=0]
03:37:20.181 [main] INFO org.eclipse.jetty.server.AbstractConnector -- Stopped oejs.ServerConnector@4ca3923{HTTP/1.1, (http/1.1)}{localhost:0}
03:37:20.181 [main] INFO org.eclipse.jetty.server.handler.ContextHandler.ROOT -- Destroying Spring FrameworkServlet 'org.springframework.web.servlet.DispatcherServlet-172f0ab5'
03:37:20.184 [main] INFO org.eclipse.jetty.ee11.servlet.ServletContextHandler -- Stopped oeje11s.ServletContextHandler@7155dce8{ROOT,/,b=null,a=AVAILABLE,h=oeje11s.ServletHandler@29f7c73e{STOPPED}}
03:37:20.258 [main] INFO org.eclipse.jetty.server.Server -- jetty-12.1.10; built: 2026-05-31T04:45:52.925Z; git: 986024525891c2c20ff08c58ba300dc3b9847586; jvm 21.0.12.1+1-LTS
03:37:20.262 [main] INFO org.eclipse.jetty.server.handler.ContextHandler -- Started oeje11s.ServletContextHandler@6670d46e{ROOT,/,b=null,a=AVAILABLE,h=oeje11s.ServletHandler@da87122{STARTED}}
03:37:20.264 [main] INFO org.eclipse.jetty.server.handler.ContextHandler.ROOT -- Initializing Spring DispatcherServlet 'org.springframework.web.servlet.DispatcherServlet-cfc9c4f'
03:37:20.264 [main] INFO org.springframework.web.servlet.DispatcherServlet -- Initializing Servlet 'org.springframework.web.servlet.DispatcherServlet-cfc9c4f'
03:37:20.267 [main] INFO org.springframework.web.servlet.DispatcherServlet -- Completed initialization in 3 ms
03:37:20.267 [main] INFO org.eclipse.jetty.ee11.servlet.ServletContextHandler -- Started oeje11s.ServletContextHandler@6670d46e{ROOT,/,b=null,a=AVAILABLE,h=oeje11s.ServletHandler@da87122{STARTED}}
03:37:20.269 [main] INFO org.eclipse.jetty.server.AbstractConnector -- Started oejs.ServerConnector@6012d9d4{HTTP/1.1, (http/1.1)}{localhost:35783}
03:37:20.269 [main] INFO org.eclipse.jetty.server.Server -- Started oejs.Server@7be55279{STARTING}[12.1.10,sto=0] @11ms
03:37:20.683 [main] INFO org.eclipse.jetty.server.Server -- Stopped oejs.Server@7be55279{STOPPING}[12.1.10,sto=0]
03:37:20.685 [main] INFO org.eclipse.jetty.server.AbstractConnector -- Stopped oejs.ServerConnector@6012d9d4{HTTP/1.1, (http/1.1)}{localhost:0}
03:37:20.686 [main] INFO org.eclipse.jetty.server.handler.ContextHandler.ROOT -- Destroying Spring FrameworkServlet 'org.springframework.web.servlet.DispatcherServlet-cfc9c4f'
03:37:20.687 [main] INFO org.eclipse.jetty.ee11.servlet.ServletContextHandler -- Stopped oeje11s.ServletContextHandler@6670d46e{ROOT,/,b=null,a=AVAILABLE,h=oeje11s.ServletHandler@da87122{STOPPED}}
03:37:20.743 [main] INFO org.eclipse.jetty.server.Server -- jetty-12.1.10; built: 2026-05-31T04:45:52.925Z; git: 986024525891c2c20ff08c58ba300dc3b9847586; jvm 21.0.12.1+1-LTS
03:37:20.747 [main] INFO org.eclipse.jetty.server.handler.ContextHandler -- Started oeje11s.ServletContextHandler@6549ac6d{ROOT,/,b=null,a=AVAILABLE,h=oeje11s.ServletHandler@bb0ca30{STARTED}}
03:37:20.747 [main] INFO org.eclipse.jetty.server.handler.ContextHandler.ROOT -- Initializing Spring DispatcherServlet 'org.springframework.web.servlet.DispatcherServlet-33a9f5b0'
03:37:20.747 [main] INFO org.springframework.web.servlet.DispatcherServlet -- Initializing Servlet 'org.springframework.web.servlet.DispatcherServlet-33a9f5b0'
03:37:20.748 [main] INFO org.springframework.web.servlet.DispatcherServlet -- Completed initialization in 1 ms
03:37:20.748 [main] INFO org.eclipse.jetty.ee11.servlet.ServletContextHandler -- Started oeje11s.ServletContextHandler@6549ac6d{ROOT,/,b=null,a=AVAILABLE,h=oeje11s.ServletHandler@bb0ca30{STARTED}}
03:37:20.754 [main] INFO org.eclipse.jetty.server.AbstractConnector -- Started oejs.ServerConnector@11cbbc30{HTTP/1.1, (http/1.1)}{localhost:41661}
03:37:20.755 [main] INFO org.eclipse.jetty.server.Server -- Started oejs.Server@8f7544a{STARTING}[12.1.10,sto=0] @12ms
03:37:20.777 [main] INFO org.eclipse.jetty.server.Server -- Stopped oejs.Server@8f7544a{STOPPING}[12.1.10,sto=0]
03:37:20.784 [main] INFO org.eclipse.jetty.server.AbstractConnector -- Stopped oejs.ServerConnector@11cbbc30{HTTP/1.1, (http/1.1)}{localhost:0}
03:37:20.785 [main] INFO org.eclipse.jetty.server.handler.ContextHandler.ROOT -- Destroying Spring FrameworkServlet 'org.springframework.web.servlet.DispatcherServlet-33a9f5b0'
03:37:20.785 [main] INFO org.eclipse.jetty.ee11.servlet.ServletContextHandler -- Stopped oeje11s.ServletContextHandler@6549ac6d{ROOT,/,b=null,a=AVAILABLE,h=oeje11s.ServletHandler@bb0ca30{STOPPED}}
[INFO] Tests run: 11, Failures: 0, Errors: 0, Skipped: 0, Time elapsed: 2.700 s -- in org.namewta.test.requestbody.RequestBodyHttpIntegrationTest
[INFO] Running 标签单元测试案例
@BeforeEach ==================
@AfterEach ==================
[INFO] Tests run: 1, Failures: 0, Errors: 0, Skipped: 0, Time elapsed: 0.002 s -- in 标签单元测试案例
[INFO] Running org.namewta.test.phone.PhoneTestDatabaseGuardTest
[INFO] Tests run: 11, Failures: 0, Errors: 0, Skipped: 0, Time elapsed: 0.027 s -- in org.namewta.test.phone.PhoneTestDatabaseGuardTest
[INFO] Running org.namewta.test.phone.PhoneControllerUnitTest
[INFO] Tests run: 3, Failures: 0, Errors: 0, Skipped: 0, Time elapsed: 0.339 s -- in org.namewta.test.phone.PhoneControllerUnitTest
[INFO] Running org.namewta.test.phone.PhoneRegistrationMySqlIntegrationTest
[WARNING] Tests run: 5, Failures: 0, Errors: 0, Skipped: 5, Time elapsed: 0 s -- in org.namewta.test.phone.PhoneRegistrationMySqlIntegrationTest
[INFO] Running org.namewta.test.phone.PhoneValidationUnitTest
[INFO] Tests run: 8, Failures: 0, Errors: 0, Skipped: 0, Time elapsed: 0.167 s -- in org.namewta.test.phone.PhoneValidationUnitTest
[INFO] Running org.namewta.test.password.write.PasswordWritePathUnitTest
[INFO] Tests run: 3, Failures: 0, Errors: 0, Skipped: 0, Time elapsed: 0.636 s -- in org.namewta.test.password.write.PasswordWritePathUnitTest
[INFO] Running org.namewta.test.password.write.PasswordImportUnitTest
[INFO] Tests run: 2, Failures: 0, Errors: 0, Skipped: 0, Time elapsed: 0.290 s -- in org.namewta.test.password.write.PasswordImportUnitTest
[INFO] Running org.namewta.test.password.write.PasswordCandidateContractUnitTest
03:37:22.280 [main] INFO org.springframework.mock.web.MockServletContext -- Initializing Spring TestDispatcherServlet ''
03:37:22.280 [main] INFO org.springframework.test.web.servlet.TestDispatcherServlet -- Initializing Servlet ''
03:37:22.280 [main] INFO org.springframework.test.web.servlet.TestDispatcherServlet -- Completed initialization in 0 ms
03:37:22.316 [main] INFO org.springframework.mock.web.MockServletContext -- Initializing Spring TestDispatcherServlet ''
03:37:22.316 [main] INFO org.springframework.test.web.servlet.TestDispatcherServlet -- Initializing Servlet ''
03:37:22.317 [main] INFO org.springframework.test.web.servlet.TestDispatcherServlet -- Completed initialization in 1 ms
[INFO] Tests run: 3, Failures: 0, Errors: 0, Skipped: 0, Time elapsed: 0.064 s -- in org.namewta.test.password.write.PasswordCandidateContractUnitTest
[INFO] Running org.namewta.test.password.policy.PasswordPolicyContractUnitTest
03:37:22.484 [main] WARN org.namewta.system.password.PasswordPolicyConfigParser -- 密码策略配置不可用，configKey=sys.user.passwordPolicy，exception=IllegalArgumentException
03:37:22.489 [main] WARN org.namewta.system.password.PasswordPolicyConfigParser -- 密码策略配置不可用，configKey=sys.user.passwordPolicy，exception=StreamReadException
03:37:22.492 [main] WARN org.namewta.system.password.PasswordPolicyConfigParser -- 密码策略配置不可用，configKey=sys.user.passwordPolicy，exception=IllegalArgumentException
03:37:22.493 [main] WARN org.namewta.system.password.PasswordPolicyConfigParser -- 密码策略配置不可用，configKey=sys.user.passwordPolicy，exception=IllegalArgumentException
03:37:22.493 [main] WARN org.namewta.system.password.PasswordPolicyConfigParser -- 密码策略配置不可用，configKey=sys.user.passwordPolicy，exception=IllegalArgumentException
03:37:22.493 [main] WARN org.namewta.system.password.PasswordPolicyConfigParser -- 密码策略配置不可用，configKey=sys.user.passwordPolicy，exception=IllegalArgumentException
03:37:22.494 [main] WARN org.namewta.system.password.PasswordPolicyConfigParser -- 密码策略配置不可用，configKey=sys.user.passwordPolicy，exception=IllegalArgumentException
03:37:22.494 [main] WARN org.namewta.system.password.PasswordPolicyConfigParser -- 密码策略配置不可用，configKey=sys.user.passwordPolicy，exception=IllegalArgumentException
03:37:22.504 [main] ERROR org.namewta.common.web.handler.GlobalExceptionHandler -- 请求处理失败，异常类型=org.namewta.common.core.exception.ServiceException
03:37:22.508 [main] ERROR org.namewta.common.web.handler.GlobalExceptionHandler -- 请求处理失败，异常类型=org.namewta.common.core.exception.ServiceException
[INFO] Tests run: 4, Failures: 0, Errors: 0, Skipped: 0, Time elapsed: 0.175 s -- in org.namewta.test.password.policy.PasswordPolicyContractUnitTest
[INFO] Running org.namewta.test.password.policy.PasswordPolicyRedisIntegrationTest
[WARNING] Tests run: 1, Failures: 0, Errors: 0, Skipped: 1, Time elapsed: 0.004 s -- in org.namewta.test.password.policy.PasswordPolicyRedisIntegrationTest
[INFO] Running org.namewta.test.password.policy.PasswordPolicyBoundaryUnitTest
03:37:22.614 [main] WARN org.namewta.system.password.PasswordPolicyConfigParser -- 密码策略配置不可用，configKey=sys.user.passwordPolicy，exception=IllegalArgumentException
03:37:22.640 [main] INFO org.springframework.mock.web.MockServletContext -- Initializing Spring TestDispatcherServlet ''
03:37:22.640 [main] INFO org.springframework.test.web.servlet.TestDispatcherServlet -- Initializing Servlet ''
03:37:22.641 [main] INFO org.springframework.test.web.servlet.TestDispatcherServlet -- Completed initialization in 0 ms
[INFO] Tests run: 2, Failures: 0, Errors: 0, Skipped: 0, Time elapsed: 0.134 s -- in org.namewta.test.password.policy.PasswordPolicyBoundaryUnitTest
[INFO] Running org.namewta.test.password.temporary.TemporaryPasswordRedisIntegrationTest
[WARNING] Tests run: 1, Failures: 0, Errors: 0, Skipped: 1, Time elapsed: 0.002 s -- in org.namewta.test.password.temporary.TemporaryPasswordRedisIntegrationTest
[INFO] Running org.namewta.test.password.temporary.TemporaryPasswordControllerContractUnitTest
03:37:22.727 [main] INFO org.springframework.mock.web.MockServletContext -- Initializing Spring TestDispatcherServlet ''
03:37:22.728 [main] INFO org.springframework.test.web.servlet.TestDispatcherServlet -- Initializing Servlet ''
03:37:22.728 [main] INFO org.springframework.test.web.servlet.TestDispatcherServlet -- Completed initialization in 0 ms
[INFO] Tests run: 2, Failures: 0, Errors: 0, Skipped: 0, Time elapsed: 0.082 s -- in org.namewta.test.password.temporary.TemporaryPasswordControllerContractUnitTest
[INFO] Running org.namewta.test.password.temporary.TemporaryPasswordAuditUnitTest
[INFO] Tests run: 1, Failures: 0, Errors: 0, Skipped: 0, Time elapsed: 0.008 s -- in org.namewta.test.password.temporary.TemporaryPasswordAuditUnitTest
[INFO] Running org.namewta.test.password.temporary.TemporaryPasswordServiceUnitTest
03:37:22.807 [main] WARN org.namewta.system.temporarypassword.TemporaryPasswordService -- 临时密码校验存储不可用: userId=42, error=IllegalStateException
[INFO] Tests run: 4, Failures: 0, Errors: 0, Skipped: 0, Time elapsed: 0.516 s -- in org.namewta.test.password.temporary.TemporaryPasswordServiceUnitTest
[INFO] Running org.namewta.test.security.TrustedClientAddressIntegrationTest
[WARNING] Tests run: 1, Failures: 0, Errors: 0, Skipped: 1, Time elapsed: 0.003 s -- in org.namewta.test.security.TrustedClientAddressIntegrationTest
[INFO] Running org.namewta.test.security.BrowserHttpsTransportIntegrationTest
[WARNING] Tests run: 1, Failures: 0, Errors: 0, Skipped: 1, Time elapsed: 0.002 s -- in org.namewta.test.security.BrowserHttpsTransportIntegrationTest
[INFO] Running org.namewta.test.authorization.session.ClientSessionServiceUnitTest
03:37:23.310 [main] INFO org.namewta.system.service.ClientSessionService -- 授权会话失效完成 targetType=client userId=null clientPk=10 matched=2 invalidated=2 clusterAcknowledged=true
03:37:23.312 [main] INFO org.namewta.system.service.ClientSessionService -- 授权会话失效完成 targetType=userClient userId=1 clientPk=10 matched=2 invalidated=2 clusterAcknowledged=true
03:37:23.315 [main] ERROR org.namewta.system.service.ClientSessionService -- 授权会话失效失败 targetType=client userId=null clientPk=10 matched=2 invalidated=1 errorType=IllegalStateException
03:37:23.316 [main] INFO org.namewta.system.service.ClientSessionService -- 授权会话失效完成 targetType=client userId=null clientPk=10 matched=1 invalidated=1 clusterAcknowledged=true
[INFO] Tests run: 4, Failures: 0, Errors: 0, Skipped: 0, Time elapsed: 0.043 s -- in org.namewta.test.authorization.session.ClientSessionServiceUnitTest
[INFO] Running org.namewta.test.authorization.session.AuthorizationSessionRedisIntegrationTest
[WARNING] Tests run: 1, Failures: 0, Errors: 0, Skipped: 1, Time elapsed: 0.002 s -- in org.namewta.test.authorization.session.AuthorizationSessionRedisIntegrationTest
[INFO] Running org.namewta.test.authorization.session.AuthorizationInvalidationCallSiteUnitTest
[INFO] Tests run: 2, Failures: 0, Errors: 0, Skipped: 0, Time elapsed: 1.111 s -- in org.namewta.test.authorization.session.AuthorizationInvalidationCallSiteUnitTest
[INFO] Running org.namewta.test.oss.lifecycle.OssControllerExceptionHandlerTest
03:37:24.499 [main] WARN org.namewta.system.controller.advice.OssControllerExceptionHandler -- OSS 访问被拒绝，错误码=OBJECT_DELETE_PENDING
03:37:24.501 [main] ERROR org.namewta.system.controller.advice.OssControllerExceptionHandler -- 请求地址'/resource/oss/1/download-url',发生未知异常, 错误编号: 67707692，类型=org.namewta.system.oss.exception.OssLifecycleException
[INFO] Tests run: 2, Failures: 0, Errors: 0, Skipped: 0, Time elapsed: 0.069 s -- in org.namewta.test.oss.lifecycle.OssControllerExceptionHandlerTest
[INFO] Running org.namewta.test.oss.lifecycle.OssReferenceReconciliationUnitTest
[INFO] Tests run: 5, Failures: 0, Errors: 0, Skipped: 0, Time elapsed: 0.185 s -- in org.namewta.test.oss.lifecycle.OssReferenceReconciliationUnitTest
[INFO] Running org.namewta.test.oss.lifecycle.OssLifecycleManagerUnitTest
[INFO] Tests run: 25, Failures: 0, Errors: 0, Skipped: 0, Time elapsed: 0.125 s -- in org.namewta.test.oss.lifecycle.OssLifecycleManagerUnitTest
[INFO] Running org.namewta.test.oss.lifecycle.OssLifecycleContractUnitTest
[INFO] Tests run: 5, Failures: 0, Errors: 0, Skipped: 0, Time elapsed: 0.008 s -- in org.namewta.test.oss.lifecycle.OssLifecycleContractUnitTest
[INFO] Running org.namewta.test.oss.migration.OssStorageMigrationServiceUnitTest
[INFO] Tests run: 17, Failures: 0, Errors: 0, Skipped: 0, Time elapsed: 0.173 s -- in org.namewta.test.oss.migration.OssStorageMigrationServiceUnitTest
[INFO] Running org.namewta.test.oss.migration.OssMigrationHttpContractUnitTest
[INFO] Tests run: 2, Failures: 0, Errors: 0, Skipped: 0, Time elapsed: 0.013 s -- in org.namewta.test.oss.migration.OssMigrationHttpContractUnitTest
[INFO] Running org.namewta.test.oss.migration.OssStorageMigrationIntegrationTest
[WARNING] Tests run: 2, Failures: 0, Errors: 0, Skipped: 2, Time elapsed: 0.005 s -- in org.namewta.test.oss.migration.OssStorageMigrationIntegrationTest
[INFO] Running org.namewta.test.oss.client.OssClientContractUnitTest
[INFO] Tests run: 2, Failures: 0, Errors: 0, Skipped: 0, Time elapsed: 0.539 s -- in org.namewta.test.oss.client.OssClientContractUnitTest
[INFO] Running org.namewta.test.oss.client.OssClientS3CompatibilityUnitTest
[INFO] Tests run: 1, Failures: 0, Errors: 0, Skipped: 0, Time elapsed: 0.807 s -- in org.namewta.test.oss.client.OssClientS3CompatibilityUnitTest
[INFO] Running org.namewta.test.oss.client.MinioOssClientIntegrationTest
[WARNING] Tests run: 1, Failures: 0, Errors: 0, Skipped: 1, Time elapsed: 0.002 s -- in org.namewta.test.oss.client.MinioOssClientIntegrationTest
[INFO] Running org.namewta.test.oss.cutover.OssProtocolCutoverUnitTest
[INFO] Tests run: 2, Failures: 0, Errors: 0, Skipped: 0, Time elapsed: 0.006 s -- in org.namewta.test.oss.cutover.OssProtocolCutoverUnitTest
[INFO] Running org.namewta.test.oss.access.OssAccessUrlProviderUnitTest
[INFO] Tests run: 1, Failures: 0, Errors: 0, Skipped: 0, Time elapsed: 0.175 s -- in org.namewta.test.oss.access.OssAccessUrlProviderUnitTest
[INFO] Running org.namewta.test.oss.access.OssAccessUrlMinioIntegrationTest
[WARNING] Tests run: 1, Failures: 0, Errors: 0, Skipped: 1, Time elapsed: 0.002 s -- in org.namewta.test.oss.access.OssAccessUrlMinioIntegrationTest
[INFO] Running org.namewta.test.oss.access.OssAccessUrlServiceUnitTest
[INFO] Tests run: 3, Failures: 0, Errors: 0, Skipped: 0, Time elapsed: 0.320 s -- in org.namewta.test.oss.access.OssAccessUrlServiceUnitTest
[INFO] Running org.namewta.test.oss.access.OssAccessUrlArchitectureUnitTest
[INFO] Tests run: 1, Failures: 0, Errors: 0, Skipped: 0, Time elapsed: 0.004 s -- in org.namewta.test.oss.access.OssAccessUrlArchitectureUnitTest
[INFO] Running org.namewta.test.oss.access.OssObjectMetadataServiceUnitTest
[INFO] Tests run: 4, Failures: 0, Errors: 0, Skipped: 0, Time elapsed: 0.025 s -- in org.namewta.test.oss.access.OssObjectMetadataServiceUnitTest
[INFO] Running org.namewta.test.oss.access.OssAccessUrlContractUnitTest
[INFO] Tests run: 3, Failures: 0, Errors: 0, Skipped: 0, Time elapsed: 0.008 s -- in org.namewta.test.oss.access.OssAccessUrlContractUnitTest
[INFO] Running org.namewta.test.oss.readiness.OssStorageReadinessPropertiesUnitTest
[INFO] Tests run: 3, Failures: 0, Errors: 0, Skipped: 0, Time elapsed: 0.013 s -- in org.namewta.test.oss.readiness.OssStorageReadinessPropertiesUnitTest
[INFO] Running org.namewta.test.oss.readiness.OssStorageReadinessMinioIntegrationTest
[WARNING] Tests run: 1, Failures: 0, Errors: 0, Skipped: 1, Time elapsed: 0.002 s -- in org.namewta.test.oss.readiness.OssStorageReadinessMinioIntegrationTest
[INFO] Running org.namewta.test.oss.readiness.OssStorageReadinessArchitectureUnitTest
[INFO] Tests run: 2, Failures: 0, Errors: 0, Skipped: 0, Time elapsed: 0.022 s -- in org.namewta.test.oss.readiness.OssStorageReadinessArchitectureUnitTest
[INFO] Running org.namewta.test.oss.readiness.OssStorageReadinessHealthUnitTest
[INFO] Tests run: 1, Failures: 0, Errors: 0, Skipped: 0, Time elapsed: 0.007 s -- in org.namewta.test.oss.readiness.OssStorageReadinessHealthUnitTest
[INFO] Running org.namewta.test.oss.readiness.OssStorageReadinessSchedulingUnitTest
[INFO] Tests run: 1, Failures: 0, Errors: 0, Skipped: 0, Time elapsed: 0.011 s -- in org.namewta.test.oss.readiness.OssStorageReadinessSchedulingUnitTest
[INFO] Running org.namewta.test.oss.readiness.OssStorageReadinessRegistryUnitTest
[INFO] Tests run: 5, Failures: 0, Errors: 0, Skipped: 0, Time elapsed: 0.018 s -- in org.namewta.test.oss.readiness.OssStorageReadinessRegistryUnitTest
[INFO] Running org.namewta.test.oss.readiness.OssStorageReadinessServiceUnitTest
03:37:27.107 [main] ERROR org.namewta.system.oss.readiness.OssStorageReadinessService -- OSS readiness 必检集合发现失败: DISCOVERY_FAILED (IllegalStateException)
[INFO] Tests run: 7, Failures: 0, Errors: 0, Skipped: 0, Time elapsed: 0.104 s -- in org.namewta.test.oss.readiness.OssStorageReadinessServiceUnitTest
[INFO] Running org.namewta.test.oss.release.OssReleaseContractionUnitTest
[INFO] Tests run: 2, Failures: 0, Errors: 0, Skipped: 0, Time elapsed: 0.006 s -- in org.namewta.test.oss.release.OssReleaseContractionUnitTest
[INFO] Running org.namewta.test.oss.owner.BusinessOssFreshBaselineUnitTest
[INFO] Tests run: 5, Failures: 0, Errors: 0, Skipped: 0, Time elapsed: 0.016 s -- in org.namewta.test.oss.owner.BusinessOssFreshBaselineUnitTest
[INFO] Running org.namewta.test.oss.owner.workflow.WorkflowHistoryOssOwnerUnitTest
[INFO] Tests run: 7, Failures: 0, Errors: 0, Skipped: 0, Time elapsed: 0.118 s -- in org.namewta.test.oss.owner.workflow.WorkflowHistoryOssOwnerUnitTest
[INFO] Running org.namewta.test.oss.owner.system.SystemUserAvatarOssOwnerUnitTest
[INFO] Tests run: 1, Failures: 0, Errors: 0, Skipped: 0, Time elapsed: 0.785 s -- in org.namewta.test.oss.owner.system.SystemUserAvatarOssOwnerUnitTest
[INFO] Running org.namewta.test.oss.owner.BusinessOssOwnerArchitectureUnitTest
[INFO] Tests run: 4, Failures: 0, Errors: 0, Skipped: 0, Time elapsed: 0.289 s -- in org.namewta.test.oss.owner.BusinessOssOwnerArchitectureUnitTest
[INFO] Running org.namewta.test.oss.config.OssSqlLogRedactionUnitTest
03:37:28.635 [main] INFO SQL_FULL -- Consume Time：0 ms Mapper ID：org.namewta.test.SecretMapper.update Command Type：UPDATE
03:37:28.638 [main] INFO SQL_FULL -- Consume Time：1 ms Mapper ID：org.namewta.test.SecretMapper.update Command Type：UPDATE Execute Error：java.sql.SQLException
03:37:28.649 [main] INFO SQL_FULL -- Consume Time：0 ms Mapper ID：[REDACTED] Command Type：UPDATE
[INFO] Tests run: 4, Failures: 0, Errors: 0, Skipped: 0, Time elapsed: 0.321 s -- in org.namewta.test.oss.config.OssSqlLogRedactionUnitTest
[INFO] Running org.namewta.test.oss.config.OssConfigHttpContractUnitTest
[INFO] Tests run: 3, Failures: 0, Errors: 0, Skipped: 0, Time elapsed: 0.011 s -- in org.namewta.test.oss.config.OssConfigHttpContractUnitTest
[INFO] Running org.namewta.test.oss.config.OssConfigGovernanceUnitTest
[INFO] Tests run: 9, Failures: 0, Errors: 0, Skipped: 0, Time elapsed: 3.896 s -- in org.namewta.test.oss.config.OssConfigGovernanceUnitTest
[INFO] Running org.namewta.test.oss.config.OssAccessConfigurationUnitTest
[INFO] Tests run: 4, Failures: 0, Errors: 0, Skipped: 0, Time elapsed: 0.004 s -- in org.namewta.test.oss.config.OssAccessConfigurationUnitTest
[INFO] Running org.namewta.test.oss.config.OssLifecycleConfigurationUnitTest
03:37:32.612 [main] WARN org.springframework.context.annotation.AnnotationConfigApplicationContext -- Exception encountered during context initialization - cancelling refresh attempt: org.springframework.beans.factory.BeanCreationException: Error creating bean with name 'oss.lifecycle-org.namewta.system.oss.config.OssLifecycleProperties': 命名下载策略 TTL: preview 超出安全范围
03:37:32.645 [main] WARN org.springframework.context.annotation.AnnotationConfigApplicationContext -- Exception encountered during context initialization - cancelling refresh attempt: org.springframework.beans.factory.BeanCreationException: Error creating bean with name 'oss.lifecycle-org.namewta.system.oss.config.OssLifecycleProperties': 默认下载签名 TTL 超出安全范围
[INFO] Tests run: 3, Failures: 0, Errors: 0, Skipped: 0, Time elapsed: 0.078 s -- in org.namewta.test.oss.config.OssLifecycleConfigurationUnitTest
[INFO] Running org.namewta.test.oss.upload.OssUploadStorageRoutingMinioIntegrationTest
[WARNING] Tests run: 1, Failures: 0, Errors: 0, Skipped: 1, Time elapsed: 0.003 s -- in org.namewta.test.oss.upload.OssUploadStorageRoutingMinioIntegrationTest
[INFO] Running org.namewta.test.oss.upload.OssUploadPropertiesUnitTest
[INFO] Tests run: 3, Failures: 0, Errors: 0, Skipped: 0, Time elapsed: 0.017 s -- in org.namewta.test.oss.upload.OssUploadPropertiesUnitTest
[INFO] Running org.namewta.test.oss.upload.RedisOssUploadTicketStoreIntegrationTest
[WARNING] Tests run: 1, Failures: 0, Errors: 0, Skipped: 1, Time elapsed: 0.002 s -- in org.namewta.test.oss.upload.RedisOssUploadTicketStoreIntegrationTest
[INFO] Running org.namewta.test.oss.upload.OssUploadConfigurationUnitTest
03:37:32.810 [main] WARN org.springframework.context.annotation.AnnotationConfigApplicationContext -- Exception encountered during context initialization - cancelling refresh attempt: org.springframework.beans.factory.BeanCreationException: Error creating bean with name 'oss.direct-upload-org.namewta.system.oss.upload.OssUploadProperties': uploadPolicy objectPrefix 不安全: general
03:37:32.829 [main] WARN org.springframework.context.annotation.AnnotationConfigApplicationContext -- Exception encountered during context initialization - cancelling refresh attempt: org.springframework.boot.context.properties.ConfigurationPropertiesBindException: Error creating bean with name 'oss.direct-upload-org.namewta.system.oss.upload.OssUploadProperties': Could not bind properties to 'OssUploadProperties' : prefix=oss.direct-upload, ignoreInvalidFields=false, ignoreUnknownFields=true
[INFO] Tests run: 4, Failures: 0, Errors: 0, Skipped: 0, Time elapsed: 0.157 s -- in org.namewta.test.oss.upload.OssUploadConfigurationUnitTest
[INFO] Running org.namewta.test.oss.upload.BrowserUploadLifecycleIntegrationTest
[WARNING] Tests run: 1, Failures: 0, Errors: 0, Skipped: 1, Time elapsed: 0 s -- in org.namewta.test.oss.upload.BrowserUploadLifecycleIntegrationTest
[INFO] Running org.namewta.test.oss.upload.OssUploadHttpContractUnitTest
[INFO] Tests run: 4, Failures: 0, Errors: 0, Skipped: 0, Time elapsed: 0.192 s -- in org.namewta.test.oss.upload.OssUploadHttpContractUnitTest
[INFO] Running org.namewta.test.oss.upload.OssUploadServiceUnitTest
[INFO] Tests run: 14, Failures: 0, Errors: 0, Skipped: 0, Time elapsed: 0.038 s -- in org.namewta.test.oss.upload.OssUploadServiceUnitTest
[INFO] Running org.namewta.test.oss.upload.OssUploadMetadataStoreUnitTest
[INFO] Tests run: 2, Failures: 0, Errors: 0, Skipped: 0, Time elapsed: 0.021 s -- in org.namewta.test.oss.upload.OssUploadMetadataStoreUnitTest
[INFO] Running org.namewta.test.contracts.CrudMySqlHttpIntegrationTest
[WARNING] Tests run: 1, Failures: 0, Errors: 0, Skipped: 1, Time elapsed: 0 s -- in org.namewta.test.contracts.CrudMySqlHttpIntegrationTest
[INFO] Running org.namewta.test.contracts.DemoTreeMySqlIntegrationTest
[WARNING] Tests run: 15, Failures: 0, Errors: 0, Skipped: 15, Time elapsed: 0 s -- in org.namewta.test.contracts.DemoTreeMySqlIntegrationTest
[INFO] Running org.namewta.test.contracts.CrudHttpDispatchIntegrationTest
____ ____    ___ ____ _  _ ____ _  _ 
[__  |__| __  |  |  | |_/  |___ |\ | 
___] |  |     |  |__| | \_ |___ | \| 
https://sa-token.cc (v1.45.0)
03:37:36.580 [main] INFO org.eclipse.jetty.server.Server -- jetty-12.1.10; built: 2026-05-31T04:45:52.925Z; git: 986024525891c2c20ff08c58ba300dc3b9847586; jvm 21.0.12.1+1-LTS
03:37:36.581 [main] INFO org.eclipse.jetty.server.handler.ContextHandler -- Started oeje11s.ServletContextHandler@5fea3c16{ROOT,/,b=null,a=AVAILABLE,h=oeje11s.ServletHandler@7dea7d05{STARTED}}
03:37:36.582 [main] INFO org.eclipse.jetty.server.handler.ContextHandler.ROOT -- Initializing Spring DispatcherServlet 'org.springframework.web.servlet.DispatcherServlet-7d8528bd'
03:37:36.582 [main] INFO org.springframework.web.servlet.DispatcherServlet -- Initializing Servlet 'org.springframework.web.servlet.DispatcherServlet-7d8528bd'
03:37:36.583 [main] INFO org.springframework.web.servlet.DispatcherServlet -- Completed initialization in 1 ms
03:37:36.583 [main] INFO org.eclipse.jetty.ee11.servlet.ServletContextHandler -- Started oeje11s.ServletContextHandler@5fea3c16{ROOT,/,b=null,a=AVAILABLE,h=oeje11s.ServletHandler@7dea7d05{STARTED}}
03:37:36.583 [main] INFO org.eclipse.jetty.server.AbstractConnector -- Started oejs.ServerConnector@352d7f6e{HTTP/1.1, (http/1.1)}{127.0.0.1:33271}
03:37:36.584 [main] INFO org.eclipse.jetty.server.Server -- Started oejs.Server@2a056ee6{STARTING}[12.1.10,sto=0] @4ms
03:37:37.517 [qtp806775877-416] ERROR org.namewta.common.web.handler.GlobalExceptionHandler -- 请求地址'/auth/unlock/17',不支持'DELETE'请求
03:37:37.562 [qtp806775877-410] ERROR org.namewta.common.web.handler.GlobalExceptionHandler -- 请求地址'/es/update',不支持'PUT'请求
03:37:37.596 [qtp806775877-417] ERROR org.namewta.common.web.handler.GlobalExceptionHandler -- 请求地址'/es/delete/17',不支持'DELETE'请求
03:37:37.615 [qtp806775877-417] ERROR org.namewta.common.web.handler.GlobalExceptionHandler -- 请求地址'/demo/batch',不支持'DELETE'请求
03:37:37.634 [qtp806775877-417] ERROR org.namewta.common.web.handler.GlobalExceptionHandler -- 请求地址'/demo/demo',不支持'PUT'请求
03:37:37.653 [qtp806775877-412] ERROR org.namewta.common.web.handler.GlobalExceptionHandler -- 请求处理失败，异常类型=org.springframework.web.bind.MethodArgumentNotValidException
03:37:37.661 [qtp806775877-417] ERROR org.namewta.common.satoken.handler.SaTokenExceptionHandler -- 请求地址'/demo/demo/update',权限码校验失败'无此权限：demo:demo:edit'
03:37:37.668 [qtp806775877-412] ERROR org.namewta.common.web.handler.GlobalExceptionHandler -- 请求地址'/demo/demo/17',不支持'DELETE'请求
03:37:37.700 [qtp806775877-412] ERROR org.namewta.common.satoken.handler.SaTokenExceptionHandler -- 请求地址'/demo/demo/17',权限码校验失败'无此权限：demo:demo:remove'
03:37:37.708 [qtp806775877-417] ERROR org.namewta.common.web.handler.GlobalExceptionHandler -- 请求地址'/demo/tree',不支持'PUT'请求
03:37:37.724 [qtp806775877-412] ERROR org.namewta.common.web.handler.GlobalExceptionHandler -- 请求处理失败，异常类型=org.springframework.web.bind.MethodArgumentNotValidException
03:37:37.732 [qtp806775877-417] ERROR org.namewta.common.satoken.handler.SaTokenExceptionHandler -- 请求地址'/demo/tree/update',权限码校验失败'无此权限：demo:tree:edit'
03:37:37.743 [qtp806775877-412] ERROR org.namewta.common.web.handler.GlobalExceptionHandler -- 请求地址'/demo/tree/17',不支持'DELETE'请求
03:37:37.766 [qtp806775877-412] ERROR org.namewta.common.satoken.handler.SaTokenExceptionHandler -- 请求地址'/demo/tree/17',权限码校验失败'无此权限：demo:tree:remove'
03:37:37.775 [qtp806775877-417] ERROR org.namewta.common.web.handler.GlobalExceptionHandler -- 请求地址'/workflow/leave',不支持'PUT'请求
03:37:37.793 [qtp806775877-412] ERROR org.namewta.common.web.handler.GlobalExceptionHandler -- 请求处理失败，异常类型=org.springframework.web.bind.MethodArgumentNotValidException
03:37:37.801 [qtp806775877-417] ERROR org.namewta.common.satoken.handler.SaTokenExceptionHandler -- 请求地址'/workflow/leave/update',权限码校验失败'无此权限：workflow:leave:edit'
03:37:37.808 [qtp806775877-412] ERROR org.namewta.common.web.handler.GlobalExceptionHandler -- 请求地址'/workflow/leave/17',不支持'DELETE'请求
03:37:37.829 [qtp806775877-412] ERROR org.namewta.common.satoken.handler.SaTokenExceptionHandler -- 请求地址'/workflow/leave/17',权限码校验失败'无此权限：workflow:leave:remove'
03:37:37.835 [qtp806775877-417] ERROR org.namewta.common.web.handler.GlobalExceptionHandler -- 请求地址'/workflow/instance/deleteByBusinessIds/17',不支持'DELETE'请求
03:37:37.852 [qtp806775877-417] ERROR org.namewta.common.satoken.handler.SaTokenExceptionHandler -- 请求地址'/workflow/instance/deleteByBusinessIds/17',权限码校验失败'无此权限：workflow:instance:remove'
03:37:37.860 [qtp806775877-412] ERROR org.namewta.common.web.handler.GlobalExceptionHandler -- 请求地址'/workflow/instance/deleteByInstanceIds/17',不支持'DELETE'请求
03:37:37.875 [qtp806775877-412] ERROR org.namewta.common.satoken.handler.SaTokenExceptionHandler -- 请求地址'/workflow/instance/deleteByInstanceIds/17',权限码校验失败'无此权限：workflow:instance:remove'
03:37:37.883 [qtp806775877-417] ERROR org.namewta.common.web.handler.GlobalExceptionHandler -- 请求地址'/workflow/instance/deleteHisByInstanceIds/17',不支持'DELETE'请求
03:37:37.898 [qtp806775877-417] ERROR org.namewta.common.satoken.handler.SaTokenExceptionHandler -- 请求地址'/workflow/instance/deleteHisByInstanceIds/17',权限码校验失败'无此权限：workflow:instance:remove'
03:37:37.905 [qtp806775877-412] ERROR org.namewta.common.web.handler.GlobalExceptionHandler -- 请求地址'/workflow/instance/cancelProcessApply',不支持'PUT'请求
03:37:37.958 [qtp806775877-412] ERROR org.namewta.common.satoken.handler.SaTokenExceptionHandler -- 请求地址'/workflow/instance/cancelProcessApply',权限码校验失败'无此权限：workflow:instance:cancel'
03:37:37.966 [qtp806775877-417] ERROR org.namewta.common.web.handler.GlobalExceptionHandler -- 请求地址'/workflow/instance/active/17',不支持'PUT'请求
03:37:37.976 [qtp806775877-412] ERROR org.namewta.common.web.handler.GlobalExceptionHandler -- 请求地址'/workflow/instance/active/17',发生未知异常，类型=org.springframework.web.bind.MissingServletRequestParameterException
03:37:37.985 [qtp806775877-417] ERROR org.namewta.common.satoken.handler.SaTokenExceptionHandler -- 请求地址'/workflow/instance/active/17',权限码校验失败'无此权限：workflow:instance:active'
03:37:37.990 [qtp806775877-412] ERROR org.namewta.common.web.handler.GlobalExceptionHandler -- 请求地址'/workflow/instance/updateVariable',不支持'PUT'请求
03:37:38.009 [qtp806775877-412] ERROR org.namewta.common.satoken.handler.SaTokenExceptionHandler -- 请求地址'/workflow/instance/updateVariable',权限码校验失败'无此权限：workflow:instance:variable'
03:37:38.014 [qtp806775877-417] ERROR org.namewta.common.web.handler.GlobalExceptionHandler -- 请求地址'/workflow/task/updateAssignee/17',不支持'PUT'请求
03:37:38.025 [qtp806775877-412] ERROR org.namewta.common.web.handler.GlobalExceptionHandler -- 请求地址'/workflow/task/updateAssignee/17', 参数解析失败: org.springframework.http.converter.HttpMessageNotReadableException
03:37:38.029 [qtp806775877-417] ERROR org.namewta.common.satoken.handler.SaTokenExceptionHandler -- 请求地址'/workflow/task/updateAssignee/17',权限码校验失败'无此权限：workflow:task:edit'
03:37:38.035 [qtp806775877-412] ERROR org.namewta.common.web.handler.GlobalExceptionHandler -- 请求地址'/workflow/definition',不支持'PUT'请求
03:37:38.060 [qtp806775877-412] ERROR org.namewta.common.satoken.handler.SaTokenExceptionHandler -- 请求地址'/workflow/definition/update',权限码校验失败'无此权限：workflow:definition:edit'
03:37:38.064 [qtp806775877-417] ERROR org.namewta.common.web.handler.GlobalExceptionHandler -- 请求地址'/workflow/definition/publish/17',不支持'PUT'请求
03:37:38.080 [qtp806775877-417] ERROR org.namewta.common.satoken.handler.SaTokenExceptionHandler -- 请求地址'/workflow/definition/publish/17',权限码校验失败'无此权限：workflow:definition:publish'
03:37:38.088 [qtp806775877-412] ERROR org.namewta.common.web.handler.GlobalExceptionHandler -- 请求地址'/workflow/definition/unPublish/17',不支持'PUT'请求
03:37:38.099 [qtp806775877-412] ERROR org.namewta.common.satoken.handler.SaTokenExceptionHandler -- 请求地址'/workflow/definition/unPublish/17',权限码校验失败'无此权限：workflow:definition:publish'
03:37:38.104 [qtp806775877-417] ERROR org.namewta.common.web.handler.GlobalExceptionHandler -- 请求地址'/workflow/definition/17',不支持'DELETE'请求
03:37:38.118 [qtp806775877-417] ERROR org.namewta.common.satoken.handler.SaTokenExceptionHandler -- 请求地址'/workflow/definition/17',权限码校验失败'无此权限：workflow:definition:remove'
03:37:38.128 [qtp806775877-412] ERROR org.namewta.common.web.handler.GlobalExceptionHandler -- 请求地址'/workflow/definition/active/17',不支持'PUT'请求
03:37:38.136 [qtp806775877-417] ERROR org.namewta.common.web.handler.GlobalExceptionHandler -- 请求地址'/workflow/definition/active/17',发生未知异常，类型=org.springframework.web.bind.MissingServletRequestParameterException
03:37:38.141 [qtp806775877-412] ERROR org.namewta.common.satoken.handler.SaTokenExceptionHandler -- 请求地址'/workflow/definition/active/17',权限码校验失败'无此权限：workflow:definition:active'
03:37:38.145 [qtp806775877-417] ERROR org.namewta.common.web.handler.GlobalExceptionHandler -- 请求地址'/workflow/spel',不支持'PUT'请求
03:37:38.157 [qtp806775877-412] ERROR org.namewta.common.web.handler.GlobalExceptionHandler -- 请求处理失败，异常类型=org.springframework.web.bind.MethodArgumentNotValidException
03:37:38.162 [qtp806775877-417] ERROR org.namewta.common.satoken.handler.SaTokenExceptionHandler -- 请求地址'/workflow/spel/update',权限码校验失败'无此权限：workflow:spel:edit'
03:37:38.165 [qtp806775877-412] ERROR org.namewta.common.web.handler.GlobalExceptionHandler -- 请求地址'/workflow/spel/17',不支持'DELETE'请求
03:37:38.186 [qtp806775877-412] ERROR org.namewta.common.satoken.handler.SaTokenExceptionHandler -- 请求地址'/workflow/spel/17',权限码校验失败'无此权限：workflow:spel:remove'
03:37:38.195 [qtp806775877-417] ERROR org.namewta.common.web.handler.GlobalExceptionHandler -- 请求地址'/workflow/category',不支持'PUT'请求
03:37:38.214 [qtp806775877-412] ERROR org.namewta.common.web.handler.GlobalExceptionHandler -- 请求处理失败，异常类型=org.springframework.web.bind.MethodArgumentNotValidException
03:37:38.224 [qtp806775877-417] ERROR org.namewta.common.satoken.handler.SaTokenExceptionHandler -- 请求地址'/workflow/category/update',权限码校验失败'无此权限：workflow:category:edit'
03:37:38.228 [qtp806775877-412] ERROR org.namewta.common.web.handler.GlobalExceptionHandler -- 请求地址'/workflow/category/17',不支持'DELETE'请求
03:37:38.255 [qtp806775877-412] ERROR org.namewta.common.satoken.handler.SaTokenExceptionHandler -- 请求地址'/workflow/category/17',权限码校验失败'无此权限：workflow:category:remove'
03:37:38.258 [qtp806775877-417] ERROR org.namewta.common.web.handler.GlobalExceptionHandler -- 请求地址'/monitor/operlog/17',不支持'DELETE'请求
03:37:38.271 [qtp806775877-417] ERROR org.namewta.common.satoken.handler.SaTokenExceptionHandler -- 请求地址'/monitor/operlog/17',权限码校验失败'无此权限：monitor:operlog:remove'
03:37:38.277 [qtp806775877-412] ERROR org.namewta.common.web.handler.GlobalExceptionHandler -- 请求地址'/monitor/operlog/clean',不支持'DELETE'请求
03:37:38.290 [qtp806775877-412] ERROR org.namewta.common.satoken.handler.SaTokenExceptionHandler -- 请求地址'/monitor/operlog/clean',权限码校验失败'无此权限：monitor:operlog:remove'
03:37:38.294 [qtp806775877-417] ERROR org.namewta.common.web.handler.GlobalExceptionHandler -- 请求地址'/monitor/loginInfo/17',不支持'DELETE'请求
03:37:38.314 [qtp806775877-412] ERROR org.namewta.common.satoken.handler.SaTokenExceptionHandler -- 请求地址'/monitor/loginInfo/17',权限码校验失败'无此权限：monitor:logininfo:remove'
03:37:38.320 [qtp806775877-416] ERROR org.namewta.common.web.handler.GlobalExceptionHandler -- 请求地址'/monitor/loginInfo/clean',不支持'DELETE'请求
03:37:38.337 [qtp806775877-416] ERROR org.namewta.common.satoken.handler.SaTokenExceptionHandler -- 请求地址'/monitor/loginInfo/clean',权限码校验失败'无此权限：monitor:logininfo:remove'
03:37:38.348 [qtp806775877-412] ERROR org.namewta.common.web.handler.GlobalExceptionHandler -- 请求地址'/monitor/online/[REDACTED]',不支持'DELETE'请求
03:37:38.362 [qtp806775877-416] ERROR org.namewta.common.satoken.handler.SaTokenExceptionHandler -- 请求地址'/monitor/online/17',权限码校验失败'无此权限：monitor:online:forceLogout'
03:37:38.368 [qtp806775877-412] ERROR org.namewta.common.web.handler.GlobalExceptionHandler -- 请求地址'/monitor/online/myself/[REDACTED]',不支持'DELETE'请求
03:37:38.390 [qtp806775877-412] ERROR org.namewta.common.web.handler.GlobalExceptionHandler -- 请求地址'/system/dict/data',不支持'PUT'请求
03:37:38.411 [qtp806775877-412] ERROR org.namewta.common.web.handler.GlobalExceptionHandler -- 请求处理失败，异常类型=org.springframework.web.bind.MethodArgumentNotValidException
03:37:38.426 [qtp806775877-416] ERROR org.namewta.common.satoken.handler.SaTokenExceptionHandler -- 请求地址'/system/dict/data/update',权限码校验失败'无此权限：system:dict:edit'
03:37:38.431 [qtp806775877-412] ERROR org.namewta.common.web.handler.GlobalExceptionHandler -- 请求地址'/system/dict/data/17',不支持'DELETE'请求
03:37:38.445 [qtp806775877-412] ERROR org.namewta.common.satoken.handler.SaTokenExceptionHandler -- 请求地址'/system/dict/data/17',权限码校验失败'无此权限：system:dict:remove'
03:37:38.455 [qtp806775877-416] ERROR org.namewta.common.web.handler.GlobalExceptionHandler -- 请求地址'/system/role',不支持'PUT'请求
03:37:38.468 [qtp806775877-412] ERROR org.namewta.common.web.handler.GlobalExceptionHandler -- 请求处理失败，异常类型=org.springframework.web.bind.MethodArgumentNotValidException
03:37:38.475 [qtp806775877-416] ERROR org.namewta.common.satoken.handler.SaTokenExceptionHandler -- 请求地址'/system/role/update',权限码校验失败'无此权限：system:role:edit'
03:37:38.479 [qtp806775877-412] ERROR org.namewta.common.web.handler.GlobalExceptionHandler -- 请求地址'/system/role/permission',不支持'PUT'请求
03:37:38.498 [qtp806775877-412] ERROR org.namewta.common.satoken.handler.SaTokenExceptionHandler -- 请求地址'/system/role/permission',权限码校验失败'无此权限：system:role:edit'
03:37:38.503 [qtp806775877-416] ERROR org.namewta.common.web.handler.GlobalExceptionHandler -- 请求地址'/system/role/changeStatus',不支持'PUT'请求
03:37:38.531 [qtp806775877-416] ERROR org.namewta.common.satoken.handler.SaTokenExceptionHandler -- 请求地址'/system/role/changeStatus',权限码校验失败'无此权限：system:role:edit'
03:37:38.536 [qtp806775877-412] ERROR org.namewta.common.web.handler.GlobalExceptionHandler -- 请求地址'/system/role/17',不支持'DELETE'请求
03:37:38.553 [qtp806775877-412] ERROR org.namewta.common.satoken.handler.SaTokenExceptionHandler -- 请求地址'/system/role/17',权限码校验失败'无此权限：system:role:remove'
03:37:38.558 [qtp806775877-416] ERROR org.namewta.common.web.handler.GlobalExceptionHandler -- 请求地址'/system/role/authUser/cancel',不支持'PUT'请求
03:37:38.584 [qtp806775877-416] ERROR org.namewta.common.satoken.handler.SaTokenExceptionHandler -- 请求地址'/system/role/authUser/cancel',权限码校验失败'无此权限：system:role:edit'
03:37:38.590 [qtp806775877-412] ERROR org.namewta.common.web.handler.GlobalExceptionHandler -- 请求地址'/system/role/authUser/cancelAll',不支持'PUT'请求
03:37:38.619 [qtp806775877-412] ERROR org.namewta.common.satoken.handler.SaTokenExceptionHandler -- 请求地址'/system/role/authUser/cancelAll',权限码校验失败'无此权限：system:role:edit'
03:37:38.625 [qtp806775877-416] ERROR org.namewta.common.web.handler.GlobalExceptionHandler -- 请求地址'/system/role/authUser/selectAll',不支持'PUT'请求
03:37:38.650 [qtp806775877-412] ERROR org.namewta.common.satoken.handler.SaTokenExceptionHandler -- 请求地址'/system/role/authUser/selectAll',权限码校验失败'无此权限：system:role:edit'
03:37:38.660 [qtp806775877-416] ERROR org.namewta.common.web.handler.GlobalExceptionHandler -- 请求地址'/system/user/profile',不支持'PUT'请求
03:37:38.698 [qtp806775877-417] ERROR org.namewta.common.web.handler.GlobalExceptionHandler -- 请求地址'/system/user/profile/updatePwd',不支持'PUT'请求
03:37:38.722 [qtp806775877-416] ERROR org.namewta.common.web.handler.GlobalExceptionHandler -- 请求处理失败，异常类型=org.springframework.web.bind.MethodArgumentNotValidException
03:37:38.728 [qtp806775877-412] ERROR org.namewta.common.web.handler.GlobalExceptionHandler -- 请求地址'/system/menu',不支持'PUT'请求
03:37:38.760 [qtp806775877-416] ERROR org.namewta.common.web.handler.GlobalExceptionHandler -- 请求处理失败，异常类型=org.springframework.web.bind.MethodArgumentNotValidException
03:37:38.764 [qtp806775877-412] ERROR org.namewta.common.satoken.handler.SaTokenExceptionHandler -- 请求地址'/system/menu/update',角色权限校验失败'无此角色：superadmin'
03:37:38.769 [qtp806775877-416] ERROR org.namewta.common.web.handler.GlobalExceptionHandler -- 请求地址'/system/menu/17',不支持'DELETE'请求
03:37:38.782 [qtp806775877-416] ERROR org.namewta.common.satoken.handler.SaTokenExceptionHandler -- 请求地址'/system/menu/17',角色权限校验失败'无此角色：superadmin'
03:37:38.787 [qtp806775877-412] ERROR org.namewta.common.web.handler.GlobalExceptionHandler -- 请求地址'/system/menu/cascade/17',不支持'DELETE'请求
03:37:38.798 [qtp806775877-412] ERROR org.namewta.common.satoken.handler.SaTokenExceptionHandler -- 请求地址'/system/menu/cascade/17',角色权限校验失败'无此角色：superadmin'
03:37:38.803 [qtp806775877-416] ERROR org.namewta.common.web.handler.GlobalExceptionHandler -- 请求地址'/system/dict/type',不支持'PUT'请求
03:37:38.815 [qtp806775877-412] ERROR org.namewta.common.web.handler.GlobalExceptionHandler -- 请求处理失败，异常类型=org.springframework.web.bind.MethodArgumentNotValidException
03:37:38.823 [qtp806775877-416] ERROR org.namewta.common.satoken.handler.SaTokenExceptionHandler -- 请求地址'/system/dict/type/update',权限码校验失败'无此权限：system:dict:edit'
03:37:38.827 [qtp806775877-412] ERROR org.namewta.common.web.handler.GlobalExceptionHandler -- 请求地址'/system/dict/type/17',不支持'DELETE'请求
03:37:38.844 [qtp806775877-412] ERROR org.namewta.common.satoken.handler.SaTokenExceptionHandler -- 请求地址'/system/dict/type/17',权限码校验失败'无此权限：system:dict:remove'
03:37:38.849 [qtp806775877-416] ERROR org.namewta.common.web.handler.GlobalExceptionHandler -- 请求地址'/system/dict/type/refreshCache',不支持'DELETE'请求
03:37:38.859 [qtp806775877-416] ERROR org.namewta.common.satoken.handler.SaTokenExceptionHandler -- 请求地址'/system/dict/type/refreshCache',权限码校验失败'无此权限：system:dict:remove'
03:37:38.863 [qtp806775877-417] ERROR org.namewta.common.web.handler.GlobalExceptionHandler -- 请求地址'/resource/oss/17',不支持'DELETE'请求
03:37:38.876 [qtp806775877-412] ERROR org.namewta.common.satoken.handler.SaTokenExceptionHandler -- 请求地址'/resource/oss/17',权限码校验失败'无此权限：system:oss:remove'
03:37:38.888 [qtp806775877-416] ERROR org.namewta.common.web.handler.GlobalExceptionHandler -- 请求地址'/system/client',不支持'PUT'请求
03:37:38.904 [qtp806775877-412] ERROR org.namewta.common.web.handler.GlobalExceptionHandler -- 请求处理失败，异常类型=org.springframework.web.bind.MethodArgumentNotValidException
03:37:38.918 [qtp806775877-416] ERROR org.namewta.common.satoken.handler.SaTokenExceptionHandler -- 请求地址'/system/client/update',权限码校验失败'无此权限：system:client:edit'
03:37:38.928 [qtp806775877-412] ERROR org.namewta.common.web.handler.GlobalExceptionHandler -- 请求地址'/system/client/changeStatus',不支持'PUT'请求
03:37:38.945 [qtp806775877-412] ERROR org.namewta.common.satoken.handler.SaTokenExceptionHandler -- 请求地址'/system/client/changeStatus',权限码校验失败'无此权限：system:client:edit'
03:37:38.948 [qtp806775877-416] ERROR org.namewta.common.web.handler.GlobalExceptionHandler -- 请求地址'/system/client/17',不支持'DELETE'请求
03:37:38.961 [qtp806775877-416] ERROR org.namewta.common.satoken.handler.SaTokenExceptionHandler -- 请求地址'/system/client/17',权限码校验失败'无此权限：system:client:remove'
03:37:38.967 [qtp806775877-416] ERROR org.namewta.common.web.handler.GlobalExceptionHandler -- 请求地址'/resource/oss/uploads/[REDACTED]',不支持'DELETE'请求
03:37:38.986 [qtp806775877-416] ERROR org.namewta.common.satoken.handler.SaTokenExceptionHandler -- 请求地址'/resource/oss/uploads/17',权限码校验失败'无此权限：system:oss:upload'
03:37:38.994 [qtp806775877-412] ERROR org.namewta.common.web.handler.GlobalExceptionHandler -- 请求地址'/system/userType',不支持'PUT'请求
03:37:39.008 [qtp806775877-416] ERROR org.namewta.common.web.handler.GlobalExceptionHandler -- 请求处理失败，异常类型=org.springframework.web.bind.MethodArgumentNotValidException
03:37:39.014 [qtp806775877-412] ERROR org.namewta.common.satoken.handler.SaTokenExceptionHandler -- 请求地址'/system/userType/update',权限码校验失败'无此权限：system:userType:edit'
03:37:39.021 [qtp806775877-416] ERROR org.namewta.common.web.handler.GlobalExceptionHandler -- 请求地址'/system/userType/changeStatus',不支持'PUT'请求
03:37:39.052 [qtp806775877-416] ERROR org.namewta.common.satoken.handler.SaTokenExceptionHandler -- 请求地址'/system/userType/changeStatus',权限码校验失败'无此权限：system:userType:edit'
03:37:39.059 [qtp806775877-412] ERROR org.namewta.common.web.handler.GlobalExceptionHandler -- 请求地址'/system/userType/17',不支持'DELETE'请求
03:37:39.089 [qtp806775877-412] ERROR org.namewta.common.satoken.handler.SaTokenExceptionHandler -- 请求地址'/system/userType/17',权限码校验失败'无此权限：system:userType:remove'
03:37:39.095 [qtp806775877-416] ERROR org.namewta.common.web.handler.GlobalExceptionHandler -- 请求地址'/system/dept',不支持'PUT'请求
03:37:39.124 [qtp806775877-412] ERROR org.namewta.common.web.handler.GlobalExceptionHandler -- 请求处理失败，异常类型=org.springframework.web.bind.MethodArgumentNotValidException
03:37:39.133 [qtp806775877-416] ERROR org.namewta.common.satoken.handler.SaTokenExceptionHandler -- 请求地址'/system/dept/update',权限码校验失败'无此权限：system:dept:edit'
03:37:39.140 [qtp806775877-412] ERROR org.namewta.common.web.handler.GlobalExceptionHandler -- 请求地址'/system/dept/17',不支持'DELETE'请求
03:37:39.153 [qtp806775877-412] ERROR org.namewta.common.satoken.handler.SaTokenExceptionHandler -- 请求地址'/system/dept/17',权限码校验失败'无此权限：system:dept:remove'
03:37:39.160 [qtp806775877-416] ERROR org.namewta.common.web.handler.GlobalExceptionHandler -- 请求地址'/system/post',不支持'PUT'请求
03:37:39.188 [qtp806775877-412] ERROR org.namewta.common.web.handler.GlobalExceptionHandler -- 请求处理失败，异常类型=org.springframework.web.bind.MethodArgumentNotValidException
03:37:39.196 [qtp806775877-416] ERROR org.namewta.common.satoken.handler.SaTokenExceptionHandler -- 请求地址'/system/post/update',权限码校验失败'无此权限：system:post:edit'
03:37:39.203 [qtp806775877-412] ERROR org.namewta.common.web.handler.GlobalExceptionHandler -- 请求地址'/system/post/17',不支持'DELETE'请求
03:37:39.227 [qtp806775877-412] ERROR org.namewta.common.satoken.handler.SaTokenExceptionHandler -- 请求地址'/system/post/17',权限码校验失败'无此权限：system:post:remove'
03:37:39.232 [qtp806775877-416] ERROR org.namewta.common.web.handler.GlobalExceptionHandler -- 请求地址'/system/config',不支持'PUT'请求
03:37:39.245 [qtp806775877-412] ERROR org.namewta.common.web.handler.GlobalExceptionHandler -- 请求处理失败，异常类型=org.springframework.web.bind.MethodArgumentNotValidException
03:37:39.254 [qtp806775877-416] ERROR org.namewta.common.satoken.handler.SaTokenExceptionHandler -- 请求地址'/system/config/update',权限码校验失败'无此权限：system:config:edit'
03:37:39.262 [qtp806775877-412] ERROR org.namewta.common.web.handler.GlobalExceptionHandler -- 请求地址'/system/config/updateByKey',不支持'PUT'请求
03:37:39.277 [qtp806775877-412] ERROR org.namewta.common.satoken.handler.SaTokenExceptionHandler -- 请求地址'/system/config/updateByKey',权限码校验失败'无此权限：system:config:edit'
03:37:39.283 [qtp806775877-416] ERROR org.namewta.common.web.handler.GlobalExceptionHandler -- 请求地址'/system/config/17',不支持'DELETE'请求
03:37:39.298 [qtp806775877-416] ERROR org.namewta.common.satoken.handler.SaTokenExceptionHandler -- 请求地址'/system/config/17',权限码校验失败'无此权限：system:config:remove'
03:37:39.307 [qtp806775877-412] ERROR org.namewta.common.web.handler.GlobalExceptionHandler -- 请求地址'/system/config/refreshCache',不支持'DELETE'请求
03:37:39.323 [qtp806775877-412] ERROR org.namewta.common.satoken.handler.SaTokenExceptionHandler -- 请求地址'/system/config/refreshCache',权限码校验失败'无此权限：system:config:remove'
03:37:39.328 [qtp806775877-416] ERROR org.namewta.common.web.handler.GlobalExceptionHandler -- 请求地址'/system/user',不支持'PUT'请求
03:37:39.359 [qtp806775877-412] ERROR org.namewta.common.web.handler.GlobalExceptionHandler -- 请求处理失败，异常类型=org.springframework.web.bind.MethodArgumentNotValidException
03:37:39.364 [qtp806775877-416] ERROR org.namewta.common.satoken.handler.SaTokenExceptionHandler -- 请求地址'/system/user/update',权限码校验失败'无此权限：system:user:edit'
03:37:39.372 [qtp806775877-412] ERROR org.namewta.common.web.handler.GlobalExceptionHandler -- 请求地址'/system/user/17',不支持'DELETE'请求
03:37:39.392 [qtp806775877-412] ERROR org.namewta.common.satoken.handler.SaTokenExceptionHandler -- 请求地址'/system/user/17',权限码校验失败'无此权限：system:user:remove'
03:37:39.406 [qtp806775877-416] ERROR org.namewta.common.web.handler.GlobalExceptionHandler -- 请求地址'/system/user/resetPwd',不支持'PUT'请求
03:37:39.430 [qtp806775877-416] ERROR org.namewta.common.satoken.handler.SaTokenExceptionHandler -- 请求地址'/system/user/resetPwd',权限码校验失败'无此权限：system:user:resetPwd'
03:37:39.435 [qtp806775877-412] ERROR org.namewta.common.web.handler.GlobalExceptionHandler -- 请求地址'/system/user/changeStatus',不支持'PUT'请求
03:37:39.456 [qtp806775877-412] ERROR org.namewta.common.satoken.handler.SaTokenExceptionHandler -- 请求地址'/system/user/changeStatus',权限码校验失败'无此权限：system:user:edit'
03:37:39.461 [qtp806775877-416] ERROR org.namewta.common.web.handler.GlobalExceptionHandler -- 请求地址'/system/user/authRole',不支持'PUT'请求
03:37:39.478 [qtp806775877-416] ERROR org.namewta.common.satoken.handler.SaTokenExceptionHandler -- 请求地址'/system/user/authRole',权限码校验失败'无此权限：system:user:edit'
03:37:39.484 [qtp806775877-412] ERROR org.namewta.common.web.handler.GlobalExceptionHandler -- 请求地址'/demo/websocket/send',不支持'GET'请求
03:37:39.508 [qtp806775877-412] ERROR org.namewta.common.web.handler.GlobalExceptionHandler -- 请求地址'/demo/mail/sendSimpleMessage',不支持'GET'请求
03:37:39.529 [qtp806775877-412] ERROR org.namewta.common.web.handler.GlobalExceptionHandler -- 请求地址'/demo/mail/sendMessageWithAttachment',不支持'GET'请求
03:37:39.551 [qtp806775877-412] ERROR org.namewta.common.satoken.handler.SaTokenExceptionHandler -- 请求地址'/demo/mail/sendMessageWithAttachment',权限码校验失败'无此权限：system:oss:download'
03:37:39.556 [qtp806775877-416] ERROR org.namewta.common.web.handler.GlobalExceptionHandler -- 请求地址'/demo/mail/sendMessageWithAttachments',不支持'GET'请求
03:37:39.566 [qtp806775877-412] ERROR org.namewta.common.web.handler.GlobalExceptionHandler -- 请求地址'/demo/mail/sendMessageWithAttachments',发生未知异常, 错误编号: 81949767，类型=java.lang.IllegalStateException
03:37:39.571 [qtp806775877-416] ERROR org.namewta.common.satoken.handler.SaTokenExceptionHandler -- 请求地址'/demo/mail/sendMessageWithAttachments',权限码校验失败'无此权限：system:oss:download'
03:37:39.577 [qtp806775877-412] ERROR org.namewta.common.web.handler.GlobalExceptionHandler -- 请求地址'/demo/mcp/receive',不支持'GET'请求
03:37:39.597 [qtp806775877-412] ERROR org.namewta.common.web.handler.GlobalExceptionHandler -- 请求地址'/demo/mqtt/send',不支持'GET'请求
03:37:39.612 [qtp806775877-412] ERROR org.namewta.common.web.handler.GlobalExceptionHandler -- 请求地址'/demo/cache/test2',不支持'GET'请求
03:37:39.631 [qtp806775877-412] ERROR org.namewta.common.web.handler.GlobalExceptionHandler -- 请求地址'/demo/cache/test3',不支持'GET'请求
03:37:39.653 [qtp806775877-412] ERROR org.namewta.common.web.handler.GlobalExceptionHandler -- 请求地址'/demo/cache/test6',不支持'GET'请求
03:37:39.670 [qtp806775877-412] ERROR org.namewta.common.web.handler.GlobalExceptionHandler -- 请求地址'/demo/redis/pubsub/pub',不支持'GET'请求
03:37:39.693 [qtp806775877-412] ERROR org.namewta.common.web.handler.GlobalExceptionHandler -- 请求地址'/demo/redis/pubsub/sub',不支持'GET'请求
03:37:39.706 [qtp806775877-412] ERROR org.namewta.common.web.handler.GlobalExceptionHandler -- 请求地址'/demo/sms/sendAliyun',不支持'GET'请求
03:37:39.718 [qtp806775877-412] ERROR org.namewta.common.web.handler.GlobalExceptionHandler -- 请求地址'/demo/sms/sendTencent',不支持'GET'请求
03:37:39.740 [qtp806775877-412] ERROR org.namewta.common.web.handler.GlobalExceptionHandler -- 请求地址'/demo/sms/addBlacklist',不支持'GET'请求
03:37:39.781 [qtp806775877-412] ERROR org.namewta.common.web.handler.GlobalExceptionHandler -- 请求地址'/demo/sms/removeBlacklist',不支持'GET'请求
03:37:39.797 [qtp806775877-412] ERROR org.namewta.common.web.handler.GlobalExceptionHandler -- 请求地址'/demo/queue/priority/add',不支持'GET'请求
03:37:39.818 [qtp806775877-412] ERROR org.namewta.common.web.handler.GlobalExceptionHandler -- 请求地址'/demo/queue/priority/remove',不支持'GET'请求
03:37:39.845 [qtp806775877-412] ERROR org.namewta.common.web.handler.GlobalExceptionHandler -- 请求地址'/demo/queue/priority/get',不支持'GET'请求
03:37:39.858 [qtp806775877-412] ERROR org.namewta.common.web.handler.GlobalExceptionHandler -- 请求地址'/monitor/loginInfo/unlock/17',不支持'GET'请求
03:37:39.877 [qtp806775877-412] ERROR org.namewta.common.satoken.handler.SaTokenExceptionHandler -- 请求地址'/monitor/loginInfo/unlock/17',权限码校验失败'无此权限：monitor:logininfo:unlock'
03:37:39.882 [qtp806775877-416] ERROR org.namewta.common.web.handler.GlobalExceptionHandler -- 请求地址'/system/user/unlock/17',不支持'GET'请求
03:37:39.894 [qtp806775877-416] ERROR org.namewta.common.satoken.handler.SaTokenExceptionHandler -- 请求地址'/system/user/unlock/17',权限码校验失败'无此权限：system:user:edit'
03:37:39.900 [qtp806775877-412] ERROR org.namewta.common.web.handler.GlobalExceptionHandler -- 请求地址'/workflow/task/getNextNodeList',不支持'POST'请求
03:37:39.906 [qtp806775877-416] ERROR org.namewta.common.web.handler.GlobalExceptionHandler -- 请求地址'/workflow/task/getNextNodeList',发生未知异常，类型=org.springframework.web.bind.MissingServletRequestParameterException
03:37:39.919 [qtp806775877-412] ERROR org.namewta.common.satoken.handler.SaTokenExceptionHandler -- 请求地址'/system/dept/update',认证失败'未能读取到有效 token',无法访问系统资源
03:37:39.925 [qtp806775877-416] ERROR org.namewta.common.satoken.handler.SaTokenExceptionHandler -- 请求地址'/system/dept/update',认证失败'客户端ID与Token不匹配：[JWT_REDACTED]',无法访问系统资源
03:37:39.932 [qtp806775877-412] ERROR org.namewta.common.satoken.handler.SaTokenExceptionHandler -- 请求地址'/auth/unlock/17',认证失败'未能读取到有效 token',无法访问系统资源
03:37:39.972 [qtp806775877-412] ERROR org.namewta.common.web.handler.GlobalExceptionHandler -- 请求处理失败，异常类型=org.namewta.common.core.exception.ServiceException
03:37:39.981 [qtp806775877-416] ERROR org.namewta.common.web.handler.GlobalExceptionHandler -- 请求处理失败，异常类型=org.namewta.common.core.exception.ServiceException
03:37:39.989 [qtp806775877-412] ERROR org.namewta.common.web.handler.GlobalExceptionHandler -- 请求处理失败，异常类型=org.namewta.common.core.exception.ServiceException
03:37:39.993 [main] INFO org.eclipse.jetty.server.Server -- Stopped oejs.Server@2a056ee6{STOPPING}[12.1.10,sto=0]
03:37:39.993 [main] INFO org.eclipse.jetty.server.AbstractConnector -- Stopped oejs.ServerConnector@352d7f6e{HTTP/1.1, (http/1.1)}{127.0.0.1:0}
03:37:39.993 [main] INFO org.eclipse.jetty.server.handler.ContextHandler.ROOT -- Destroying Spring FrameworkServlet 'org.springframework.web.servlet.DispatcherServlet-7d8528bd'
03:37:39.994 [main] INFO org.eclipse.jetty.ee11.servlet.ServletContextHandler -- Stopped oeje11s.ServletContextHandler@5fea3c16{ROOT,/,b=null,a=AVAILABLE,h=oeje11s.ServletHandler@7dea7d05{STOPPED}}
____ ____    ___ ____ _  _ ____ _  _ 
[__  |__| __  |  |  | |_/  |___ |\ | 
___] |  |     |  |__| | \_ |___ | \| 
https://sa-token.cc (v1.45.0)
[INFO] Tests run: 1, Failures: 0, Errors: 0, Skipped: 0, Time elapsed: 6.879 s -- in org.namewta.test.contracts.CrudHttpDispatchIntegrationTest
[INFO] Running org.namewta.test.contracts.CrudHttpMappingContractTest
[INFO] Tests run: 2, Failures: 0, Errors: 0, Skipped: 0, Time elapsed: 2.194 s -- in org.namewta.test.contracts.CrudHttpMappingContractTest
[INFO] Running org.namewta.test.profile.schema.ProfileSchemaMySqlIntegrationTest
[WARNING] Tests run: 1, Failures: 0, Errors: 0, Skipped: 1, Time elapsed: 0.005 s -- in org.namewta.test.profile.schema.ProfileSchemaMySqlIntegrationTest
[INFO] Running org.namewta.test.profile.schema.ProfileSchemaContractTest
[INFO] Tests run: 5, Failures: 0, Errors: 0, Skipped: 0, Time elapsed: 0.021 s -- in org.namewta.test.profile.schema.ProfileSchemaContractTest
[INFO] Running org.namewta.test.profile.material.ProfileSelfMaterialsBrowserIntegrationTest
[WARNING] Tests run: 1, Failures: 0, Errors: 0, Skipped: 1, Time elapsed: 0 s -- in org.namewta.test.profile.material.ProfileSelfMaterialsBrowserIntegrationTest
[INFO] Running org.namewta.test.profile.contract.ProfileCrossModuleBoundaryContractTest
[INFO] Tests run: 6, Failures: 0, Errors: 0, Skipped: 0, Time elapsed: 0.029 s -- in org.namewta.test.profile.contract.ProfileCrossModuleBoundaryContractTest
[INFO] Running org.namewta.test.profile.contract.ProfileStructureContractTest
[INFO] Tests run: 4, Failures: 0, Errors: 0, Skipped: 0, Time elapsed: 0.193 s -- in org.namewta.test.profile.contract.ProfileStructureContractTest
[INFO] Running org.namewta.test.profile.contract.WorkflowTerminationContractTest
[INFO] Tests run: 4, Failures: 0, Errors: 0, Skipped: 0, Time elapsed: 0.236 s -- in org.namewta.test.profile.contract.WorkflowTerminationContractTest
[INFO] Running org.namewta.test.profile.contract.WorkflowGlobalListenerContractTest
[INFO] Tests run: 1, Failures: 0, Errors: 0, Skipped: 0, Time elapsed: 0.464 s -- in org.namewta.test.profile.contract.WorkflowGlobalListenerContractTest
[INFO] Running org.namewta.test.profile.contract.ProfileModuleGraphContractTest
[INFO] Tests run: 2, Failures: 0, Errors: 0, Skipped: 0, Time elapsed: 0.003 s -- in org.namewta.test.profile.contract.ProfileModuleGraphContractTest
[INFO] Running org.namewta.test.profile.contract.ProfileApiContractTest
[INFO] Tests run: 5, Failures: 0, Errors: 0, Skipped: 0, Time elapsed: 0.010 s -- in org.namewta.test.profile.contract.ProfileApiContractTest
[INFO] Running org.namewta.test.nacos.refresh.NacosLiveRefreshContractUnitTest
[INFO] Tests run: 7, Failures: 0, Errors: 0, Skipped: 0, Time elapsed: 0.151 s -- in org.namewta.test.nacos.refresh.NacosLiveRefreshContractUnitTest
[INFO] Running org.namewta.test.nacos.menu.NacosMenuContractUnitTest
[INFO] Tests run: 1, Failures: 0, Errors: 0, Skipped: 0, Time elapsed: 0.002 s -- in org.namewta.test.nacos.menu.NacosMenuContractUnitTest
[INFO] Running org.namewta.test.department.DepartmentTreeMySqlIntegrationTest
[WARNING] Tests run: 14, Failures: 0, Errors: 0, Skipped: 14, Time elapsed: 0 s -- in org.namewta.test.department.DepartmentTreeMySqlIntegrationTest
[INFO] Running org.namewta.test.auth.LoginUserAgentUnitTest
[ERROR] Tests run: 10, Failures: 9, Errors: 0, Skipped: 0, Time elapsed: 11.10 s <<< FAILURE! -- in org.namewta.test.auth.LoginUserAgentUnitTest
[ERROR] org.namewta.test.auth.LoginUserAgentUnitTest.loginInfoConsumerStillPersistsSuccessAndClientFields(String)[2] -- Time elapsed: 2.399 s <<< FAILURE!
org.opentest4j.AssertionFailedError: 
[isolated audit/blank outcome=HARNESS
org.mockito.exceptions.base.MockitoException
org.namewta.test.auth.LoginUserAgentUnitTest.checkLoginInfo:285
org.namewta.test.auth.LoginUserAgentUnitTest.main:155
org.mockito.exceptions.base.MockitoException
net.bytebuddy.TypeCache.findOrInsert:172
net.bytebuddy.TypeCache$WithInlineExpunction.findOrInsert:403
net.bytebuddy.TypeCache.findOrInsert:194
net.bytebuddy.TypeCache$WithInlineExpunction.findOrInsert:414
org.namewta.test.auth.LoginUserAgentUnitTest.checkLoginInfo:285
org.namewta.test.auth.LoginUserAgentUnitTest.main:155
java.lang.IllegalStateException
org.mockito.internal.creation.bytebuddy.InlineBytecodeGenerator.triggerRetransformation:310
org.mockito.internal.creation.bytebuddy.InlineBytecodeGenerator.mockClass:239
org.mockito.internal.creation.bytebuddy.TypeCachingBytecodeGenerator.lambda$mockClass$0:78
net.bytebuddy.TypeCache.findOrInsert:172
net.bytebuddy.TypeCache$WithInlineExpunction.findOrInsert:403
net.bytebuddy.TypeCache.findOrInsert:194
net.bytebuddy.TypeCache$WithInlineExpunction.findOrInsert:414
org.mockito.internal.creation.bytebuddy.TypeCachingBytecodeGenerator.mockClass:75
org.mockito.internal.creation.bytebuddy.InlineDelegateByteBuddyMockMaker.createMockType:434
org.mockito.internal.creation.bytebuddy.InlineDelegateByteBuddyMockMaker.doCreateMock:393
org.mockito.internal.creation.bytebuddy.InlineDelegateByteBuddyMockMaker.createMock:372
org.mockito.internal.creation.bytebuddy.InlineByteBuddyMockMaker.createMock:56
org.mockito.internal.util.MockUtil.createMock:99
org.mockito.internal.MockitoCore.mock:80
org.mockito.Mockito.mock:2235
org.mockito.Mockito.mock:2150
org.namewta.test.auth.LoginUserAgentUnitTest.checkLoginInfo:285
org.namewta.test.auth.LoginUserAgentUnitTest.main:155
java.lang.TypeNotPresentException
sun.reflect.generics.factory.CoreReflectionFactory.makeNamedType:117
sun.reflect.generics.visitor.Reifier.visitClassTypeSignature:125
sun.reflect.generics.tree.ClassTypeSignature.accept:49
sun.reflect.generics.visitor.Reifier.reifyTypeArguments:68
sun.reflect.generics.visitor.Reifier.visitClassTypeSignature:138
sun.reflect.generics.tree.ClassTypeSignature.accept:49
sun.reflect.generics.repository.ClassRepository.computeSuperInterfaces:117
sun.reflect.generics.repository.ClassRepository.getSuperInterfaces:95
java.lang.Class.getGenericInterfaces:1298
net.bytebuddy.description.type.TypeList$Generic$OfLoadedInterfaceTypes$TypeProjection.resolve:844
net.bytebuddy.description.type.TypeDescription$Generic$LazyProjection.accept:6400
net.bytebuddy.description.type.TypeList$Generic$AbstractBase.accept:324
net.bytebuddy.dynamic.scaffold.InstrumentedType$Factory$Default$1.represent:464
net.bytebuddy.ByteBuddy.redefine:1001
net.bytebuddy.ByteBuddy.redefine:976
org.mockito.internal.creation.bytebuddy.InlineBytecodeGenerator.transform:415
java.lang.instrument.ClassFileTransformer.transform:244
sun.instrument.TransformerManager.transform:188
sun.instrument.InstrumentationImpl.transform:610
sun.instrument.InstrumentationImpl.retransformClasses0:-2
sun.instrument.InstrumentationImpl.retransformClasses:225
org.mockito.internal.creation.bytebuddy.InlineBytecodeGenerator.triggerRetransformation:306
org.mockito.internal.creation.bytebuddy.InlineBytecodeGenerator.mockClass:239
org.mockito.internal.creation.bytebuddy.TypeCachingBytecodeGenerator.lambda$mockClass$0:78
net.bytebuddy.TypeCache.findOrInsert:172
net.bytebuddy.TypeCache$WithInlineExpunction.findOrInsert:403
net.bytebuddy.TypeCache.findOrInsert:194
net.bytebuddy.TypeCache$WithInlineExpunction.findOrInsert:414
org.mockito.internal.creation.bytebuddy.TypeCachingBytecodeGenerator.mockClass:75
org.mockito.internal.creation.bytebuddy.InlineDelegateByteBuddyMockMaker.createMockType:434
org.mockito.internal.creation.bytebuddy.InlineDelegateByteBuddyMockMaker.doCreateMock:393
org.mockito.internal.creation.bytebuddy.InlineDelegateByteBuddyMockMaker.createMock:372
org.mockito.internal.creation.bytebuddy.InlineByteBuddyMockMaker.createMock:56
org.mockito.internal.util.MockUtil.createMock:99
org.mockito.internal.MockitoCore.mock:80
org.mockito.Mockito.mock:2235
org.mockito.Mockito.mock:2150
org.namewta.test.auth.LoginUserAgentUnitTest.checkLoginInfo:285
org.namewta.test.auth.LoginUserAgentUnitTest.main:155
java.lang.ClassNotFoundException
jdk.internal.loader.BuiltinClassLoader.loadClass:641
jdk.internal.loader.ClassLoaders$AppClassLoader.loadClass:188
java.lang.ClassLoader.loadClass:526
java.lang.Class.forName0:-2
java.lang.Class.forName:536
java.lang.Class.forName:515
sun.reflect.generics.factory.CoreReflectionFactory.makeNamedType:114
sun.reflect.generics.visitor.Reifier.visitClassTypeSignature:125
sun.reflect.generics.tree.ClassTypeSignature.accept:49
sun.reflect.generics.visitor.Reifier.reifyTypeArguments:68
sun.reflect.generics.visitor.Reifier.visitClassTypeSignature:138
sun.reflect.generics.tree.ClassTypeSignature.accept:49
sun.reflect.generics.repository.ClassRepository.computeSuperInterfaces:117
sun.reflect.generics.repository.ClassRepository.getSuperInterfaces:95
java.lang.Class.getGenericInterfaces:1298
net.bytebuddy.description.type.TypeList$Generic$OfLoadedInterfaceTypes$TypeProjection.resolve:844
net.bytebuddy.description.type.TypeDescription$Generic$LazyProjection.accept:6400
net.bytebuddy.description.type.TypeList$Generic$AbstractBase.accept:324
net.bytebuddy.dynamic.scaffold.InstrumentedType$Factory$Default$1.represent:464
net.bytebuddy.ByteBuddy.redefine:1001
net.bytebuddy.ByteBuddy.redefine:976
org.mockito.internal.creation.bytebuddy.InlineBytecodeGenerator.transform:415
java.lang.instrument.ClassFileTransformer.transform:244
sun.instrument.TransformerManager.transform:188
sun.instrument.InstrumentationImpl.transform:610
sun.instrument.InstrumentationImpl.retransformClasses0:-2
sun.instrument.InstrumentationImpl.retransformClasses:225
org.mockito.internal.creation.bytebuddy.InlineBytecodeGenerator.triggerRetransformation:306
org.mockito.internal.creation.bytebuddy.InlineBytecodeGenerator.mockClass:239
org.mockito.internal.creation.bytebuddy.TypeCachingBytecodeGenerator.lambda$mockClass$0:78
net.bytebuddy.TypeCache.findOrInsert:172
net.bytebuddy.TypeCache$WithInlineExpunction.findOrInsert:403
net.bytebuddy.TypeCache.findOrInsert:194
net.bytebuddy.TypeCache$WithInlineExpunction.findOrInsert:414
org.mockito.internal.creation.bytebuddy.TypeCachingBytecodeGenerator.mockClass:75
org.mockito.internal.creation.bytebuddy.InlineDelegateByteBuddyMockMaker.createMockType:434
org.mockito.internal.creation.bytebuddy.InlineDelegateByteBuddyMockMaker.doCreateMock:393
org.mockito.internal.creation.bytebuddy.InlineDelegateByteBuddyMockMaker.createMock:372
org.mockito.internal.creation.bytebuddy.InlineByteBuddyMockMaker.createMock:56
org.mockito.internal.util.MockUtil.createMock:99
org.mockito.internal.MockitoCore.mock:80
org.mockito.Mockito.mock:2235
org.mockito.Mockito.mock:2150
org.namewta.test.auth.LoginUserAgentUnitTest.checkLoginInfo:285
org.namewta.test.auth.LoginUserAgentUnitTest.main:155] 
expected: 0
 but was: 1
	at org.namewta.test.auth.LoginUserAgentUnitTest.runIsolated(LoginUserAgentUnitTest.java:111)
	at org.namewta.test.auth.LoginUserAgentUnitTest.loginInfoConsumerStillPersistsSuccessAndClientFields(LoginUserAgentUnitTest.java:93)

[ERROR] org.namewta.test.auth.LoginUserAgentUnitTest.loginInfoConsumerStillPersistsSuccessAndClientFields(String)[3] -- Time elapsed: 0.628 s <<< FAILURE!
org.opentest4j.AssertionFailedError: 
[isolated audit/chrome outcome=OK] 
expected: 0
 but was: 1
	at org.namewta.test.auth.LoginUserAgentUnitTest.runIsolated(LoginUserAgentUnitTest.java:111)
	at org.namewta.test.auth.LoginUserAgentUnitTest.loginInfoConsumerStillPersistsSuccessAndClientFields(LoginUserAgentUnitTest.java:93)

[ERROR] org.namewta.test.auth.LoginUserAgentUnitTest.publicLoginPreservesExistingContextAndFillsBrowserAndOs(String)[1] -- Time elapsed: 0.701 s <<< FAILURE!
org.opentest4j.AssertionFailedError: 
[isolated login/missing outcome=OK] 
expected: 0
 but was: 1
	at org.namewta.test.auth.LoginUserAgentUnitTest.runIsolated(LoginUserAgentUnitTest.java:111)
	at org.namewta.test.auth.LoginUserAgentUnitTest.publicLoginPreservesExistingContextAndFillsBrowserAndOs(LoginUserAgentUnitTest.java:76)

[ERROR] org.namewta.test.auth.LoginUserAgentUnitTest.publicLoginPreservesExistingContextAndFillsBrowserAndOs(String)[2] -- Time elapsed: 0.777 s <<< FAILURE!
org.opentest4j.AssertionFailedError: 
[isolated login/blank outcome=OK] 
expected: 0
 but was: 1
	at org.namewta.test.auth.LoginUserAgentUnitTest.runIsolated(LoginUserAgentUnitTest.java:111)
	at org.namewta.test.auth.LoginUserAgentUnitTest.publicLoginPreservesExistingContextAndFillsBrowserAndOs(LoginUserAgentUnitTest.java:76)

[ERROR] org.namewta.test.auth.LoginUserAgentUnitTest.publicLoginPreservesExistingContextAndFillsBrowserAndOs(String)[3] -- Time elapsed: 0.728 s <<< FAILURE!
org.opentest4j.AssertionFailedError: 
[isolated login/chrome outcome=OK] 
expected: 0
 but was: 1
	at org.namewta.test.auth.LoginUserAgentUnitTest.runIsolated(LoginUserAgentUnitTest.java:111)
	at org.namewta.test.auth.LoginUserAgentUnitTest.publicLoginPreservesExistingContextAndFillsBrowserAndOs(LoginUserAgentUnitTest.java:76)

[ERROR] org.namewta.test.auth.LoginUserAgentUnitTest.successListenerStillWritesOnlineStateAndLoginAudit(String)[1] -- Time elapsed: 0.844 s <<< FAILURE!
org.opentest4j.AssertionFailedError: 
[isolated listener/missing outcome=OK] 
expected: 0
 but was: 1
	at org.namewta.test.auth.LoginUserAgentUnitTest.runIsolated(LoginUserAgentUnitTest.java:111)
	at org.namewta.test.auth.LoginUserAgentUnitTest.successListenerStillWritesOnlineStateAndLoginAudit(LoginUserAgentUnitTest.java:87)

[ERROR] org.namewta.test.auth.LoginUserAgentUnitTest.successListenerStillWritesOnlineStateAndLoginAudit(String)[2] -- Time elapsed: 0.774 s <<< FAILURE!
org.opentest4j.AssertionFailedError: 
[isolated listener/blank outcome=OK] 
expected: 0
 but was: 1
	at org.namewta.test.auth.LoginUserAgentUnitTest.runIsolated(LoginUserAgentUnitTest.java:111)
	at org.namewta.test.auth.LoginUserAgentUnitTest.successListenerStillWritesOnlineStateAndLoginAudit(LoginUserAgentUnitTest.java:87)

[ERROR] org.namewta.test.auth.LoginUserAgentUnitTest.successListenerStillWritesOnlineStateAndLoginAudit(String)[3] -- Time elapsed: 0.788 s <<< FAILURE!
org.opentest4j.AssertionFailedError: 
[isolated listener/chrome outcome=OK] 
expected: 0
 but was: 1
	at org.namewta.test.auth.LoginUserAgentUnitTest.runIsolated(LoginUserAgentUnitTest.java:111)
	at org.namewta.test.auth.LoginUserAgentUnitTest.successListenerStillWritesOnlineStateAndLoginAudit(LoginUserAgentUnitTest.java:87)

[ERROR] org.namewta.test.auth.LoginUserAgentUnitTest.publicLoginKeepsPreviouslyKnownBrowserAndOsWithoutHeader -- Time elapsed: 0.712 s <<< FAILURE!
org.opentest4j.AssertionFailedError: 
[isolated existing/missing outcome=OK] 
expected: 0
 but was: 1
	at org.namewta.test.auth.LoginUserAgentUnitTest.runIsolated(LoginUserAgentUnitTest.java:111)
	at org.namewta.test.auth.LoginUserAgentUnitTest.publicLoginKeepsPreviouslyKnownBrowserAndOsWithoutHeader(LoginUserAgentUnitTest.java:81)

[INFO] Running org.namewta.test.openapi.credential.OpenApiCredentialSqlContractTest
[INFO] Tests run: 1, Failures: 0, Errors: 0, Skipped: 0, Time elapsed: 3.939 s -- in org.namewta.test.openapi.credential.OpenApiCredentialSqlContractTest
[INFO] Running org.namewta.test.openapi.credential.OpenApiCredentialCryptoTest
[INFO] Tests run: 3, Failures: 0, Errors: 0, Skipped: 0, Time elapsed: 0.020 s -- in org.namewta.test.openapi.credential.OpenApiCredentialCryptoTest
[INFO] Running org.namewta.test.openapi.credential.SystemOpenApiCredentialServiceTest
[INFO] Tests run: 6, Failures: 0, Errors: 0, Skipped: 0, Time elapsed: 0.361 s -- in org.namewta.test.openapi.credential.SystemOpenApiCredentialServiceTest
[INFO] Running org.namewta.test.openapi.credential.SysOpenApiCredentialControllerContractTest
03:37:58.932 [main] INFO org.springframework.mock.web.MockServletContext -- Initializing Spring TestDispatcherServlet ''
03:37:58.932 [main] INFO org.springframework.test.web.servlet.TestDispatcherServlet -- Initializing Servlet ''
03:37:58.932 [main] INFO org.springframework.test.web.servlet.TestDispatcherServlet -- Completed initialization in 0 ms
[INFO] Tests run: 4, Failures: 0, Errors: 0, Skipped: 0, Time elapsed: 0.202 s -- in org.namewta.test.openapi.credential.SysOpenApiCredentialControllerContractTest
[INFO] Running org.namewta.test.openapi.authorization.SystemOpenApiAuthorizationResolverTest
[INFO] Tests run: 4, Failures: 0, Errors: 0, Skipped: 0, Time elapsed: 0.116 s -- in org.namewta.test.openapi.authorization.SystemOpenApiAuthorizationResolverTest
[INFO] Running org.namewta.test.openapi.assembly.OpenApiAssemblyContextTest
03:37:59.497 [main] WARN org.springframework.context.annotation.AnnotationConfigApplicationContext -- Exception encountered during context initialization - cancelling refresh attempt: org.springframework.beans.factory.UnsatisfiedDependencyException: Error creating bean with name 'openApiNonceStore' defined in org.namewta.common.openapi.config.OpenApiAutoConfiguration: Unsatisfied dependency expressed through method 'openApiNonceStore' parameter 0: No qualifying bean of type 'org.redisson.api.RedissonClient' available: expected at least 1 bean which qualifies as autowire candidate. Dependency annotations: {}
03:37:59.542 [main] WARN org.springframework.context.annotation.AnnotationConfigApplicationContext -- Exception encountered during context initialization - cancelling refresh attempt: org.springframework.beans.factory.UnsatisfiedDependencyException: Error creating bean with name 'openApiGatewayFilterRegistration' defined in org.namewta.common.openapi.config.OpenApiAutoConfiguration: Unsatisfied dependency expressed through method 'openApiGatewayFilterRegistration' parameter 2: No qualifying bean of type 'org.namewta.common.openapi.spi.OpenApiCredentialResolver' available: expected at least 1 bean which qualifies as autowire candidate. Dependency annotations: {}
03:37:59.572 [main] WARN org.springframework.context.annotation.AnnotationConfigApplicationContext -- Exception encountered during context initialization - cancelling refresh attempt: org.springframework.beans.factory.BeanCreationException: Error creating bean with name 'openApiStartupValidator' defined in org.namewta.common.openapi.config.OpenApiAutoConfiguration: openapi.kek-version must contain 1-64 letters, digits, dots, underscores, or hyphens
03:37:59.611 [main] WARN org.springframework.context.annotation.AnnotationConfigApplicationContext -- Exception encountered during context initialization - cancelling refresh attempt: org.springframework.beans.factory.BeanCreationException: Error creating bean with name 'openApiStartupValidator' defined in org.namewta.common.openapi.config.OpenApiAutoConfiguration: openapi.nonce-ttl must be positive
03:37:59.647 [main] WARN org.springframework.context.annotation.AnnotationConfigApplicationContext -- Exception encountered during context initialization - cancelling refresh attempt: org.springframework.beans.factory.BeanCreationException: Error creating bean with name 'openApiStartupValidator' defined in org.namewta.common.openapi.config.OpenApiAutoConfiguration: openapi.app-rate-limit-per-minute must be positive
03:37:59.693 [main] WARN org.springframework.context.annotation.AnnotationConfigApplicationContext -- Exception encountered during context initialization - cancelling refresh attempt: org.springframework.beans.factory.BeanCreationException: Error creating bean with name 'openApiStartupValidator' defined in org.namewta.common.openapi.config.OpenApiAutoConfiguration: openapi.kek must be a Base64-encoded 32-byte key
03:37:59.729 [main] WARN org.springframework.context.annotation.AnnotationConfigApplicationContext -- Exception encountered during context initialization - cancelling refresh attempt: org.springframework.beans.factory.BeanCreationException: Error creating bean with name 'openApiStartupValidator' defined in org.namewta.common.openapi.config.OpenApiAutoConfiguration: openapi.kek must be a Base64-encoded 32-byte key
03:38:00.236 [main] INFO org.springframework.mock.web.MockServletContext -- Initializing Spring TestDispatcherServlet ''
03:38:00.237 [main] INFO org.springframework.test.web.servlet.TestDispatcherServlet -- Initializing Servlet ''
03:38:00.240 [main] INFO org.springframework.test.web.servlet.TestDispatcherServlet -- Completed initialization in 3 ms
03:38:00.360 [main] WARN org.springframework.context.annotation.AnnotationConfigApplicationContext -- Exception encountered during context initialization - cancelling refresh attempt: org.springframework.beans.factory.BeanCreationException: Error creating bean with name 'openApiStartupValidator' defined in org.namewta.common.openapi.config.OpenApiAutoConfiguration: openapi.max-body-size 必须为正数且在JVM数组范围内
03:38:00.398 [main] WARN org.springframework.context.annotation.AnnotationConfigApplicationContext -- Exception encountered during context initialization - cancelling refresh attempt: org.springframework.beans.factory.BeanCreationException: Error creating bean with name 'openApiStartupValidator' defined in org.namewta.common.openapi.config.OpenApiAutoConfiguration: openapi.max-body-size 必须为正数且在JVM数组范围内
03:38:00.416 [main] WARN org.springframework.context.annotation.AnnotationConfigApplicationContext -- Exception encountered during context initialization - cancelling refresh attempt: org.springframework.beans.factory.BeanCreationException: Error creating bean with name 'openApiStartupValidator' defined in org.namewta.common.openapi.config.OpenApiAutoConfiguration: openapi.max-body-size 必须为正数且在JVM数组范围内
03:38:00.435 [main] WARN org.springframework.context.annotation.AnnotationConfigApplicationContext -- Exception encountered during context initialization - cancelling refresh attempt: org.springframework.beans.factory.UnsatisfiedDependencyException: Error creating bean with name 'openApiStartupValidator' defined in org.namewta.common.openapi.config.OpenApiAutoConfiguration: Unsatisfied dependency expressed through method 'openApiStartupValidator' parameter 0: Error creating bean with name 'openapi-org.namewta.common.openapi.config.properties.OpenApiProperties': Could not bind properties to 'OpenApiProperties' : prefix=openapi, ignoreInvalidFields=false, ignoreUnknownFields=true
03:38:00.474 [main] WARN org.springframework.context.annotation.AnnotationConfigApplicationContext -- Exception encountered during context initialization - cancelling refresh attempt: org.springframework.beans.factory.UnsatisfiedDependencyException: Error creating bean with name 'openApiGatewayFilterRegistration' defined in org.namewta.common.openapi.config.OpenApiAutoConfiguration: Unsatisfied dependency expressed through method 'openApiGatewayFilterRegistration' parameter 2: No qualifying bean of type 'org.namewta.common.openapi.spi.OpenApiCredentialResolver' available: expected single matching bean but found 2: openApiCredentialResolver,secondCredentialResolver
[INFO] Tests run: 9, Failures: 0, Errors: 0, Skipped: 0, Time elapsed: 1.431 s -- in org.namewta.test.openapi.assembly.OpenApiAssemblyContextTest
[INFO] Running org.namewta.test.openapi.gateway.OpenApiGatewayE2ETest
03:38:00.583 [main] INFO org.springframework.mock.web.MockServletContext -- Initializing Spring TestDispatcherServlet ''
03:38:00.583 [main] INFO org.springframework.test.web.servlet.TestDispatcherServlet -- Initializing Servlet ''
03:38:00.584 [main] INFO org.springframework.test.web.servlet.TestDispatcherServlet -- Completed initialization in 1 ms
03:38:00.641 [main] INFO org.springframework.mock.web.MockServletContext -- Initializing Spring TestDispatcherServlet ''
03:38:00.641 [main] INFO org.springframework.test.web.servlet.TestDispatcherServlet -- Initializing Servlet ''
03:38:00.642 [main] INFO org.springframework.test.web.servlet.TestDispatcherServlet -- Completed initialization in 1 ms
03:38:00.678 [main] INFO org.springframework.mock.web.MockServletContext -- Initializing Spring TestDispatcherServlet ''
03:38:00.678 [main] INFO org.springframework.test.web.servlet.TestDispatcherServlet -- Initializing Servlet ''
03:38:00.679 [main] INFO org.springframework.test.web.servlet.TestDispatcherServlet -- Completed initialization in 1 ms
03:38:00.719 [main] INFO org.springframework.mock.web.MockServletContext -- Initializing Spring TestDispatcherServlet ''
03:38:00.719 [main] INFO org.springframework.test.web.servlet.TestDispatcherServlet -- Initializing Servlet ''
03:38:00.721 [main] INFO org.springframework.test.web.servlet.TestDispatcherServlet -- Completed initialization in 2 ms
03:38:00.758 [main] INFO org.springframework.mock.web.MockServletContext -- Initializing Spring TestDispatcherServlet ''
03:38:00.758 [main] INFO org.springframework.test.web.servlet.TestDispatcherServlet -- Initializing Servlet ''
03:38:00.759 [main] INFO org.springframework.test.web.servlet.TestDispatcherServlet -- Completed initialization in 0 ms
03:38:00.812 [main] INFO org.springframework.mock.web.MockServletContext -- Initializing Spring TestDispatcherServlet ''
03:38:00.812 [main] INFO org.springframework.test.web.servlet.TestDispatcherServlet -- Initializing Servlet ''
03:38:00.812 [main] INFO org.springframework.test.web.servlet.TestDispatcherServlet -- Completed initialization in 0 ms
03:38:00.843 [main] INFO org.springframework.mock.web.MockServletContext -- Initializing Spring TestDispatcherServlet ''
03:38:00.843 [main] INFO org.springframework.test.web.servlet.TestDispatcherServlet -- Initializing Servlet ''
03:38:00.843 [main] INFO org.springframework.test.web.servlet.TestDispatcherServlet -- Completed initialization in 0 ms
[INFO] Tests run: 7, Failures: 0, Errors: 0, Skipped: 0, Time elapsed: 0.326 s -- in org.namewta.test.openapi.gateway.OpenApiGatewayE2ETest
[INFO] Running org.namewta.test.openapi.invalidation.IdentityOpenApiSessionInvalidationTest
[INFO] Tests run: 6, Failures: 0, Errors: 0, Skipped: 0, Time elapsed: 0.171 s -- in org.namewta.test.openapi.invalidation.IdentityOpenApiSessionInvalidationTest
[INFO] Running org.namewta.test.openapi.invalidation.RbacOpenApiSessionInvalidationTest
[INFO] Tests run: 5, Failures: 0, Errors: 0, Skipped: 0, Time elapsed: 0.513 s -- in org.namewta.test.openapi.invalidation.RbacOpenApiSessionInvalidationTest
[INFO] Running org.namewta.test.openapi.catalog.SystemOpenApiCatalogTest
03:38:01.821 [main] INFO org.springframework.mock.web.MockServletContext -- Initializing Spring TestDispatcherServlet ''
03:38:01.821 [main] INFO org.springframework.test.web.servlet.TestDispatcherServlet -- Initializing Servlet ''
03:38:01.821 [main] INFO org.springframework.test.web.servlet.TestDispatcherServlet -- Completed initialization in 0 ms
[INFO] Tests run: 2, Failures: 0, Errors: 0, Skipped: 0, Time elapsed: 0.295 s -- in org.namewta.test.openapi.catalog.SystemOpenApiCatalogTest
[INFO] Running org.namewta.test.cache.invalidation.ClusterCacheInvalidationCoordinatorUnitTest
[INFO] Tests run: 4, Failures: 0, Errors: 0, Skipped: 0, Time elapsed: 0.011 s -- in org.namewta.test.cache.invalidation.ClusterCacheInvalidationCoordinatorUnitTest
[INFO] Running org.namewta.test.cache.invalidation.ClusterCacheInvalidationRedisIntegrationTest
[WARNING] Tests run: 2, Failures: 0, Errors: 0, Skipped: 2, Time elapsed: 0.002 s -- in org.namewta.test.cache.invalidation.ClusterCacheInvalidationRedisIntegrationTest
[INFO] Running org.namewta.test.workflow.WorkflowTaskEngineIntegrationTest
[WARNING] Tests run: 1, Failures: 0, Errors: 0, Skipped: 1, Time elapsed: 0 s -- in org.namewta.test.workflow.WorkflowTaskEngineIntegrationTest
[INFO] Running org.namewta.test.third.schema.ThirdSchemaContractTest
[INFO] Tests run: 1, Failures: 0, Errors: 0, Skipped: 0, Time elapsed: 0.002 s -- in org.namewta.test.third.schema.ThirdSchemaContractTest
[INFO] Running org.namewta.test.third.schema.ThirdSchemaMySqlIntegrationTest
[WARNING] Tests run: 1, Failures: 0, Errors: 0, Skipped: 1, Time elapsed: 0.001 s -- in org.namewta.test.third.schema.ThirdSchemaMySqlIntegrationTest
[INFO] Running org.namewta.test.third.ThirdLimitConfigurationIntegrationTest
[WARNING] Tests run: 1, Failures: 0, Errors: 0, Skipped: 1, Time elapsed: 0 s -- in org.namewta.test.third.ThirdLimitConfigurationIntegrationTest
[INFO] Running org.namewta.test.third.ThirdResilienceRecoveryIntegrationTest
[WARNING] Tests run: 11, Failures: 0, Errors: 0, Skipped: 11, Time elapsed: 0.019 s -- in org.namewta.test.third.ThirdResilienceRecoveryIntegrationTest
[INFO] Running org.namewta.test.controller.IndexControllerUnitTest
[INFO] Tests run: 1, Failures: 0, Errors: 0, Skipped: 0, Time elapsed: 0.010 s -- in org.namewta.test.controller.IndexControllerUnitTest
[INFO] Running org.namewta.test.sso.SsoCorsProfileBindingTest
03:38:02.160 [main] WARN org.springframework.context.annotation.AnnotationConfigApplicationContext -- Exception encountered during context initialization - cancelling refresh attempt: org.springframework.beans.factory.BeanCreationException: Error creating bean with name 'corsFilter' defined in org.namewta.common.web.config.ResourcesConfig: Failed to instantiate [org.springframework.web.filter.CorsFilter]: Factory method 'corsFilter' threw exception with message: CORS requires exact HTTP(S) origins without wildcards
[INFO] Tests run: 4, Failures: 0, Errors: 0, Skipped: 0, Time elapsed: 0.395 s -- in org.namewta.test.sso.SsoCorsProfileBindingTest
[INFO] Running org.namewta.test.sso.SsoHttpsSessionIntegrationTest
[WARNING] Tests run: 1, Failures: 0, Errors: 0, Skipped: 1, Time elapsed: 0.003 s -- in org.namewta.test.sso.SsoHttpsSessionIntegrationTest
[INFO] Running org.namewta.test.system.service.SysClientDefaultRoleResolverServiceImplUnitTest
[INFO] Tests run: 6, Failures: 0, Errors: 0, Skipped: 0, Time elapsed: 0.031 s -- in org.namewta.test.system.service.SysClientDefaultRoleResolverServiceImplUnitTest
[INFO] Running org.namewta.test.config.LocalConfigurationUnitTest
03:38:02.360 [main] WARN org.springframework.context.annotation.AnnotationConfigApplicationContext -- Exception encountered during context initialization - cancelling refresh attempt: org.springframework.beans.factory.BeanCreationException: Error creating bean with name 'credentials' defined in org.namewta.test.config.LocalConfigurationUnitTest$CredentialProbe: Failed to instantiate [org.namewta.test.config.LocalConfigurationUnitTest$Credentials]: Factory method 'credentials' threw exception with message: Could not resolve placeholder 'DB_PASSWORD' in value "${DB_PASSWORD}"
03:38:02.398 [main] WARN org.springframework.context.annotation.AnnotationConfigApplicationContext -- Exception encountered during context initialization - cancelling refresh attempt: org.springframework.beans.factory.BeanCreationException: Error creating bean with name 'credentials' defined in org.namewta.test.config.LocalConfigurationUnitTest$CredentialProbe: Failed to instantiate [org.namewta.test.config.LocalConfigurationUnitTest$Credentials]: Factory method 'credentials' threw exception with message: Could not resolve placeholder 'REDIS_PASSWORD' in value "${REDIS_PASSWORD}"
[INFO] Tests run: 3, Failures: 0, Errors: 0, Skipped: 0, Time elapsed: 0.077 s -- in org.namewta.test.config.LocalConfigurationUnitTest
[INFO] Running org.namewta.test.airetirement.AiRetirementMySqlIntegrationTest
[WARNING] Tests run: 1, Failures: 0, Errors: 0, Skipped: 1, Time elapsed: 0 s -- in org.namewta.test.airetirement.AiRetirementMySqlIntegrationTest
[INFO] 
[INFO] Results:
[INFO] 
[ERROR] Failures: 
[ERROR]   LoginUserAgentUnitTest.loginInfoConsumerStillPersistsSuccessAndClientFields:93->runIsolated:111 [isolated audit/blank outcome=HARNESS
org.mockito.exceptions.base.MockitoException
org.namewta.test.auth.LoginUserAgentUnitTest.checkLoginInfo:285
org.namewta.test.auth.LoginUserAgentUnitTest.main:155
org.mockito.exceptions.base.MockitoException
net.bytebuddy.TypeCache.findOrInsert:172
net.bytebuddy.TypeCache$WithInlineExpunction.findOrInsert:403
net.bytebuddy.TypeCache.findOrInsert:194
net.bytebuddy.TypeCache$WithInlineExpunction.findOrInsert:414
org.namewta.test.auth.LoginUserAgentUnitTest.checkLoginInfo:285
org.namewta.test.auth.LoginUserAgentUnitTest.main:155
java.lang.IllegalStateException
org.mockito.internal.creation.bytebuddy.InlineBytecodeGenerator.triggerRetransformation:310
org.mockito.internal.creation.bytebuddy.InlineBytecodeGenerator.mockClass:239
org.mockito.internal.creation.bytebuddy.TypeCachingBytecodeGenerator.lambda$mockClass$0:78
net.bytebuddy.TypeCache.findOrInsert:172
net.bytebuddy.TypeCache$WithInlineExpunction.findOrInsert:403
net.bytebuddy.TypeCache.findOrInsert:194
net.bytebuddy.TypeCache$WithInlineExpunction.findOrInsert:414
org.mockito.internal.creation.bytebuddy.TypeCachingBytecodeGenerator.mockClass:75
org.mockito.internal.creation.bytebuddy.InlineDelegateByteBuddyMockMaker.createMockType:434
org.mockito.internal.creation.bytebuddy.InlineDelegateByteBuddyMockMaker.doCreateMock:393
org.mockito.internal.creation.bytebuddy.InlineDelegateByteBuddyMockMaker.createMock:372
org.mockito.internal.creation.bytebuddy.InlineByteBuddyMockMaker.createMock:56
org.mockito.internal.util.MockUtil.createMock:99
org.mockito.internal.MockitoCore.mock:80
org.mockito.Mockito.mock:2235
org.mockito.Mockito.mock:2150
org.namewta.test.auth.LoginUserAgentUnitTest.checkLoginInfo:285
org.namewta.test.auth.LoginUserAgentUnitTest.main:155
java.lang.TypeNotPresentException
sun.reflect.generics.factory.CoreReflectionFactory.makeNamedType:117
sun.reflect.generics.visitor.Reifier.visitClassTypeSignature:125
sun.reflect.generics.tree.ClassTypeSignature.accept:49
sun.reflect.generics.visitor.Reifier.reifyTypeArguments:68
sun.reflect.generics.visitor.Reifier.visitClassTypeSignature:138
sun.reflect.generics.tree.ClassTypeSignature.accept:49
sun.reflect.generics.repository.ClassRepository.computeSuperInterfaces:117
sun.reflect.generics.repository.ClassRepository.getSuperInterfaces:95
java.lang.Class.getGenericInterfaces:1298
net.bytebuddy.description.type.TypeList$Generic$OfLoadedInterfaceTypes$TypeProjection.resolve:844
net.bytebuddy.description.type.TypeDescription$Generic$LazyProjection.accept:6400
net.bytebuddy.description.type.TypeList$Generic$AbstractBase.accept:324
net.bytebuddy.dynamic.scaffold.InstrumentedType$Factory$Default$1.represent:464
net.bytebuddy.ByteBuddy.redefine:1001
net.bytebuddy.ByteBuddy.redefine:976
org.mockito.internal.creation.bytebuddy.InlineBytecodeGenerator.transform:415
java.lang.instrument.ClassFileTransformer.transform:244
sun.instrument.TransformerManager.transform:188
sun.instrument.InstrumentationImpl.transform:610
sun.instrument.InstrumentationImpl.retransformClasses0:-2
sun.instrument.InstrumentationImpl.retransformClasses:225
org.mockito.internal.creation.bytebuddy.InlineBytecodeGenerator.triggerRetransformation:306
org.mockito.internal.creation.bytebuddy.InlineBytecodeGenerator.mockClass:239
org.mockito.internal.creation.bytebuddy.TypeCachingBytecodeGenerator.lambda$mockClass$0:78
net.bytebuddy.TypeCache.findOrInsert:172
net.bytebuddy.TypeCache$WithInlineExpunction.findOrInsert:403
net.bytebuddy.TypeCache.findOrInsert:194
net.bytebuddy.TypeCache$WithInlineExpunction.findOrInsert:414
org.mockito.internal.creation.bytebuddy.TypeCachingBytecodeGenerator.mockClass:75
org.mockito.internal.creation.bytebuddy.InlineDelegateByteBuddyMockMaker.createMockType:434
org.mockito.internal.creation.bytebuddy.InlineDelegateByteBuddyMockMaker.doCreateMock:393
org.mockito.internal.creation.bytebuddy.InlineDelegateByteBuddyMockMaker.createMock:372
org.mockito.internal.creation.bytebuddy.InlineByteBuddyMockMaker.createMock:56
org.mockito.internal.util.MockUtil.createMock:99
org.mockito.internal.MockitoCore.mock:80
org.mockito.Mockito.mock:2235
org.mockito.Mockito.mock:2150
org.namewta.test.auth.LoginUserAgentUnitTest.checkLoginInfo:285
org.namewta.test.auth.LoginUserAgentUnitTest.main:155
java.lang.ClassNotFoundException
jdk.internal.loader.BuiltinClassLoader.loadClass:641
jdk.internal.loader.ClassLoaders$AppClassLoader.loadClass:188
java.lang.ClassLoader.loadClass:526
java.lang.Class.forName0:-2
java.lang.Class.forName:536
java.lang.Class.forName:515
sun.reflect.generics.factory.CoreReflectionFactory.makeNamedType:114
sun.reflect.generics.visitor.Reifier.visitClassTypeSignature:125
sun.reflect.generics.tree.ClassTypeSignature.accept:49
sun.reflect.generics.visitor.Reifier.reifyTypeArguments:68
sun.reflect.generics.visitor.Reifier.visitClassTypeSignature:138
sun.reflect.generics.tree.ClassTypeSignature.accept:49
sun.reflect.generics.repository.ClassRepository.computeSuperInterfaces:117
sun.reflect.generics.repository.ClassRepository.getSuperInterfaces:95
java.lang.Class.getGenericInterfaces:1298
net.bytebuddy.description.type.TypeList$Generic$OfLoadedInterfaceTypes$TypeProjection.resolve:844
net.bytebuddy.description.type.TypeDescription$Generic$LazyProjection.accept:6400
net.bytebuddy.description.type.TypeList$Generic$AbstractBase.accept:324
net.bytebuddy.dynamic.scaffold.InstrumentedType$Factory$Default$1.represent:464
net.bytebuddy.ByteBuddy.redefine:1001
net.bytebuddy.ByteBuddy.redefine:976
org.mockito.internal.creation.bytebuddy.InlineBytecodeGenerator.transform:415
java.lang.instrument.ClassFileTransformer.transform:244
sun.instrument.TransformerManager.transform:188
sun.instrument.InstrumentationImpl.transform:610
sun.instrument.InstrumentationImpl.retransformClasses0:-2
sun.instrument.InstrumentationImpl.retransformClasses:225
org.mockito.internal.creation.bytebuddy.InlineBytecodeGenerator.triggerRetransformation:306
org.mockito.internal.creation.bytebuddy.InlineBytecodeGenerator.mockClass:239
org.mockito.internal.creation.bytebuddy.TypeCachingBytecodeGenerator.lambda$mockClass$0:78
net.bytebuddy.TypeCache.findOrInsert:172
net.bytebuddy.TypeCache$WithInlineExpunction.findOrInsert:403
net.bytebuddy.TypeCache.findOrInsert:194
net.bytebuddy.TypeCache$WithInlineExpunction.findOrInsert:414
org.mockito.internal.creation.bytebuddy.TypeCachingBytecodeGenerator.mockClass:75
org.mockito.internal.creation.bytebuddy.InlineDelegateByteBuddyMockMaker.createMockType:434
org.mockito.internal.creation.bytebuddy.InlineDelegateByteBuddyMockMaker.doCreateMock:393
org.mockito.internal.creation.bytebuddy.InlineDelegateByteBuddyMockMaker.createMock:372
org.mockito.internal.creation.bytebuddy.InlineByteBuddyMockMaker.createMock:56
org.mockito.internal.util.MockUtil.createMock:99
org.mockito.internal.MockitoCore.mock:80
org.mockito.Mockito.mock:2235
org.mockito.Mockito.mock:2150
org.namewta.test.auth.LoginUserAgentUnitTest.checkLoginInfo:285
org.namewta.test.auth.LoginUserAgentUnitTest.main:155] 
expected: 0
 but was: 1
[ERROR]   LoginUserAgentUnitTest.loginInfoConsumerStillPersistsSuccessAndClientFields:93->runIsolated:111 [isolated audit/chrome outcome=OK] 
expected: 0
 but was: 1
[ERROR]   LoginUserAgentUnitTest.publicLoginKeepsPreviouslyKnownBrowserAndOsWithoutHeader:81->runIsolated:111 [isolated existing/missing outcome=OK] 
expected: 0
 but was: 1
[ERROR]   LoginUserAgentUnitTest.publicLoginPreservesExistingContextAndFillsBrowserAndOs:76->runIsolated:111 [isolated login/missing outcome=OK] 
expected: 0
 but was: 1
[ERROR]   LoginUserAgentUnitTest.publicLoginPreservesExistingContextAndFillsBrowserAndOs:76->runIsolated:111 [isolated login/blank outcome=OK] 
expected: 0
 but was: 1
[ERROR]   LoginUserAgentUnitTest.publicLoginPreservesExistingContextAndFillsBrowserAndOs:76->runIsolated:111 [isolated login/chrome outcome=OK] 
expected: 0
 but was: 1
[ERROR]   LoginUserAgentUnitTest.successListenerStillWritesOnlineStateAndLoginAudit:87->runIsolated:111 [isolated listener/missing outcome=OK] 
expected: 0
 but was: 1
[ERROR]   LoginUserAgentUnitTest.successListenerStillWritesOnlineStateAndLoginAudit:87->runIsolated:111 [isolated listener/blank outcome=OK] 
expected: 0
 but was: 1
[ERROR]   LoginUserAgentUnitTest.successListenerStillWritesOnlineStateAndLoginAudit:87->runIsolated:111 [isolated listener/chrome outcome=OK] 
expected: 0
 but was: 1
[INFO] 
[ERROR] Tests run: 714, Failures: 9, Errors: 0, Skipped: 242
[INFO] 
[INFO] ------------------------------------------------------------------------
[INFO] Reactor Summary for WTA-Plus 6.0.0:
[INFO] 
[INFO] WTA-Plus ........................................... SUCCESS [  0.235 s]
[INFO] wta-common ......................................... SUCCESS [  0.080 s]
[INFO] wta-common-core .................................... SUCCESS [  3.655 s]
[INFO] wta-common-doc ..................................... SUCCESS [  0.760 s]
[INFO] wta-common-json .................................... SUCCESS [  1.696 s]
[INFO] wta-common-redis ................................... SUCCESS [  1.910 s]
[INFO] wta-common-social .................................. SUCCESS [  0.458 s]
[INFO] wta-common-nacos ................................... SUCCESS [  2.026 s]
[INFO] wta-common-notify .................................. SUCCESS [  0.499 s]
[INFO] wta-common-mail .................................... SUCCESS [  0.512 s]
[INFO] wta-common-mcp ..................................... SUCCESS [  0.396 s]
[INFO] wta-api ............................................ SUCCESS [  0.804 s]
[INFO] wta-common-satoken ................................. SUCCESS [  0.337 s]
[INFO] wta-common-openapi ................................. SUCCESS [  4.745 s]
[INFO] wta-common-mybatis ................................. SUCCESS [  1.002 s]
[INFO] wta-common-translation ............................. SUCCESS [  0.408 s]
[INFO] wta-common-oss ..................................... SUCCESS [  2.362 s]
[INFO] wta-common-log ..................................... SUCCESS [  1.528 s]
[INFO] wta-common-excel ................................... SUCCESS [  0.612 s]
[INFO] wta-common-sms ..................................... SUCCESS [  7.080 s]
[INFO] wta-common-security ................................ SUCCESS [  0.343 s]
[INFO] wta-common-web ..................................... SUCCESS [  3.746 s]
[INFO] wta-common-sensitive ............................... SUCCESS [  0.289 s]
[INFO] wta-common-encrypt ................................. SUCCESS [  0.483 s]
[INFO] wta-common-push .................................... SUCCESS [  1.170 s]
[INFO] wta-modules ........................................ SUCCESS [  0.024 s]
[INFO] wta-system ......................................... SUCCESS [  7.834 s]
[INFO] wta-third .......................................... SUCCESS [  1.837 s]
[INFO] wta-notify ......................................... SUCCESS [  5.444 s]
[INFO] wta-sso ............................................ SUCCESS [  2.346 s]
[INFO] wta-common-job ..................................... SUCCESS [  0.346 s]
[INFO] wta-job ............................................ SUCCESS [  0.398 s]
[INFO] wta-common-ai ...................................... SUCCESS [  0.041 s]
[INFO] wta-ai ............................................. SUCCESS [  0.037 s]
[INFO] wta-common-richtext ................................ SUCCESS [  1.244 s]
[INFO] wta-common-elasticsearch ........................... SUCCESS [  0.297 s]
[INFO] wta-common-mqtt .................................... SUCCESS [  0.283 s]
[INFO] wta-demo ........................................... SUCCESS [  2.784 s]
[INFO] wta-common-liteflow ................................ SUCCESS [  0.376 s]
[INFO] wta-workflow ....................................... SUCCESS [  2.762 s]
[INFO] wta-profile ........................................ SUCCESS [  0.031 s]
[INFO] wta-profile-person ................................. SUCCESS [ 12.489 s]
[INFO] wta-profile-enterprise ............................. SUCCESS [ 11.349 s]
[INFO] wta-admin .......................................... FAILURE [01:07 min]
[INFO] wta-common-bom ..................................... SKIPPED
[INFO] wta-extend ......................................... SKIPPED
[INFO] wta-monitor-admin .................................. SKIPPED
[INFO] wta-snailjob-server ................................ SKIPPED
[INFO] wta-profile-bom .................................... SKIPPED
[INFO] ------------------------------------------------------------------------
[INFO] BUILD FAILURE
[INFO] ------------------------------------------------------------------------
[INFO] Total time:  02:34 min
[INFO] Finished at: 2026-09-24T03:38:02-04:00
[INFO] ------------------------------------------------------------------------
[ERROR] Failed to execute goal org.apache.maven.plugins:maven-surefire-plugin:3.5.5:test (default-test) on project wta-admin: There are test failures.
[ERROR] 
[ERROR] See /srv/WTA-plus/backend/wta-admin/target/surefire-reports for the individual test results.
[ERROR] See dump files (if any exist) [date].dump, [date]-jvmRun[N].dump and [date].dumpstream.
[ERROR] -> [Help 1]
[ERROR] 
[ERROR] To see the full stack trace of the errors, re-run Maven with the -e switch.
[ERROR] Re-run Maven using the -X switch to enable full debug logging.
[ERROR] 
[ERROR] For more information about the errors and possible solutions, please read the following articles:
[ERROR] [Help 1] http://cwiki.apache.org/confluence/display/MAVEN/MojoFailureException
[ERROR] 
[ERROR] After correcting the problems, you can resume the build with the command
[ERROR]   mvn <args> -rf :wta-admin
