Picked up JAVA_TOOL_OPTIONS: -Xms128m -Xmx1536m
[INFO] Scanning for projects...
[INFO] ------------------------------------------------------------------------
[INFO] Reactor Build Order:
[INFO] 
[INFO] WTA-Plus                                                           [pom]
[INFO] wta-common                                                         [pom]
[INFO] wta-common-core                                                    [jar]
[INFO] wta-common-doc                                                     [jar]
[INFO] wta-common-json                                                    [jar]
[INFO] wta-common-redis                                                   [jar]
[INFO] wta-common-social                                                  [jar]
[INFO] wta-common-nacos                                                   [jar]
[INFO] wta-common-notify                                                  [jar]
[INFO] wta-common-mail                                                    [jar]
[INFO] wta-common-mcp                                                     [jar]
[INFO] wta-api                                                            [jar]
[INFO] wta-common-satoken                                                 [jar]
[INFO] wta-common-openapi                                                 [jar]
[INFO] wta-common-mybatis                                                 [jar]
[INFO] wta-common-translation                                             [jar]
[INFO] wta-common-oss                                                     [jar]
[INFO] wta-common-log                                                     [jar]
[INFO] wta-common-excel                                                   [jar]
[INFO] wta-common-sms                                                     [jar]
[INFO] wta-common-security                                                [jar]
[INFO] wta-common-web                                                     [jar]
[INFO] wta-common-sensitive                                               [jar]
[INFO] wta-common-encrypt                                                 [jar]
[INFO] wta-common-push                                                    [jar]
[INFO] wta-modules                                                        [pom]
[INFO] wta-system                                                         [jar]
[INFO] wta-third                                                          [jar]
[INFO] wta-notify                                                         [jar]
[INFO] wta-sso                                                            [jar]
[INFO] wta-common-job                                                     [jar]
[INFO] wta-job                                                            [jar]
[INFO] wta-common-ai                                                      [jar]
[INFO] wta-ai                                                             [jar]
[INFO] wta-common-richtext                                                [jar]
[INFO] wta-common-elasticsearch                                           [jar]
[INFO] wta-common-mqtt                                                    [jar]
[INFO] wta-demo                                                           [jar]
[INFO] wta-common-liteflow                                                [jar]
[INFO] wta-workflow                                                       [jar]
[INFO] wta-profile                                                        [pom]
[INFO] wta-profile-person                                                 [jar]
[INFO] wta-profile-enterprise                                             [jar]
[INFO] wta-admin                                                          [jar]
[INFO] 
[INFO] ----------------------< org.namewta:wta-vue-plus >----------------------
[INFO] Building WTA-Plus 6.0.0                                           [1/44]
[INFO]   from pom.xml
[INFO] --------------------------------[ pom ]---------------------------------
[INFO] 
[INFO] --- flatten:1.7.3:flatten (flatten) @ wta-vue-plus ---
[INFO] Generating flattened POM of project org.namewta:wta-vue-plus:pom:6.0.0...
[INFO] 
[INFO] -----------------------< org.namewta:wta-common >-----------------------
[INFO] Building wta-common 6.0.0                                         [2/44]
[INFO]   from wta-common/pom.xml
[INFO] --------------------------------[ pom ]---------------------------------
[INFO] 
[INFO] --- flatten:1.7.3:flatten (flatten) @ wta-common ---
[INFO] Generating flattened POM of project org.namewta:wta-common:pom:6.0.0...
[INFO] 
[INFO] --------------------< org.namewta:wta-common-core >---------------------
[INFO] Building wta-common-core 6.0.0                                    [3/44]
[INFO]   from wta-common/wta-common-core/pom.xml
[INFO] --------------------------------[ jar ]---------------------------------
[INFO] 
[INFO] --- resources:3.3.1:resources (default-resources) @ wta-common-core ---
[INFO] Copying 1 resource from src/main/resources to target/classes
[INFO] Copying 0 resource from src/main/resources to target/classes
[INFO] 
[INFO] --- flatten:1.7.3:flatten (flatten) @ wta-common-core ---
[INFO] Generating flattened POM of project org.namewta:wta-common-core:jar:6.0.0...
[INFO] 
[INFO] --- compiler:3.15.0:compile (default-compile) @ wta-common-core ---
[INFO] Nothing to compile - all classes are up to date.
[INFO] 
[INFO] --- resources:3.3.1:testResources (default-testResources) @ wta-common-core ---
[INFO] skip non existing resourceDirectory /srv/WTA-plus/backend/wta-common/wta-common-core/src/test/resources
[INFO] 
[INFO] --- compiler:3.15.0:testCompile (default-testCompile) @ wta-common-core ---
[INFO] Nothing to compile - all classes are up to date.
[INFO] 
[INFO] --- surefire:3.5.5:test (default-test) @ wta-common-core ---
[INFO] 
[INFO] ---------------------< org.namewta:wta-common-doc >---------------------
[INFO] Building wta-common-doc 6.0.0                                     [4/44]
[INFO]   from wta-common/wta-common-doc/pom.xml
[INFO] --------------------------------[ jar ]---------------------------------
[INFO] 
[INFO] --- resources:3.3.1:resources (default-resources) @ wta-common-doc ---
[INFO] Copying 1 resource from src/main/resources to target/classes
[INFO] Copying 0 resource from src/main/resources to target/classes
[INFO] 
[INFO] --- flatten:1.7.3:flatten (flatten) @ wta-common-doc ---
[INFO] Generating flattened POM of project org.namewta:wta-common-doc:jar:6.0.0...
[INFO] 
[INFO] --- compiler:3.15.0:compile (default-compile) @ wta-common-doc ---
[INFO] Nothing to compile - all classes are up to date.
[INFO] 
[INFO] --- resources:3.3.1:testResources (default-testResources) @ wta-common-doc ---
[INFO] skip non existing resourceDirectory /srv/WTA-plus/backend/wta-common/wta-common-doc/src/test/resources
[INFO] 
[INFO] --- compiler:3.15.0:testCompile (default-testCompile) @ wta-common-doc ---
[INFO] No sources to compile
[INFO] 
[INFO] --- surefire:3.5.5:test (default-test) @ wta-common-doc ---
[INFO] No tests to run.
[INFO] 
[INFO] --------------------< org.namewta:wta-common-json >---------------------
[INFO] Building wta-common-json 6.0.0                                    [5/44]
[INFO]   from wta-common/wta-common-json/pom.xml
[INFO] --------------------------------[ jar ]---------------------------------
[INFO] 
[INFO] --- resources:3.3.1:resources (default-resources) @ wta-common-json ---
[INFO] Copying 1 resource from src/main/resources to target/classes
[INFO] Copying 0 resource from src/main/resources to target/classes
[INFO] 
[INFO] --- flatten:1.7.3:flatten (flatten) @ wta-common-json ---
[INFO] Generating flattened POM of project org.namewta:wta-common-json:jar:6.0.0...
[INFO] 
[INFO] --- compiler:3.15.0:compile (default-compile) @ wta-common-json ---
[INFO] Nothing to compile - all classes are up to date.
[INFO] 
[INFO] --- resources:3.3.1:testResources (default-testResources) @ wta-common-json ---
[INFO] skip non existing resourceDirectory /srv/WTA-plus/backend/wta-common/wta-common-json/src/test/resources
[INFO] 
[INFO] --- compiler:3.15.0:testCompile (default-testCompile) @ wta-common-json ---
[INFO] Nothing to compile - all classes are up to date.
[INFO] 
[INFO] --- surefire:3.5.5:test (default-test) @ wta-common-json ---
[INFO] 
[INFO] --------------------< org.namewta:wta-common-redis >--------------------
[INFO] Building wta-common-redis 6.0.0                                   [6/44]
[INFO]   from wta-common/wta-common-redis/pom.xml
[INFO] --------------------------------[ jar ]---------------------------------
[INFO] 
[INFO] --- resources:3.3.1:resources (default-resources) @ wta-common-redis ---
[INFO] Copying 2 resources from src/main/resources to target/classes
[INFO] Copying 0 resource from src/main/resources to target/classes
[INFO] 
[INFO] --- flatten:1.7.3:flatten (flatten) @ wta-common-redis ---
[INFO] Generating flattened POM of project org.namewta:wta-common-redis:jar:6.0.0...
[INFO] 
[INFO] --- compiler:3.15.0:compile (default-compile) @ wta-common-redis ---
[INFO] Nothing to compile - all classes are up to date.
[INFO] 
[INFO] --- resources:3.3.1:testResources (default-testResources) @ wta-common-redis ---
[INFO] skip non existing resourceDirectory /srv/WTA-plus/backend/wta-common/wta-common-redis/src/test/resources
[INFO] 
[INFO] --- compiler:3.15.0:testCompile (default-testCompile) @ wta-common-redis ---
[INFO] Nothing to compile - all classes are up to date.
[INFO] 
[INFO] --- surefire:3.5.5:test (default-test) @ wta-common-redis ---
[INFO] 
[INFO] -------------------< org.namewta:wta-common-social >--------------------
[INFO] Building wta-common-social 6.0.0                                  [7/44]
[INFO]   from wta-common/wta-common-social/pom.xml
[INFO] --------------------------------[ jar ]---------------------------------
[INFO] 
[INFO] --- resources:3.3.1:resources (default-resources) @ wta-common-social ---
[INFO] Copying 1 resource from src/main/resources to target/classes
[INFO] Copying 0 resource from src/main/resources to target/classes
[INFO] 
[INFO] --- flatten:1.7.3:flatten (flatten) @ wta-common-social ---
[INFO] Generating flattened POM of project org.namewta:wta-common-social:jar:6.0.0...
[INFO] 
[INFO] --- compiler:3.15.0:compile (default-compile) @ wta-common-social ---
[INFO] Nothing to compile - all classes are up to date.
[INFO] 
[INFO] --- resources:3.3.1:testResources (default-testResources) @ wta-common-social ---
[INFO] skip non existing resourceDirectory /srv/WTA-plus/backend/wta-common/wta-common-social/src/test/resources
[INFO] 
[INFO] --- compiler:3.15.0:testCompile (default-testCompile) @ wta-common-social ---
[INFO] No sources to compile
[INFO] 
[INFO] --- surefire:3.5.5:test (default-test) @ wta-common-social ---
[INFO] No tests to run.
[INFO] 
[INFO] --------------------< org.namewta:wta-common-nacos >--------------------
[INFO] Building wta-common-nacos 6.0.0                                   [8/44]
[INFO]   from wta-common/wta-common-nacos/pom.xml
[INFO] --------------------------------[ jar ]---------------------------------
[INFO] 
[INFO] --- resources:3.3.1:resources (default-resources) @ wta-common-nacos ---
[INFO] Copying 2 resources from src/main/resources to target/classes
[INFO] Copying 0 resource from src/main/resources to target/classes
[INFO] 
[INFO] --- flatten:1.7.3:flatten (flatten) @ wta-common-nacos ---
[INFO] Generating flattened POM of project org.namewta:wta-common-nacos:jar:6.0.0...
[INFO] 
[INFO] --- compiler:3.15.0:compile (default-compile) @ wta-common-nacos ---
[INFO] Nothing to compile - all classes are up to date.
[INFO] 
[INFO] --- resources:3.3.1:testResources (default-testResources) @ wta-common-nacos ---
[INFO] skip non existing resourceDirectory /srv/WTA-plus/backend/wta-common/wta-common-nacos/src/test/resources
[INFO] 
[INFO] --- compiler:3.15.0:testCompile (default-testCompile) @ wta-common-nacos ---
[INFO] Nothing to compile - all classes are up to date.
[INFO] 
[INFO] --- surefire:3.5.5:test (default-test) @ wta-common-nacos ---
[INFO] 
[INFO] -------------------< org.namewta:wta-common-notify >--------------------
[INFO] Building wta-common-notify 6.0.0                                  [9/44]
[INFO]   from wta-common/wta-common-notify/pom.xml
[INFO] --------------------------------[ jar ]---------------------------------
[INFO] 
[INFO] --- resources:3.3.1:resources (default-resources) @ wta-common-notify ---
[INFO] Copying 1 resource from src/main/resources to target/classes
[INFO] Copying 0 resource from src/main/resources to target/classes
[INFO] 
[INFO] --- flatten:1.7.3:flatten (flatten) @ wta-common-notify ---
[INFO] Generating flattened POM of project org.namewta:wta-common-notify:jar:6.0.0...
[INFO] 
[INFO] --- compiler:3.15.0:compile (default-compile) @ wta-common-notify ---
[INFO] Nothing to compile - all classes are up to date.
[INFO] 
[INFO] --- resources:3.3.1:testResources (default-testResources) @ wta-common-notify ---
[INFO] skip non existing resourceDirectory /srv/WTA-plus/backend/wta-common/wta-common-notify/src/test/resources
[INFO] 
[INFO] --- compiler:3.15.0:testCompile (default-testCompile) @ wta-common-notify ---
[INFO] No sources to compile
[INFO] 
[INFO] --- surefire:3.5.5:test (default-test) @ wta-common-notify ---
[INFO] No tests to run.
[INFO] 
[INFO] --------------------< org.namewta:wta-common-mail >---------------------
[INFO] Building wta-common-mail 6.0.0                                   [10/44]
[INFO]   from wta-common/wta-common-mail/pom.xml
[INFO] --------------------------------[ jar ]---------------------------------
[INFO] 
[INFO] --- resources:3.3.1:resources (default-resources) @ wta-common-mail ---
[INFO] Copying 1 resource from src/main/resources to target/classes
[INFO] Copying 0 resource from src/main/resources to target/classes
[INFO] 
[INFO] --- flatten:1.7.3:flatten (flatten) @ wta-common-mail ---
[INFO] Generating flattened POM of project org.namewta:wta-common-mail:jar:6.0.0...
[INFO] 
[INFO] --- compiler:3.15.0:compile (default-compile) @ wta-common-mail ---
[INFO] Nothing to compile - all classes are up to date.
[INFO] 
[INFO] --- resources:3.3.1:testResources (default-testResources) @ wta-common-mail ---
[INFO] skip non existing resourceDirectory /srv/WTA-plus/backend/wta-common/wta-common-mail/src/test/resources
[INFO] 
[INFO] --- compiler:3.15.0:testCompile (default-testCompile) @ wta-common-mail ---
[INFO] No sources to compile
[INFO] 
[INFO] --- surefire:3.5.5:test (default-test) @ wta-common-mail ---
[INFO] No tests to run.
[INFO] 
[INFO] ---------------------< org.namewta:wta-common-mcp >---------------------
[INFO] Building wta-common-mcp 6.0.0                                    [11/44]
[INFO]   from wta-common/wta-common-mcp/pom.xml
[INFO] --------------------------------[ jar ]---------------------------------
[INFO] 
[INFO] --- resources:3.3.1:resources (default-resources) @ wta-common-mcp ---
[INFO] Copying 1 resource from src/main/resources to target/classes
[INFO] Copying 0 resource from src/main/resources to target/classes
[INFO] 
[INFO] --- flatten:1.7.3:flatten (flatten) @ wta-common-mcp ---
[INFO] Generating flattened POM of project org.namewta:wta-common-mcp:jar:6.0.0...
[INFO] 
[INFO] --- compiler:3.15.0:compile (default-compile) @ wta-common-mcp ---
[INFO] Nothing to compile - all classes are up to date.
[INFO] 
[INFO] --- resources:3.3.1:testResources (default-testResources) @ wta-common-mcp ---
[INFO] skip non existing resourceDirectory /srv/WTA-plus/backend/wta-common/wta-common-mcp/src/test/resources
[INFO] 
[INFO] --- compiler:3.15.0:testCompile (default-testCompile) @ wta-common-mcp ---
[INFO] No sources to compile
[INFO] 
[INFO] --- surefire:3.5.5:test (default-test) @ wta-common-mcp ---
[INFO] No tests to run.
[INFO] 
[INFO] ------------------------< org.namewta:wta-api >-------------------------
[INFO] Building wta-api 6.0.0                                           [12/44]
[INFO]   from wta-api/pom.xml
[INFO] --------------------------------[ jar ]---------------------------------
[INFO] 
[INFO] --- resources:3.3.1:resources (default-resources) @ wta-api ---
[INFO] skip non existing resourceDirectory /srv/WTA-plus/backend/wta-api/src/main/resources
[INFO] skip non existing resourceDirectory /srv/WTA-plus/backend/wta-api/src/main/resources
[INFO] 
[INFO] --- flatten:1.7.3:flatten (flatten) @ wta-api ---
[INFO] Generating flattened POM of project org.namewta:wta-api:jar:6.0.0...
[INFO] 
[INFO] --- compiler:3.15.0:compile (default-compile) @ wta-api ---
[INFO] Nothing to compile - all classes are up to date.
[INFO] 
[INFO] --- resources:3.3.1:testResources (default-testResources) @ wta-api ---
[INFO] skip non existing resourceDirectory /srv/WTA-plus/backend/wta-api/src/test/resources
[INFO] 
[INFO] --- compiler:3.15.0:testCompile (default-testCompile) @ wta-api ---
[INFO] No sources to compile
[INFO] 
[INFO] --- surefire:3.5.5:test (default-test) @ wta-api ---
[INFO] No tests to run.
[INFO] 
[INFO] -------------------< org.namewta:wta-common-satoken >-------------------
[INFO] Building wta-common-satoken 6.0.0                                [13/44]
[INFO]   from wta-common/wta-common-satoken/pom.xml
[INFO] --------------------------------[ jar ]---------------------------------
[INFO] 
[INFO] --- resources:3.3.1:resources (default-resources) @ wta-common-satoken ---
[INFO] Copying 2 resources from src/main/resources to target/classes
[INFO] Copying 0 resource from src/main/resources to target/classes
[INFO] 
[INFO] --- flatten:1.7.3:flatten (flatten) @ wta-common-satoken ---
[INFO] Generating flattened POM of project org.namewta:wta-common-satoken:jar:6.0.0...
[INFO] 
[INFO] --- compiler:3.15.0:compile (default-compile) @ wta-common-satoken ---
[INFO] Nothing to compile - all classes are up to date.
[INFO] 
[INFO] --- resources:3.3.1:testResources (default-testResources) @ wta-common-satoken ---
[INFO] skip non existing resourceDirectory /srv/WTA-plus/backend/wta-common/wta-common-satoken/src/test/resources
[INFO] 
[INFO] --- compiler:3.15.0:testCompile (default-testCompile) @ wta-common-satoken ---
[INFO] No sources to compile
[INFO] 
[INFO] --- surefire:3.5.5:test (default-test) @ wta-common-satoken ---
[INFO] No tests to run.
[INFO] 
[INFO] -------------------< org.namewta:wta-common-openapi >-------------------
[INFO] Building wta-common-openapi 6.0.0                                [14/44]
[INFO]   from wta-common/wta-common-openapi/pom.xml
[INFO] --------------------------------[ jar ]---------------------------------
[INFO] 
[INFO] --- resources:3.3.1:resources (default-resources) @ wta-common-openapi ---
[INFO] Copying 1 resource from src/main/resources to target/classes
[INFO] Copying 0 resource from src/main/resources to target/classes
[INFO] 
[INFO] --- flatten:1.7.3:flatten (flatten) @ wta-common-openapi ---
[INFO] Generating flattened POM of project org.namewta:wta-common-openapi:jar:6.0.0...
[INFO] 
[INFO] --- compiler:3.15.0:compile (default-compile) @ wta-common-openapi ---
[INFO] Nothing to compile - all classes are up to date.
[INFO] 
[INFO] --- resources:3.3.1:testResources (default-testResources) @ wta-common-openapi ---
[INFO] skip non existing resourceDirectory /srv/WTA-plus/backend/wta-common/wta-common-openapi/src/test/resources
[INFO] 
[INFO] --- compiler:3.15.0:testCompile (default-testCompile) @ wta-common-openapi ---
[INFO] Nothing to compile - all classes are up to date.
[INFO] 
[INFO] --- surefire:3.5.5:test (default-test) @ wta-common-openapi ---
[INFO] 
[INFO] -------------------< org.namewta:wta-common-mybatis >-------------------
[INFO] Building wta-common-mybatis 6.0.0                                [15/44]
[INFO]   from wta-common/wta-common-mybatis/pom.xml
[INFO] --------------------------------[ jar ]---------------------------------
[INFO] 
[INFO] --- resources:3.3.1:resources (default-resources) @ wta-common-mybatis ---
[INFO] Copying 2 resources from src/main/resources to target/classes
[INFO] Copying 0 resource from src/main/resources to target/classes
[INFO] 
[INFO] --- flatten:1.7.3:flatten (flatten) @ wta-common-mybatis ---
[INFO] Generating flattened POM of project org.namewta:wta-common-mybatis:jar:6.0.0...
[INFO] 
[INFO] --- compiler:3.15.0:compile (default-compile) @ wta-common-mybatis ---
[INFO] Nothing to compile - all classes are up to date.
[INFO] 
[INFO] --- resources:3.3.1:testResources (default-testResources) @ wta-common-mybatis ---
[INFO] skip non existing resourceDirectory /srv/WTA-plus/backend/wta-common/wta-common-mybatis/src/test/resources
[INFO] 
[INFO] --- compiler:3.15.0:testCompile (default-testCompile) @ wta-common-mybatis ---
[INFO] No sources to compile
[INFO] 
[INFO] --- surefire:3.5.5:test (default-test) @ wta-common-mybatis ---
[INFO] No tests to run.
[INFO] 
[INFO] -----------------< org.namewta:wta-common-translation >-----------------
[INFO] Building wta-common-translation 6.0.0                            [16/44]
[INFO]   from wta-common/wta-common-translation/pom.xml
[INFO] --------------------------------[ jar ]---------------------------------
[INFO] 
[INFO] --- resources:3.3.1:resources (default-resources) @ wta-common-translation ---
[INFO] Copying 1 resource from src/main/resources to target/classes
[INFO] Copying 0 resource from src/main/resources to target/classes
[INFO] 
[INFO] --- flatten:1.7.3:flatten (flatten) @ wta-common-translation ---
[INFO] Generating flattened POM of project org.namewta:wta-common-translation:jar:6.0.0...
[INFO] 
[INFO] --- compiler:3.15.0:compile (default-compile) @ wta-common-translation ---
[INFO] Nothing to compile - all classes are up to date.
[INFO] 
[INFO] --- resources:3.3.1:testResources (default-testResources) @ wta-common-translation ---
[INFO] skip non existing resourceDirectory /srv/WTA-plus/backend/wta-common/wta-common-translation/src/test/resources
[INFO] 
[INFO] --- compiler:3.15.0:testCompile (default-testCompile) @ wta-common-translation ---
[INFO] No sources to compile
[INFO] 
[INFO] --- surefire:3.5.5:test (default-test) @ wta-common-translation ---
[INFO] No tests to run.
[INFO] 
[INFO] ---------------------< org.namewta:wta-common-oss >---------------------
[INFO] Building wta-common-oss 6.0.0                                    [17/44]
[INFO]   from wta-common/wta-common-oss/pom.xml
[INFO] --------------------------------[ jar ]---------------------------------
[INFO] 
[INFO] --- resources:3.3.1:resources (default-resources) @ wta-common-oss ---
[INFO] skip non existing resourceDirectory /srv/WTA-plus/backend/wta-common/wta-common-oss/src/main/resources
[INFO] skip non existing resourceDirectory /srv/WTA-plus/backend/wta-common/wta-common-oss/src/main/resources
[INFO] 
[INFO] --- flatten:1.7.3:flatten (flatten) @ wta-common-oss ---
[INFO] Generating flattened POM of project org.namewta:wta-common-oss:jar:6.0.0...
[INFO] 
[INFO] --- compiler:3.15.0:compile (default-compile) @ wta-common-oss ---
[INFO] Nothing to compile - all classes are up to date.
[INFO] 
[INFO] --- resources:3.3.1:testResources (default-testResources) @ wta-common-oss ---
[INFO] skip non existing resourceDirectory /srv/WTA-plus/backend/wta-common/wta-common-oss/src/test/resources
[INFO] 
[INFO] --- compiler:3.15.0:testCompile (default-testCompile) @ wta-common-oss ---
[INFO] No sources to compile
[INFO] 
[INFO] --- surefire:3.5.5:test (default-test) @ wta-common-oss ---
[INFO] No tests to run.
[INFO] 
[INFO] ---------------------< org.namewta:wta-common-log >---------------------
[INFO] Building wta-common-log 6.0.0                                    [18/44]
[INFO]   from wta-common/wta-common-log/pom.xml
[INFO] --------------------------------[ jar ]---------------------------------
[INFO] 
[INFO] --- resources:3.3.1:resources (default-resources) @ wta-common-log ---
[INFO] Copying 1 resource from src/main/resources to target/classes
[INFO] Copying 0 resource from src/main/resources to target/classes
[INFO] 
[INFO] --- flatten:1.7.3:flatten (flatten) @ wta-common-log ---
[INFO] Generating flattened POM of project org.namewta:wta-common-log:jar:6.0.0...
[INFO] 
[INFO] --- compiler:3.15.0:compile (default-compile) @ wta-common-log ---
[INFO] Nothing to compile - all classes are up to date.
[INFO] 
[INFO] --- resources:3.3.1:testResources (default-testResources) @ wta-common-log ---
[INFO] skip non existing resourceDirectory /srv/WTA-plus/backend/wta-common/wta-common-log/src/test/resources
[INFO] 
[INFO] --- compiler:3.15.0:testCompile (default-testCompile) @ wta-common-log ---
[INFO] Nothing to compile - all classes are up to date.
[INFO] 
[INFO] --- surefire:3.5.5:test (default-test) @ wta-common-log ---
[INFO] 
[INFO] --------------------< org.namewta:wta-common-excel >--------------------
[INFO] Building wta-common-excel 6.0.0                                  [19/44]
[INFO]   from wta-common/wta-common-excel/pom.xml
[INFO] --------------------------------[ jar ]---------------------------------
[INFO] 
[INFO] --- resources:3.3.1:resources (default-resources) @ wta-common-excel ---
[INFO] skip non existing resourceDirectory /srv/WTA-plus/backend/wta-common/wta-common-excel/src/main/resources
[INFO] skip non existing resourceDirectory /srv/WTA-plus/backend/wta-common/wta-common-excel/src/main/resources
[INFO] 
[INFO] --- flatten:1.7.3:flatten (flatten) @ wta-common-excel ---
[INFO] Generating flattened POM of project org.namewta:wta-common-excel:jar:6.0.0...
[INFO] 
[INFO] --- compiler:3.15.0:compile (default-compile) @ wta-common-excel ---
[INFO] Nothing to compile - all classes are up to date.
[INFO] 
[INFO] --- resources:3.3.1:testResources (default-testResources) @ wta-common-excel ---
[INFO] skip non existing resourceDirectory /srv/WTA-plus/backend/wta-common/wta-common-excel/src/test/resources
[INFO] 
[INFO] --- compiler:3.15.0:testCompile (default-testCompile) @ wta-common-excel ---
[INFO] No sources to compile
[INFO] 
[INFO] --- surefire:3.5.5:test (default-test) @ wta-common-excel ---
[INFO] No tests to run.
[INFO] 
[INFO] ---------------------< org.namewta:wta-common-sms >---------------------
[INFO] Building wta-common-sms 6.0.0                                    [20/44]
[INFO]   from wta-common/wta-common-sms/pom.xml
[INFO] --------------------------------[ jar ]---------------------------------
[INFO] 
[INFO] --- resources:3.3.1:resources (default-resources) @ wta-common-sms ---
[INFO] Copying 1 resource from src/main/resources to target/classes
[INFO] Copying 0 resource from src/main/resources to target/classes
[INFO] 
[INFO] --- flatten:1.7.3:flatten (flatten) @ wta-common-sms ---
[INFO] Generating flattened POM of project org.namewta:wta-common-sms:jar:6.0.0...
[INFO] 
[INFO] --- compiler:3.15.0:compile (default-compile) @ wta-common-sms ---
[INFO] Nothing to compile - all classes are up to date.
[INFO] 
[INFO] --- resources:3.3.1:testResources (default-testResources) @ wta-common-sms ---
[INFO] skip non existing resourceDirectory /srv/WTA-plus/backend/wta-common/wta-common-sms/src/test/resources
[INFO] 
[INFO] --- compiler:3.15.0:testCompile (default-testCompile) @ wta-common-sms ---
[INFO] Nothing to compile - all classes are up to date.
[INFO] 
[INFO] --- surefire:3.5.5:test (default-test) @ wta-common-sms ---
[INFO] 
[INFO] ------------------< org.namewta:wta-common-security >-------------------
[INFO] Building wta-common-security 6.0.0                               [21/44]
[INFO]   from wta-common/wta-common-security/pom.xml
[INFO] --------------------------------[ jar ]---------------------------------
[INFO] 
[INFO] --- resources:3.3.1:resources (default-resources) @ wta-common-security ---
[INFO] Copying 1 resource from src/main/resources to target/classes
[INFO] Copying 0 resource from src/main/resources to target/classes
[INFO] 
[INFO] --- flatten:1.7.3:flatten (flatten) @ wta-common-security ---
[INFO] Generating flattened POM of project org.namewta:wta-common-security:jar:6.0.0...
[INFO] 
[INFO] --- compiler:3.15.0:compile (default-compile) @ wta-common-security ---
[INFO] Nothing to compile - all classes are up to date.
[INFO] 
[INFO] --- resources:3.3.1:testResources (default-testResources) @ wta-common-security ---
[INFO] skip non existing resourceDirectory /srv/WTA-plus/backend/wta-common/wta-common-security/src/test/resources
[INFO] 
[INFO] --- compiler:3.15.0:testCompile (default-testCompile) @ wta-common-security ---
[INFO] No sources to compile
[INFO] 
[INFO] --- surefire:3.5.5:test (default-test) @ wta-common-security ---
[INFO] No tests to run.
[INFO] 
[INFO] ---------------------< org.namewta:wta-common-web >---------------------
[INFO] Building wta-common-web 6.0.0                                    [22/44]
[INFO]   from wta-common/wta-common-web/pom.xml
[INFO] --------------------------------[ jar ]---------------------------------
[INFO] 
[INFO] --- resources:3.3.1:resources (default-resources) @ wta-common-web ---
[INFO] Copying 1 resource from src/main/resources to target/classes
[INFO] Copying 0 resource from src/main/resources to target/classes
[INFO] 
[INFO] --- flatten:1.7.3:flatten (flatten) @ wta-common-web ---
[INFO] Generating flattened POM of project org.namewta:wta-common-web:jar:6.0.0...
[INFO] 
[INFO] --- compiler:3.15.0:compile (default-compile) @ wta-common-web ---
[INFO] Nothing to compile - all classes are up to date.
[INFO] 
[INFO] --- resources:3.3.1:testResources (default-testResources) @ wta-common-web ---
[INFO] skip non existing resourceDirectory /srv/WTA-plus/backend/wta-common/wta-common-web/src/test/resources
[INFO] 
[INFO] --- compiler:3.15.0:testCompile (default-testCompile) @ wta-common-web ---
[INFO] Nothing to compile - all classes are up to date.
[INFO] 
[INFO] --- surefire:3.5.5:test (default-test) @ wta-common-web ---
[INFO] 
[INFO] ------------------< org.namewta:wta-common-sensitive >------------------
[INFO] Building wta-common-sensitive 6.0.0                              [23/44]
[INFO]   from wta-common/wta-common-sensitive/pom.xml
[INFO] --------------------------------[ jar ]---------------------------------
[INFO] 
[INFO] --- resources:3.3.1:resources (default-resources) @ wta-common-sensitive ---
[INFO] Copying 1 resource from src/main/resources to target/classes
[INFO] Copying 0 resource from src/main/resources to target/classes
[INFO] 
[INFO] --- flatten:1.7.3:flatten (flatten) @ wta-common-sensitive ---
[INFO] Generating flattened POM of project org.namewta:wta-common-sensitive:jar:6.0.0...
[INFO] 
[INFO] --- compiler:3.15.0:compile (default-compile) @ wta-common-sensitive ---
[INFO] Nothing to compile - all classes are up to date.
[INFO] 
[INFO] --- resources:3.3.1:testResources (default-testResources) @ wta-common-sensitive ---
[INFO] skip non existing resourceDirectory /srv/WTA-plus/backend/wta-common/wta-common-sensitive/src/test/resources
[INFO] 
[INFO] --- compiler:3.15.0:testCompile (default-testCompile) @ wta-common-sensitive ---
[INFO] No sources to compile
[INFO] 
[INFO] --- surefire:3.5.5:test (default-test) @ wta-common-sensitive ---
[INFO] No tests to run.
[INFO] 
[INFO] -------------------< org.namewta:wta-common-encrypt >-------------------
[INFO] Building wta-common-encrypt 6.0.0                                [24/44]
[INFO]   from wta-common/wta-common-encrypt/pom.xml
[INFO] --------------------------------[ jar ]---------------------------------
[INFO] 
[INFO] --- resources:3.3.1:resources (default-resources) @ wta-common-encrypt ---
[INFO] Copying 1 resource from src/main/resources to target/classes
[INFO] Copying 0 resource from src/main/resources to target/classes
[INFO] 
[INFO] --- flatten:1.7.3:flatten (flatten) @ wta-common-encrypt ---
[INFO] Generating flattened POM of project org.namewta:wta-common-encrypt:jar:6.0.0...
[INFO] 
[INFO] --- compiler:3.15.0:compile (default-compile) @ wta-common-encrypt ---
[INFO] Nothing to compile - all classes are up to date.
[INFO] 
[INFO] --- resources:3.3.1:testResources (default-testResources) @ wta-common-encrypt ---
[INFO] skip non existing resourceDirectory /srv/WTA-plus/backend/wta-common/wta-common-encrypt/src/test/resources
[INFO] 
[INFO] --- compiler:3.15.0:testCompile (default-testCompile) @ wta-common-encrypt ---
[INFO] No sources to compile
[INFO] 
[INFO] --- surefire:3.5.5:test (default-test) @ wta-common-encrypt ---
[INFO] No tests to run.
[INFO] 
[INFO] --------------------< org.namewta:wta-common-push >---------------------
[INFO] Building wta-common-push 6.0.0                                   [25/44]
[INFO]   from wta-common/wta-common-push/pom.xml
[INFO] --------------------------------[ jar ]---------------------------------
[INFO] 
[INFO] --- resources:3.3.1:resources (default-resources) @ wta-common-push ---
[INFO] Copying 1 resource from src/main/resources to target/classes
[INFO] Copying 0 resource from src/main/resources to target/classes
[INFO] 
[INFO] --- flatten:1.7.3:flatten (flatten) @ wta-common-push ---
[INFO] Generating flattened POM of project org.namewta:wta-common-push:jar:6.0.0...
[INFO] 
[INFO] --- compiler:3.15.0:compile (default-compile) @ wta-common-push ---
[INFO] Nothing to compile - all classes are up to date.
[INFO] 
[INFO] --- resources:3.3.1:testResources (default-testResources) @ wta-common-push ---
[INFO] skip non existing resourceDirectory /srv/WTA-plus/backend/wta-common/wta-common-push/src/test/resources
[INFO] 
[INFO] --- compiler:3.15.0:testCompile (default-testCompile) @ wta-common-push ---
[INFO] Nothing to compile - all classes are up to date.
[INFO] 
[INFO] --- surefire:3.5.5:test (default-test) @ wta-common-push ---
[INFO] 
[INFO] ----------------------< org.namewta:wta-modules >-----------------------
[INFO] Building wta-modules 6.0.0                                       [26/44]
[INFO]   from wta-modules/pom.xml
[INFO] --------------------------------[ pom ]---------------------------------
[INFO] 
[INFO] --- flatten:1.7.3:flatten (flatten) @ wta-modules ---
[INFO] Generating flattened POM of project org.namewta:wta-modules:pom:6.0.0...
[INFO] 
[INFO] -----------------------< org.namewta:wta-system >-----------------------
[INFO] Building wta-system 6.0.0                                        [27/44]
[INFO]   from wta-modules/wta-system/pom.xml
[INFO] --------------------------------[ jar ]---------------------------------
[INFO] 
[INFO] --- resources:3.3.1:resources (default-resources) @ wta-system ---
[INFO] Copying 23 resources from src/main/resources to target/classes
[INFO] Copying 0 resource from src/main/resources to target/classes
[INFO] 
[INFO] --- flatten:1.7.3:flatten (flatten) @ wta-system ---
[INFO] Generating flattened POM of project org.namewta:wta-system:jar:6.0.0...
[INFO] 
[INFO] --- compiler:3.15.0:compile (default-compile) @ wta-system ---
[INFO] Nothing to compile - all classes are up to date.
[INFO] 
[INFO] --- resources:3.3.1:testResources (default-testResources) @ wta-system ---
[INFO] skip non existing resourceDirectory /srv/WTA-plus/backend/wta-modules/wta-system/src/test/resources
[INFO] 
[INFO] --- compiler:3.15.0:testCompile (default-testCompile) @ wta-system ---
[INFO] Nothing to compile - all classes are up to date.
[INFO] 
[INFO] --- surefire:3.5.5:test (default-test) @ wta-system ---
[INFO] 
[INFO] -----------------------< org.namewta:wta-third >------------------------
[INFO] Building wta-third 6.0.0                                         [28/44]
[INFO]   from wta-modules/wta-third/pom.xml
[INFO] --------------------------------[ jar ]---------------------------------
[INFO] 
[INFO] --- resources:3.3.1:resources (default-resources) @ wta-third ---
[INFO] Copying 1 resource from src/main/resources to target/classes
[INFO] Copying 0 resource from src/main/resources to target/classes
[INFO] 
[INFO] --- flatten:1.7.3:flatten (flatten) @ wta-third ---
[INFO] Generating flattened POM of project org.namewta:wta-third:jar:6.0.0...
[INFO] 
[INFO] --- compiler:3.15.0:compile (default-compile) @ wta-third ---
[INFO] Nothing to compile - all classes are up to date.
[INFO] 
[INFO] --- resources:3.3.1:testResources (default-testResources) @ wta-third ---
[INFO] skip non existing resourceDirectory /srv/WTA-plus/backend/wta-modules/wta-third/src/test/resources
[INFO] 
[INFO] --- compiler:3.15.0:testCompile (default-testCompile) @ wta-third ---
[INFO] Nothing to compile - all classes are up to date.
[INFO] 
[INFO] --- surefire:3.5.5:test (default-test) @ wta-third ---
[INFO] 
[INFO] -----------------------< org.namewta:wta-notify >-----------------------
[INFO] Building wta-notify 6.0.0                                        [29/44]
[INFO]   from wta-modules/wta-notify/pom.xml
[INFO] --------------------------------[ jar ]---------------------------------
[INFO] 
[INFO] --- resources:3.3.1:resources (default-resources) @ wta-notify ---
[INFO] Copying 4 resources from src/main/resources to target/classes
[INFO] Copying 0 resource from src/main/resources to target/classes
[INFO] 
[INFO] --- flatten:1.7.3:flatten (flatten) @ wta-notify ---
[INFO] Generating flattened POM of project org.namewta:wta-notify:jar:6.0.0...
[INFO] 
[INFO] --- compiler:3.15.0:compile (default-compile) @ wta-notify ---
[INFO] Nothing to compile - all classes are up to date.
[INFO] 
[INFO] --- resources:3.3.1:testResources (default-testResources) @ wta-notify ---
[INFO] skip non existing resourceDirectory /srv/WTA-plus/backend/wta-modules/wta-notify/src/test/resources
[INFO] 
[INFO] --- compiler:3.15.0:testCompile (default-testCompile) @ wta-notify ---
[INFO] Recompiling the module because of changed source code.
[INFO] Compiling 24 source files with javac [debug release 21] to target/test-classes
[INFO] /srv/WTA-plus/backend/wta-modules/wta-notify/src/test/java/org/namewta/notify/support/outbox/NotifyOutboxWakeRedisGate.java: /srv/WTA-plus/backend/wta-modules/wta-notify/src/test/java/org/namewta/notify/support/outbox/NotifyOutboxWakeRedisGate.java uses or overrides a deprecated API.
[INFO] /srv/WTA-plus/backend/wta-modules/wta-notify/src/test/java/org/namewta/notify/support/outbox/NotifyOutboxWakeRedisGate.java: Recompile with -Xlint:deprecation for details.
[INFO] /srv/WTA-plus/backend/wta-modules/wta-notify/src/test/java/org/namewta/notify/adapter/provider/Sms4jReceiptTest.java: Some input files use unchecked or unsafe operations.
[INFO] /srv/WTA-plus/backend/wta-modules/wta-notify/src/test/java/org/namewta/notify/adapter/provider/Sms4jReceiptTest.java: Recompile with -Xlint:unchecked for details.
[INFO] 
[INFO] --- surefire:3.5.5:test (default-test) @ wta-notify ---
[INFO] 
[INFO] ------------------------< org.namewta:wta-sso >-------------------------
[INFO] Building wta-sso 6.0.0                                           [30/44]
[INFO]   from wta-modules/wta-sso/pom.xml
[INFO] --------------------------------[ jar ]---------------------------------
[INFO] 
[INFO] --- resources:3.3.1:resources (default-resources) @ wta-sso ---
[INFO] Copying 1 resource from src/main/resources to target/classes
[INFO] Copying 0 resource from src/main/resources to target/classes
[INFO] 
[INFO] --- flatten:1.7.3:flatten (flatten) @ wta-sso ---
[INFO] Generating flattened POM of project org.namewta:wta-sso:jar:6.0.0...
[INFO] 
[INFO] --- compiler:3.15.0:compile (default-compile) @ wta-sso ---
[INFO] Nothing to compile - all classes are up to date.
[INFO] 
[INFO] --- resources:3.3.1:testResources (default-testResources) @ wta-sso ---
[INFO] skip non existing resourceDirectory /srv/WTA-plus/backend/wta-modules/wta-sso/src/test/resources
[INFO] 
[INFO] --- compiler:3.15.0:testCompile (default-testCompile) @ wta-sso ---
[INFO] Nothing to compile - all classes are up to date.
[INFO] 
[INFO] --- surefire:3.5.5:test (default-test) @ wta-sso ---
[INFO] 
[INFO] ---------------------< org.namewta:wta-common-job >---------------------
[INFO] Building wta-common-job 6.0.0                                    [31/44]
[INFO]   from wta-common/wta-common-job/pom.xml
[INFO] --------------------------------[ jar ]---------------------------------
[INFO] 
[INFO] --- resources:3.3.1:resources (default-resources) @ wta-common-job ---
[INFO] Copying 1 resource from src/main/resources to target/classes
[INFO] Copying 0 resource from src/main/resources to target/classes
[INFO] 
[INFO] --- flatten:1.7.3:flatten (flatten) @ wta-common-job ---
[INFO] Generating flattened POM of project org.namewta:wta-common-job:jar:6.0.0...
[INFO] 
[INFO] --- compiler:3.15.0:compile (default-compile) @ wta-common-job ---
[INFO] Nothing to compile - all classes are up to date.
[INFO] 
[INFO] --- resources:3.3.1:testResources (default-testResources) @ wta-common-job ---
[INFO] skip non existing resourceDirectory /srv/WTA-plus/backend/wta-common/wta-common-job/src/test/resources
[INFO] 
[INFO] --- compiler:3.15.0:testCompile (default-testCompile) @ wta-common-job ---
[INFO] No sources to compile
[INFO] 
[INFO] --- surefire:3.5.5:test (default-test) @ wta-common-job ---
[INFO] No tests to run.
[INFO] 
[INFO] ------------------------< org.namewta:wta-job >-------------------------
[INFO] Building wta-job 6.0.0                                           [32/44]
[INFO]   from wta-modules/wta-job/pom.xml
[INFO] --------------------------------[ jar ]---------------------------------
[INFO] 
[INFO] --- resources:3.3.1:resources (default-resources) @ wta-job ---
[INFO] skip non existing resourceDirectory /srv/WTA-plus/backend/wta-modules/wta-job/src/main/resources
[INFO] skip non existing resourceDirectory /srv/WTA-plus/backend/wta-modules/wta-job/src/main/resources
[INFO] 
[INFO] --- flatten:1.7.3:flatten (flatten) @ wta-job ---
[INFO] Generating flattened POM of project org.namewta:wta-job:jar:6.0.0...
[INFO] 
[INFO] --- compiler:3.15.0:compile (default-compile) @ wta-job ---
[INFO] Nothing to compile - all classes are up to date.
[INFO] 
[INFO] --- resources:3.3.1:testResources (default-testResources) @ wta-job ---
[INFO] skip non existing resourceDirectory /srv/WTA-plus/backend/wta-modules/wta-job/src/test/resources
[INFO] 
[INFO] --- compiler:3.15.0:testCompile (default-testCompile) @ wta-job ---
[INFO] No sources to compile
[INFO] 
[INFO] --- surefire:3.5.5:test (default-test) @ wta-job ---
[INFO] No tests to run.
[INFO] 
[INFO] ---------------------< org.namewta:wta-common-ai >----------------------
[INFO] Building wta-common-ai 6.0.0                                     [33/44]
[INFO]   from wta-common/wta-common-ai/pom.xml
[INFO] --------------------------------[ jar ]---------------------------------
[INFO] 
[INFO] --- resources:3.3.1:resources (default-resources) @ wta-common-ai ---
[INFO] Copying 0 resource from src/main/resources to target/classes
[INFO] Copying 0 resource from src/main/resources to target/classes
[INFO] 
[INFO] --- flatten:1.7.3:flatten (flatten) @ wta-common-ai ---
[INFO] Generating flattened POM of project org.namewta:wta-common-ai:jar:6.0.0...
[INFO] 
[INFO] --- compiler:3.15.0:compile (default-compile) @ wta-common-ai ---
[INFO] Nothing to compile - all classes are up to date.
[INFO] 
[INFO] --- resources:3.3.1:testResources (default-testResources) @ wta-common-ai ---
[INFO] skip non existing resourceDirectory /srv/WTA-plus/backend/wta-common/wta-common-ai/src/test/resources
[INFO] 
[INFO] --- compiler:3.15.0:testCompile (default-testCompile) @ wta-common-ai ---
[INFO] No sources to compile
[INFO] 
[INFO] --- surefire:3.5.5:test (default-test) @ wta-common-ai ---
[INFO] No tests to run.
[INFO] 
[INFO] -------------------------< org.namewta:wta-ai >-------------------------
[INFO] Building wta-ai 6.0.0                                            [34/44]
[INFO]   from wta-modules/wta-ai/pom.xml
[INFO] --------------------------------[ jar ]---------------------------------
[INFO] 
[INFO] --- resources:3.3.1:resources (default-resources) @ wta-ai ---
[INFO] skip non existing resourceDirectory /srv/WTA-plus/backend/wta-modules/wta-ai/src/main/resources
[INFO] skip non existing resourceDirectory /srv/WTA-plus/backend/wta-modules/wta-ai/src/main/resources
[INFO] 
[INFO] --- flatten:1.7.3:flatten (flatten) @ wta-ai ---
[INFO] Generating flattened POM of project org.namewta:wta-ai:jar:6.0.0...
[INFO] 
[INFO] --- compiler:3.15.0:compile (default-compile) @ wta-ai ---
[INFO] Nothing to compile - all classes are up to date.
[INFO] 
[INFO] --- resources:3.3.1:testResources (default-testResources) @ wta-ai ---
[INFO] skip non existing resourceDirectory /srv/WTA-plus/backend/wta-modules/wta-ai/src/test/resources
[INFO] 
[INFO] --- compiler:3.15.0:testCompile (default-testCompile) @ wta-ai ---
[INFO] No sources to compile
[INFO] 
[INFO] --- surefire:3.5.5:test (default-test) @ wta-ai ---
[INFO] No tests to run.
[INFO] 
[INFO] ------------------< org.namewta:wta-common-richtext >-------------------
[INFO] Building wta-common-richtext 6.0.0                               [35/44]
[INFO]   from wta-common/wta-common-richtext/pom.xml
[INFO] --------------------------------[ jar ]---------------------------------
[INFO] 
[INFO] --- resources:3.3.1:resources (default-resources) @ wta-common-richtext ---
[INFO] skip non existing resourceDirectory /srv/WTA-plus/backend/wta-common/wta-common-richtext/src/main/resources
[INFO] skip non existing resourceDirectory /srv/WTA-plus/backend/wta-common/wta-common-richtext/src/main/resources
[INFO] 
[INFO] --- flatten:1.7.3:flatten (flatten) @ wta-common-richtext ---
[INFO] Generating flattened POM of project org.namewta:wta-common-richtext:jar:6.0.0...
[INFO] 
[INFO] --- compiler:3.15.0:compile (default-compile) @ wta-common-richtext ---
[INFO] Nothing to compile - all classes are up to date.
[INFO] 
[INFO] --- resources:3.3.1:testResources (default-testResources) @ wta-common-richtext ---
[INFO] skip non existing resourceDirectory /srv/WTA-plus/backend/wta-common/wta-common-richtext/src/test/resources
[INFO] 
[INFO] --- compiler:3.15.0:testCompile (default-testCompile) @ wta-common-richtext ---
[INFO] Nothing to compile - all classes are up to date.
[INFO] 
[INFO] --- surefire:3.5.5:test (default-test) @ wta-common-richtext ---
[INFO] 
[INFO] ----------------< org.namewta:wta-common-elasticsearch >----------------
[INFO] Building wta-common-elasticsearch 6.0.0                          [36/44]
[INFO]   from wta-common/wta-common-elasticsearch/pom.xml
[INFO] --------------------------------[ jar ]---------------------------------
[INFO] 
[INFO] --- resources:3.3.1:resources (default-resources) @ wta-common-elasticsearch ---
[INFO] Copying 2 resources from src/main/resources to target/classes
[INFO] Copying 0 resource from src/main/resources to target/classes
[INFO] 
[INFO] --- flatten:1.7.3:flatten (flatten) @ wta-common-elasticsearch ---
[INFO] Generating flattened POM of project org.namewta:wta-common-elasticsearch:jar:6.0.0...
[INFO] 
[INFO] --- compiler:3.15.0:compile (default-compile) @ wta-common-elasticsearch ---
[INFO] Nothing to compile - all classes are up to date.
[INFO] 
[INFO] --- resources:3.3.1:testResources (default-testResources) @ wta-common-elasticsearch ---
[INFO] skip non existing resourceDirectory /srv/WTA-plus/backend/wta-common/wta-common-elasticsearch/src/test/resources
[INFO] 
[INFO] --- compiler:3.15.0:testCompile (default-testCompile) @ wta-common-elasticsearch ---
[INFO] No sources to compile
[INFO] 
[INFO] --- surefire:3.5.5:test (default-test) @ wta-common-elasticsearch ---
[INFO] No tests to run.
[INFO] 
[INFO] --------------------< org.namewta:wta-common-mqtt >---------------------
[INFO] Building wta-common-mqtt 6.0.0                                   [37/44]
[INFO]   from wta-common/wta-common-mqtt/pom.xml
[INFO] --------------------------------[ jar ]---------------------------------
[INFO] 
[INFO] --- resources:3.3.1:resources (default-resources) @ wta-common-mqtt ---
[INFO] Copying 1 resource from src/main/resources to target/classes
[INFO] Copying 0 resource from src/main/resources to target/classes
[INFO] 
[INFO] --- flatten:1.7.3:flatten (flatten) @ wta-common-mqtt ---
[INFO] Generating flattened POM of project org.namewta:wta-common-mqtt:jar:6.0.0...
[INFO] 
[INFO] --- compiler:3.15.0:compile (default-compile) @ wta-common-mqtt ---
[INFO] Nothing to compile - all classes are up to date.
[INFO] 
[INFO] --- resources:3.3.1:testResources (default-testResources) @ wta-common-mqtt ---
[INFO] skip non existing resourceDirectory /srv/WTA-plus/backend/wta-common/wta-common-mqtt/src/test/resources
[INFO] 
[INFO] --- compiler:3.15.0:testCompile (default-testCompile) @ wta-common-mqtt ---
[INFO] No sources to compile
[INFO] 
[INFO] --- surefire:3.5.5:test (default-test) @ wta-common-mqtt ---
[INFO] No tests to run.
[INFO] 
[INFO] ------------------------< org.namewta:wta-demo >------------------------
[INFO] Building wta-demo 6.0.0                                          [38/44]
[INFO]   from wta-modules/wta-demo/pom.xml
[INFO] --------------------------------[ jar ]---------------------------------
[INFO] 
[INFO] --- resources:3.3.1:resources (default-resources) @ wta-demo ---
[INFO] Copying 6 resources from src/main/resources to target/classes
[INFO] Copying 0 resource from src/main/resources to target/classes
[INFO] 
[INFO] --- flatten:1.7.3:flatten (flatten) @ wta-demo ---
[INFO] Generating flattened POM of project org.namewta:wta-demo:jar:6.0.0...
[INFO] 
[INFO] --- compiler:3.15.0:compile (default-compile) @ wta-demo ---
[INFO] Nothing to compile - all classes are up to date.
[INFO] 
[INFO] --- resources:3.3.1:testResources (default-testResources) @ wta-demo ---
[INFO] skip non existing resourceDirectory /srv/WTA-plus/backend/wta-modules/wta-demo/src/test/resources
[INFO] 
[INFO] --- compiler:3.15.0:testCompile (default-testCompile) @ wta-demo ---
[INFO] Nothing to compile - all classes are up to date.
[INFO] 
[INFO] --- surefire:3.5.5:test (default-test) @ wta-demo ---
[INFO] 
[INFO] ------------------< org.namewta:wta-common-liteflow >-------------------
[INFO] Building wta-common-liteflow 6.0.0                               [39/44]
[INFO]   from wta-common/wta-common-liteflow/pom.xml
[INFO] --------------------------------[ jar ]---------------------------------
[INFO] 
[INFO] --- resources:3.3.1:resources (default-resources) @ wta-common-liteflow ---
[INFO] Copying 1 resource from src/main/resources to target/classes
[INFO] Copying 0 resource from src/main/resources to target/classes
[INFO] 
[INFO] --- flatten:1.7.3:flatten (flatten) @ wta-common-liteflow ---
[INFO] Generating flattened POM of project org.namewta:wta-common-liteflow:jar:6.0.0...
[INFO] 
[INFO] --- compiler:3.15.0:compile (default-compile) @ wta-common-liteflow ---
[INFO] Nothing to compile - all classes are up to date.
[INFO] 
[INFO] --- resources:3.3.1:testResources (default-testResources) @ wta-common-liteflow ---
[INFO] skip non existing resourceDirectory /srv/WTA-plus/backend/wta-common/wta-common-liteflow/src/test/resources
[INFO] 
[INFO] --- compiler:3.15.0:testCompile (default-testCompile) @ wta-common-liteflow ---
[INFO] No sources to compile
[INFO] 
[INFO] --- surefire:3.5.5:test (default-test) @ wta-common-liteflow ---
[INFO] No tests to run.
[INFO] 
[INFO] ----------------------< org.namewta:wta-workflow >----------------------
[INFO] Building wta-workflow 6.0.0                                      [40/44]
[INFO]   from wta-modules/wta-workflow/pom.xml
[INFO] --------------------------------[ jar ]---------------------------------
[INFO] 
[INFO] --- resources:3.3.1:resources (default-resources) @ wta-workflow ---
[INFO] Copying 11 resources from src/main/resources to target/classes
[INFO] Copying 0 resource from src/main/resources to target/classes
[INFO] 
[INFO] --- flatten:1.7.3:flatten (flatten) @ wta-workflow ---
[INFO] Generating flattened POM of project org.namewta:wta-workflow:jar:6.0.0...
[INFO] 
[INFO] --- compiler:3.15.0:compile (default-compile) @ wta-workflow ---
[INFO] Nothing to compile - all classes are up to date.
[INFO] 
[INFO] --- resources:3.3.1:testResources (default-testResources) @ wta-workflow ---
[INFO] skip non existing resourceDirectory /srv/WTA-plus/backend/wta-modules/wta-workflow/src/test/resources
[INFO] 
[INFO] --- compiler:3.15.0:testCompile (default-testCompile) @ wta-workflow ---
[INFO] No sources to compile
[INFO] 
[INFO] --- surefire:3.5.5:test (default-test) @ wta-workflow ---
[INFO] No tests to run.
[INFO] 
[INFO] ----------------------< org.namewta:wta-profile >-----------------------
[INFO] Building wta-profile 6.0.0                                       [41/44]
[INFO]   from wta-modules/wta-profile/pom.xml
[INFO] --------------------------------[ pom ]---------------------------------
[INFO] 
[INFO] --- flatten:1.7.3:flatten (flatten) @ wta-profile ---
[INFO] Generating flattened POM of project org.namewta:wta-profile:pom:6.0.0...
[INFO] 
[INFO] -------------------< org.namewta:wta-profile-person >-------------------
[INFO] Building wta-profile-person 6.0.0                                [42/44]
[INFO]   from wta-modules/wta-profile/wta-profile-person/pom.xml
[INFO] --------------------------------[ jar ]---------------------------------
[INFO] 
[INFO] --- resources:3.3.1:resources (default-resources) @ wta-profile-person ---
[INFO] Copying 6 resources from src/main/resources to target/classes
[INFO] Copying 0 resource from src/main/resources to target/classes
[INFO] 
[INFO] --- flatten:1.7.3:flatten (flatten) @ wta-profile-person ---
[INFO] Generating flattened POM of project org.namewta:wta-profile-person:jar:6.0.0...
[INFO] 
[INFO] --- compiler:3.15.0:compile (default-compile) @ wta-profile-person ---
[INFO] Nothing to compile - all classes are up to date.
[INFO] 
[INFO] --- resources:3.3.1:testResources (default-testResources) @ wta-profile-person ---
[INFO] skip non existing resourceDirectory /srv/WTA-plus/backend/wta-modules/wta-profile/wta-profile-person/src/test/resources
[INFO] 
[INFO] --- compiler:3.15.0:testCompile (default-testCompile) @ wta-profile-person ---
[INFO] Recompiling the module because of changed source code.
[INFO] Compiling 38 source files with javac [debug release 21] to target/test-classes
[INFO] /srv/WTA-plus/backend/wta-modules/wta-profile/wta-profile-person/src/test/java/org/namewta/profile/person/controller/admin/PersonAdminHttpContractTest.java: Some input files use unchecked or unsafe operations.
[INFO] /srv/WTA-plus/backend/wta-modules/wta-profile/wta-profile-person/src/test/java/org/namewta/profile/person/controller/admin/PersonAdminHttpContractTest.java: Recompile with -Xlint:unchecked for details.
[INFO] 
[INFO] --- surefire:3.5.5:test (default-test) @ wta-profile-person ---
[INFO] 
[INFO] -----------------< org.namewta:wta-profile-enterprise >-----------------
[INFO] Building wta-profile-enterprise 6.0.0                            [43/44]
[INFO]   from wta-modules/wta-profile/wta-profile-enterprise/pom.xml
[INFO] --------------------------------[ jar ]---------------------------------
[INFO] 
[INFO] --- resources:3.3.1:resources (default-resources) @ wta-profile-enterprise ---
[INFO] Copying 4 resources from src/main/resources to target/classes
[INFO] Copying 0 resource from src/main/resources to target/classes
[INFO] 
[INFO] --- flatten:1.7.3:flatten (flatten) @ wta-profile-enterprise ---
[INFO] Generating flattened POM of project org.namewta:wta-profile-enterprise:jar:6.0.0...
[INFO] 
[INFO] --- compiler:3.15.0:compile (default-compile) @ wta-profile-enterprise ---
[INFO] Nothing to compile - all classes are up to date.
[INFO] 
[INFO] --- resources:3.3.1:testResources (default-testResources) @ wta-profile-enterprise ---
[INFO] skip non existing resourceDirectory /srv/WTA-plus/backend/wta-modules/wta-profile/wta-profile-enterprise/src/test/resources
[INFO] 
[INFO] --- compiler:3.15.0:testCompile (default-testCompile) @ wta-profile-enterprise ---
[INFO] Recompiling the module because of changed source code.
[INFO] Compiling 31 source files with javac [debug release 21] to target/test-classes
[INFO] /srv/WTA-plus/backend/wta-modules/wta-profile/wta-profile-enterprise/src/test/java/org/namewta/profile/enterprise/service/impl/EnterpriseTransferMySqlRedisE2ETest.java: Some input files use or override a deprecated API.
[INFO] /srv/WTA-plus/backend/wta-modules/wta-profile/wta-profile-enterprise/src/test/java/org/namewta/profile/enterprise/service/impl/EnterpriseTransferMySqlRedisE2ETest.java: Recompile with -Xlint:deprecation for details.
[INFO] /srv/WTA-plus/backend/wta-modules/wta-profile/wta-profile-enterprise/src/test/java/org/namewta/profile/enterprise/controller/admin/EnterpriseAdminHttpContractTest.java: Some input files use unchecked or unsafe operations.
[INFO] /srv/WTA-plus/backend/wta-modules/wta-profile/wta-profile-enterprise/src/test/java/org/namewta/profile/enterprise/controller/admin/EnterpriseAdminHttpContractTest.java: Recompile with -Xlint:unchecked for details.
[INFO] 
[INFO] --- surefire:3.5.5:test (default-test) @ wta-profile-enterprise ---
[INFO] 
[INFO] -----------------------< org.namewta:wta-admin >------------------------
[INFO] Building wta-admin 6.0.0                                         [44/44]
[INFO]   from wta-admin/pom.xml
[INFO] --------------------------------[ jar ]---------------------------------
[INFO] 
[INFO] --- resources:3.3.1:resources (default-resources) @ wta-admin ---
[INFO] Copying 9 resources from src/main/resources to target/classes
[INFO] Copying 4 resources from src/main/resources to target/classes
[INFO] 
[INFO] --- flatten:1.7.3:flatten (flatten) @ wta-admin ---
[INFO] Generating flattened POM of project org.namewta:wta-admin:jar:6.0.0...
[INFO] 
[INFO] --- compiler:3.15.0:compile (default-compile) @ wta-admin ---
[INFO] Nothing to compile - all classes are up to date.
[INFO] 
[INFO] --- resources:3.3.1:testResources (default-testResources) @ wta-admin ---
[INFO] Copying 2 resources from src/test/resources to target/test-classes
[INFO] 
[INFO] --- compiler:3.15.0:testCompile (default-testCompile) @ wta-admin ---
[INFO] Recompiling the module because of changed source code.
[INFO] Compiling 163 source files with javac [debug release 21] to target/test-classes
[INFO] /srv/WTA-plus/backend/wta-admin/src/test/java/org/namewta/common/redis/cache/ThirdRedisIntegrationTest.java: Some input files use or override a deprecated API.
[INFO] /srv/WTA-plus/backend/wta-admin/src/test/java/org/namewta/common/redis/cache/ThirdRedisIntegrationTest.java: Recompile with -Xlint:deprecation for details.
[INFO] /srv/WTA-plus/backend/wta-admin/src/test/java/org/namewta/test/notify/NotifyDeadlineIntegrationTest.java: Some input files use unchecked or unsafe operations.
[INFO] /srv/WTA-plus/backend/wta-admin/src/test/java/org/namewta/test/notify/NotifyDeadlineIntegrationTest.java: Recompile with -Xlint:unchecked for details.
[INFO] 
[INFO] --- surefire:3.5.5:test (default-test) @ wta-admin ---
[INFO] Using auto detected provider org.apache.maven.surefire.junitplatform.JUnitPlatformProvider
[INFO] 
[INFO] -------------------------------------------------------
[INFO]  T E S T S
[INFO] -------------------------------------------------------
Picked up JAVA_TOOL_OPTIONS: -Xms128m -Xmx1536m
[INFO] Running org.namewta.test.notify.NotifyDeadlineIntegrationTest
17:50:30.100 [main] INFO com.baomidou.dynamic.datasource.DynamicRoutingDataSource -- dynamic-datasource - add a datasource named [master] success
17:50:30.669 [main] INFO org.redisson.Version -- Redisson 4.6.1
17:50:30.911 [redisson-netty-1-2] INFO org.redisson.connection.ConnectionsHolder -- 1 connections initialized for 127.0.0.1/127.0.0.1:32906
17:50:30.911 [redisson-netty-1-1] INFO org.redisson.connection.ConnectionsHolder -- 1 connections initialized for 127.0.0.1/127.0.0.1:32906
Mockito is currently self-attaching to enable the inline-mock-maker. This will no longer work in future releases of the JDK. Please add Mockito as an agent to your build as described in Mockito's documentation: https://javadoc.io/doc/org.mockito/mockito-core/latest/org.mockito/org/mockito/Mockito.html#0.3
OpenJDK 64-Bit Server VM warning: Sharing is only supported for boot loader classes because bootstrap classpath has been appended
WARNING: A Java agent has been loaded dynamically (/root/.m2/repository/net/bytebuddy/byte-buddy-agent/1.18.10/byte-buddy-agent-1.18.10.jar)
WARNING: If a serviceability tool is in use, please run with -XX:+EnableDynamicAgentLoading to hide this warning
WARNING: If a serviceability tool is not in use, please run with -Djdk.instrument.traceUsage for more information
WARNING: Dynamic loading of agents will be disallowed by default in a future release
17:50:32.111 [main] INFO com.zaxxer.hikari.HikariDataSource -- HikariPool-1 - Starting...
17:50:32.454 [main] INFO com.zaxxer.hikari.pool.HikariPool -- HikariPool-1 - Added connection com.mysql.cj.jdbc.ConnectionImpl@3dea1ecc
17:50:32.457 [main] INFO com.zaxxer.hikari.HikariDataSource -- HikariPool-1 - Start completed.
17:50:32.982 [main] INFO com.baomidou.dynamic.datasource.DynamicRoutingDataSource -- dynamic-datasource start closing ....
17:50:32.983 [main] INFO com.baomidou.dynamic.datasource.DynamicRoutingDataSource -- dynamic-datasource all closed success,bye
17:50:32.984 [main] INFO com.zaxxer.hikari.HikariDataSource -- HikariPool-1 - Shutdown initiated...
17:50:32.986 [main] INFO com.zaxxer.hikari.HikariDataSource -- HikariPool-1 - Shutdown completed.
17:50:32.998 [main] INFO com.baomidou.dynamic.datasource.DynamicRoutingDataSource -- dynamic-datasource - add a datasource named [master] success
17:50:33.252 [main] INFO org.redisson.Version -- Redisson 4.6.1
17:50:33.266 [redisson-netty-5-1] INFO org.redisson.connection.ConnectionsHolder -- 1 connections initialized for 127.0.0.1/127.0.0.1:32906
17:50:33.266 [redisson-netty-5-2] INFO org.redisson.connection.ConnectionsHolder -- 1 connections initialized for 127.0.0.1/127.0.0.1:32906
17:50:33.294 [main] INFO com.zaxxer.hikari.HikariDataSource -- HikariPool-2 - Starting...
17:50:33.298 [main] INFO com.zaxxer.hikari.pool.HikariPool -- HikariPool-2 - Added connection com.mysql.cj.jdbc.ConnectionImpl@31b7112d
17:50:33.298 [main] INFO com.zaxxer.hikari.HikariDataSource -- HikariPool-2 - Start completed.
17:50:33.348 [main] INFO com.baomidou.dynamic.datasource.DynamicRoutingDataSource -- dynamic-datasource start closing ....
17:50:33.348 [main] INFO com.baomidou.dynamic.datasource.DynamicRoutingDataSource -- dynamic-datasource all closed success,bye
17:50:33.348 [main] INFO com.zaxxer.hikari.HikariDataSource -- HikariPool-2 - Shutdown initiated...
17:50:33.349 [main] INFO com.zaxxer.hikari.HikariDataSource -- HikariPool-2 - Shutdown completed.
17:50:33.353 [main] INFO com.baomidou.dynamic.datasource.DynamicRoutingDataSource -- dynamic-datasource - add a datasource named [master] success
17:50:33.503 [main] INFO org.redisson.Version -- Redisson 4.6.1
17:50:33.507 [redisson-netty-8-1] INFO org.redisson.connection.ConnectionsHolder -- 1 connections initialized for 127.0.0.1/127.0.0.1:32906
17:50:33.507 [redisson-netty-8-2] INFO org.redisson.connection.ConnectionsHolder -- 1 connections initialized for 127.0.0.1/127.0.0.1:32906
17:50:33.530 [main] INFO com.zaxxer.hikari.HikariDataSource -- HikariPool-3 - Starting...
17:50:33.535 [main] INFO com.zaxxer.hikari.pool.HikariPool -- HikariPool-3 - Added connection com.mysql.cj.jdbc.ConnectionImpl@4e13af1b
17:50:33.535 [main] INFO com.zaxxer.hikari.HikariDataSource -- HikariPool-3 - Start completed.
17:50:33.655 [main] INFO com.baomidou.dynamic.datasource.DynamicRoutingDataSource -- dynamic-datasource start closing ....
17:50:33.656 [main] INFO com.baomidou.dynamic.datasource.DynamicRoutingDataSource -- dynamic-datasource all closed success,bye
17:50:33.656 [main] INFO com.zaxxer.hikari.HikariDataSource -- HikariPool-3 - Shutdown initiated...
17:50:33.669 [main] INFO com.zaxxer.hikari.HikariDataSource -- HikariPool-3 - Shutdown completed.
17:50:33.671 [main] INFO com.baomidou.dynamic.datasource.DynamicRoutingDataSource -- dynamic-datasource - add a datasource named [master] success
17:50:33.820 [main] INFO org.redisson.Version -- Redisson 4.6.1
17:50:33.824 [redisson-netty-11-1] INFO org.redisson.connection.ConnectionsHolder -- 1 connections initialized for 127.0.0.1/127.0.0.1:32906
17:50:33.824 [redisson-netty-11-2] INFO org.redisson.connection.ConnectionsHolder -- 1 connections initialized for 127.0.0.1/127.0.0.1:32906
17:50:33.847 [main] INFO com.zaxxer.hikari.HikariDataSource -- HikariPool-4 - Starting...
17:50:33.851 [main] INFO com.zaxxer.hikari.pool.HikariPool -- HikariPool-4 - Added connection com.mysql.cj.jdbc.ConnectionImpl@49482761
17:50:33.851 [main] INFO com.zaxxer.hikari.HikariDataSource -- HikariPool-4 - Start completed.
17:50:33.986 [main] INFO com.baomidou.dynamic.datasource.DynamicRoutingDataSource -- dynamic-datasource start closing ....
17:50:33.986 [main] INFO com.baomidou.dynamic.datasource.DynamicRoutingDataSource -- dynamic-datasource all closed success,bye
17:50:33.986 [main] INFO com.zaxxer.hikari.HikariDataSource -- HikariPool-4 - Shutdown initiated...
17:50:33.987 [main] INFO com.zaxxer.hikari.HikariDataSource -- HikariPool-4 - Shutdown completed.
17:50:33.989 [main] INFO com.baomidou.dynamic.datasource.DynamicRoutingDataSource -- dynamic-datasource - add a datasource named [master] success
17:50:34.131 [main] INFO org.redisson.Version -- Redisson 4.6.1
17:50:34.135 [redisson-netty-14-1] INFO org.redisson.connection.ConnectionsHolder -- 1 connections initialized for 127.0.0.1/127.0.0.1:32906
17:50:34.135 [redisson-netty-14-2] INFO org.redisson.connection.ConnectionsHolder -- 1 connections initialized for 127.0.0.1/127.0.0.1:32906
17:50:34.151 [main] INFO com.zaxxer.hikari.HikariDataSource -- HikariPool-5 - Starting...
17:50:34.156 [main] INFO com.zaxxer.hikari.pool.HikariPool -- HikariPool-5 - Added connection com.mysql.cj.jdbc.ConnectionImpl@22c0c0bc
17:50:34.156 [main] INFO com.zaxxer.hikari.HikariDataSource -- HikariPool-5 - Start completed.
17:50:34.257 [main] INFO com.baomidou.dynamic.datasource.DynamicRoutingDataSource -- dynamic-datasource start closing ....
17:50:34.258 [main] INFO com.baomidou.dynamic.datasource.DynamicRoutingDataSource -- dynamic-datasource all closed success,bye
17:50:34.258 [main] INFO com.zaxxer.hikari.HikariDataSource -- HikariPool-5 - Shutdown initiated...
17:50:34.291 [main] INFO com.zaxxer.hikari.HikariDataSource -- HikariPool-5 - Shutdown completed.
17:50:34.293 [main] INFO com.baomidou.dynamic.datasource.DynamicRoutingDataSource -- dynamic-datasource - add a datasource named [master] success
17:50:34.410 [main] INFO org.redisson.Version -- Redisson 4.6.1
17:50:34.414 [redisson-netty-17-1] INFO org.redisson.connection.ConnectionsHolder -- 1 connections initialized for 127.0.0.1/127.0.0.1:32906
17:50:34.415 [redisson-netty-17-2] INFO org.redisson.connection.ConnectionsHolder -- 1 connections initialized for 127.0.0.1/127.0.0.1:32906
17:50:34.436 [main] INFO com.zaxxer.hikari.HikariDataSource -- HikariPool-6 - Starting...
17:50:34.442 [main] INFO com.zaxxer.hikari.pool.HikariPool -- HikariPool-6 - Added connection com.mysql.cj.jdbc.ConnectionImpl@8aa3013
17:50:34.442 [main] INFO com.zaxxer.hikari.HikariDataSource -- HikariPool-6 - Start completed.
17:50:34.491 [main] INFO com.baomidou.dynamic.datasource.DynamicRoutingDataSource -- dynamic-datasource start closing ....
17:50:34.492 [main] INFO com.baomidou.dynamic.datasource.DynamicRoutingDataSource -- dynamic-datasource all closed success,bye
17:50:34.492 [main] INFO com.zaxxer.hikari.HikariDataSource -- HikariPool-6 - Shutdown initiated...
17:50:34.493 [main] INFO com.zaxxer.hikari.HikariDataSource -- HikariPool-6 - Shutdown completed.
17:50:34.494 [main] INFO com.baomidou.dynamic.datasource.DynamicRoutingDataSource -- dynamic-datasource - add a datasource named [master] success
17:50:34.608 [main] INFO org.redisson.Version -- Redisson 4.6.1
17:50:34.612 [redisson-netty-20-1] INFO org.redisson.connection.ConnectionsHolder -- 1 connections initialized for 127.0.0.1/127.0.0.1:32906
17:50:34.613 [redisson-netty-20-2] INFO org.redisson.connection.ConnectionsHolder -- 1 connections initialized for 127.0.0.1/127.0.0.1:32906
17:50:34.630 [main] INFO com.zaxxer.hikari.HikariDataSource -- HikariPool-7 - Starting...
17:50:34.633 [main] INFO com.zaxxer.hikari.pool.HikariPool -- HikariPool-7 - Added connection com.mysql.cj.jdbc.ConnectionImpl@2d4aadc
17:50:34.633 [main] INFO com.zaxxer.hikari.HikariDataSource -- HikariPool-7 - Start completed.
17:50:34.715 [main] INFO com.baomidou.dynamic.datasource.DynamicRoutingDataSource -- dynamic-datasource start closing ....
17:50:34.715 [main] INFO com.baomidou.dynamic.datasource.DynamicRoutingDataSource -- dynamic-datasource all closed success,bye
17:50:34.715 [main] INFO com.zaxxer.hikari.HikariDataSource -- HikariPool-7 - Shutdown initiated...
17:50:34.716 [main] INFO com.zaxxer.hikari.HikariDataSource -- HikariPool-7 - Shutdown completed.
17:50:34.717 [main] INFO com.baomidou.dynamic.datasource.DynamicRoutingDataSource -- dynamic-datasource - add a datasource named [master] success
17:50:34.830 [main] INFO org.redisson.Version -- Redisson 4.6.1
17:50:34.834 [redisson-netty-23-2] INFO org.redisson.connection.ConnectionsHolder -- 1 connections initialized for 127.0.0.1/127.0.0.1:32906
17:50:34.834 [redisson-netty-23-1] INFO org.redisson.connection.ConnectionsHolder -- 1 connections initialized for 127.0.0.1/127.0.0.1:32906
17:50:34.853 [main] INFO com.zaxxer.hikari.HikariDataSource -- HikariPool-8 - Starting...
17:50:34.858 [main] INFO com.zaxxer.hikari.pool.HikariPool -- HikariPool-8 - Added connection com.mysql.cj.jdbc.ConnectionImpl@e0faed6
17:50:34.858 [main] INFO com.zaxxer.hikari.HikariDataSource -- HikariPool-8 - Start completed.
17:50:34.954 [main] INFO com.baomidou.dynamic.datasource.DynamicRoutingDataSource -- dynamic-datasource start closing ....
17:50:34.954 [main] INFO com.baomidou.dynamic.datasource.DynamicRoutingDataSource -- dynamic-datasource all closed success,bye
17:50:34.954 [main] INFO com.zaxxer.hikari.HikariDataSource -- HikariPool-8 - Shutdown initiated...
17:50:34.955 [main] INFO com.zaxxer.hikari.HikariDataSource -- HikariPool-8 - Shutdown completed.
17:50:34.957 [main] INFO com.baomidou.dynamic.datasource.DynamicRoutingDataSource -- dynamic-datasource - add a datasource named [master] success
17:50:35.073 [main] INFO org.redisson.Version -- Redisson 4.6.1
17:50:35.077 [redisson-netty-26-1] INFO org.redisson.connection.ConnectionsHolder -- 1 connections initialized for 127.0.0.1/127.0.0.1:32906
17:50:35.079 [redisson-netty-26-2] INFO org.redisson.connection.ConnectionsHolder -- 1 connections initialized for 127.0.0.1/127.0.0.1:32906
17:50:35.095 [main] INFO com.zaxxer.hikari.HikariDataSource -- HikariPool-9 - Starting...
17:50:35.100 [main] INFO com.zaxxer.hikari.pool.HikariPool -- HikariPool-9 - Added connection com.mysql.cj.jdbc.ConnectionImpl@57386162
17:50:35.100 [main] INFO com.zaxxer.hikari.HikariDataSource -- HikariPool-9 - Start completed.
17:50:35.175 [main] INFO com.baomidou.dynamic.datasource.DynamicRoutingDataSource -- dynamic-datasource start closing ....
17:50:35.175 [main] INFO com.baomidou.dynamic.datasource.DynamicRoutingDataSource -- dynamic-datasource all closed success,bye
17:50:35.175 [main] INFO com.zaxxer.hikari.HikariDataSource -- HikariPool-9 - Shutdown initiated...
17:50:35.176 [main] INFO com.zaxxer.hikari.HikariDataSource -- HikariPool-9 - Shutdown completed.
17:50:35.178 [main] INFO com.baomidou.dynamic.datasource.DynamicRoutingDataSource -- dynamic-datasource - add a datasource named [master] success
17:50:35.296 [main] INFO org.redisson.Version -- Redisson 4.6.1
17:50:35.301 [redisson-netty-29-2] INFO org.redisson.connection.ConnectionsHolder -- 1 connections initialized for 127.0.0.1/127.0.0.1:32906
17:50:35.301 [redisson-netty-29-1] INFO org.redisson.connection.ConnectionsHolder -- 1 connections initialized for 127.0.0.1/127.0.0.1:32906
17:50:35.323 [main] INFO com.zaxxer.hikari.HikariDataSource -- HikariPool-10 - Starting...
17:50:35.330 [main] INFO com.zaxxer.hikari.pool.HikariPool -- HikariPool-10 - Added connection com.mysql.cj.jdbc.ConnectionImpl@6a063931
17:50:35.330 [main] INFO com.zaxxer.hikari.HikariDataSource -- HikariPool-10 - Start completed.
17:50:35.431 [main] INFO com.baomidou.dynamic.datasource.DynamicRoutingDataSource -- dynamic-datasource start closing ....
17:50:35.431 [main] INFO com.baomidou.dynamic.datasource.DynamicRoutingDataSource -- dynamic-datasource all closed success,bye
17:50:35.431 [main] INFO com.zaxxer.hikari.HikariDataSource -- HikariPool-10 - Shutdown initiated...
17:50:35.464 [main] INFO com.zaxxer.hikari.HikariDataSource -- HikariPool-10 - Shutdown completed.
17:50:35.466 [main] INFO com.baomidou.dynamic.datasource.DynamicRoutingDataSource -- dynamic-datasource - add a datasource named [master] success
17:50:35.566 [main] INFO org.redisson.Version -- Redisson 4.6.1
17:50:35.569 [redisson-netty-32-1] INFO org.redisson.connection.ConnectionsHolder -- 1 connections initialized for 127.0.0.1/127.0.0.1:32906
17:50:35.570 [redisson-netty-32-2] INFO org.redisson.connection.ConnectionsHolder -- 1 connections initialized for 127.0.0.1/127.0.0.1:32906
17:50:35.584 [main] INFO com.zaxxer.hikari.HikariDataSource -- HikariPool-11 - Starting...
17:50:35.587 [main] INFO com.zaxxer.hikari.pool.HikariPool -- HikariPool-11 - Added connection com.mysql.cj.jdbc.ConnectionImpl@1bd97254
17:50:35.587 [main] INFO com.zaxxer.hikari.HikariDataSource -- HikariPool-11 - Start completed.
17:50:35.626 [main] INFO com.baomidou.dynamic.datasource.DynamicRoutingDataSource -- dynamic-datasource start closing ....
17:50:35.626 [main] INFO com.baomidou.dynamic.datasource.DynamicRoutingDataSource -- dynamic-datasource all closed success,bye
17:50:35.626 [main] INFO com.zaxxer.hikari.HikariDataSource -- HikariPool-11 - Shutdown initiated...
17:50:35.627 [main] INFO com.zaxxer.hikari.HikariDataSource -- HikariPool-11 - Shutdown completed.
17:50:35.628 [main] INFO com.baomidou.dynamic.datasource.DynamicRoutingDataSource -- dynamic-datasource - add a datasource named [master] success
17:50:35.717 [main] INFO org.redisson.Version -- Redisson 4.6.1
17:50:35.720 [redisson-netty-35-1] INFO org.redisson.connection.ConnectionsHolder -- 1 connections initialized for 127.0.0.1/127.0.0.1:32906
17:50:35.720 [redisson-netty-35-2] INFO org.redisson.connection.ConnectionsHolder -- 1 connections initialized for 127.0.0.1/127.0.0.1:32906
17:50:35.732 [main] INFO com.zaxxer.hikari.HikariDataSource -- HikariPool-12 - Starting...
17:50:35.736 [main] INFO com.zaxxer.hikari.pool.HikariPool -- HikariPool-12 - Added connection com.mysql.cj.jdbc.ConnectionImpl@7d6e2366
17:50:35.737 [main] INFO com.zaxxer.hikari.HikariDataSource -- HikariPool-12 - Start completed.
17:50:35.791 [main] INFO com.baomidou.dynamic.datasource.DynamicRoutingDataSource -- dynamic-datasource start closing ....
17:50:35.791 [main] INFO com.baomidou.dynamic.datasource.DynamicRoutingDataSource -- dynamic-datasource all closed success,bye
17:50:35.791 [main] INFO com.zaxxer.hikari.HikariDataSource -- HikariPool-12 - Shutdown initiated...
17:50:35.792 [main] INFO com.zaxxer.hikari.HikariDataSource -- HikariPool-12 - Shutdown completed.
17:50:35.794 [main] INFO com.baomidou.dynamic.datasource.DynamicRoutingDataSource -- dynamic-datasource - add a datasource named [master] success
17:50:35.889 [main] INFO org.redisson.Version -- Redisson 4.6.1
17:50:35.893 [redisson-netty-38-1] INFO org.redisson.connection.ConnectionsHolder -- 1 connections initialized for 127.0.0.1/127.0.0.1:32906
17:50:35.893 [redisson-netty-38-2] INFO org.redisson.connection.ConnectionsHolder -- 1 connections initialized for 127.0.0.1/127.0.0.1:32906
17:50:35.905 [main] INFO com.zaxxer.hikari.HikariDataSource -- HikariPool-13 - Starting...
17:50:35.909 [main] INFO com.zaxxer.hikari.pool.HikariPool -- HikariPool-13 - Added connection com.mysql.cj.jdbc.ConnectionImpl@4a65ce06
17:50:35.909 [main] INFO com.zaxxer.hikari.HikariDataSource -- HikariPool-13 - Start completed.
17:50:35.975 [main] INFO com.baomidou.dynamic.datasource.DynamicRoutingDataSource -- dynamic-datasource start closing ....
17:50:35.975 [main] INFO com.baomidou.dynamic.datasource.DynamicRoutingDataSource -- dynamic-datasource all closed success,bye
17:50:35.975 [main] INFO com.zaxxer.hikari.HikariDataSource -- HikariPool-13 - Shutdown initiated...
17:50:35.976 [main] INFO com.zaxxer.hikari.HikariDataSource -- HikariPool-13 - Shutdown completed.
17:50:35.978 [main] INFO com.baomidou.dynamic.datasource.DynamicRoutingDataSource -- dynamic-datasource - add a datasource named [master] success
17:50:36.072 [main] INFO org.redisson.Version -- Redisson 4.6.1
17:50:36.083 [redisson-netty-41-1] INFO org.redisson.connection.ConnectionsHolder -- 1 connections initialized for 127.0.0.1/127.0.0.1:32906
17:50:36.084 [redisson-netty-41-2] INFO org.redisson.connection.ConnectionsHolder -- 1 connections initialized for 127.0.0.1/127.0.0.1:32906
17:50:36.099 [main] INFO com.zaxxer.hikari.HikariDataSource -- HikariPool-14 - Starting...
17:50:36.104 [main] INFO com.zaxxer.hikari.pool.HikariPool -- HikariPool-14 - Added connection com.mysql.cj.jdbc.ConnectionImpl@ab40f46
17:50:36.104 [main] INFO com.zaxxer.hikari.HikariDataSource -- HikariPool-14 - Start completed.
17:50:36.155 [main] INFO com.baomidou.dynamic.datasource.DynamicRoutingDataSource -- dynamic-datasource start closing ....
17:50:36.155 [main] INFO com.baomidou.dynamic.datasource.DynamicRoutingDataSource -- dynamic-datasource all closed success,bye
17:50:36.155 [main] INFO com.zaxxer.hikari.HikariDataSource -- HikariPool-14 - Shutdown initiated...
17:50:36.156 [main] INFO com.zaxxer.hikari.HikariDataSource -- HikariPool-14 - Shutdown completed.
17:50:36.157 [main] INFO com.baomidou.dynamic.datasource.DynamicRoutingDataSource -- dynamic-datasource - add a datasource named [master] success
17:50:36.262 [main] INFO org.redisson.Version -- Redisson 4.6.1
17:50:36.267 [redisson-netty-44-1] INFO org.redisson.connection.ConnectionsHolder -- 1 connections initialized for 127.0.0.1/127.0.0.1:32906
17:50:36.268 [redisson-netty-44-2] INFO org.redisson.connection.ConnectionsHolder -- 1 connections initialized for 127.0.0.1/127.0.0.1:32906
17:50:36.281 [main] INFO com.zaxxer.hikari.HikariDataSource -- HikariPool-15 - Starting...
17:50:36.286 [main] INFO com.zaxxer.hikari.pool.HikariPool -- HikariPool-15 - Added connection com.mysql.cj.jdbc.ConnectionImpl@34723cfe
17:50:36.286 [main] INFO com.zaxxer.hikari.HikariDataSource -- HikariPool-15 - Start completed.
17:50:36.505 [main] INFO com.baomidou.dynamic.datasource.DynamicRoutingDataSource -- dynamic-datasource start closing ....
17:50:36.505 [main] INFO com.baomidou.dynamic.datasource.DynamicRoutingDataSource -- dynamic-datasource all closed success,bye
17:50:36.505 [main] INFO com.zaxxer.hikari.HikariDataSource -- HikariPool-15 - Shutdown initiated...
17:50:36.520 [main] INFO com.zaxxer.hikari.HikariDataSource -- HikariPool-15 - Shutdown completed.
[INFO] Tests run: 15, Failures: 0, Errors: 0, Skipped: 0, Time elapsed: 6.563 s -- in org.namewta.test.notify.NotifyDeadlineIntegrationTest
Picked up JAVA_TOOL_OPTIONS: -Xms128m -Xmx1536m
[INFO] Running org.namewta.test.notify.NotifyWakeIntegrationTest
17:50:37.390 [main] INFO com.baomidou.dynamic.datasource.DynamicRoutingDataSource -- dynamic-datasource - add a datasource named [master] success
17:50:38.016 [main] INFO org.redisson.Version -- Redisson 4.6.1
17:50:38.298 [redisson-netty-1-1] INFO org.redisson.connection.ConnectionsHolder -- 1 connections initialized for 127.0.0.1/127.0.0.1:32906
17:50:38.298 [redisson-netty-1-2] INFO org.redisson.connection.ConnectionsHolder -- 1 connections initialized for 127.0.0.1/127.0.0.1:32906
Mockito is currently self-attaching to enable the inline-mock-maker. This will no longer work in future releases of the JDK. Please add Mockito as an agent to your build as described in Mockito's documentation: https://javadoc.io/doc/org.mockito/mockito-core/latest/org.mockito/org/mockito/Mockito.html#0.3
WARNING: A Java agent has been loaded dynamically (/root/.m2/repository/net/bytebuddy/byte-buddy-agent/1.18.10/byte-buddy-agent-1.18.10.jar)
WARNING: If a serviceability tool is in use, please run with -XX:+EnableDynamicAgentLoading to hide this warning
WARNING: If a serviceability tool is not in use, please run with -Djdk.instrument.traceUsage for more information
WARNING: Dynamic loading of agents will be disallowed by default in a future release
OpenJDK 64-Bit Server VM warning: Sharing is only supported for boot loader classes because bootstrap classpath has been appended
17:50:39.408 [main] INFO com.zaxxer.hikari.HikariDataSource -- HikariPool-1 - Starting...
17:50:39.651 [main] INFO com.zaxxer.hikari.pool.HikariPool -- HikariPool-1 - Added connection com.mysql.cj.jdbc.ConnectionImpl@24f90aff
17:50:39.653 [main] INFO com.zaxxer.hikari.HikariDataSource -- HikariPool-1 - Start completed.
17:50:39.695 [main] INFO org.redisson.Version -- Redisson 4.6.1
17:50:39.702 [redisson-netty-5-1] INFO org.redisson.connection.ConnectionsHolder -- 1 connections initialized for 127.0.0.1/127.0.0.1:32906
17:50:39.702 [redisson-netty-5-2] INFO org.redisson.connection.ConnectionsHolder -- 1 connections initialized for 127.0.0.1/127.0.0.1:32906
17:50:40.126 [redisson-3-1] INFO org.namewta.notify.adapter.worker.NotifyOutboxWorker -- notify outbox drain trigger=WAKE claimed=0 batches=1
17:50:40.226 [redisson-3-2] INFO org.namewta.notify.adapter.worker.NotifyOutboxWorker -- notify outbox drain trigger=WAKE claimed=0 batches=1
17:50:40.232 [redisson-3-2] INFO org.namewta.notify.adapter.worker.NotifyOutboxWorker -- notify outbox drain trigger=WAKE claimed=0 batches=1
17:50:40.237 [redisson-3-2] INFO org.namewta.notify.adapter.worker.NotifyOutboxWorker -- notify outbox drain trigger=WAKE claimed=0 batches=1
17:50:40.243 [redisson-3-2] INFO org.namewta.notify.adapter.worker.NotifyOutboxWorker -- notify outbox drain trigger=WAKE claimed=0 batches=1
17:50:40.247 [redisson-3-2] INFO org.namewta.notify.adapter.worker.NotifyOutboxWorker -- notify outbox drain trigger=WAKE claimed=0 batches=1
17:50:40.251 [redisson-3-2] INFO org.namewta.notify.adapter.worker.NotifyOutboxWorker -- notify outbox drain trigger=WAKE claimed=0 batches=1
17:50:40.254 [redisson-3-2] INFO org.namewta.notify.adapter.worker.NotifyOutboxWorker -- notify outbox drain trigger=WAKE claimed=0 batches=1
17:50:40.259 [redisson-3-2] INFO org.namewta.notify.adapter.worker.NotifyOutboxWorker -- notify outbox drain trigger=WAKE claimed=0 batches=1
17:50:40.262 [redisson-3-2] INFO org.namewta.notify.adapter.worker.NotifyOutboxWorker -- notify outbox drain trigger=WAKE claimed=0 batches=1
17:50:40.265 [redisson-3-2] INFO org.namewta.notify.adapter.worker.NotifyOutboxWorker -- notify outbox drain trigger=WAKE claimed=0 batches=1
17:50:40.269 [redisson-3-2] INFO org.namewta.notify.adapter.worker.NotifyOutboxWorker -- notify outbox drain trigger=WAKE claimed=0 batches=1
17:50:40.274 [redisson-3-2] INFO org.namewta.notify.adapter.worker.NotifyOutboxWorker -- notify outbox drain trigger=WAKE claimed=0 batches=1
17:50:40.278 [redisson-3-2] INFO org.namewta.notify.adapter.worker.NotifyOutboxWorker -- notify outbox drain trigger=WAKE claimed=0 batches=1
17:50:40.283 [redisson-3-2] INFO org.namewta.notify.adapter.worker.NotifyOutboxWorker -- notify outbox drain trigger=WAKE claimed=0 batches=1
17:50:40.289 [redisson-3-2] INFO org.namewta.notify.adapter.worker.NotifyOutboxWorker -- notify outbox drain trigger=WAKE claimed=0 batches=1
17:50:40.294 [redisson-3-2] INFO org.namewta.notify.adapter.worker.NotifyOutboxWorker -- notify outbox drain trigger=WAKE claimed=0 batches=1
17:50:40.298 [redisson-3-2] INFO org.namewta.notify.adapter.worker.NotifyOutboxWorker -- notify outbox drain trigger=WAKE claimed=0 batches=1
17:50:40.301 [redisson-3-2] INFO org.namewta.notify.adapter.worker.NotifyOutboxWorker -- notify outbox drain trigger=WAKE claimed=0 batches=1
17:50:40.306 [redisson-3-2] INFO org.namewta.notify.adapter.worker.NotifyOutboxWorker -- notify outbox drain trigger=WAKE claimed=0 batches=1
17:50:40.311 [redisson-3-2] INFO org.namewta.notify.adapter.worker.NotifyOutboxWorker -- notify outbox drain trigger=WAKE claimed=0 batches=1
17:50:40.315 [redisson-3-2] INFO org.namewta.notify.adapter.worker.NotifyOutboxWorker -- notify outbox drain trigger=WAKE claimed=0 batches=1
17:50:40.317 [redisson-3-2] INFO org.namewta.notify.adapter.worker.NotifyOutboxWorker -- notify outbox drain trigger=WAKE claimed=0 batches=1
17:50:40.322 [redisson-3-2] INFO org.namewta.notify.adapter.worker.NotifyOutboxWorker -- notify outbox drain trigger=WAKE claimed=0 batches=1
17:50:40.327 [redisson-3-2] INFO org.namewta.notify.adapter.worker.NotifyOutboxWorker -- notify outbox drain trigger=WAKE claimed=0 batches=1
17:50:40.331 [redisson-3-2] INFO org.namewta.notify.adapter.worker.NotifyOutboxWorker -- notify outbox drain trigger=WAKE claimed=0 batches=1
17:50:40.335 [redisson-3-2] INFO org.namewta.notify.adapter.worker.NotifyOutboxWorker -- notify outbox drain trigger=WAKE claimed=0 batches=1
17:50:40.338 [redisson-3-2] INFO org.namewta.notify.adapter.worker.NotifyOutboxWorker -- notify outbox drain trigger=WAKE claimed=0 batches=1
17:50:40.342 [redisson-3-2] INFO org.namewta.notify.adapter.worker.NotifyOutboxWorker -- notify outbox drain trigger=WAKE claimed=0 batches=1
17:50:40.346 [redisson-3-2] INFO org.namewta.notify.adapter.worker.NotifyOutboxWorker -- notify outbox drain trigger=WAKE claimed=0 batches=1
17:50:40.349 [redisson-3-2] INFO org.namewta.notify.adapter.worker.NotifyOutboxWorker -- notify outbox drain trigger=WAKE claimed=0 batches=1
17:50:40.353 [redisson-3-2] INFO org.namewta.notify.adapter.worker.NotifyOutboxWorker -- notify outbox drain trigger=WAKE claimed=0 batches=1
17:50:40.356 [redisson-3-2] INFO org.namewta.notify.adapter.worker.NotifyOutboxWorker -- notify outbox drain trigger=WAKE claimed=0 batches=1
17:50:40.360 [redisson-3-2] INFO org.namewta.notify.adapter.worker.NotifyOutboxWorker -- notify outbox drain trigger=WAKE claimed=0 batches=1
17:50:40.363 [redisson-3-2] INFO org.namewta.notify.adapter.worker.NotifyOutboxWorker -- notify outbox drain trigger=WAKE claimed=0 batches=1
17:50:40.367 [redisson-3-2] INFO org.namewta.notify.adapter.worker.NotifyOutboxWorker -- notify outbox drain trigger=WAKE claimed=0 batches=1
17:50:40.371 [redisson-3-2] INFO org.namewta.notify.adapter.worker.NotifyOutboxWorker -- notify outbox drain trigger=WAKE claimed=0 batches=1
17:50:40.374 [redisson-3-2] INFO org.namewta.notify.adapter.worker.NotifyOutboxWorker -- notify outbox drain trigger=WAKE claimed=0 batches=1
17:50:40.377 [redisson-3-2] INFO org.namewta.notify.adapter.worker.NotifyOutboxWorker -- notify outbox drain trigger=WAKE claimed=0 batches=1
17:50:40.381 [redisson-3-2] INFO org.namewta.notify.adapter.worker.NotifyOutboxWorker -- notify outbox drain trigger=WAKE claimed=0 batches=1
17:50:40.385 [redisson-6-1] WARN org.namewta.notify.adapter.event.InAppCommittedPushListener -- 站内实时提示失败，messageId=2102878337481113601, reason=IllegalStateException
17:50:40.386 [redisson-3-2] INFO org.namewta.notify.adapter.worker.NotifyOutboxWorker -- notify outbox drain trigger=WAKE claimed=0 batches=1
17:50:40.389 [redisson-6-1] INFO org.namewta.notify.adapter.worker.NotifyOutboxWorker -- notify outbox drain trigger=WAKE claimed=1 batches=2
17:50:40.389 [redisson-3-2] INFO org.namewta.notify.adapter.worker.NotifyOutboxWorker -- notify outbox drain trigger=WAKE claimed=0 batches=1
17:50:40.391 [redisson-6-1] INFO org.namewta.notify.adapter.worker.NotifyOutboxWorker -- notify outbox drain trigger=WAKE claimed=0 batches=1
17:50:40.393 [redisson-3-2] INFO org.namewta.notify.adapter.worker.NotifyOutboxWorker -- notify outbox drain trigger=WAKE claimed=0 batches=1
17:50:40.394 [redisson-6-1] INFO org.namewta.notify.adapter.worker.NotifyOutboxWorker -- notify outbox drain trigger=WAKE claimed=0 batches=1
17:50:40.396 [redisson-3-2] INFO org.namewta.notify.adapter.worker.NotifyOutboxWorker -- notify outbox drain trigger=WAKE claimed=0 batches=1
17:50:40.396 [redisson-6-1] INFO org.namewta.notify.adapter.worker.NotifyOutboxWorker -- notify outbox drain trigger=WAKE claimed=0 batches=1
17:50:40.399 [redisson-3-2] INFO org.namewta.notify.adapter.worker.NotifyOutboxWorker -- notify outbox drain trigger=WAKE claimed=0 batches=1
17:50:40.400 [redisson-6-1] INFO org.namewta.notify.adapter.worker.NotifyOutboxWorker -- notify outbox drain trigger=WAKE claimed=0 batches=1
17:50:40.403 [redisson-3-2] INFO org.namewta.notify.adapter.worker.NotifyOutboxWorker -- notify outbox drain trigger=WAKE claimed=0 batches=1
17:50:40.403 [redisson-6-1] INFO org.namewta.notify.adapter.worker.NotifyOutboxWorker -- notify outbox drain trigger=WAKE claimed=0 batches=1
17:50:40.406 [redisson-3-2] INFO org.namewta.notify.adapter.worker.NotifyOutboxWorker -- notify outbox drain trigger=WAKE claimed=0 batches=1
17:50:40.406 [redisson-6-1] INFO org.namewta.notify.adapter.worker.NotifyOutboxWorker -- notify outbox drain trigger=WAKE claimed=0 batches=1
17:50:40.409 [redisson-6-1] INFO org.namewta.notify.adapter.worker.NotifyOutboxWorker -- notify outbox drain trigger=WAKE claimed=0 batches=1
17:50:40.409 [redisson-3-2] INFO org.namewta.notify.adapter.worker.NotifyOutboxWorker -- notify outbox drain trigger=WAKE claimed=0 batches=1
17:50:40.412 [redisson-6-1] INFO org.namewta.notify.adapter.worker.NotifyOutboxWorker -- notify outbox drain trigger=WAKE claimed=0 batches=1
17:50:40.412 [redisson-3-2] INFO org.namewta.notify.adapter.worker.NotifyOutboxWorker -- notify outbox drain trigger=WAKE claimed=0 batches=1
17:50:40.415 [redisson-6-1] INFO org.namewta.notify.adapter.worker.NotifyOutboxWorker -- notify outbox drain trigger=WAKE claimed=0 batches=1
17:50:40.415 [redisson-3-2] INFO org.namewta.notify.adapter.worker.NotifyOutboxWorker -- notify outbox drain trigger=WAKE claimed=0 batches=1
17:50:40.418 [redisson-6-1] INFO org.namewta.notify.adapter.worker.NotifyOutboxWorker -- notify outbox drain trigger=WAKE claimed=0 batches=1
17:50:40.419 [redisson-3-2] INFO org.namewta.notify.adapter.worker.NotifyOutboxWorker -- notify outbox drain trigger=WAKE claimed=0 batches=1
17:50:40.425 [redisson-6-1] INFO org.namewta.notify.adapter.worker.NotifyOutboxWorker -- notify outbox drain trigger=WAKE claimed=0 batches=1
17:50:40.538 [main] WARN org.namewta.notify.adapter.event.InAppCommittedPushListener -- 站内实时提示失败，messageId=2102878339695706114, reason=IllegalStateException
17:50:40.543 [main] INFO org.namewta.notify.adapter.worker.NotifyOutboxWorker -- notify outbox drain trigger=POLL claimed=1 batches=2
17:50:40.824 [main] WARN org.namewta.notify.adapter.event.NotifyOutboxWakePublisher -- notify outbox cross-process wake publish failed, outboxId=2102878340257742850, reason=TimeoutException, fallback poll remains
17:50:41.854 [main] WARN org.namewta.notify.adapter.event.InAppCommittedPushListener -- 站内实时提示失败，messageId=2102878340215799810, reason=IllegalStateException
17:50:41.856 [main] INFO org.namewta.notify.adapter.worker.NotifyOutboxWorker -- notify outbox drain trigger=POLL claimed=1 batches=2
T-28: commitMs=322, firstProviderMs=421, pausedRedisCommitMs=274, scenarios=slow-provider,wake-storm,lost-wake,redis-timeout,poll-recovery
17:50:41.909 [main] INFO com.baomidou.dynamic.datasource.DynamicRoutingDataSource -- dynamic-datasource start closing ....
17:50:41.912 [main] INFO com.baomidou.dynamic.datasource.DynamicRoutingDataSource -- dynamic-datasource all closed success,bye
17:50:41.912 [main] INFO com.zaxxer.hikari.HikariDataSource -- HikariPool-1 - Shutdown initiated...
17:50:41.916 [main] INFO com.zaxxer.hikari.HikariDataSource -- HikariPool-1 - Shutdown completed.
[INFO] Tests run: 1, Failures: 0, Errors: 0, Skipped: 0, Time elapsed: 4.745 s -- in org.namewta.test.notify.NotifyWakeIntegrationTest
Picked up JAVA_TOOL_OPTIONS: -Xms128m -Xmx1536m
[INFO] Running org.namewta.test.notify.NotifySmsDispatchIntegrationTest
17:50:42.862 [main] INFO org.redisson.Version -- Redisson 4.6.1
17:50:43.150 [redisson-netty-1-1] INFO org.redisson.connection.ConnectionsHolder -- 1 connections initialized for 127.0.0.1/127.0.0.1:32906
17:50:43.150 [redisson-netty-1-2] INFO org.redisson.connection.ConnectionsHolder -- 1 connections initialized for 127.0.0.1/127.0.0.1:32906
17:50:43.370 [main] INFO com.baomidou.dynamic.datasource.DynamicRoutingDataSource -- dynamic-datasource - add a datasource named [master] success
17:50:43.968 [main] INFO com.zaxxer.hikari.HikariDataSource -- HikariPool-1 - Starting...
17:50:44.185 [main] INFO com.zaxxer.hikari.pool.HikariPool -- HikariPool-1 - Added connection com.mysql.cj.jdbc.ConnectionImpl@8077c97
17:50:44.187 [main] INFO com.zaxxer.hikari.HikariDataSource -- HikariPool-1 - Start completed.
17:50:44.730 [main] INFO com.baomidou.dynamic.datasource.DynamicRoutingDataSource -- dynamic-datasource start closing ....
17:50:44.733 [main] INFO com.zaxxer.hikari.HikariDataSource -- HikariPool-1 - Shutdown initiated...
17:50:44.739 [main] INFO com.zaxxer.hikari.HikariDataSource -- HikariPool-1 - Shutdown completed.
17:50:44.740 [main] INFO com.baomidou.dynamic.datasource.destroyer.DefaultDataSourceDestroyer -- dynamic-datasource close the datasource named [master] success,
17:50:44.740 [main] INFO com.baomidou.dynamic.datasource.DynamicRoutingDataSource -- dynamic-datasource all closed success,bye
17:50:44.749 [main] INFO com.baomidou.dynamic.datasource.DynamicRoutingDataSource -- dynamic-datasource - add a datasource named [master] success
17:50:44.935 [main] INFO com.zaxxer.hikari.HikariDataSource -- HikariPool-2 - Starting...
17:50:44.941 [main] INFO com.zaxxer.hikari.pool.HikariPool -- HikariPool-2 - Added connection com.mysql.cj.jdbc.ConnectionImpl@35536760
17:50:44.941 [main] INFO com.zaxxer.hikari.HikariDataSource -- HikariPool-2 - Start completed.
17:50:45.104 [main] INFO com.baomidou.dynamic.datasource.DynamicRoutingDataSource -- dynamic-datasource start closing ....
17:50:45.104 [main] INFO com.zaxxer.hikari.HikariDataSource -- HikariPool-2 - Shutdown initiated...
17:50:45.111 [main] INFO com.zaxxer.hikari.HikariDataSource -- HikariPool-2 - Shutdown completed.
17:50:45.111 [main] INFO com.baomidou.dynamic.datasource.destroyer.DefaultDataSourceDestroyer -- dynamic-datasource close the datasource named [master] success,
17:50:45.111 [main] INFO com.baomidou.dynamic.datasource.DynamicRoutingDataSource -- dynamic-datasource all closed success,bye
17:50:45.115 [main] INFO com.baomidou.dynamic.datasource.DynamicRoutingDataSource -- dynamic-datasource - add a datasource named [master] success
17:50:45.289 [main] INFO com.zaxxer.hikari.HikariDataSource -- HikariPool-3 - Starting...
17:50:45.292 [main] INFO com.zaxxer.hikari.pool.HikariPool -- HikariPool-3 - Added connection com.mysql.cj.jdbc.ConnectionImpl@6dbbdf92
17:50:45.293 [main] INFO com.zaxxer.hikari.HikariDataSource -- HikariPool-3 - Start completed.
17:50:45.381 [main] INFO com.baomidou.dynamic.datasource.DynamicRoutingDataSource -- dynamic-datasource start closing ....
17:50:45.382 [main] INFO com.zaxxer.hikari.HikariDataSource -- HikariPool-3 - Shutdown initiated...
17:50:45.382 [main] INFO com.zaxxer.hikari.HikariDataSource -- HikariPool-3 - Shutdown completed.
17:50:45.382 [main] INFO com.baomidou.dynamic.datasource.destroyer.DefaultDataSourceDestroyer -- dynamic-datasource close the datasource named [master] success,
17:50:45.383 [main] INFO com.baomidou.dynamic.datasource.DynamicRoutingDataSource -- dynamic-datasource all closed success,bye
17:50:45.385 [main] INFO com.baomidou.dynamic.datasource.DynamicRoutingDataSource -- dynamic-datasource - add a datasource named [master] success
17:50:45.526 [main] INFO com.zaxxer.hikari.HikariDataSource -- HikariPool-4 - Starting...
17:50:45.530 [main] INFO com.zaxxer.hikari.pool.HikariPool -- HikariPool-4 - Added connection com.mysql.cj.jdbc.ConnectionImpl@7df3da0b
17:50:45.530 [main] INFO com.zaxxer.hikari.HikariDataSource -- HikariPool-4 - Start completed.
17:50:45.625 [main] INFO com.baomidou.dynamic.datasource.DynamicRoutingDataSource -- dynamic-datasource start closing ....
17:50:45.625 [main] INFO com.zaxxer.hikari.HikariDataSource -- HikariPool-4 - Shutdown initiated...
17:50:45.626 [main] INFO com.zaxxer.hikari.HikariDataSource -- HikariPool-4 - Shutdown completed.
17:50:45.626 [main] INFO com.baomidou.dynamic.datasource.destroyer.DefaultDataSourceDestroyer -- dynamic-datasource close the datasource named [master] success,
17:50:45.626 [main] INFO com.baomidou.dynamic.datasource.DynamicRoutingDataSource -- dynamic-datasource all closed success,bye
17:50:45.628 [main] INFO com.baomidou.dynamic.datasource.DynamicRoutingDataSource -- dynamic-datasource - add a datasource named [master] success
17:50:45.741 [main] INFO com.zaxxer.hikari.HikariDataSource -- HikariPool-5 - Starting...
17:50:45.744 [main] INFO com.zaxxer.hikari.pool.HikariPool -- HikariPool-5 - Added connection com.mysql.cj.jdbc.ConnectionImpl@19a7906c
17:50:45.745 [main] INFO com.zaxxer.hikari.HikariDataSource -- HikariPool-5 - Start completed.
17:50:45.897 [main] INFO com.baomidou.dynamic.datasource.DynamicRoutingDataSource -- dynamic-datasource start closing ....
17:50:45.898 [main] INFO com.zaxxer.hikari.HikariDataSource -- HikariPool-5 - Shutdown initiated...
17:50:45.912 [main] INFO com.zaxxer.hikari.HikariDataSource -- HikariPool-5 - Shutdown completed.
17:50:45.912 [main] INFO com.baomidou.dynamic.datasource.destroyer.DefaultDataSourceDestroyer -- dynamic-datasource close the datasource named [master] success,
17:50:45.912 [main] INFO com.baomidou.dynamic.datasource.DynamicRoutingDataSource -- dynamic-datasource all closed success,bye
17:50:45.914 [main] INFO com.baomidou.dynamic.datasource.DynamicRoutingDataSource -- dynamic-datasource - add a datasource named [master] success
17:50:46.007 [main] INFO com.zaxxer.hikari.HikariDataSource -- HikariPool-6 - Starting...
17:50:46.011 [main] INFO com.zaxxer.hikari.pool.HikariPool -- HikariPool-6 - Added connection com.mysql.cj.jdbc.ConnectionImpl@3b2db389
17:50:46.011 [main] INFO com.zaxxer.hikari.HikariDataSource -- HikariPool-6 - Start completed.
17:50:46.123 [main] INFO com.baomidou.dynamic.datasource.DynamicRoutingDataSource -- dynamic-datasource start closing ....
17:50:46.123 [main] INFO com.zaxxer.hikari.HikariDataSource -- HikariPool-6 - Shutdown initiated...
17:50:46.146 [main] INFO com.zaxxer.hikari.HikariDataSource -- HikariPool-6 - Shutdown completed.
17:50:46.146 [main] INFO com.baomidou.dynamic.datasource.destroyer.DefaultDataSourceDestroyer -- dynamic-datasource close the datasource named [master] success,
17:50:46.146 [main] INFO com.baomidou.dynamic.datasource.DynamicRoutingDataSource -- dynamic-datasource all closed success,bye
17:50:46.148 [main] INFO com.baomidou.dynamic.datasource.DynamicRoutingDataSource -- dynamic-datasource - add a datasource named [master] success
17:50:46.227 [main] INFO com.zaxxer.hikari.HikariDataSource -- HikariPool-7 - Starting...
17:50:46.230 [main] INFO com.zaxxer.hikari.pool.HikariPool -- HikariPool-7 - Added connection com.mysql.cj.jdbc.ConnectionImpl@775c4054
17:50:46.230 [main] INFO com.zaxxer.hikari.HikariDataSource -- HikariPool-7 - Start completed.
17:50:46.305 [main] INFO com.baomidou.dynamic.datasource.DynamicRoutingDataSource -- dynamic-datasource start closing ....
17:50:46.306 [main] INFO com.zaxxer.hikari.HikariDataSource -- HikariPool-7 - Shutdown initiated...
17:50:46.306 [main] INFO com.zaxxer.hikari.HikariDataSource -- HikariPool-7 - Shutdown completed.
17:50:46.307 [main] INFO com.baomidou.dynamic.datasource.destroyer.DefaultDataSourceDestroyer -- dynamic-datasource close the datasource named [master] success,
17:50:46.307 [main] INFO com.baomidou.dynamic.datasource.DynamicRoutingDataSource -- dynamic-datasource all closed success,bye
17:50:46.308 [main] INFO com.baomidou.dynamic.datasource.DynamicRoutingDataSource -- dynamic-datasource - add a datasource named [master] success
17:50:46.394 [main] INFO com.zaxxer.hikari.HikariDataSource -- HikariPool-8 - Starting...
17:50:46.397 [main] INFO com.zaxxer.hikari.pool.HikariPool -- HikariPool-8 - Added connection com.mysql.cj.jdbc.ConnectionImpl@7bbd76b8
17:50:46.397 [main] INFO com.zaxxer.hikari.HikariDataSource -- HikariPool-8 - Start completed.
17:50:46.415 [main] INFO com.baomidou.dynamic.datasource.DynamicRoutingDataSource -- dynamic-datasource start closing ....
17:50:46.415 [main] INFO com.zaxxer.hikari.HikariDataSource -- HikariPool-8 - Shutdown initiated...
17:50:46.415 [main] INFO com.zaxxer.hikari.HikariDataSource -- HikariPool-8 - Shutdown completed.
17:50:46.415 [main] INFO com.baomidou.dynamic.datasource.destroyer.DefaultDataSourceDestroyer -- dynamic-datasource close the datasource named [master] success,
17:50:46.415 [main] INFO com.baomidou.dynamic.datasource.DynamicRoutingDataSource -- dynamic-datasource all closed success,bye
17:50:46.417 [main] INFO com.baomidou.dynamic.datasource.DynamicRoutingDataSource -- dynamic-datasource - add a datasource named [master] success
17:50:46.492 [main] INFO com.zaxxer.hikari.HikariDataSource -- HikariPool-9 - Starting...
17:50:46.496 [main] INFO com.zaxxer.hikari.pool.HikariPool -- HikariPool-9 - Added connection com.mysql.cj.jdbc.ConnectionImpl@1e4d8770
17:50:46.496 [main] INFO com.zaxxer.hikari.HikariDataSource -- HikariPool-9 - Start completed.
Mockito is currently self-attaching to enable the inline-mock-maker. This will no longer work in future releases of the JDK. Please add Mockito as an agent to your build as described in Mockito's documentation: https://javadoc.io/doc/org.mockito/mockito-core/latest/org.mockito/org/mockito/Mockito.html#0.3
OpenJDK 64-Bit Server VM warning: Sharing is only supported for boot loader classes because bootstrap classpath has been appended
WARNING: A Java agent has been loaded dynamically (/root/.m2/repository/net/bytebuddy/byte-buddy-agent/1.18.10/byte-buddy-agent-1.18.10.jar)
WARNING: If a serviceability tool is in use, please run with -XX:+EnableDynamicAgentLoading to hide this warning
WARNING: If a serviceability tool is not in use, please run with -Djdk.instrument.traceUsage for more information
WARNING: Dynamic loading of agents will be disallowed by default in a future release
17:50:47.466 [main] INFO com.baomidou.dynamic.datasource.DynamicRoutingDataSource -- dynamic-datasource start closing ....
17:50:47.466 [main] INFO com.zaxxer.hikari.HikariDataSource -- HikariPool-9 - Shutdown initiated...
17:50:47.467 [main] INFO com.zaxxer.hikari.HikariDataSource -- HikariPool-9 - Shutdown completed.
17:50:47.468 [main] INFO com.baomidou.dynamic.datasource.destroyer.DefaultDataSourceDestroyer -- dynamic-datasource close the datasource named [master] success,
17:50:47.468 [main] INFO com.baomidou.dynamic.datasource.DynamicRoutingDataSource -- dynamic-datasource all closed success,bye
17:50:47.471 [main] INFO com.baomidou.dynamic.datasource.DynamicRoutingDataSource -- dynamic-datasource - add a datasource named [master] success
17:50:47.659 [main] INFO com.zaxxer.hikari.HikariDataSource -- HikariPool-10 - Starting...
17:50:47.663 [main] INFO com.zaxxer.hikari.pool.HikariPool -- HikariPool-10 - Added connection com.mysql.cj.jdbc.ConnectionImpl@7c857e8f
17:50:47.663 [main] INFO com.zaxxer.hikari.HikariDataSource -- HikariPool-10 - Start completed.
17:50:47.798 [main] INFO com.baomidou.dynamic.datasource.DynamicRoutingDataSource -- dynamic-datasource start closing ....
17:50:47.798 [main] INFO com.zaxxer.hikari.HikariDataSource -- HikariPool-10 - Shutdown initiated...
17:50:47.833 [main] INFO com.zaxxer.hikari.HikariDataSource -- HikariPool-10 - Shutdown completed.
17:50:47.833 [main] INFO com.baomidou.dynamic.datasource.destroyer.DefaultDataSourceDestroyer -- dynamic-datasource close the datasource named [master] success,
17:50:47.833 [main] INFO com.baomidou.dynamic.datasource.DynamicRoutingDataSource -- dynamic-datasource all closed success,bye
[INFO] Tests run: 10, Failures: 0, Errors: 0, Skipped: 0, Time elapsed: 5.180 s -- in org.namewta.test.notify.NotifySmsDispatchIntegrationTest
Picked up JAVA_TOOL_OPTIONS: -Xms128m -Xmx1536m
[INFO] Running org.namewta.test.notify.NotifySupportedModeIntegrationTest
17:50:48.797 [main] INFO com.baomidou.dynamic.datasource.DynamicRoutingDataSource -- dynamic-datasource - add a datasource named [master] success
17:50:49.432 [main] INFO org.redisson.Version -- Redisson 4.6.1
17:50:49.663 [redisson-netty-1-1] INFO org.redisson.connection.ConnectionsHolder -- 1 connections initialized for 127.0.0.1/127.0.0.1:32906
17:50:49.663 [redisson-netty-1-2] INFO org.redisson.connection.ConnectionsHolder -- 1 connections initialized for 127.0.0.1/127.0.0.1:32906
Mockito is currently self-attaching to enable the inline-mock-maker. This will no longer work in future releases of the JDK. Please add Mockito as an agent to your build as described in Mockito's documentation: https://javadoc.io/doc/org.mockito/mockito-core/latest/org.mockito/org/mockito/Mockito.html#0.3
OpenJDK 64-Bit Server VM warning: Sharing is only supported for boot loader classes because bootstrap classpath has been appended
WARNING: A Java agent has been loaded dynamically (/root/.m2/repository/net/bytebuddy/byte-buddy-agent/1.18.10/byte-buddy-agent-1.18.10.jar)
WARNING: If a serviceability tool is in use, please run with -XX:+EnableDynamicAgentLoading to hide this warning
WARNING: If a serviceability tool is not in use, please run with -Djdk.instrument.traceUsage for more information
WARNING: Dynamic loading of agents will be disallowed by default in a future release
17:50:50.784 [main] INFO com.zaxxer.hikari.HikariDataSource -- HikariPool-1 - Starting...
17:50:51.052 [main] INFO com.zaxxer.hikari.pool.HikariPool -- HikariPool-1 - Added connection com.mysql.cj.jdbc.ConnectionImpl@26a9c6df
17:50:51.054 [main] INFO com.zaxxer.hikari.HikariDataSource -- HikariPool-1 - Start completed.
17:50:51.298 [main] INFO com.baomidou.dynamic.datasource.DynamicRoutingDataSource -- dynamic-datasource start closing ....
17:50:51.300 [main] INFO com.baomidou.dynamic.datasource.DynamicRoutingDataSource -- dynamic-datasource all closed success,bye
17:50:51.300 [main] INFO com.zaxxer.hikari.HikariDataSource -- HikariPool-1 - Shutdown initiated...
17:50:51.334 [main] INFO com.zaxxer.hikari.HikariDataSource -- HikariPool-1 - Shutdown completed.
17:50:51.346 [main] INFO com.baomidou.dynamic.datasource.DynamicRoutingDataSource -- dynamic-datasource - add a datasource named [master] success
17:50:51.649 [main] INFO org.redisson.Version -- Redisson 4.6.1
17:50:51.654 [redisson-netty-5-1] INFO org.redisson.connection.ConnectionsHolder -- 1 connections initialized for 127.0.0.1/127.0.0.1:32906
17:50:51.654 [redisson-netty-5-2] INFO org.redisson.connection.ConnectionsHolder -- 1 connections initialized for 127.0.0.1/127.0.0.1:32906
17:50:51.684 [main] INFO com.zaxxer.hikari.HikariDataSource -- HikariPool-2 - Starting...
17:50:51.689 [main] INFO com.zaxxer.hikari.pool.HikariPool -- HikariPool-2 - Added connection com.mysql.cj.jdbc.ConnectionImpl@8c18bde
17:50:51.689 [main] INFO com.zaxxer.hikari.HikariDataSource -- HikariPool-2 - Start completed.
17:50:51.977 [main] INFO com.baomidou.dynamic.datasource.DynamicRoutingDataSource -- dynamic-datasource start closing ....
17:50:51.978 [main] INFO com.baomidou.dynamic.datasource.DynamicRoutingDataSource -- dynamic-datasource all closed success,bye
17:50:51.978 [main] INFO com.zaxxer.hikari.HikariDataSource -- HikariPool-2 - Shutdown initiated...
17:50:52.001 [main] INFO com.zaxxer.hikari.HikariDataSource -- HikariPool-2 - Shutdown completed.
17:50:52.004 [main] INFO com.baomidou.dynamic.datasource.DynamicRoutingDataSource -- dynamic-datasource - add a datasource named [master] success
17:50:52.190 [main] INFO org.redisson.Version -- Redisson 4.6.1
17:50:52.195 [redisson-netty-8-2] INFO org.redisson.connection.ConnectionsHolder -- 1 connections initialized for 127.0.0.1/127.0.0.1:32906
17:50:52.195 [redisson-netty-8-1] INFO org.redisson.connection.ConnectionsHolder -- 1 connections initialized for 127.0.0.1/127.0.0.1:32906
17:50:52.217 [main] INFO com.zaxxer.hikari.HikariDataSource -- HikariPool-3 - Starting...
17:50:52.221 [main] INFO com.zaxxer.hikari.pool.HikariPool -- HikariPool-3 - Added connection com.mysql.cj.jdbc.ConnectionImpl@6e5af973
17:50:52.221 [main] INFO com.zaxxer.hikari.HikariDataSource -- HikariPool-3 - Start completed.
17:50:52.342 [main] INFO com.baomidou.dynamic.datasource.DynamicRoutingDataSource -- dynamic-datasource start closing ....
17:50:52.342 [main] INFO com.baomidou.dynamic.datasource.DynamicRoutingDataSource -- dynamic-datasource all closed success,bye
17:50:52.342 [main] INFO com.zaxxer.hikari.HikariDataSource -- HikariPool-3 - Shutdown initiated...
17:50:52.357 [main] INFO com.zaxxer.hikari.HikariDataSource -- HikariPool-3 - Shutdown completed.
17:50:52.359 [main] INFO com.baomidou.dynamic.datasource.DynamicRoutingDataSource -- dynamic-datasource - add a datasource named [master] success
17:50:52.508 [main] INFO org.redisson.Version -- Redisson 4.6.1
17:50:52.512 [redisson-netty-11-2] INFO org.redisson.connection.ConnectionsHolder -- 1 connections initialized for 127.0.0.1/127.0.0.1:32906
17:50:52.512 [redisson-netty-11-1] INFO org.redisson.connection.ConnectionsHolder -- 1 connections initialized for 127.0.0.1/127.0.0.1:32906
17:50:52.532 [main] INFO com.zaxxer.hikari.HikariDataSource -- HikariPool-4 - Starting...
17:50:52.537 [main] INFO com.zaxxer.hikari.pool.HikariPool -- HikariPool-4 - Added connection com.mysql.cj.jdbc.ConnectionImpl@3c2fa57a
17:50:52.537 [main] INFO com.zaxxer.hikari.HikariDataSource -- HikariPool-4 - Start completed.
____ ____    ___ ____ _  _ ____ _  _ 
[__  |__| __  |  |  | |_/  |___ |\ | 
___] |  |     |  |__| | \_ |___ | \| 
https://sa-token.cc (v1.45.0)
17:50:53.059 [main] INFO org.hibernate.validator.internal.util.Version -- HV000001: Hibernate Validator 9.1.0.Final
17:50:53.335 [main] INFO org.eclipse.jetty.server.Server -- jetty-12.1.10; built: 2026-05-31T04:45:52.925Z; git: 986024525891c2c20ff08c58ba300dc3b9847586; jvm 21.0.12.1+1-LTS
17:50:53.354 [main] INFO org.eclipse.jetty.server.handler.ContextHandler -- Started oeje11s.ServletContextHandler@3a72b2c9{ROOT,/,b=null,a=AVAILABLE,h=oeje11s.ServletHandler@269a37bc{STARTED}}
17:50:53.357 [main] INFO org.eclipse.jetty.server.handler.ContextHandler.ROOT -- Initializing Spring DispatcherServlet 'org.springframework.web.servlet.DispatcherServlet-3e5d10fc'
17:50:53.357 [main] INFO org.springframework.web.servlet.DispatcherServlet -- Initializing Servlet 'org.springframework.web.servlet.DispatcherServlet-3e5d10fc'
17:50:53.358 [main] INFO org.springframework.web.servlet.DispatcherServlet -- Completed initialization in 1 ms
17:50:53.358 [main] INFO org.eclipse.jetty.ee11.servlet.ServletContextHandler -- Started oeje11s.ServletContextHandler@3a72b2c9{ROOT,/,b=null,a=AVAILABLE,h=oeje11s.ServletHandler@269a37bc{STARTED}}
17:50:53.364 [main] INFO org.eclipse.jetty.server.AbstractConnector -- Started oejs.ServerConnector@1dfd39fe{HTTP/1.1, (http/1.1)}{localhost:44399}
17:50:53.365 [main] INFO org.eclipse.jetty.server.Server -- Started oejs.Server@2914f916{STARTING}[12.1.10,sto=0] @32ms
17:50:53.717 [qtp2119032302-75] ERROR org.namewta.common.web.handler.GlobalExceptionHandler -- 请求处理失败，异常类型=org.namewta.common.core.exception.ServiceException
17:50:53.732 [qtp2119032302-74] ERROR org.namewta.common.web.handler.GlobalExceptionHandler -- 请求处理失败，异常类型=org.namewta.common.core.exception.ServiceException
17:50:53.740 [qtp2119032302-73] ERROR org.namewta.common.web.handler.GlobalExceptionHandler -- 请求处理失败，异常类型=org.namewta.common.core.exception.ServiceException
17:50:53.747 [qtp2119032302-74] ERROR org.namewta.common.web.handler.GlobalExceptionHandler -- 请求处理失败，异常类型=org.namewta.common.core.exception.ServiceException
17:50:53.755 [qtp2119032302-73] ERROR org.namewta.common.web.handler.GlobalExceptionHandler -- 请求地址'/notify/notification', 参数解析失败: org.springframework.http.converter.HttpMessageNotReadableException
17:50:53.761 [qtp2119032302-74] ERROR org.namewta.common.web.handler.GlobalExceptionHandler -- 请求地址'/notify/notification', 参数解析失败: org.springframework.http.converter.HttpMessageNotReadableException
17:50:53.767 [qtp2119032302-73] ERROR org.namewta.common.satoken.handler.SaTokenExceptionHandler -- 请求地址'/notify/notification',权限码校验失败'无此权限：notify:notification:submit'
17:50:53.775 [qtp2119032302-74] ERROR org.namewta.common.satoken.handler.SaTokenExceptionHandler -- 请求地址'/notify/notification',认证失败'未能读取到有效 token',无法访问系统资源
17:50:53.780 [main] INFO org.eclipse.jetty.server.Server -- Stopped oejs.Server@2914f916{STOPPING}[12.1.10,sto=0]
17:50:53.783 [main] INFO org.eclipse.jetty.server.AbstractConnector -- Stopped oejs.ServerConnector@1dfd39fe{HTTP/1.1, (http/1.1)}{localhost:0}
17:50:53.784 [main] INFO org.eclipse.jetty.server.handler.ContextHandler.ROOT -- Destroying Spring FrameworkServlet 'org.springframework.web.servlet.DispatcherServlet-3e5d10fc'
17:50:53.785 [main] INFO org.eclipse.jetty.ee11.servlet.ServletContextHandler -- Stopped oeje11s.ServletContextHandler@3a72b2c9{ROOT,/,b=null,a=AVAILABLE,h=oeje11s.ServletHandler@269a37bc{STOPPED}}
____ ____    ___ ____ _  _ ____ _  _ 
[__  |__| __  |  |  | |_/  |___ |\ | 
___] |  |     |  |__| | \_ |___ | \| 
https://sa-token.cc (v1.45.0)
17:50:53.815 [main] INFO com.baomidou.dynamic.datasource.DynamicRoutingDataSource -- dynamic-datasource start closing ....
17:50:53.815 [main] INFO com.baomidou.dynamic.datasource.DynamicRoutingDataSource -- dynamic-datasource all closed success,bye
17:50:53.815 [main] INFO com.zaxxer.hikari.HikariDataSource -- HikariPool-4 - Shutdown initiated...
17:50:53.816 [main] INFO com.zaxxer.hikari.HikariDataSource -- HikariPool-4 - Shutdown completed.
17:50:53.847 [main] INFO com.baomidou.dynamic.datasource.DynamicRoutingDataSource -- dynamic-datasource - add a datasource named [master] success
17:50:53.967 [main] INFO org.redisson.Version -- Redisson 4.6.1
17:50:53.972 [redisson-netty-14-2] INFO org.redisson.connection.ConnectionsHolder -- 1 connections initialized for 127.0.0.1/127.0.0.1:32906
17:50:53.972 [redisson-netty-14-1] INFO org.redisson.connection.ConnectionsHolder -- 1 connections initialized for 127.0.0.1/127.0.0.1:32906
17:50:53.989 [main] INFO com.zaxxer.hikari.HikariDataSource -- HikariPool-5 - Starting...
17:50:53.993 [main] INFO com.zaxxer.hikari.pool.HikariPool -- HikariPool-5 - Added connection com.mysql.cj.jdbc.ConnectionImpl@3c67b7a9
17:50:53.994 [main] INFO com.zaxxer.hikari.HikariDataSource -- HikariPool-5 - Start completed.
17:50:54.079 [main] INFO com.baomidou.dynamic.datasource.DynamicRoutingDataSource -- dynamic-datasource start closing ....
17:50:54.079 [main] INFO com.baomidou.dynamic.datasource.DynamicRoutingDataSource -- dynamic-datasource all closed success,bye
17:50:54.079 [main] INFO com.zaxxer.hikari.HikariDataSource -- HikariPool-5 - Shutdown initiated...
17:50:54.080 [main] INFO com.zaxxer.hikari.HikariDataSource -- HikariPool-5 - Shutdown completed.
17:50:54.083 [main] INFO com.baomidou.dynamic.datasource.DynamicRoutingDataSource -- dynamic-datasource - add a datasource named [master] success
17:50:54.201 [main] INFO org.redisson.Version -- Redisson 4.6.1
17:50:54.206 [redisson-netty-17-1] INFO org.redisson.connection.ConnectionsHolder -- 1 connections initialized for 127.0.0.1/127.0.0.1:32906
17:50:54.206 [redisson-netty-17-2] INFO org.redisson.connection.ConnectionsHolder -- 1 connections initialized for 127.0.0.1/127.0.0.1:32906
17:50:54.226 [main] INFO com.zaxxer.hikari.HikariDataSource -- HikariPool-6 - Starting...
17:50:54.231 [main] INFO com.zaxxer.hikari.pool.HikariPool -- HikariPool-6 - Added connection com.mysql.cj.jdbc.ConnectionImpl@5eace68f
17:50:54.232 [main] INFO com.zaxxer.hikari.HikariDataSource -- HikariPool-6 - Start completed.
17:50:54.324 [main] INFO com.baomidou.dynamic.datasource.DynamicRoutingDataSource -- dynamic-datasource start closing ....
17:50:54.324 [main] INFO com.baomidou.dynamic.datasource.DynamicRoutingDataSource -- dynamic-datasource all closed success,bye
17:50:54.324 [main] INFO com.zaxxer.hikari.HikariDataSource -- HikariPool-6 - Shutdown initiated...
17:50:54.325 [main] INFO com.zaxxer.hikari.HikariDataSource -- HikariPool-6 - Shutdown completed.
17:50:54.327 [main] INFO com.baomidou.dynamic.datasource.DynamicRoutingDataSource -- dynamic-datasource - add a datasource named [master] success
17:50:54.474 [main] INFO org.redisson.Version -- Redisson 4.6.1
17:50:54.479 [redisson-netty-20-1] INFO org.redisson.connection.ConnectionsHolder -- 1 connections initialized for 127.0.0.1/127.0.0.1:32906
17:50:54.479 [redisson-netty-20-2] INFO org.redisson.connection.ConnectionsHolder -- 1 connections initialized for 127.0.0.1/127.0.0.1:32906
17:50:54.497 [main] INFO com.zaxxer.hikari.HikariDataSource -- HikariPool-7 - Starting...
17:50:54.505 [main] INFO com.zaxxer.hikari.pool.HikariPool -- HikariPool-7 - Added connection com.mysql.cj.jdbc.ConnectionImpl@5608233b
17:50:54.506 [main] INFO com.zaxxer.hikari.HikariDataSource -- HikariPool-7 - Start completed.
17:50:54.589 [main] INFO com.baomidou.dynamic.datasource.DynamicRoutingDataSource -- dynamic-datasource start closing ....
17:50:54.589 [main] INFO com.baomidou.dynamic.datasource.DynamicRoutingDataSource -- dynamic-datasource all closed success,bye
17:50:54.589 [main] INFO com.zaxxer.hikari.HikariDataSource -- HikariPool-7 - Shutdown initiated...
17:50:54.590 [main] INFO com.zaxxer.hikari.HikariDataSource -- HikariPool-7 - Shutdown completed.
17:50:54.593 [main] INFO com.baomidou.dynamic.datasource.DynamicRoutingDataSource -- dynamic-datasource - add a datasource named [master] success
17:50:54.715 [main] INFO org.redisson.Version -- Redisson 4.6.1
17:50:54.720 [redisson-netty-23-2] INFO org.redisson.connection.ConnectionsHolder -- 1 connections initialized for 127.0.0.1/127.0.0.1:32906
17:50:54.720 [redisson-netty-23-1] INFO org.redisson.connection.ConnectionsHolder -- 1 connections initialized for 127.0.0.1/127.0.0.1:32906
17:50:54.738 [main] INFO com.zaxxer.hikari.HikariDataSource -- HikariPool-8 - Starting...
17:50:54.742 [main] INFO com.zaxxer.hikari.pool.HikariPool -- HikariPool-8 - Added connection com.mysql.cj.jdbc.ConnectionImpl@4c902a72
17:50:54.742 [main] INFO com.zaxxer.hikari.HikariDataSource -- HikariPool-8 - Start completed.
17:50:54.790 [main] INFO com.baomidou.dynamic.datasource.DynamicRoutingDataSource -- dynamic-datasource start closing ....
17:50:54.790 [main] INFO com.baomidou.dynamic.datasource.DynamicRoutingDataSource -- dynamic-datasource all closed success,bye
17:50:54.790 [main] INFO com.zaxxer.hikari.HikariDataSource -- HikariPool-8 - Shutdown initiated...
17:50:54.790 [main] INFO com.zaxxer.hikari.HikariDataSource -- HikariPool-8 - Shutdown completed.
17:50:54.793 [main] INFO com.baomidou.dynamic.datasource.DynamicRoutingDataSource -- dynamic-datasource - add a datasource named [master] success
17:50:54.910 [main] INFO org.redisson.Version -- Redisson 4.6.1
17:50:54.915 [redisson-netty-26-2] INFO org.redisson.connection.ConnectionsHolder -- 1 connections initialized for 127.0.0.1/127.0.0.1:32906
17:50:54.914 [redisson-netty-26-1] INFO org.redisson.connection.ConnectionsHolder -- 1 connections initialized for 127.0.0.1/127.0.0.1:32906
17:50:54.931 [main] INFO com.zaxxer.hikari.HikariDataSource -- HikariPool-9 - Starting...
17:50:54.935 [main] INFO com.zaxxer.hikari.pool.HikariPool -- HikariPool-9 - Added connection com.mysql.cj.jdbc.ConnectionImpl@21e441d1
17:50:54.935 [main] INFO com.zaxxer.hikari.HikariDataSource -- HikariPool-9 - Start completed.
17:50:54.984 [main] INFO com.baomidou.dynamic.datasource.DynamicRoutingDataSource -- dynamic-datasource start closing ....
17:50:54.984 [main] INFO com.baomidou.dynamic.datasource.DynamicRoutingDataSource -- dynamic-datasource all closed success,bye
17:50:54.984 [main] INFO com.zaxxer.hikari.HikariDataSource -- HikariPool-9 - Shutdown initiated...
17:50:54.985 [main] INFO com.zaxxer.hikari.HikariDataSource -- HikariPool-9 - Shutdown completed.
17:50:54.987 [main] INFO com.baomidou.dynamic.datasource.DynamicRoutingDataSource -- dynamic-datasource - add a datasource named [master] success
17:50:55.114 [main] INFO org.redisson.Version -- Redisson 4.6.1
17:50:55.120 [redisson-netty-29-1] INFO org.redisson.connection.ConnectionsHolder -- 1 connections initialized for 127.0.0.1/127.0.0.1:32906
17:50:55.120 [redisson-netty-29-2] INFO org.redisson.connection.ConnectionsHolder -- 1 connections initialized for 127.0.0.1/127.0.0.1:32906
17:50:55.136 [main] INFO com.zaxxer.hikari.HikariDataSource -- HikariPool-10 - Starting...
17:50:55.141 [main] INFO com.zaxxer.hikari.pool.HikariPool -- HikariPool-10 - Added connection com.mysql.cj.jdbc.ConnectionImpl@5c2086b4
17:50:55.141 [main] INFO com.zaxxer.hikari.HikariDataSource -- HikariPool-10 - Start completed.
17:50:55.206 [main] INFO com.baomidou.dynamic.datasource.DynamicRoutingDataSource -- dynamic-datasource start closing ....
17:50:55.206 [main] INFO com.baomidou.dynamic.datasource.DynamicRoutingDataSource -- dynamic-datasource all closed success,bye
17:50:55.206 [main] INFO com.zaxxer.hikari.HikariDataSource -- HikariPool-10 - Shutdown initiated...
17:50:55.207 [main] INFO com.zaxxer.hikari.HikariDataSource -- HikariPool-10 - Shutdown completed.
17:50:55.210 [main] INFO com.baomidou.dynamic.datasource.DynamicRoutingDataSource -- dynamic-datasource - add a datasource named [master] success
17:50:55.334 [main] INFO org.redisson.Version -- Redisson 4.6.1
17:50:55.338 [redisson-netty-32-1] INFO org.redisson.connection.ConnectionsHolder -- 1 connections initialized for 127.0.0.1/127.0.0.1:32906
17:50:55.338 [redisson-netty-32-2] INFO org.redisson.connection.ConnectionsHolder -- 1 connections initialized for 127.0.0.1/127.0.0.1:32906
17:50:55.353 [main] INFO com.zaxxer.hikari.HikariDataSource -- HikariPool-11 - Starting...
17:50:55.356 [main] INFO com.zaxxer.hikari.pool.HikariPool -- HikariPool-11 - Added connection com.mysql.cj.jdbc.ConnectionImpl@3f13c9a2
17:50:55.356 [main] INFO com.zaxxer.hikari.HikariDataSource -- HikariPool-11 - Start completed.
17:50:55.418 [main] INFO com.baomidou.dynamic.datasource.DynamicRoutingDataSource -- dynamic-datasource start closing ....
17:50:55.418 [main] INFO com.baomidou.dynamic.datasource.DynamicRoutingDataSource -- dynamic-datasource all closed success,bye
17:50:55.418 [main] INFO com.zaxxer.hikari.HikariDataSource -- HikariPool-11 - Shutdown initiated...
17:50:55.419 [main] INFO com.zaxxer.hikari.HikariDataSource -- HikariPool-11 - Shutdown completed.
17:50:55.422 [main] INFO com.baomidou.dynamic.datasource.DynamicRoutingDataSource -- dynamic-datasource - add a datasource named [master] success
17:50:55.523 [main] INFO org.redisson.Version -- Redisson 4.6.1
17:50:55.527 [redisson-netty-35-2] INFO org.redisson.connection.ConnectionsHolder -- 1 connections initialized for 127.0.0.1/127.0.0.1:32906
17:50:55.527 [redisson-netty-35-1] INFO org.redisson.connection.ConnectionsHolder -- 1 connections initialized for 127.0.0.1/127.0.0.1:32906
17:50:55.540 [main] INFO com.zaxxer.hikari.HikariDataSource -- HikariPool-12 - Starting...
17:50:55.544 [main] INFO com.zaxxer.hikari.pool.HikariPool -- HikariPool-12 - Added connection com.mysql.cj.jdbc.ConnectionImpl@425cf933
17:50:55.544 [main] INFO com.zaxxer.hikari.HikariDataSource -- HikariPool-12 - Start completed.
17:50:55.601 [main] INFO com.baomidou.dynamic.datasource.DynamicRoutingDataSource -- dynamic-datasource start closing ....
17:50:55.601 [main] INFO com.baomidou.dynamic.datasource.DynamicRoutingDataSource -- dynamic-datasource all closed success,bye
17:50:55.601 [main] INFO com.zaxxer.hikari.HikariDataSource -- HikariPool-12 - Shutdown initiated...
17:50:55.602 [main] INFO com.zaxxer.hikari.HikariDataSource -- HikariPool-12 - Shutdown completed.
17:50:55.604 [main] INFO com.baomidou.dynamic.datasource.DynamicRoutingDataSource -- dynamic-datasource - add a datasource named [master] success
17:50:55.712 [main] INFO org.redisson.Version -- Redisson 4.6.1
17:50:55.716 [redisson-netty-38-1] INFO org.redisson.connection.ConnectionsHolder -- 1 connections initialized for 127.0.0.1/127.0.0.1:32906
17:50:55.716 [redisson-netty-38-2] INFO org.redisson.connection.ConnectionsHolder -- 1 connections initialized for 127.0.0.1/127.0.0.1:32906
17:50:55.732 [main] INFO com.zaxxer.hikari.HikariDataSource -- HikariPool-13 - Starting...
17:50:55.735 [main] INFO com.zaxxer.hikari.pool.HikariPool -- HikariPool-13 - Added connection com.mysql.cj.jdbc.ConnectionImpl@5e5db72e
17:50:55.736 [main] INFO com.zaxxer.hikari.HikariDataSource -- HikariPool-13 - Start completed.
17:50:55.944 [main] INFO com.baomidou.dynamic.datasource.DynamicRoutingDataSource -- dynamic-datasource start closing ....
17:50:55.945 [main] INFO com.baomidou.dynamic.datasource.DynamicRoutingDataSource -- dynamic-datasource all closed success,bye
17:50:55.945 [main] INFO com.zaxxer.hikari.HikariDataSource -- HikariPool-13 - Shutdown initiated...
17:50:55.970 [main] INFO com.zaxxer.hikari.HikariDataSource -- HikariPool-13 - Shutdown completed.
17:50:55.972 [main] INFO com.baomidou.dynamic.datasource.DynamicRoutingDataSource -- dynamic-datasource - add a datasource named [master] success
17:50:56.079 [main] INFO org.redisson.Version -- Redisson 4.6.1
17:50:56.082 [redisson-netty-41-1] INFO org.redisson.connection.ConnectionsHolder -- 1 connections initialized for 127.0.0.1/127.0.0.1:32906
17:50:56.082 [redisson-netty-41-2] INFO org.redisson.connection.ConnectionsHolder -- 1 connections initialized for 127.0.0.1/127.0.0.1:32906
17:50:56.096 [main] INFO com.zaxxer.hikari.HikariDataSource -- HikariPool-14 - Starting...
17:50:56.100 [main] INFO com.zaxxer.hikari.pool.HikariPool -- HikariPool-14 - Added connection com.mysql.cj.jdbc.ConnectionImpl@42f7523d
17:50:56.101 [main] INFO com.zaxxer.hikari.HikariDataSource -- HikariPool-14 - Start completed.
17:50:56.159 [main] INFO com.baomidou.dynamic.datasource.DynamicRoutingDataSource -- dynamic-datasource start closing ....
17:50:56.159 [main] INFO com.baomidou.dynamic.datasource.DynamicRoutingDataSource -- dynamic-datasource all closed success,bye
17:50:56.159 [main] INFO com.zaxxer.hikari.HikariDataSource -- HikariPool-14 - Shutdown initiated...
17:50:56.160 [main] INFO com.zaxxer.hikari.HikariDataSource -- HikariPool-14 - Shutdown completed.
17:50:56.161 [main] INFO com.baomidou.dynamic.datasource.DynamicRoutingDataSource -- dynamic-datasource - add a datasource named [master] success
17:50:56.261 [main] INFO org.redisson.Version -- Redisson 4.6.1
17:50:56.264 [redisson-netty-44-1] INFO org.redisson.connection.ConnectionsHolder -- 1 connections initialized for 127.0.0.1/127.0.0.1:32906
17:50:56.265 [redisson-netty-44-2] INFO org.redisson.connection.ConnectionsHolder -- 1 connections initialized for 127.0.0.1/127.0.0.1:32906
17:50:56.279 [main] INFO com.zaxxer.hikari.HikariDataSource -- HikariPool-15 - Starting...
17:50:56.282 [main] INFO com.zaxxer.hikari.pool.HikariPool -- HikariPool-15 - Added connection com.mysql.cj.jdbc.ConnectionImpl@2b7e07e0
17:50:56.282 [main] INFO com.zaxxer.hikari.HikariDataSource -- HikariPool-15 - Start completed.
17:50:56.318 [main] INFO com.baomidou.dynamic.datasource.DynamicRoutingDataSource -- dynamic-datasource start closing ....
17:50:56.318 [main] INFO com.baomidou.dynamic.datasource.DynamicRoutingDataSource -- dynamic-datasource all closed success,bye
17:50:56.318 [main] INFO com.zaxxer.hikari.HikariDataSource -- HikariPool-15 - Shutdown initiated...
17:50:56.319 [main] INFO com.zaxxer.hikari.HikariDataSource -- HikariPool-15 - Shutdown completed.
17:50:56.321 [main] INFO com.baomidou.dynamic.datasource.DynamicRoutingDataSource -- dynamic-datasource - add a datasource named [master] success
17:50:56.423 [main] INFO org.redisson.Version -- Redisson 4.6.1
17:50:56.427 [redisson-netty-47-1] INFO org.redisson.connection.ConnectionsHolder -- 1 connections initialized for 127.0.0.1/127.0.0.1:32906
17:50:56.435 [redisson-netty-47-2] INFO org.redisson.connection.ConnectionsHolder -- 1 connections initialized for 127.0.0.1/127.0.0.1:32906
17:50:56.451 [main] INFO com.zaxxer.hikari.HikariDataSource -- HikariPool-16 - Starting...
17:50:56.455 [main] INFO com.zaxxer.hikari.pool.HikariPool -- HikariPool-16 - Added connection com.mysql.cj.jdbc.ConnectionImpl@2a53d576
17:50:56.455 [main] INFO com.zaxxer.hikari.HikariDataSource -- HikariPool-16 - Start completed.
17:50:56.518 [main] INFO com.baomidou.dynamic.datasource.DynamicRoutingDataSource -- dynamic-datasource start closing ....
17:50:56.518 [main] INFO com.baomidou.dynamic.datasource.DynamicRoutingDataSource -- dynamic-datasource all closed success,bye
17:50:56.518 [main] INFO com.zaxxer.hikari.HikariDataSource -- HikariPool-16 - Shutdown initiated...
17:50:56.519 [main] INFO com.zaxxer.hikari.HikariDataSource -- HikariPool-16 - Shutdown completed.
17:50:56.521 [main] INFO com.baomidou.dynamic.datasource.DynamicRoutingDataSource -- dynamic-datasource - add a datasource named [master] success
17:50:56.614 [main] INFO org.redisson.Version -- Redisson 4.6.1
17:50:56.617 [redisson-netty-50-1] INFO org.redisson.connection.ConnectionsHolder -- 1 connections initialized for 127.0.0.1/127.0.0.1:32906
17:50:56.617 [redisson-netty-50-2] INFO org.redisson.connection.ConnectionsHolder -- 1 connections initialized for 127.0.0.1/127.0.0.1:32906
17:50:56.629 [main] INFO com.zaxxer.hikari.HikariDataSource -- HikariPool-17 - Starting...
17:50:56.632 [main] INFO com.zaxxer.hikari.pool.HikariPool -- HikariPool-17 - Added connection com.mysql.cj.jdbc.ConnectionImpl@46808854
17:50:56.632 [main] INFO com.zaxxer.hikari.HikariDataSource -- HikariPool-17 - Start completed.
17:50:56.683 [main] INFO com.baomidou.dynamic.datasource.DynamicRoutingDataSource -- dynamic-datasource start closing ....
17:50:56.684 [main] INFO com.baomidou.dynamic.datasource.DynamicRoutingDataSource -- dynamic-datasource all closed success,bye
17:50:56.684 [main] INFO com.zaxxer.hikari.HikariDataSource -- HikariPool-17 - Shutdown initiated...
17:50:56.684 [main] INFO com.zaxxer.hikari.HikariDataSource -- HikariPool-17 - Shutdown completed.
17:50:56.686 [main] INFO com.baomidou.dynamic.datasource.DynamicRoutingDataSource -- dynamic-datasource - add a datasource named [master] success
17:50:56.772 [main] INFO org.redisson.Version -- Redisson 4.6.1
17:50:56.776 [redisson-netty-53-1] INFO org.redisson.connection.ConnectionsHolder -- 1 connections initialized for 127.0.0.1/127.0.0.1:32906
17:50:56.776 [redisson-netty-53-2] INFO org.redisson.connection.ConnectionsHolder -- 1 connections initialized for 127.0.0.1/127.0.0.1:32906
17:50:56.788 [main] INFO com.zaxxer.hikari.HikariDataSource -- HikariPool-18 - Starting...
17:50:56.793 [main] INFO com.zaxxer.hikari.pool.HikariPool -- HikariPool-18 - Added connection com.mysql.cj.jdbc.ConnectionImpl@a73b3c4
17:50:56.793 [main] INFO com.zaxxer.hikari.HikariDataSource -- HikariPool-18 - Start completed.
17:50:56.814 [main] INFO org.springframework.mock.web.MockServletContext -- Initializing Spring TestDispatcherServlet ''
17:50:56.814 [main] INFO org.springframework.test.web.servlet.TestDispatcherServlet -- Initializing Servlet ''
17:50:56.814 [main] INFO org.springframework.test.web.servlet.TestDispatcherServlet -- Completed initialization in 0 ms
17:50:56.836 [main] WARN org.springframework.web.servlet.mvc.support.DefaultHandlerExceptionResolver -- Resolved [org.springframework.http.converter.HttpMessageNotReadableException: JSON parse error: Cannot deserialize value of type `org.namewta.notify.api.NotificationMode` from String "SYNC": not one of the values accepted for Enum class: [ASYNC]]
17:50:56.851 [main] INFO com.baomidou.dynamic.datasource.DynamicRoutingDataSource -- dynamic-datasource start closing ....
17:50:56.851 [main] INFO com.baomidou.dynamic.datasource.DynamicRoutingDataSource -- dynamic-datasource all closed success,bye
17:50:56.851 [main] INFO com.zaxxer.hikari.HikariDataSource -- HikariPool-18 - Shutdown initiated...
17:50:56.852 [main] INFO com.zaxxer.hikari.HikariDataSource -- HikariPool-18 - Shutdown completed.
17:50:56.854 [main] INFO com.baomidou.dynamic.datasource.DynamicRoutingDataSource -- dynamic-datasource - add a datasource named [master] success
17:50:56.937 [main] INFO org.redisson.Version -- Redisson 4.6.1
17:50:56.940 [redisson-netty-56-2] INFO org.redisson.connection.ConnectionsHolder -- 1 connections initialized for 127.0.0.1/127.0.0.1:32906
17:50:56.940 [redisson-netty-56-1] INFO org.redisson.connection.ConnectionsHolder -- 1 connections initialized for 127.0.0.1/127.0.0.1:32906
17:50:56.952 [main] INFO com.zaxxer.hikari.HikariDataSource -- HikariPool-19 - Starting...
17:50:56.955 [main] INFO com.zaxxer.hikari.pool.HikariPool -- HikariPool-19 - Added connection com.mysql.cj.jdbc.ConnectionImpl@1a7ba443
17:50:56.955 [main] INFO com.zaxxer.hikari.HikariDataSource -- HikariPool-19 - Start completed.
17:50:57.014 [main] INFO com.baomidou.dynamic.datasource.DynamicRoutingDataSource -- dynamic-datasource start closing ....
17:50:57.014 [main] INFO com.baomidou.dynamic.datasource.DynamicRoutingDataSource -- dynamic-datasource all closed success,bye
17:50:57.014 [main] INFO com.zaxxer.hikari.HikariDataSource -- HikariPool-19 - Shutdown initiated...
17:50:57.014 [main] INFO com.zaxxer.hikari.HikariDataSource -- HikariPool-19 - Shutdown completed.
[INFO] Tests run: 19, Failures: 0, Errors: 0, Skipped: 0, Time elapsed: 8.383 s -- in org.namewta.test.notify.NotifySupportedModeIntegrationTest
Picked up JAVA_TOOL_OPTIONS: -Xms128m -Xmx1536m
[INFO] Running org.namewta.test.notify.EnterpriseQueuedNotificationIntegrationTest
17:50:57.907 [main] INFO com.baomidou.dynamic.datasource.DynamicRoutingDataSource -- dynamic-datasource - add a datasource named [master] success
17:50:58.527 [main] INFO org.redisson.Version -- Redisson 4.6.1
17:50:58.775 [redisson-netty-1-1] INFO org.redisson.connection.ConnectionsHolder -- 1 connections initialized for 127.0.0.1/127.0.0.1:32906
17:50:58.775 [redisson-netty-1-2] INFO org.redisson.connection.ConnectionsHolder -- 1 connections initialized for 127.0.0.1/127.0.0.1:32906
Mockito is currently self-attaching to enable the inline-mock-maker. This will no longer work in future releases of the JDK. Please add Mockito as an agent to your build as described in Mockito's documentation: https://javadoc.io/doc/org.mockito/mockito-core/latest/org.mockito/org/mockito/Mockito.html#0.3
OpenJDK 64-Bit Server VM warning: Sharing is only supported for boot loader classes because bootstrap classpath has been appended
WARNING: A Java agent has been loaded dynamically (/root/.m2/repository/net/bytebuddy/byte-buddy-agent/1.18.10/byte-buddy-agent-1.18.10.jar)
WARNING: If a serviceability tool is in use, please run with -XX:+EnableDynamicAgentLoading to hide this warning
WARNING: If a serviceability tool is not in use, please run with -Djdk.instrument.traceUsage for more information
WARNING: Dynamic loading of agents will be disallowed by default in a future release
17:50:59.915 [main] INFO com.zaxxer.hikari.HikariDataSource -- HikariPool-1 - Starting...
17:51:00.167 [main] INFO com.zaxxer.hikari.pool.HikariPool -- HikariPool-1 - Added connection com.mysql.cj.jdbc.ConnectionImpl@5bad555b
17:51:00.169 [main] INFO com.zaxxer.hikari.HikariDataSource -- HikariPool-1 - Start completed.
17:51:01.075 [main] INFO org.namewta.notify.adapter.worker.NotifyOutboxWorker -- notify outbox drain trigger=POLL claimed=1 batches=2
17:51:01.403 [main] INFO org.namewta.notify.adapter.worker.NotifyOutboxWorker -- notify outbox drain trigger=POLL claimed=1 batches=2
17:51:01.559 [main] INFO com.baomidou.dynamic.datasource.DynamicRoutingDataSource -- dynamic-datasource start closing ....
17:51:01.561 [main] INFO com.baomidou.dynamic.datasource.DynamicRoutingDataSource -- dynamic-datasource all closed success,bye
17:51:01.561 [main] INFO com.zaxxer.hikari.HikariDataSource -- HikariPool-1 - Shutdown initiated...
17:51:01.567 [main] INFO com.zaxxer.hikari.HikariDataSource -- HikariPool-1 - Shutdown completed.
17:51:01.577 [main] INFO com.baomidou.dynamic.datasource.DynamicRoutingDataSource -- dynamic-datasource - add a datasource named [master] success
17:51:01.798 [main] INFO org.redisson.Version -- Redisson 4.6.1
17:51:01.804 [redisson-netty-5-2] INFO org.redisson.connection.ConnectionsHolder -- 1 connections initialized for 127.0.0.1/127.0.0.1:32906
17:51:01.804 [redisson-netty-5-1] INFO org.redisson.connection.ConnectionsHolder -- 1 connections initialized for 127.0.0.1/127.0.0.1:32906
17:51:01.824 [main] INFO com.zaxxer.hikari.HikariDataSource -- HikariPool-2 - Starting...
17:51:01.828 [main] INFO com.zaxxer.hikari.pool.HikariPool -- HikariPool-2 - Added connection com.mysql.cj.jdbc.ConnectionImpl@66e434e8
17:51:01.828 [main] INFO com.zaxxer.hikari.HikariDataSource -- HikariPool-2 - Start completed.
17:51:02.015 [main] INFO org.namewta.notify.adapter.worker.NotifyOutboxWorker -- notify outbox drain trigger=POLL claimed=1 batches=2
17:51:02.138 [main] INFO com.baomidou.dynamic.datasource.DynamicRoutingDataSource -- dynamic-datasource start closing ....
17:51:02.139 [main] INFO com.baomidou.dynamic.datasource.DynamicRoutingDataSource -- dynamic-datasource all closed success,bye
17:51:02.139 [main] INFO com.zaxxer.hikari.HikariDataSource -- HikariPool-2 - Shutdown initiated...
17:51:02.163 [main] INFO com.zaxxer.hikari.HikariDataSource -- HikariPool-2 - Shutdown completed.
17:51:02.165 [main] INFO com.baomidou.dynamic.datasource.DynamicRoutingDataSource -- dynamic-datasource - add a datasource named [master] success
17:51:02.313 [main] INFO org.redisson.Version -- Redisson 4.6.1
17:51:02.317 [redisson-netty-8-1] INFO org.redisson.connection.ConnectionsHolder -- 1 connections initialized for 127.0.0.1/127.0.0.1:32906
17:51:02.317 [redisson-netty-8-2] INFO org.redisson.connection.ConnectionsHolder -- 1 connections initialized for 127.0.0.1/127.0.0.1:32906
17:51:02.334 [main] INFO com.zaxxer.hikari.HikariDataSource -- HikariPool-3 - Starting...
17:51:02.338 [main] INFO com.zaxxer.hikari.pool.HikariPool -- HikariPool-3 - Added connection com.mysql.cj.jdbc.ConnectionImpl@16269ff4
17:51:02.338 [main] INFO com.zaxxer.hikari.HikariDataSource -- HikariPool-3 - Start completed.
17:51:02.493 [main] INFO com.baomidou.dynamic.datasource.DynamicRoutingDataSource -- dynamic-datasource start closing ....
17:51:02.493 [main] INFO com.baomidou.dynamic.datasource.DynamicRoutingDataSource -- dynamic-datasource all closed success,bye
17:51:02.493 [main] INFO com.zaxxer.hikari.HikariDataSource -- HikariPool-3 - Shutdown initiated...
17:51:02.508 [main] INFO com.zaxxer.hikari.HikariDataSource -- HikariPool-3 - Shutdown completed.
17:51:02.510 [main] INFO com.baomidou.dynamic.datasource.DynamicRoutingDataSource -- dynamic-datasource - add a datasource named [master] success
17:51:02.653 [main] INFO org.redisson.Version -- Redisson 4.6.1
17:51:02.657 [redisson-netty-11-1] INFO org.redisson.connection.ConnectionsHolder -- 1 connections initialized for 127.0.0.1/127.0.0.1:32906
17:51:02.657 [redisson-netty-11-2] INFO org.redisson.connection.ConnectionsHolder -- 1 connections initialized for 127.0.0.1/127.0.0.1:32906
17:51:02.675 [main] INFO com.zaxxer.hikari.HikariDataSource -- HikariPool-4 - Starting...
17:51:02.679 [main] INFO com.zaxxer.hikari.pool.HikariPool -- HikariPool-4 - Added connection com.mysql.cj.jdbc.ConnectionImpl@12e13abd
17:51:02.680 [main] INFO com.zaxxer.hikari.HikariDataSource -- HikariPool-4 - Start completed.
17:51:02.856 [main] INFO org.namewta.notify.adapter.worker.NotifyOutboxWorker -- notify outbox drain trigger=POLL claimed=1 batches=2
17:51:02.979 [main] INFO com.baomidou.dynamic.datasource.DynamicRoutingDataSource -- dynamic-datasource start closing ....
17:51:02.979 [main] INFO com.baomidou.dynamic.datasource.DynamicRoutingDataSource -- dynamic-datasource all closed success,bye
17:51:02.979 [main] INFO com.zaxxer.hikari.HikariDataSource -- HikariPool-4 - Shutdown initiated...
17:51:03.013 [main] INFO com.zaxxer.hikari.HikariDataSource -- HikariPool-4 - Shutdown completed.
17:51:03.015 [main] INFO com.baomidou.dynamic.datasource.DynamicRoutingDataSource -- dynamic-datasource - add a datasource named [master] success
17:51:03.139 [main] INFO org.redisson.Version -- Redisson 4.6.1
17:51:03.143 [redisson-netty-14-2] INFO org.redisson.connection.ConnectionsHolder -- 1 connections initialized for 127.0.0.1/127.0.0.1:32906
17:51:03.143 [redisson-netty-14-1] INFO org.redisson.connection.ConnectionsHolder -- 1 connections initialized for 127.0.0.1/127.0.0.1:32906
17:51:03.158 [main] INFO com.zaxxer.hikari.HikariDataSource -- HikariPool-5 - Starting...
17:51:03.161 [main] INFO com.zaxxer.hikari.pool.HikariPool -- HikariPool-5 - Added connection com.mysql.cj.jdbc.ConnectionImpl@76685ab0
17:51:03.162 [main] INFO com.zaxxer.hikari.HikariDataSource -- HikariPool-5 - Start completed.
17:51:03.316 [main] INFO org.namewta.notify.adapter.worker.NotifyOutboxWorker -- notify outbox drain trigger=POLL claimed=1 batches=2
17:51:03.358 [main] INFO com.baomidou.dynamic.datasource.DynamicRoutingDataSource -- dynamic-datasource start closing ....
17:51:03.358 [main] INFO com.baomidou.dynamic.datasource.DynamicRoutingDataSource -- dynamic-datasource all closed success,bye
17:51:03.358 [main] INFO com.zaxxer.hikari.HikariDataSource -- HikariPool-5 - Shutdown initiated...
17:51:03.362 [main] INFO com.zaxxer.hikari.HikariDataSource -- HikariPool-5 - Shutdown completed.
17:51:03.364 [main] INFO com.baomidou.dynamic.datasource.DynamicRoutingDataSource -- dynamic-datasource - add a datasource named [master] success
17:51:03.492 [main] INFO org.redisson.Version -- Redisson 4.6.1
17:51:03.497 [redisson-netty-17-2] INFO org.redisson.connection.ConnectionsHolder -- 1 connections initialized for 127.0.0.1/127.0.0.1:32906
17:51:03.497 [redisson-netty-17-1] INFO org.redisson.connection.ConnectionsHolder -- 1 connections initialized for 127.0.0.1/127.0.0.1:32906
17:51:03.515 [main] INFO com.zaxxer.hikari.HikariDataSource -- HikariPool-6 - Starting...
17:51:03.520 [main] INFO com.zaxxer.hikari.pool.HikariPool -- HikariPool-6 - Added connection com.mysql.cj.jdbc.ConnectionImpl@593d0173
17:51:03.520 [main] INFO com.zaxxer.hikari.HikariDataSource -- HikariPool-6 - Start completed.
17:51:03.691 [main] INFO org.namewta.notify.adapter.worker.NotifyOutboxWorker -- notify outbox drain trigger=POLL claimed=1 batches=2
17:51:03.821 [main] INFO com.baomidou.dynamic.datasource.DynamicRoutingDataSource -- dynamic-datasource start closing ....
17:51:03.821 [main] INFO com.baomidou.dynamic.datasource.DynamicRoutingDataSource -- dynamic-datasource all closed success,bye
17:51:03.821 [main] INFO com.zaxxer.hikari.HikariDataSource -- HikariPool-6 - Shutdown initiated...
17:51:03.827 [main] INFO com.zaxxer.hikari.HikariDataSource -- HikariPool-6 - Shutdown completed.
17:51:03.829 [main] INFO com.baomidou.dynamic.datasource.DynamicRoutingDataSource -- dynamic-datasource - add a datasource named [master] success
17:51:03.969 [main] INFO org.redisson.Version -- Redisson 4.6.1
17:51:03.973 [redisson-netty-20-1] INFO org.redisson.connection.ConnectionsHolder -- 1 connections initialized for 127.0.0.1/127.0.0.1:32906
17:51:03.974 [redisson-netty-20-2] INFO org.redisson.connection.ConnectionsHolder -- 1 connections initialized for 127.0.0.1/127.0.0.1:32906
17:51:03.993 [main] INFO com.zaxxer.hikari.HikariDataSource -- HikariPool-7 - Starting...
17:51:03.998 [main] INFO com.zaxxer.hikari.pool.HikariPool -- HikariPool-7 - Added connection com.mysql.cj.jdbc.ConnectionImpl@68e8bbab
17:51:03.998 [main] INFO com.zaxxer.hikari.HikariDataSource -- HikariPool-7 - Start completed.
17:51:04.305 [main] INFO org.namewta.notify.adapter.worker.NotifyOutboxWorker -- notify outbox drain trigger=POLL claimed=2 batches=2
17:51:04.451 [main] INFO com.baomidou.dynamic.datasource.DynamicRoutingDataSource -- dynamic-datasource start closing ....
17:51:04.451 [main] INFO com.baomidou.dynamic.datasource.DynamicRoutingDataSource -- dynamic-datasource all closed success,bye
17:51:04.451 [main] INFO com.zaxxer.hikari.HikariDataSource -- HikariPool-7 - Shutdown initiated...
17:51:04.452 [main] INFO com.zaxxer.hikari.HikariDataSource -- HikariPool-7 - Shutdown completed.
17:51:04.455 [main] INFO com.baomidou.dynamic.datasource.DynamicRoutingDataSource -- dynamic-datasource - add a datasource named [master] success
17:51:04.573 [main] INFO org.redisson.Version -- Redisson 4.6.1
17:51:04.576 [redisson-netty-23-1] INFO org.redisson.connection.ConnectionsHolder -- 1 connections initialized for 127.0.0.1/127.0.0.1:32906
17:51:04.576 [redisson-netty-23-2] INFO org.redisson.connection.ConnectionsHolder -- 1 connections initialized for 127.0.0.1/127.0.0.1:32906
17:51:04.589 [main] INFO com.zaxxer.hikari.HikariDataSource -- HikariPool-8 - Starting...
17:51:04.592 [main] INFO com.zaxxer.hikari.pool.HikariPool -- HikariPool-8 - Added connection com.mysql.cj.jdbc.ConnectionImpl@5a5cd0af
17:51:04.592 [main] INFO com.zaxxer.hikari.HikariDataSource -- HikariPool-8 - Start completed.
17:51:04.876 [main] INFO com.baomidou.dynamic.datasource.DynamicRoutingDataSource -- dynamic-datasource start closing ....
17:51:04.876 [main] INFO com.baomidou.dynamic.datasource.DynamicRoutingDataSource -- dynamic-datasource all closed success,bye
17:51:04.876 [main] INFO com.zaxxer.hikari.HikariDataSource -- HikariPool-8 - Shutdown initiated...
17:51:04.892 [main] INFO com.zaxxer.hikari.HikariDataSource -- HikariPool-8 - Shutdown completed.
[INFO] Tests run: 8, Failures: 0, Errors: 0, Skipped: 0, Time elapsed: 7.140 s -- in org.namewta.test.notify.EnterpriseQueuedNotificationIntegrationTest
Picked up JAVA_TOOL_OPTIONS: -Xms128m -Xmx1536m
[INFO] Running org.namewta.test.notify.idempotency.RedisNotifyIdempotencyStoreIntegrationTest
17:51:05.662 [main] INFO org.redisson.Version -- Redisson 4.6.1
17:51:05.908 [redisson-netty-1-4] INFO org.redisson.connection.ConnectionsHolder -- 1 connections initialized for 127.0.0.1/127.0.0.1:32906
17:51:05.966 [redisson-netty-1-19] INFO org.redisson.connection.ConnectionsHolder -- 24 connections initialized for 127.0.0.1/127.0.0.1:32906
17:51:06.318 [main] INFO org.redisson.Version -- Redisson 4.6.1
17:51:06.323 [redisson-netty-5-4] INFO org.redisson.connection.ConnectionsHolder -- 1 connections initialized for 127.0.0.1/127.0.0.1:32906
17:51:06.365 [redisson-netty-5-19] INFO org.redisson.connection.ConnectionsHolder -- 24 connections initialized for 127.0.0.1/127.0.0.1:32906
17:51:06.459 [main] INFO org.redisson.Version -- Redisson 4.6.1
17:51:06.464 [redisson-netty-8-5] INFO org.redisson.connection.ConnectionsHolder -- 1 connections initialized for 127.0.0.1/127.0.0.1:32906
17:51:06.509 [redisson-netty-8-19] INFO org.redisson.connection.ConnectionsHolder -- 24 connections initialized for 127.0.0.1/127.0.0.1:32906
[INFO] Tests run: 3, Failures: 0, Errors: 0, Skipped: 0, Time elapsed: 1.016 s -- in org.namewta.test.notify.idempotency.RedisNotifyIdempotencyStoreIntegrationTest
Picked up JAVA_TOOL_OPTIONS: -Xms128m -Xmx1536m
[INFO] Running org.namewta.test.notify.NotifyAtomicResultIntegrationTest
17:51:07.544 [main] INFO com.baomidou.dynamic.datasource.DynamicRoutingDataSource -- dynamic-datasource - add a datasource named [master] success
17:51:08.163 [main] INFO org.redisson.Version -- Redisson 4.6.1
17:51:08.383 [redisson-netty-1-1] INFO org.redisson.connection.ConnectionsHolder -- 1 connections initialized for 127.0.0.1/127.0.0.1:32906
17:51:08.383 [redisson-netty-1-2] INFO org.redisson.connection.ConnectionsHolder -- 1 connections initialized for 127.0.0.1/127.0.0.1:32906
Mockito is currently self-attaching to enable the inline-mock-maker. This will no longer work in future releases of the JDK. Please add Mockito as an agent to your build as described in Mockito's documentation: https://javadoc.io/doc/org.mockito/mockito-core/latest/org.mockito/org/mockito/Mockito.html#0.3
OpenJDK 64-Bit Server VM warning: Sharing is only supported for boot loader classes because bootstrap classpath has been appended
WARNING: A Java agent has been loaded dynamically (/root/.m2/repository/net/bytebuddy/byte-buddy-agent/1.18.10/byte-buddy-agent-1.18.10.jar)
WARNING: If a serviceability tool is in use, please run with -XX:+EnableDynamicAgentLoading to hide this warning
WARNING: If a serviceability tool is not in use, please run with -Djdk.instrument.traceUsage for more information
WARNING: Dynamic loading of agents will be disallowed by default in a future release
17:51:09.478 [main] INFO com.zaxxer.hikari.HikariDataSource -- HikariPool-1 - Starting...
17:51:09.768 [main] INFO com.zaxxer.hikari.pool.HikariPool -- HikariPool-1 - Added connection com.mysql.cj.jdbc.ConnectionImpl@6cfd08e9
17:51:09.771 [main] INFO com.zaxxer.hikari.HikariDataSource -- HikariPool-1 - Start completed.
17:51:10.275 [main] INFO com.baomidou.dynamic.datasource.DynamicRoutingDataSource -- dynamic-datasource start closing ....
17:51:10.277 [main] INFO com.baomidou.dynamic.datasource.DynamicRoutingDataSource -- dynamic-datasource all closed success,bye
17:51:10.278 [main] INFO com.zaxxer.hikari.HikariDataSource -- HikariPool-1 - Shutdown initiated...
17:51:10.284 [main] INFO com.zaxxer.hikari.HikariDataSource -- HikariPool-1 - Shutdown completed.
17:51:10.294 [main] INFO com.baomidou.dynamic.datasource.DynamicRoutingDataSource -- dynamic-datasource - add a datasource named [master] success
17:51:10.575 [main] INFO org.redisson.Version -- Redisson 4.6.1
17:51:10.581 [redisson-netty-5-1] INFO org.redisson.connection.ConnectionsHolder -- 1 connections initialized for 127.0.0.1/127.0.0.1:32906
17:51:10.581 [redisson-netty-5-2] INFO org.redisson.connection.ConnectionsHolder -- 1 connections initialized for 127.0.0.1/127.0.0.1:32906
17:51:10.612 [main] INFO com.zaxxer.hikari.HikariDataSource -- HikariPool-2 - Starting...
17:51:10.623 [main] INFO com.zaxxer.hikari.pool.HikariPool -- HikariPool-2 - Added connection com.mysql.cj.jdbc.ConnectionImpl@39dce2df
17:51:10.623 [main] INFO com.zaxxer.hikari.HikariDataSource -- HikariPool-2 - Start completed.
17:51:10.815 [main] INFO com.baomidou.dynamic.datasource.DynamicRoutingDataSource -- dynamic-datasource start closing ....
17:51:10.816 [main] INFO com.baomidou.dynamic.datasource.DynamicRoutingDataSource -- dynamic-datasource all closed success,bye
17:51:10.816 [main] INFO com.zaxxer.hikari.HikariDataSource -- HikariPool-2 - Shutdown initiated...
17:51:10.827 [main] INFO com.zaxxer.hikari.HikariDataSource -- HikariPool-2 - Shutdown completed.
17:51:10.831 [main] INFO com.baomidou.dynamic.datasource.DynamicRoutingDataSource -- dynamic-datasource - add a datasource named [master] success
17:51:10.993 [main] INFO org.redisson.Version -- Redisson 4.6.1
17:51:10.998 [redisson-netty-8-1] INFO org.redisson.connection.ConnectionsHolder -- 1 connections initialized for 127.0.0.1/127.0.0.1:32906
17:51:10.998 [redisson-netty-8-2] INFO org.redisson.connection.ConnectionsHolder -- 1 connections initialized for 127.0.0.1/127.0.0.1:32906
17:51:11.018 [main] INFO com.zaxxer.hikari.HikariDataSource -- HikariPool-3 - Starting...
17:51:11.022 [main] INFO com.zaxxer.hikari.pool.HikariPool -- HikariPool-3 - Added connection com.mysql.cj.jdbc.ConnectionImpl@4281a26f
17:51:11.022 [main] INFO com.zaxxer.hikari.HikariDataSource -- HikariPool-3 - Start completed.
17:51:11.178 [pool-3-thread-2] WARN org.namewta.notify.adapter.event.InAppCommittedPushListener -- 站内实时提示失败，messageId=9220001, reason=IllegalStateException
17:51:11.206 [pool-3-thread-1] WARN org.namewta.notify.adapter.event.InAppCommittedPushListener -- 站内实时提示失败，messageId=9220001, reason=IllegalStateException
17:51:11.260 [main] INFO com.baomidou.dynamic.datasource.DynamicRoutingDataSource -- dynamic-datasource start closing ....
17:51:11.260 [main] INFO com.baomidou.dynamic.datasource.DynamicRoutingDataSource -- dynamic-datasource all closed success,bye
17:51:11.260 [main] INFO com.zaxxer.hikari.HikariDataSource -- HikariPool-3 - Shutdown initiated...
17:51:11.270 [main] INFO com.zaxxer.hikari.HikariDataSource -- HikariPool-3 - Shutdown completed.
17:51:11.272 [main] INFO com.baomidou.dynamic.datasource.DynamicRoutingDataSource -- dynamic-datasource - add a datasource named [master] success
17:51:11.429 [main] INFO org.redisson.Version -- Redisson 4.6.1
17:51:11.434 [redisson-netty-11-1] INFO org.redisson.connection.ConnectionsHolder -- 1 connections initialized for 127.0.0.1/127.0.0.1:32906
17:51:11.434 [redisson-netty-11-2] INFO org.redisson.connection.ConnectionsHolder -- 1 connections initialized for 127.0.0.1/127.0.0.1:32906
17:51:11.455 [main] INFO com.zaxxer.hikari.HikariDataSource -- HikariPool-4 - Starting...
17:51:11.461 [main] INFO com.zaxxer.hikari.pool.HikariPool -- HikariPool-4 - Added connection com.mysql.cj.jdbc.ConnectionImpl@3f04fb07
17:51:11.461 [main] INFO com.zaxxer.hikari.HikariDataSource -- HikariPool-4 - Start completed.
17:51:11.715 [main] INFO com.baomidou.dynamic.datasource.DynamicRoutingDataSource -- dynamic-datasource start closing ....
17:51:11.715 [main] INFO com.baomidou.dynamic.datasource.DynamicRoutingDataSource -- dynamic-datasource all closed success,bye
17:51:11.715 [main] INFO com.zaxxer.hikari.HikariDataSource -- HikariPool-4 - Shutdown initiated...
17:51:11.730 [main] INFO com.zaxxer.hikari.HikariDataSource -- HikariPool-4 - Shutdown completed.
17:51:11.771 [main] INFO com.baomidou.dynamic.datasource.DynamicRoutingDataSource -- dynamic-datasource - add a datasource named [master] success
17:51:11.899 [main] INFO org.redisson.Version -- Redisson 4.6.1
17:51:11.904 [redisson-netty-14-1] INFO org.redisson.connection.ConnectionsHolder -- 1 connections initialized for 127.0.0.1/127.0.0.1:32906
17:51:11.904 [redisson-netty-14-2] INFO org.redisson.connection.ConnectionsHolder -- 1 connections initialized for 127.0.0.1/127.0.0.1:32906
17:51:11.923 [main] INFO com.zaxxer.hikari.HikariDataSource -- HikariPool-5 - Starting...
17:51:11.926 [main] INFO com.zaxxer.hikari.pool.HikariPool -- HikariPool-5 - Added connection com.mysql.cj.jdbc.ConnectionImpl@5f6b1f19
17:51:11.927 [main] INFO com.zaxxer.hikari.HikariDataSource -- HikariPool-5 - Start completed.
17:51:11.973 [main] WARN com.zaxxer.hikari.pool.ProxyConnection -- HikariPool-5 - Connection com.mysql.cj.jdbc.ConnectionImpl@5f6b1f19 marked as broken because of SQLSTATE(08S01), ErrorCode(0)
com.mysql.cj.jdbc.exceptions.CommunicationsException: Communications link failure

The last packet successfully received from the server was 6 milliseconds ago. The last packet sent successfully to the server was 6 milliseconds ago.
	at com.mysql.cj.jdbc.exceptions.SQLError.createCommunicationsException(SQLError.java:165)
	at com.mysql.cj.jdbc.exceptions.SQLExceptionsMapping.translateException(SQLExceptionsMapping.java:55)
	at com.mysql.cj.jdbc.ConnectionImpl.commit(ConnectionImpl.java:814)
	at com.zaxxer.hikari.pool.ProxyConnection.commit(ProxyConnection.java:378)
	at com.zaxxer.hikari.pool.HikariProxyConnection.commit(HikariProxyConnection.java)
	at java.base/jdk.internal.reflect.DirectMethodHandleAccessor.invoke(DirectMethodHandleAccessor.java:103)
	at java.base/java.lang.reflect.Method.invoke(Method.java:580)
	at org.namewta.test.notify.NotifyAtomicResultIntegrationTest$1.lambda$getConnection$0(NotifyAtomicResultIntegrationTest.java:123)
	at jdk.proxy2/jdk.proxy2.$Proxy131.commit(Unknown Source)
	at com.baomidou.dynamic.datasource.tx.ConnectionProxy.notify(ConnectionProxy.java:62)
	at com.baomidou.dynamic.datasource.tx.ConnectionFactory.notify(ConnectionFactory.java:153)
	at com.baomidou.dynamic.datasource.tx.LocalTxUtil.commit(LocalTxUtil.java:91)
	at com.baomidou.dynamic.datasource.tx.TransactionalTemplate.doExecute(TransactionalTemplate.java:126)
	at com.baomidou.dynamic.datasource.tx.TransactionalTemplate.execute(TransactionalTemplate.java:94)
	at com.baomidou.dynamic.datasource.aop.DynamicLocalTransactionInterceptor.invoke(DynamicLocalTransactionInterceptor.java:59)
	at org.springframework.aop.framework.ReflectiveMethodInvocation.proceed(ReflectiveMethodInvocation.java:179)
	at org.springframework.aop.framework.CglibAopProxy$DynamicAdvisedInterceptor.intercept(CglibAopProxy.java:719)
	at org.namewta.notify.usecase.ProviderCallbackUseCase$$SpringCGLIB$$5.confirm(<generated>)
	at org.namewta.test.notify.NotifyAtomicResultIntegrationTest.lambda$nativeReceiptCommitFailureCanRetrySameInternalIdentity$57(NotifyAtomicResultIntegrationTest.java:1169)
	at org.assertj.core.api.ThrowableAssert.catchThrowable(ThrowableAssert.java:66)
	at org.assertj.core.api.AssertionsForClassTypes.catchThrowable(AssertionsForClassTypes.java:908)
	at org.assertj.core.api.Assertions.catchThrowable(Assertions.java:1476)
	at org.assertj.core.api.Assertions.assertThatThrownBy(Assertions.java:1319)
	at org.namewta.test.notify.NotifyAtomicResultIntegrationTest.nativeReceiptCommitFailureCanRetrySameInternalIdentity(NotifyAtomicResultIntegrationTest.java:1169)
	at java.base/jdk.internal.reflect.DirectMethodHandleAccessor.invoke(DirectMethodHandleAccessor.java:103)
	at java.base/java.lang.reflect.Method.invoke(Method.java:580)
	at org.junit.platform.commons.util.ReflectionUtils.invokeMethod(ReflectionUtils.java:701)
	at org.junit.platform.commons.support.ReflectionSupport.invokeMethod(ReflectionSupport.java:502)
	at org.junit.jupiter.engine.support.MethodReflectionUtils.invoke(MethodReflectionUtils.java:45)
	at org.junit.jupiter.engine.execution.MethodInvocation.proceed(MethodInvocation.java:61)
	at org.junit.jupiter.engine.execution.InvocationInterceptorChain$ValidatingInvocation.proceed(InvocationInterceptorChain.java:124)
	at org.junit.jupiter.engine.extension.TimeoutExtension.intercept(TimeoutExtension.java:163)
	at org.junit.jupiter.engine.extension.TimeoutExtension.interceptTestableMethod(TimeoutExtension.java:148)
	at org.junit.jupiter.engine.extension.TimeoutExtension.interceptTestTemplateMethod(TimeoutExtension.java:94)
	at org.junit.jupiter.engine.execution.InterceptingExecutableInvoker$ReflectiveInterceptorCall.lambda$ofVoidMethod$0(InterceptingExecutableInvoker.java:123)
	at org.junit.jupiter.engine.execution.InterceptingExecutableInvoker.lambda$invoke$0(InterceptingExecutableInvoker.java:105)
	at org.junit.jupiter.engine.execution.InvocationInterceptorChain$InterceptedInvocation.proceed(InvocationInterceptorChain.java:99)
	at org.junit.jupiter.engine.execution.InvocationInterceptorChain.proceed(InvocationInterceptorChain.java:66)
	at org.junit.jupiter.engine.execution.InvocationInterceptorChain.chainAndInvoke(InvocationInterceptorChain.java:47)
	at org.junit.jupiter.engine.execution.InvocationInterceptorChain.invoke(InvocationInterceptorChain.java:39)
	at org.junit.jupiter.engine.execution.InterceptingExecutableInvoker.invoke(InterceptingExecutableInvoker.java:104)
	at org.junit.jupiter.engine.execution.InterceptingExecutableInvoker.invoke(InterceptingExecutableInvoker.java:98)
	at org.junit.jupiter.engine.execution.InterceptingExecutableInvoker.invokeVoid(InterceptingExecutableInvoker.java:71)
	at org.junit.jupiter.engine.descriptor.TestMethodTestDescriptor.lambda$invokeTestMethod$0(TestMethodTestDescriptor.java:219)
	at org.junit.platform.engine.support.hierarchical.ThrowableCollector.execute(ThrowableCollector.java:74)
	at org.junit.jupiter.engine.descriptor.TestMethodTestDescriptor.invokeTestMethod(TestMethodTestDescriptor.java:215)
	at org.junit.jupiter.engine.descriptor.TestMethodTestDescriptor.execute(TestMethodTestDescriptor.java:157)
	at org.junit.jupiter.engine.descriptor.TestMethodTestDescriptor.execute(TestMethodTestDescriptor.java:70)
	at org.junit.platform.engine.support.hierarchical.NodeTestTask.lambda$executeRecursively$2(NodeTestTask.java:176)
	at org.junit.platform.engine.support.hierarchical.ThrowableCollector.execute(ThrowableCollector.java:74)
	at org.junit.platform.engine.support.hierarchical.NodeTestTask.lambda$executeRecursively$1(NodeTestTask.java:166)
	at org.junit.platform.engine.support.hierarchical.Node.around(Node.java:138)
	at org.junit.platform.engine.support.hierarchical.NodeTestTask.lambda$executeRecursively$0(NodeTestTask.java:164)
	at org.junit.platform.engine.support.hierarchical.ThrowableCollector.execute(ThrowableCollector.java:74)
	at org.junit.platform.engine.support.hierarchical.NodeTestTask.executeRecursively(NodeTestTask.java:163)
	at org.junit.platform.engine.support.hierarchical.NodeTestTask.execute(NodeTestTask.java:116)
	at org.junit.platform.engine.support.hierarchical.SameThreadHierarchicalTestExecutorService.submit(SameThreadHierarchicalTestExecutorService.java:36)
	at org.junit.platform.engine.support.hierarchical.NodeTestTask$DefaultDynamicTestExecutor.execute(NodeTestTask.java:268)
	at org.junit.platform.engine.support.hierarchical.NodeTestTask$DefaultDynamicTestExecutor.execute(NodeTestTask.java:246)
	at org.junit.jupiter.engine.descriptor.TemplateExecutor.execute(TemplateExecutor.java:96)
	at org.junit.jupiter.engine.descriptor.TemplateExecutor.lambda$executeForProvider$1(TemplateExecutor.java:59)
	at java.base/java.util.Optional.ifPresent(Optional.java:178)
	at org.junit.jupiter.engine.descriptor.TemplateExecutor.lambda$executeForProvider$0(TemplateExecutor.java:59)
	at java.base/java.util.stream.ForEachOps$ForEachOp$OfRef.accept(ForEachOps.java:184)
	at java.base/java.util.stream.ReferencePipeline$3$1.accept(ReferencePipeline.java:197)
	at java.base/java.util.stream.ForEachOps$ForEachOp$OfRef.accept(ForEachOps.java:184)
	at java.base/java.util.ArrayList$ArrayListSpliterator.forEachRemaining(ArrayList.java:1708)
	at java.base/java.util.stream.ReferencePipeline$Head.forEach(ReferencePipeline.java:762)
	at java.base/java.util.stream.ReferencePipeline$7$1.accept(ReferencePipeline.java:276)
	at java.base/java.util.ArrayList$ArrayListSpliterator.forEachRemaining(ArrayList.java:1708)
	at java.base/java.util.stream.AbstractPipeline.copyInto(AbstractPipeline.java:509)
	at java.base/java.util.stream.AbstractPipeline.wrapAndCopyInto(AbstractPipeline.java:499)
	at java.base/java.util.stream.ForEachOps$ForEachOp.evaluateSequential(ForEachOps.java:151)
	at java.base/java.util.stream.ForEachOps$ForEachOp$OfRef.evaluateSequential(ForEachOps.java:174)
	at java.base/java.util.stream.AbstractPipeline.evaluate(AbstractPipeline.java:234)
	at java.base/java.util.stream.ReferencePipeline.forEach(ReferencePipeline.java:596)
	at java.base/java.util.stream.ReferencePipeline$7$1.accept(ReferencePipeline.java:276)
	at java.base/java.util.stream.ReferencePipeline$3$1.accept(ReferencePipeline.java:197)
	at java.base/java.util.stream.ReferencePipeline$3$1.accept(ReferencePipeline.java:197)
	at java.base/java.util.stream.ReferencePipeline$3$1.accept(ReferencePipeline.java:197)
	at java.base/java.util.AbstractList$RandomAccessSpliterator.forEachRemaining(AbstractList.java:722)
	at java.base/java.util.stream.AbstractPipeline.copyInto(AbstractPipeline.java:509)
	at java.base/java.util.stream.AbstractPipeline.wrapAndCopyInto(AbstractPipeline.java:499)
	at java.base/java.util.stream.ForEachOps$ForEachOp.evaluateSequential(ForEachOps.java:151)
	at java.base/java.util.stream.ForEachOps$ForEachOp$OfRef.evaluateSequential(ForEachOps.java:174)
	at java.base/java.util.stream.AbstractPipeline.evaluate(AbstractPipeline.java:234)
	at java.base/java.util.stream.ReferencePipeline.forEach(ReferencePipeline.java:596)
	at org.junit.jupiter.engine.descriptor.TemplateExecutor.executeForProvider(TemplateExecutor.java:57)
	at org.junit.jupiter.engine.descriptor.TemplateExecutor.execute(TemplateExecutor.java:46)
	at org.junit.jupiter.engine.descriptor.TestTemplateTestDescriptor.execute(TestTemplateTestDescriptor.java:112)
	at org.junit.jupiter.engine.descriptor.TestTemplateTestDescriptor.execute(TestTemplateTestDescriptor.java:40)
	at org.junit.platform.engine.support.hierarchical.NodeTestTask.lambda$executeRecursively$2(NodeTestTask.java:176)
	at org.junit.platform.engine.support.hierarchical.ThrowableCollector.execute(ThrowableCollector.java:74)
	at org.junit.platform.engine.support.hierarchical.NodeTestTask.lambda$executeRecursively$1(NodeTestTask.java:166)
	at org.junit.platform.engine.support.hierarchical.Node.around(Node.java:138)
	at org.junit.platform.engine.support.hierarchical.NodeTestTask.lambda$executeRecursively$0(NodeTestTask.java:164)
	at org.junit.platform.engine.support.hierarchical.ThrowableCollector.execute(ThrowableCollector.java:74)
	at org.junit.platform.engine.support.hierarchical.NodeTestTask.executeRecursively(NodeTestTask.java:163)
	at org.junit.platform.engine.support.hierarchical.NodeTestTask.execute(NodeTestTask.java:116)
	at java.base/java.util.ArrayList.forEach(ArrayList.java:1596)
	at org.junit.platform.engine.support.hierarchical.SameThreadHierarchicalTestExecutorService.invokeAll(SameThreadHierarchicalTestExecutorService.java:42)
	at org.junit.platform.engine.support.hierarchical.NodeTestTask.lambda$executeRecursively$2(NodeTestTask.java:180)
	at org.junit.platform.engine.support.hierarchical.ThrowableCollector.execute(ThrowableCollector.java:74)
	at org.junit.platform.engine.support.hierarchical.NodeTestTask.lambda$executeRecursively$1(NodeTestTask.java:166)
	at org.junit.platform.engine.support.hierarchical.Node.around(Node.java:138)
	at org.junit.platform.engine.support.hierarchical.NodeTestTask.lambda$executeRecursively$0(NodeTestTask.java:164)
	at org.junit.platform.engine.support.hierarchical.ThrowableCollector.execute(ThrowableCollector.java:74)
	at org.junit.platform.engine.support.hierarchical.NodeTestTask.executeRecursively(NodeTestTask.java:163)
	at org.junit.platform.engine.support.hierarchical.NodeTestTask.execute(NodeTestTask.java:116)
	at java.base/java.util.ArrayList.forEach(ArrayList.java:1596)
	at org.junit.platform.engine.support.hierarchical.SameThreadHierarchicalTestExecutorService.invokeAll(SameThreadHierarchicalTestExecutorService.java:42)
	at org.junit.platform.engine.support.hierarchical.NodeTestTask.lambda$executeRecursively$2(NodeTestTask.java:180)
	at org.junit.platform.engine.support.hierarchical.ThrowableCollector.execute(ThrowableCollector.java:74)
	at org.junit.platform.engine.support.hierarchical.NodeTestTask.lambda$executeRecursively$1(NodeTestTask.java:166)
	at org.junit.platform.engine.support.hierarchical.Node.around(Node.java:138)
	at org.junit.platform.engine.support.hierarchical.NodeTestTask.lambda$executeRecursively$0(NodeTestTask.java:164)
	at org.junit.platform.engine.support.hierarchical.ThrowableCollector.execute(ThrowableCollector.java:74)
	at org.junit.platform.engine.support.hierarchical.NodeTestTask.executeRecursively(NodeTestTask.java:163)
	at org.junit.platform.engine.support.hierarchical.NodeTestTask.execute(NodeTestTask.java:116)
	at org.junit.platform.engine.support.hierarchical.SameThreadHierarchicalTestExecutorService.submit(SameThreadHierarchicalTestExecutorService.java:36)
	at org.junit.platform.engine.support.hierarchical.HierarchicalTestExecutor.execute(HierarchicalTestExecutor.java:52)
	at org.junit.platform.engine.support.hierarchical.HierarchicalTestEngine.execute(HierarchicalTestEngine.java:58)
	at org.junit.platform.launcher.core.EngineExecutionOrchestrator.executeEngine(EngineExecutionOrchestrator.java:246)
	at org.junit.platform.launcher.core.EngineExecutionOrchestrator.failOrExecuteEngine(EngineExecutionOrchestrator.java:218)
	at org.junit.platform.launcher.core.EngineExecutionOrchestrator.execute(EngineExecutionOrchestrator.java:179)
	at org.junit.platform.launcher.core.EngineExecutionOrchestrator.execute(EngineExecutionOrchestrator.java:108)
	at org.junit.platform.launcher.core.EngineExecutionOrchestrator.lambda$execute$0(EngineExecutionOrchestrator.java:66)
	at org.junit.platform.launcher.core.EngineExecutionOrchestrator.withInterceptedStreams(EngineExecutionOrchestrator.java:157)
	at org.junit.platform.launcher.core.EngineExecutionOrchestrator.execute(EngineExecutionOrchestrator.java:65)
	at org.junit.platform.launcher.core.DefaultLauncher.execute(DefaultLauncher.java:125)
	at org.junit.platform.launcher.core.DefaultLauncher.execute(DefaultLauncher.java:114)
	at org.junit.platform.launcher.core.DelegatingLauncher.execute(DelegatingLauncher.java:58)
	at org.junit.platform.launcher.core.InterceptingLauncher.lambda$execute$2(InterceptingLauncher.java:57)
	at org.junit.platform.launcher.core.ClasspathAlignmentCheckingLauncherInterceptor.intercept(ClasspathAlignmentCheckingLauncherInterceptor.java:25)
	at org.junit.platform.launcher.core.InterceptingLauncher.execute(InterceptingLauncher.java:56)
	at org.junit.platform.launcher.core.DelegatingLauncher.execute(DelegatingLauncher.java:58)
	at java.base/jdk.internal.reflect.DirectMethodHandleAccessor.invoke(DirectMethodHandleAccessor.java:103)
	at java.base/java.lang.reflect.Method.invoke(Method.java:580)
	at org.apache.maven.surefire.api.util.ReflectionUtils.invokeMethodWithArray(ReflectionUtils.java:125)
	at org.apache.maven.surefire.junitplatform.LauncherAdapter.executeWithCancellationToken(LauncherAdapter.java:68)
	at org.apache.maven.surefire.junitplatform.LauncherAdapter.execute(LauncherAdapter.java:54)
	at org.apache.maven.surefire.junitplatform.JUnitPlatformProvider.execute(JUnitPlatformProvider.java:203)
	at org.apache.maven.surefire.junitplatform.JUnitPlatformProvider.invokeAllTests(JUnitPlatformProvider.java:168)
	at org.apache.maven.surefire.junitplatform.JUnitPlatformProvider.invoke(JUnitPlatformProvider.java:134)
	at org.apache.maven.surefire.booter.ForkedBooter.runSuitesInProcess(ForkedBooter.java:385)
	at org.apache.maven.surefire.booter.ForkedBooter.execute(ForkedBooter.java:162)
	at org.apache.maven.surefire.booter.ForkedBooter.run(ForkedBooter.java:507)
	at org.apache.maven.surefire.booter.ForkedBooter.main(ForkedBooter.java:495)
Caused by: com.mysql.cj.exceptions.CJCommunicationsException: Communications link failure

The last packet successfully received from the server was 6 milliseconds ago. The last packet sent successfully to the server was 6 milliseconds ago.
	at java.base/jdk.internal.reflect.DirectConstructorHandleAccessor.newInstance(DirectConstructorHandleAccessor.java:62)
	at java.base/java.lang.reflect.Constructor.newInstanceWithCaller(Constructor.java:502)
	at java.base/java.lang.reflect.Constructor.newInstance(Constructor.java:486)
	at com.mysql.cj.exceptions.ExceptionFactory.createException(ExceptionFactory.java:52)
	at com.mysql.cj.exceptions.ExceptionFactory.createException(ExceptionFactory.java:95)
	at com.mysql.cj.exceptions.ExceptionFactory.createException(ExceptionFactory.java:140)
	at com.mysql.cj.exceptions.ExceptionFactory.createCommunicationsException(ExceptionFactory.java:156)
	at com.mysql.cj.protocol.a.NativeProtocol.readMessage(NativeProtocol.java:590)
	at com.mysql.cj.protocol.a.NativeProtocol.checkErrorMessage(NativeProtocol.java:767)
	at com.mysql.cj.protocol.a.NativeProtocol.sendCommand(NativeProtocol.java:706)
	at com.mysql.cj.protocol.a.NativeProtocol.sendQueryPacket(NativeProtocol.java:938)
	at com.mysql.cj.NativeSession.execSQL(NativeSession.java:817)
	at com.mysql.cj.jdbc.ConnectionImpl.commit(ConnectionImpl.java:794)
	... 145 common frames omitted
Caused by: java.io.EOFException: Can not read response from server. Expected to read 4 bytes, read 0 bytes before connection was unexpectedly lost.
	at com.mysql.cj.protocol.FullReadInputStream.readFully(FullReadInputStream.java:58)
	at com.mysql.cj.protocol.a.SimplePacketReader.readHeaderLocal(SimplePacketReader.java:72)
	at com.mysql.cj.protocol.a.SimplePacketReader.readHeader(SimplePacketReader.java:54)
	at com.mysql.cj.protocol.a.SimplePacketReader.readHeader(SimplePacketReader.java:36)
	at com.mysql.cj.protocol.a.TimeTrackingPacketReader.readHeader(TimeTrackingPacketReader.java:43)
	at com.mysql.cj.protocol.a.TimeTrackingPacketReader.readHeader(TimeTrackingPacketReader.java:32)
	at com.mysql.cj.protocol.a.MultiPacketReader.readHeader(MultiPacketReader.java:45)
	at com.mysql.cj.protocol.a.MultiPacketReader.readHeader(MultiPacketReader.java:35)
	at com.mysql.cj.protocol.a.NativeProtocol.readMessage(NativeProtocol.java:584)
	... 150 common frames omitted
17:51:11.976 [main] ERROR com.baomidou.dynamic.datasource.tx.ConnectionProxy -- Communications link failure

The last packet successfully received from the server was 6 milliseconds ago. The last packet sent successfully to the server was 6 milliseconds ago.
com.mysql.cj.jdbc.exceptions.CommunicationsException: Communications link failure

The last packet successfully received from the server was 6 milliseconds ago. The last packet sent successfully to the server was 6 milliseconds ago.
	at com.mysql.cj.jdbc.exceptions.SQLError.createCommunicationsException(SQLError.java:165)
	at com.mysql.cj.jdbc.exceptions.SQLExceptionsMapping.translateException(SQLExceptionsMapping.java:55)
	at com.mysql.cj.jdbc.ConnectionImpl.commit(ConnectionImpl.java:814)
	at com.zaxxer.hikari.pool.ProxyConnection.commit(ProxyConnection.java:378)
	at com.zaxxer.hikari.pool.HikariProxyConnection.commit(HikariProxyConnection.java)
	at java.base/jdk.internal.reflect.DirectMethodHandleAccessor.invoke(DirectMethodHandleAccessor.java:103)
	at java.base/java.lang.reflect.Method.invoke(Method.java:580)
	at org.namewta.test.notify.NotifyAtomicResultIntegrationTest$1.lambda$getConnection$0(NotifyAtomicResultIntegrationTest.java:123)
	at jdk.proxy2/jdk.proxy2.$Proxy131.commit(Unknown Source)
	at com.baomidou.dynamic.datasource.tx.ConnectionProxy.notify(ConnectionProxy.java:62)
	at com.baomidou.dynamic.datasource.tx.ConnectionFactory.notify(ConnectionFactory.java:153)
	at com.baomidou.dynamic.datasource.tx.LocalTxUtil.commit(LocalTxUtil.java:91)
	at com.baomidou.dynamic.datasource.tx.TransactionalTemplate.doExecute(TransactionalTemplate.java:126)
	at com.baomidou.dynamic.datasource.tx.TransactionalTemplate.execute(TransactionalTemplate.java:94)
	at com.baomidou.dynamic.datasource.aop.DynamicLocalTransactionInterceptor.invoke(DynamicLocalTransactionInterceptor.java:59)
	at org.springframework.aop.framework.ReflectiveMethodInvocation.proceed(ReflectiveMethodInvocation.java:179)
	at org.springframework.aop.framework.CglibAopProxy$DynamicAdvisedInterceptor.intercept(CglibAopProxy.java:719)
	at org.namewta.notify.usecase.ProviderCallbackUseCase$$SpringCGLIB$$5.confirm(<generated>)
	at org.namewta.test.notify.NotifyAtomicResultIntegrationTest.lambda$nativeReceiptCommitFailureCanRetrySameInternalIdentity$57(NotifyAtomicResultIntegrationTest.java:1169)
	at org.assertj.core.api.ThrowableAssert.catchThrowable(ThrowableAssert.java:66)
	at org.assertj.core.api.AssertionsForClassTypes.catchThrowable(AssertionsForClassTypes.java:908)
	at org.assertj.core.api.Assertions.catchThrowable(Assertions.java:1476)
	at org.assertj.core.api.Assertions.assertThatThrownBy(Assertions.java:1319)
	at org.namewta.test.notify.NotifyAtomicResultIntegrationTest.nativeReceiptCommitFailureCanRetrySameInternalIdentity(NotifyAtomicResultIntegrationTest.java:1169)
	at java.base/jdk.internal.reflect.DirectMethodHandleAccessor.invoke(DirectMethodHandleAccessor.java:103)
	at java.base/java.lang.reflect.Method.invoke(Method.java:580)
	at org.junit.platform.commons.util.ReflectionUtils.invokeMethod(ReflectionUtils.java:701)
	at org.junit.platform.commons.support.ReflectionSupport.invokeMethod(ReflectionSupport.java:502)
	at org.junit.jupiter.engine.support.MethodReflectionUtils.invoke(MethodReflectionUtils.java:45)
	at org.junit.jupiter.engine.execution.MethodInvocation.proceed(MethodInvocation.java:61)
	at org.junit.jupiter.engine.execution.InvocationInterceptorChain$ValidatingInvocation.proceed(InvocationInterceptorChain.java:124)
	at org.junit.jupiter.engine.extension.TimeoutExtension.intercept(TimeoutExtension.java:163)
	at org.junit.jupiter.engine.extension.TimeoutExtension.interceptTestableMethod(TimeoutExtension.java:148)
	at org.junit.jupiter.engine.extension.TimeoutExtension.interceptTestTemplateMethod(TimeoutExtension.java:94)
	at org.junit.jupiter.engine.execution.InterceptingExecutableInvoker$ReflectiveInterceptorCall.lambda$ofVoidMethod$0(InterceptingExecutableInvoker.java:123)
	at org.junit.jupiter.engine.execution.InterceptingExecutableInvoker.lambda$invoke$0(InterceptingExecutableInvoker.java:105)
	at org.junit.jupiter.engine.execution.InvocationInterceptorChain$InterceptedInvocation.proceed(InvocationInterceptorChain.java:99)
	at org.junit.jupiter.engine.execution.InvocationInterceptorChain.proceed(InvocationInterceptorChain.java:66)
	at org.junit.jupiter.engine.execution.InvocationInterceptorChain.chainAndInvoke(InvocationInterceptorChain.java:47)
	at org.junit.jupiter.engine.execution.InvocationInterceptorChain.invoke(InvocationInterceptorChain.java:39)
	at org.junit.jupiter.engine.execution.InterceptingExecutableInvoker.invoke(InterceptingExecutableInvoker.java:104)
	at org.junit.jupiter.engine.execution.InterceptingExecutableInvoker.invoke(InterceptingExecutableInvoker.java:98)
	at org.junit.jupiter.engine.execution.InterceptingExecutableInvoker.invokeVoid(InterceptingExecutableInvoker.java:71)
	at org.junit.jupiter.engine.descriptor.TestMethodTestDescriptor.lambda$invokeTestMethod$0(TestMethodTestDescriptor.java:219)
	at org.junit.platform.engine.support.hierarchical.ThrowableCollector.execute(ThrowableCollector.java:74)
	at org.junit.jupiter.engine.descriptor.TestMethodTestDescriptor.invokeTestMethod(TestMethodTestDescriptor.java:215)
	at org.junit.jupiter.engine.descriptor.TestMethodTestDescriptor.execute(TestMethodTestDescriptor.java:157)
	at org.junit.jupiter.engine.descriptor.TestMethodTestDescriptor.execute(TestMethodTestDescriptor.java:70)
	at org.junit.platform.engine.support.hierarchical.NodeTestTask.lambda$executeRecursively$2(NodeTestTask.java:176)
	at org.junit.platform.engine.support.hierarchical.ThrowableCollector.execute(ThrowableCollector.java:74)
	at org.junit.platform.engine.support.hierarchical.NodeTestTask.lambda$executeRecursively$1(NodeTestTask.java:166)
	at org.junit.platform.engine.support.hierarchical.Node.around(Node.java:138)
	at org.junit.platform.engine.support.hierarchical.NodeTestTask.lambda$executeRecursively$0(NodeTestTask.java:164)
	at org.junit.platform.engine.support.hierarchical.ThrowableCollector.execute(ThrowableCollector.java:74)
	at org.junit.platform.engine.support.hierarchical.NodeTestTask.executeRecursively(NodeTestTask.java:163)
	at org.junit.platform.engine.support.hierarchical.NodeTestTask.execute(NodeTestTask.java:116)
	at org.junit.platform.engine.support.hierarchical.SameThreadHierarchicalTestExecutorService.submit(SameThreadHierarchicalTestExecutorService.java:36)
	at org.junit.platform.engine.support.hierarchical.NodeTestTask$DefaultDynamicTestExecutor.execute(NodeTestTask.java:268)
	at org.junit.platform.engine.support.hierarchical.NodeTestTask$DefaultDynamicTestExecutor.execute(NodeTestTask.java:246)
	at org.junit.jupiter.engine.descriptor.TemplateExecutor.execute(TemplateExecutor.java:96)
	at org.junit.jupiter.engine.descriptor.TemplateExecutor.lambda$executeForProvider$1(TemplateExecutor.java:59)
	at java.base/java.util.Optional.ifPresent(Optional.java:178)
	at org.junit.jupiter.engine.descriptor.TemplateExecutor.lambda$executeForProvider$0(TemplateExecutor.java:59)
	at java.base/java.util.stream.ForEachOps$ForEachOp$OfRef.accept(ForEachOps.java:184)
	at java.base/java.util.stream.ReferencePipeline$3$1.accept(ReferencePipeline.java:197)
	at java.base/java.util.stream.ForEachOps$ForEachOp$OfRef.accept(ForEachOps.java:184)
	at java.base/java.util.ArrayList$ArrayListSpliterator.forEachRemaining(ArrayList.java:1708)
	at java.base/java.util.stream.ReferencePipeline$Head.forEach(ReferencePipeline.java:762)
	at java.base/java.util.stream.ReferencePipeline$7$1.accept(ReferencePipeline.java:276)
	at java.base/java.util.ArrayList$ArrayListSpliterator.forEachRemaining(ArrayList.java:1708)
	at java.base/java.util.stream.AbstractPipeline.copyInto(AbstractPipeline.java:509)
	at java.base/java.util.stream.AbstractPipeline.wrapAndCopyInto(AbstractPipeline.java:499)
	at java.base/java.util.stream.ForEachOps$ForEachOp.evaluateSequential(ForEachOps.java:151)
	at java.base/java.util.stream.ForEachOps$ForEachOp$OfRef.evaluateSequential(ForEachOps.java:174)
	at java.base/java.util.stream.AbstractPipeline.evaluate(AbstractPipeline.java:234)
	at java.base/java.util.stream.ReferencePipeline.forEach(ReferencePipeline.java:596)
	at java.base/java.util.stream.ReferencePipeline$7$1.accept(ReferencePipeline.java:276)
	at java.base/java.util.stream.ReferencePipeline$3$1.accept(ReferencePipeline.java:197)
	at java.base/java.util.stream.ReferencePipeline$3$1.accept(ReferencePipeline.java:197)
	at java.base/java.util.stream.ReferencePipeline$3$1.accept(ReferencePipeline.java:197)
	at java.base/java.util.AbstractList$RandomAccessSpliterator.forEachRemaining(AbstractList.java:722)
	at java.base/java.util.stream.AbstractPipeline.copyInto(AbstractPipeline.java:509)
	at java.base/java.util.stream.AbstractPipeline.wrapAndCopyInto(AbstractPipeline.java:499)
	at java.base/java.util.stream.ForEachOps$ForEachOp.evaluateSequential(ForEachOps.java:151)
	at java.base/java.util.stream.ForEachOps$ForEachOp$OfRef.evaluateSequential(ForEachOps.java:174)
	at java.base/java.util.stream.AbstractPipeline.evaluate(AbstractPipeline.java:234)
	at java.base/java.util.stream.ReferencePipeline.forEach(ReferencePipeline.java:596)
	at org.junit.jupiter.engine.descriptor.TemplateExecutor.executeForProvider(TemplateExecutor.java:57)
	at org.junit.jupiter.engine.descriptor.TemplateExecutor.execute(TemplateExecutor.java:46)
	at org.junit.jupiter.engine.descriptor.TestTemplateTestDescriptor.execute(TestTemplateTestDescriptor.java:112)
	at org.junit.jupiter.engine.descriptor.TestTemplateTestDescriptor.execute(TestTemplateTestDescriptor.java:40)
	at org.junit.platform.engine.support.hierarchical.NodeTestTask.lambda$executeRecursively$2(NodeTestTask.java:176)
	at org.junit.platform.engine.support.hierarchical.ThrowableCollector.execute(ThrowableCollector.java:74)
	at org.junit.platform.engine.support.hierarchical.NodeTestTask.lambda$executeRecursively$1(NodeTestTask.java:166)
	at org.junit.platform.engine.support.hierarchical.Node.around(Node.java:138)
	at org.junit.platform.engine.support.hierarchical.NodeTestTask.lambda$executeRecursively$0(NodeTestTask.java:164)
	at org.junit.platform.engine.support.hierarchical.ThrowableCollector.execute(ThrowableCollector.java:74)
	at org.junit.platform.engine.support.hierarchical.NodeTestTask.executeRecursively(NodeTestTask.java:163)
	at org.junit.platform.engine.support.hierarchical.NodeTestTask.execute(NodeTestTask.java:116)
	at java.base/java.util.ArrayList.forEach(ArrayList.java:1596)
	at org.junit.platform.engine.support.hierarchical.SameThreadHierarchicalTestExecutorService.invokeAll(SameThreadHierarchicalTestExecutorService.java:42)
	at org.junit.platform.engine.support.hierarchical.NodeTestTask.lambda$executeRecursively$2(NodeTestTask.java:180)
	at org.junit.platform.engine.support.hierarchical.ThrowableCollector.execute(ThrowableCollector.java:74)
	at org.junit.platform.engine.support.hierarchical.NodeTestTask.lambda$executeRecursively$1(NodeTestTask.java:166)
	at org.junit.platform.engine.support.hierarchical.Node.around(Node.java:138)
	at org.junit.platform.engine.support.hierarchical.NodeTestTask.lambda$executeRecursively$0(NodeTestTask.java:164)
	at org.junit.platform.engine.support.hierarchical.ThrowableCollector.execute(ThrowableCollector.java:74)
	at org.junit.platform.engine.support.hierarchical.NodeTestTask.executeRecursively(NodeTestTask.java:163)
	at org.junit.platform.engine.support.hierarchical.NodeTestTask.execute(NodeTestTask.java:116)
	at java.base/java.util.ArrayList.forEach(ArrayList.java:1596)
	at org.junit.platform.engine.support.hierarchical.SameThreadHierarchicalTestExecutorService.invokeAll(SameThreadHierarchicalTestExecutorService.java:42)
	at org.junit.platform.engine.support.hierarchical.NodeTestTask.lambda$executeRecursively$2(NodeTestTask.java:180)
	at org.junit.platform.engine.support.hierarchical.ThrowableCollector.execute(ThrowableCollector.java:74)
	at org.junit.platform.engine.support.hierarchical.NodeTestTask.lambda$executeRecursively$1(NodeTestTask.java:166)
	at org.junit.platform.engine.support.hierarchical.Node.around(Node.java:138)
	at org.junit.platform.engine.support.hierarchical.NodeTestTask.lambda$executeRecursively$0(NodeTestTask.java:164)
	at org.junit.platform.engine.support.hierarchical.ThrowableCollector.execute(ThrowableCollector.java:74)
	at org.junit.platform.engine.support.hierarchical.NodeTestTask.executeRecursively(NodeTestTask.java:163)
	at org.junit.platform.engine.support.hierarchical.NodeTestTask.execute(NodeTestTask.java:116)
	at org.junit.platform.engine.support.hierarchical.SameThreadHierarchicalTestExecutorService.submit(SameThreadHierarchicalTestExecutorService.java:36)
	at org.junit.platform.engine.support.hierarchical.HierarchicalTestExecutor.execute(HierarchicalTestExecutor.java:52)
	at org.junit.platform.engine.support.hierarchical.HierarchicalTestEngine.execute(HierarchicalTestEngine.java:58)
	at org.junit.platform.launcher.core.EngineExecutionOrchestrator.executeEngine(EngineExecutionOrchestrator.java:246)
	at org.junit.platform.launcher.core.EngineExecutionOrchestrator.failOrExecuteEngine(EngineExecutionOrchestrator.java:218)
	at org.junit.platform.launcher.core.EngineExecutionOrchestrator.execute(EngineExecutionOrchestrator.java:179)
	at org.junit.platform.launcher.core.EngineExecutionOrchestrator.execute(EngineExecutionOrchestrator.java:108)
	at org.junit.platform.launcher.core.EngineExecutionOrchestrator.lambda$execute$0(EngineExecutionOrchestrator.java:66)
	at org.junit.platform.launcher.core.EngineExecutionOrchestrator.withInterceptedStreams(EngineExecutionOrchestrator.java:157)
	at org.junit.platform.launcher.core.EngineExecutionOrchestrator.execute(EngineExecutionOrchestrator.java:65)
	at org.junit.platform.launcher.core.DefaultLauncher.execute(DefaultLauncher.java:125)
	at org.junit.platform.launcher.core.DefaultLauncher.execute(DefaultLauncher.java:114)
	at org.junit.platform.launcher.core.DelegatingLauncher.execute(DelegatingLauncher.java:58)
	at org.junit.platform.launcher.core.InterceptingLauncher.lambda$execute$2(InterceptingLauncher.java:57)
	at org.junit.platform.launcher.core.ClasspathAlignmentCheckingLauncherInterceptor.intercept(ClasspathAlignmentCheckingLauncherInterceptor.java:25)
	at org.junit.platform.launcher.core.InterceptingLauncher.execute(InterceptingLauncher.java:56)
	at org.junit.platform.launcher.core.DelegatingLauncher.execute(DelegatingLauncher.java:58)
	at java.base/jdk.internal.reflect.DirectMethodHandleAccessor.invoke(DirectMethodHandleAccessor.java:103)
	at java.base/java.lang.reflect.Method.invoke(Method.java:580)
	at org.apache.maven.surefire.api.util.ReflectionUtils.invokeMethodWithArray(ReflectionUtils.java:125)
	at org.apache.maven.surefire.junitplatform.LauncherAdapter.executeWithCancellationToken(LauncherAdapter.java:68)
	at org.apache.maven.surefire.junitplatform.LauncherAdapter.execute(LauncherAdapter.java:54)
	at org.apache.maven.surefire.junitplatform.JUnitPlatformProvider.execute(JUnitPlatformProvider.java:203)
	at org.apache.maven.surefire.junitplatform.JUnitPlatformProvider.invokeAllTests(JUnitPlatformProvider.java:168)
	at org.apache.maven.surefire.junitplatform.JUnitPlatformProvider.invoke(JUnitPlatformProvider.java:134)
	at org.apache.maven.surefire.booter.ForkedBooter.runSuitesInProcess(ForkedBooter.java:385)
	at org.apache.maven.surefire.booter.ForkedBooter.execute(ForkedBooter.java:162)
	at org.apache.maven.surefire.booter.ForkedBooter.run(ForkedBooter.java:507)
	at org.apache.maven.surefire.booter.ForkedBooter.main(ForkedBooter.java:495)
Caused by: com.mysql.cj.exceptions.CJCommunicationsException: Communications link failure

The last packet successfully received from the server was 6 milliseconds ago. The last packet sent successfully to the server was 6 milliseconds ago.
	at java.base/jdk.internal.reflect.DirectConstructorHandleAccessor.newInstance(DirectConstructorHandleAccessor.java:62)
	at java.base/java.lang.reflect.Constructor.newInstanceWithCaller(Constructor.java:502)
	at java.base/java.lang.reflect.Constructor.newInstance(Constructor.java:486)
	at com.mysql.cj.exceptions.ExceptionFactory.createException(ExceptionFactory.java:52)
	at com.mysql.cj.exceptions.ExceptionFactory.createException(ExceptionFactory.java:95)
	at com.mysql.cj.exceptions.ExceptionFactory.createException(ExceptionFactory.java:140)
	at com.mysql.cj.exceptions.ExceptionFactory.createCommunicationsException(ExceptionFactory.java:156)
	at com.mysql.cj.protocol.a.NativeProtocol.readMessage(NativeProtocol.java:590)
	at com.mysql.cj.protocol.a.NativeProtocol.checkErrorMessage(NativeProtocol.java:767)
	at com.mysql.cj.protocol.a.NativeProtocol.sendCommand(NativeProtocol.java:706)
	at com.mysql.cj.protocol.a.NativeProtocol.sendQueryPacket(NativeProtocol.java:938)
	at com.mysql.cj.NativeSession.execSQL(NativeSession.java:817)
	at com.mysql.cj.jdbc.ConnectionImpl.commit(ConnectionImpl.java:794)
	... 145 common frames omitted
Caused by: java.io.EOFException: Can not read response from server. Expected to read 4 bytes, read 0 bytes before connection was unexpectedly lost.
	at com.mysql.cj.protocol.FullReadInputStream.readFully(FullReadInputStream.java:58)
	at com.mysql.cj.protocol.a.SimplePacketReader.readHeaderLocal(SimplePacketReader.java:72)
	at com.mysql.cj.protocol.a.SimplePacketReader.readHeader(SimplePacketReader.java:54)
	at com.mysql.cj.protocol.a.SimplePacketReader.readHeader(SimplePacketReader.java:36)
	at com.mysql.cj.protocol.a.TimeTrackingPacketReader.readHeader(TimeTrackingPacketReader.java:43)
	at com.mysql.cj.protocol.a.TimeTrackingPacketReader.readHeader(TimeTrackingPacketReader.java:32)
	at com.mysql.cj.protocol.a.MultiPacketReader.readHeader(MultiPacketReader.java:45)
	at com.mysql.cj.protocol.a.MultiPacketReader.readHeader(MultiPacketReader.java:35)
	at com.mysql.cj.protocol.a.NativeProtocol.readMessage(NativeProtocol.java:584)
	... 150 common frames omitted
17:51:12.014 [main] INFO com.baomidou.dynamic.datasource.DynamicRoutingDataSource -- dynamic-datasource start closing ....
17:51:12.014 [main] INFO com.baomidou.dynamic.datasource.DynamicRoutingDataSource -- dynamic-datasource all closed success,bye
17:51:12.014 [main] INFO com.zaxxer.hikari.HikariDataSource -- HikariPool-5 - Shutdown initiated...
17:51:12.033 [main] INFO com.zaxxer.hikari.HikariDataSource -- HikariPool-5 - Shutdown completed.
17:51:12.037 [main] INFO com.baomidou.dynamic.datasource.DynamicRoutingDataSource -- dynamic-datasource - add a datasource named [master] success
17:51:12.154 [main] INFO org.redisson.Version -- Redisson 4.6.1
17:51:12.158 [redisson-netty-17-1] INFO org.redisson.connection.ConnectionsHolder -- 1 connections initialized for 127.0.0.1/127.0.0.1:32906
17:51:12.158 [redisson-netty-17-2] INFO org.redisson.connection.ConnectionsHolder -- 1 connections initialized for 127.0.0.1/127.0.0.1:32906
17:51:12.176 [main] INFO com.zaxxer.hikari.HikariDataSource -- HikariPool-6 - Starting...
17:51:12.180 [main] INFO com.zaxxer.hikari.pool.HikariPool -- HikariPool-6 - Added connection com.mysql.cj.jdbc.ConnectionImpl@3119fcad
17:51:12.180 [main] INFO com.zaxxer.hikari.HikariDataSource -- HikariPool-6 - Start completed.
17:51:12.205 [main] ERROR com.baomidou.dynamic.datasource.tx.ConnectionProxy -- owned lost commit acknowledgement
java.sql.SQLRecoverableException: owned lost commit acknowledgement
	at org.namewta.test.notify.NotifyAtomicResultIntegrationTest$1.lambda$getConnection$0(NotifyAtomicResultIntegrationTest.java:120)
	at jdk.proxy2/jdk.proxy2.$Proxy131.commit(Unknown Source)
	at com.baomidou.dynamic.datasource.tx.ConnectionProxy.notify(ConnectionProxy.java:62)
	at com.baomidou.dynamic.datasource.tx.ConnectionFactory.notify(ConnectionFactory.java:153)
	at com.baomidou.dynamic.datasource.tx.LocalTxUtil.commit(LocalTxUtil.java:91)
	at com.baomidou.dynamic.datasource.tx.TransactionalTemplate.doExecute(TransactionalTemplate.java:126)
	at com.baomidou.dynamic.datasource.tx.TransactionalTemplate.execute(TransactionalTemplate.java:94)
	at com.baomidou.dynamic.datasource.aop.DynamicLocalTransactionInterceptor.invoke(DynamicLocalTransactionInterceptor.java:59)
	at org.springframework.aop.framework.ReflectiveMethodInvocation.proceed(ReflectiveMethodInvocation.java:179)
	at org.springframework.aop.framework.CglibAopProxy$DynamicAdvisedInterceptor.intercept(CglibAopProxy.java:719)
	at org.namewta.notify.usecase.ProviderCallbackUseCase$$SpringCGLIB$$6.confirm(<generated>)
	at org.namewta.test.notify.NotifyAtomicResultIntegrationTest.lambda$nativeReceiptCommitFailureCanRetrySameInternalIdentity$57(NotifyAtomicResultIntegrationTest.java:1169)
	at org.assertj.core.api.ThrowableAssert.catchThrowable(ThrowableAssert.java:66)
	at org.assertj.core.api.AssertionsForClassTypes.catchThrowable(AssertionsForClassTypes.java:908)
	at org.assertj.core.api.Assertions.catchThrowable(Assertions.java:1476)
	at org.assertj.core.api.Assertions.assertThatThrownBy(Assertions.java:1319)
	at org.namewta.test.notify.NotifyAtomicResultIntegrationTest.nativeReceiptCommitFailureCanRetrySameInternalIdentity(NotifyAtomicResultIntegrationTest.java:1169)
	at java.base/jdk.internal.reflect.DirectMethodHandleAccessor.invoke(DirectMethodHandleAccessor.java:103)
	at java.base/java.lang.reflect.Method.invoke(Method.java:580)
	at org.junit.platform.commons.util.ReflectionUtils.invokeMethod(ReflectionUtils.java:701)
	at org.junit.platform.commons.support.ReflectionSupport.invokeMethod(ReflectionSupport.java:502)
	at org.junit.jupiter.engine.support.MethodReflectionUtils.invoke(MethodReflectionUtils.java:45)
	at org.junit.jupiter.engine.execution.MethodInvocation.proceed(MethodInvocation.java:61)
	at org.junit.jupiter.engine.execution.InvocationInterceptorChain$ValidatingInvocation.proceed(InvocationInterceptorChain.java:124)
	at org.junit.jupiter.engine.extension.TimeoutExtension.intercept(TimeoutExtension.java:163)
	at org.junit.jupiter.engine.extension.TimeoutExtension.interceptTestableMethod(TimeoutExtension.java:148)
	at org.junit.jupiter.engine.extension.TimeoutExtension.interceptTestTemplateMethod(TimeoutExtension.java:94)
	at org.junit.jupiter.engine.execution.InterceptingExecutableInvoker$ReflectiveInterceptorCall.lambda$ofVoidMethod$0(InterceptingExecutableInvoker.java:123)
	at org.junit.jupiter.engine.execution.InterceptingExecutableInvoker.lambda$invoke$0(InterceptingExecutableInvoker.java:105)
	at org.junit.jupiter.engine.execution.InvocationInterceptorChain$InterceptedInvocation.proceed(InvocationInterceptorChain.java:99)
	at org.junit.jupiter.engine.execution.InvocationInterceptorChain.proceed(InvocationInterceptorChain.java:66)
	at org.junit.jupiter.engine.execution.InvocationInterceptorChain.chainAndInvoke(InvocationInterceptorChain.java:47)
	at org.junit.jupiter.engine.execution.InvocationInterceptorChain.invoke(InvocationInterceptorChain.java:39)
	at org.junit.jupiter.engine.execution.InterceptingExecutableInvoker.invoke(InterceptingExecutableInvoker.java:104)
	at org.junit.jupiter.engine.execution.InterceptingExecutableInvoker.invoke(InterceptingExecutableInvoker.java:98)
	at org.junit.jupiter.engine.execution.InterceptingExecutableInvoker.invokeVoid(InterceptingExecutableInvoker.java:71)
	at org.junit.jupiter.engine.descriptor.TestMethodTestDescriptor.lambda$invokeTestMethod$0(TestMethodTestDescriptor.java:219)
	at org.junit.platform.engine.support.hierarchical.ThrowableCollector.execute(ThrowableCollector.java:74)
	at org.junit.jupiter.engine.descriptor.TestMethodTestDescriptor.invokeTestMethod(TestMethodTestDescriptor.java:215)
	at org.junit.jupiter.engine.descriptor.TestMethodTestDescriptor.execute(TestMethodTestDescriptor.java:157)
	at org.junit.jupiter.engine.descriptor.TestMethodTestDescriptor.execute(TestMethodTestDescriptor.java:70)
	at org.junit.platform.engine.support.hierarchical.NodeTestTask.lambda$executeRecursively$2(NodeTestTask.java:176)
	at org.junit.platform.engine.support.hierarchical.ThrowableCollector.execute(ThrowableCollector.java:74)
	at org.junit.platform.engine.support.hierarchical.NodeTestTask.lambda$executeRecursively$1(NodeTestTask.java:166)
	at org.junit.platform.engine.support.hierarchical.Node.around(Node.java:138)
	at org.junit.platform.engine.support.hierarchical.NodeTestTask.lambda$executeRecursively$0(NodeTestTask.java:164)
	at org.junit.platform.engine.support.hierarchical.ThrowableCollector.execute(ThrowableCollector.java:74)
	at org.junit.platform.engine.support.hierarchical.NodeTestTask.executeRecursively(NodeTestTask.java:163)
	at org.junit.platform.engine.support.hierarchical.NodeTestTask.execute(NodeTestTask.java:116)
	at org.junit.platform.engine.support.hierarchical.SameThreadHierarchicalTestExecutorService.submit(SameThreadHierarchicalTestExecutorService.java:36)
	at org.junit.platform.engine.support.hierarchical.NodeTestTask$DefaultDynamicTestExecutor.execute(NodeTestTask.java:268)
	at org.junit.platform.engine.support.hierarchical.NodeTestTask$DefaultDynamicTestExecutor.execute(NodeTestTask.java:246)
	at org.junit.jupiter.engine.descriptor.TemplateExecutor.execute(TemplateExecutor.java:96)
	at org.junit.jupiter.engine.descriptor.TemplateExecutor.lambda$executeForProvider$1(TemplateExecutor.java:59)
	at java.base/java.util.Optional.ifPresent(Optional.java:178)
	at org.junit.jupiter.engine.descriptor.TemplateExecutor.lambda$executeForProvider$0(TemplateExecutor.java:59)
	at java.base/java.util.stream.ForEachOps$ForEachOp$OfRef.accept(ForEachOps.java:184)
	at java.base/java.util.stream.ReferencePipeline$3$1.accept(ReferencePipeline.java:197)
	at java.base/java.util.stream.ForEachOps$ForEachOp$OfRef.accept(ForEachOps.java:184)
	at java.base/java.util.ArrayList$ArrayListSpliterator.forEachRemaining(ArrayList.java:1708)
	at java.base/java.util.stream.ReferencePipeline$Head.forEach(ReferencePipeline.java:762)
	at java.base/java.util.stream.ReferencePipeline$7$1.accept(ReferencePipeline.java:276)
	at java.base/java.util.ArrayList$ArrayListSpliterator.forEachRemaining(ArrayList.java:1708)
	at java.base/java.util.stream.AbstractPipeline.copyInto(AbstractPipeline.java:509)
	at java.base/java.util.stream.AbstractPipeline.wrapAndCopyInto(AbstractPipeline.java:499)
	at java.base/java.util.stream.ForEachOps$ForEachOp.evaluateSequential(ForEachOps.java:151)
	at java.base/java.util.stream.ForEachOps$ForEachOp$OfRef.evaluateSequential(ForEachOps.java:174)
	at java.base/java.util.stream.AbstractPipeline.evaluate(AbstractPipeline.java:234)
	at java.base/java.util.stream.ReferencePipeline.forEach(ReferencePipeline.java:596)
	at java.base/java.util.stream.ReferencePipeline$7$1.accept(ReferencePipeline.java:276)
	at java.base/java.util.stream.ReferencePipeline$3$1.accept(ReferencePipeline.java:197)
	at java.base/java.util.stream.ReferencePipeline$3$1.accept(ReferencePipeline.java:197)
	at java.base/java.util.stream.ReferencePipeline$3$1.accept(ReferencePipeline.java:197)
	at java.base/java.util.AbstractList$RandomAccessSpliterator.forEachRemaining(AbstractList.java:722)
	at java.base/java.util.stream.AbstractPipeline.copyInto(AbstractPipeline.java:509)
	at java.base/java.util.stream.AbstractPipeline.wrapAndCopyInto(AbstractPipeline.java:499)
	at java.base/java.util.stream.ForEachOps$ForEachOp.evaluateSequential(ForEachOps.java:151)
	at java.base/java.util.stream.ForEachOps$ForEachOp$OfRef.evaluateSequential(ForEachOps.java:174)
	at java.base/java.util.stream.AbstractPipeline.evaluate(AbstractPipeline.java:234)
	at java.base/java.util.stream.ReferencePipeline.forEach(ReferencePipeline.java:596)
	at org.junit.jupiter.engine.descriptor.TemplateExecutor.executeForProvider(TemplateExecutor.java:57)
	at org.junit.jupiter.engine.descriptor.TemplateExecutor.execute(TemplateExecutor.java:46)
	at org.junit.jupiter.engine.descriptor.TestTemplateTestDescriptor.execute(TestTemplateTestDescriptor.java:112)
	at org.junit.jupiter.engine.descriptor.TestTemplateTestDescriptor.execute(TestTemplateTestDescriptor.java:40)
	at org.junit.platform.engine.support.hierarchical.NodeTestTask.lambda$executeRecursively$2(NodeTestTask.java:176)
	at org.junit.platform.engine.support.hierarchical.ThrowableCollector.execute(ThrowableCollector.java:74)
	at org.junit.platform.engine.support.hierarchical.NodeTestTask.lambda$executeRecursively$1(NodeTestTask.java:166)
	at org.junit.platform.engine.support.hierarchical.Node.around(Node.java:138)
	at org.junit.platform.engine.support.hierarchical.NodeTestTask.lambda$executeRecursively$0(NodeTestTask.java:164)
	at org.junit.platform.engine.support.hierarchical.ThrowableCollector.execute(ThrowableCollector.java:74)
	at org.junit.platform.engine.support.hierarchical.NodeTestTask.executeRecursively(NodeTestTask.java:163)
	at org.junit.platform.engine.support.hierarchical.NodeTestTask.execute(NodeTestTask.java:116)
	at java.base/java.util.ArrayList.forEach(ArrayList.java:1596)
	at org.junit.platform.engine.support.hierarchical.SameThreadHierarchicalTestExecutorService.invokeAll(SameThreadHierarchicalTestExecutorService.java:42)
	at org.junit.platform.engine.support.hierarchical.NodeTestTask.lambda$executeRecursively$2(NodeTestTask.java:180)
	at org.junit.platform.engine.support.hierarchical.ThrowableCollector.execute(ThrowableCollector.java:74)
	at org.junit.platform.engine.support.hierarchical.NodeTestTask.lambda$executeRecursively$1(NodeTestTask.java:166)
	at org.junit.platform.engine.support.hierarchical.Node.around(Node.java:138)
	at org.junit.platform.engine.support.hierarchical.NodeTestTask.lambda$executeRecursively$0(NodeTestTask.java:164)
	at org.junit.platform.engine.support.hierarchical.ThrowableCollector.execute(ThrowableCollector.java:74)
	at org.junit.platform.engine.support.hierarchical.NodeTestTask.executeRecursively(NodeTestTask.java:163)
	at org.junit.platform.engine.support.hierarchical.NodeTestTask.execute(NodeTestTask.java:116)
	at java.base/java.util.ArrayList.forEach(ArrayList.java:1596)
	at org.junit.platform.engine.support.hierarchical.SameThreadHierarchicalTestExecutorService.invokeAll(SameThreadHierarchicalTestExecutorService.java:42)
	at org.junit.platform.engine.support.hierarchical.NodeTestTask.lambda$executeRecursively$2(NodeTestTask.java:180)
	at org.junit.platform.engine.support.hierarchical.ThrowableCollector.execute(ThrowableCollector.java:74)
	at org.junit.platform.engine.support.hierarchical.NodeTestTask.lambda$executeRecursively$1(NodeTestTask.java:166)
	at org.junit.platform.engine.support.hierarchical.Node.around(Node.java:138)
	at org.junit.platform.engine.support.hierarchical.NodeTestTask.lambda$executeRecursively$0(NodeTestTask.java:164)
	at org.junit.platform.engine.support.hierarchical.ThrowableCollector.execute(ThrowableCollector.java:74)
	at org.junit.platform.engine.support.hierarchical.NodeTestTask.executeRecursively(NodeTestTask.java:163)
	at org.junit.platform.engine.support.hierarchical.NodeTestTask.execute(NodeTestTask.java:116)
	at org.junit.platform.engine.support.hierarchical.SameThreadHierarchicalTestExecutorService.submit(SameThreadHierarchicalTestExecutorService.java:36)
	at org.junit.platform.engine.support.hierarchical.HierarchicalTestExecutor.execute(HierarchicalTestExecutor.java:52)
	at org.junit.platform.engine.support.hierarchical.HierarchicalTestEngine.execute(HierarchicalTestEngine.java:58)
	at org.junit.platform.launcher.core.EngineExecutionOrchestrator.executeEngine(EngineExecutionOrchestrator.java:246)
	at org.junit.platform.launcher.core.EngineExecutionOrchestrator.failOrExecuteEngine(EngineExecutionOrchestrator.java:218)
	at org.junit.platform.launcher.core.EngineExecutionOrchestrator.execute(EngineExecutionOrchestrator.java:179)
	at org.junit.platform.launcher.core.EngineExecutionOrchestrator.execute(EngineExecutionOrchestrator.java:108)
	at org.junit.platform.launcher.core.EngineExecutionOrchestrator.lambda$execute$0(EngineExecutionOrchestrator.java:66)
	at org.junit.platform.launcher.core.EngineExecutionOrchestrator.withInterceptedStreams(EngineExecutionOrchestrator.java:157)
	at org.junit.platform.launcher.core.EngineExecutionOrchestrator.execute(EngineExecutionOrchestrator.java:65)
	at org.junit.platform.launcher.core.DefaultLauncher.execute(DefaultLauncher.java:125)
	at org.junit.platform.launcher.core.DefaultLauncher.execute(DefaultLauncher.java:114)
	at org.junit.platform.launcher.core.DelegatingLauncher.execute(DelegatingLauncher.java:58)
	at org.junit.platform.launcher.core.InterceptingLauncher.lambda$execute$2(InterceptingLauncher.java:57)
	at org.junit.platform.launcher.core.ClasspathAlignmentCheckingLauncherInterceptor.intercept(ClasspathAlignmentCheckingLauncherInterceptor.java:25)
	at org.junit.platform.launcher.core.InterceptingLauncher.execute(InterceptingLauncher.java:56)
	at org.junit.platform.launcher.core.DelegatingLauncher.execute(DelegatingLauncher.java:58)
	at java.base/jdk.internal.reflect.DirectMethodHandleAccessor.invoke(DirectMethodHandleAccessor.java:103)
	at java.base/java.lang.reflect.Method.invoke(Method.java:580)
	at org.apache.maven.surefire.api.util.ReflectionUtils.invokeMethodWithArray(ReflectionUtils.java:125)
	at org.apache.maven.surefire.junitplatform.LauncherAdapter.executeWithCancellationToken(LauncherAdapter.java:68)
	at org.apache.maven.surefire.junitplatform.LauncherAdapter.execute(LauncherAdapter.java:54)
	at org.apache.maven.surefire.junitplatform.JUnitPlatformProvider.execute(JUnitPlatformProvider.java:203)
	at org.apache.maven.surefire.junitplatform.JUnitPlatformProvider.invokeAllTests(JUnitPlatformProvider.java:168)
	at org.apache.maven.surefire.junitplatform.JUnitPlatformProvider.invoke(JUnitPlatformProvider.java:134)
	at org.apache.maven.surefire.booter.ForkedBooter.runSuitesInProcess(ForkedBooter.java:385)
	at org.apache.maven.surefire.booter.ForkedBooter.execute(ForkedBooter.java:162)
	at org.apache.maven.surefire.booter.ForkedBooter.run(ForkedBooter.java:507)
	at org.apache.maven.surefire.booter.ForkedBooter.main(ForkedBooter.java:495)
17:51:12.228 [main] INFO com.baomidou.dynamic.datasource.DynamicRoutingDataSource -- dynamic-datasource start closing ....
17:51:12.228 [main] INFO com.baomidou.dynamic.datasource.DynamicRoutingDataSource -- dynamic-datasource all closed success,bye
17:51:12.228 [main] INFO com.zaxxer.hikari.HikariDataSource -- HikariPool-6 - Shutdown initiated...
17:51:12.228 [main] INFO com.zaxxer.hikari.HikariDataSource -- HikariPool-6 - Shutdown completed.
17:51:12.231 [main] INFO com.baomidou.dynamic.datasource.DynamicRoutingDataSource -- dynamic-datasource - add a datasource named [master] success
17:51:12.340 [main] INFO org.redisson.Version -- Redisson 4.6.1
17:51:12.344 [redisson-netty-20-1] INFO org.redisson.connection.ConnectionsHolder -- 1 connections initialized for 127.0.0.1/127.0.0.1:32906
17:51:12.344 [redisson-netty-20-2] INFO org.redisson.connection.ConnectionsHolder -- 1 connections initialized for 127.0.0.1/127.0.0.1:32906
17:51:12.359 [main] INFO com.zaxxer.hikari.HikariDataSource -- HikariPool-7 - Starting...
17:51:12.363 [main] INFO com.zaxxer.hikari.pool.HikariPool -- HikariPool-7 - Added connection com.mysql.cj.jdbc.ConnectionImpl@71dac63f
17:51:12.363 [main] INFO com.zaxxer.hikari.HikariDataSource -- HikariPool-7 - Start completed.
17:51:12.462 [main] INFO com.baomidou.dynamic.datasource.DynamicRoutingDataSource -- dynamic-datasource start closing ....
17:51:12.462 [main] INFO com.baomidou.dynamic.datasource.DynamicRoutingDataSource -- dynamic-datasource all closed success,bye
17:51:12.462 [main] INFO com.zaxxer.hikari.HikariDataSource -- HikariPool-7 - Shutdown initiated...
17:51:12.463 [main] INFO com.zaxxer.hikari.HikariDataSource -- HikariPool-7 - Shutdown completed.
17:51:12.466 [main] INFO com.baomidou.dynamic.datasource.DynamicRoutingDataSource -- dynamic-datasource - add a datasource named [master] success
17:51:12.602 [main] INFO org.redisson.Version -- Redisson 4.6.1
17:51:12.608 [redisson-netty-23-1] INFO org.redisson.connection.ConnectionsHolder -- 1 connections initialized for 127.0.0.1/127.0.0.1:32906
17:51:12.608 [redisson-netty-23-2] INFO org.redisson.connection.ConnectionsHolder -- 1 connections initialized for 127.0.0.1/127.0.0.1:32906
17:51:12.626 [main] INFO com.zaxxer.hikari.HikariDataSource -- HikariPool-8 - Starting...
17:51:12.630 [main] INFO com.zaxxer.hikari.pool.HikariPool -- HikariPool-8 - Added connection com.mysql.cj.jdbc.ConnectionImpl@5aef36a9
17:51:12.630 [main] INFO com.zaxxer.hikari.HikariDataSource -- HikariPool-8 - Start completed.
17:51:13.083 [main] INFO org.hibernate.validator.internal.util.Version -- HV000001: Hibernate Validator 9.1.0.Final
17:51:13.429 [main] INFO org.eclipse.jetty.server.Server -- jetty-12.1.10; built: 2026-05-31T04:45:52.925Z; git: 986024525891c2c20ff08c58ba300dc3b9847586; jvm 21.0.12.1+1-LTS
17:51:13.449 [main] INFO org.eclipse.jetty.server.handler.ContextHandler -- Started oeje11s.ServletContextHandler@5137526a{ROOT,/,b=null,a=AVAILABLE,h=oeje11s.ServletHandler@684138c5{STARTED}}
17:51:13.453 [main] INFO org.eclipse.jetty.server.handler.ContextHandler.ROOT -- Initializing Spring DispatcherServlet 'org.springframework.web.servlet.DispatcherServlet-c3fd72'
17:51:13.454 [main] INFO org.springframework.web.servlet.DispatcherServlet -- Initializing Servlet 'org.springframework.web.servlet.DispatcherServlet-c3fd72'
17:51:13.455 [main] INFO org.springframework.web.servlet.DispatcherServlet -- Completed initialization in 1 ms
17:51:13.456 [main] INFO org.eclipse.jetty.ee11.servlet.ServletContextHandler -- Started oeje11s.ServletContextHandler@5137526a{ROOT,/,b=null,a=AVAILABLE,h=oeje11s.ServletHandler@684138c5{STARTED}}
17:51:13.462 [main] INFO org.eclipse.jetty.server.AbstractConnector -- Started oejs.ServerConnector@222e4377{HTTP/1.1, (http/1.1)}{localhost:43383}
17:51:13.462 [main] INFO org.eclipse.jetty.server.Server -- Started oejs.Server@38f0de07{STARTING}[12.1.10,sto=0] @35ms
17:51:13.710 [main] INFO org.eclipse.jetty.server.Server -- Stopped oejs.Server@38f0de07{STOPPING}[12.1.10,sto=0]
17:51:13.712 [main] INFO org.eclipse.jetty.server.AbstractConnector -- Stopped oejs.ServerConnector@222e4377{HTTP/1.1, (http/1.1)}{localhost:0}
17:51:13.715 [main] INFO org.eclipse.jetty.server.handler.ContextHandler.ROOT -- Destroying Spring FrameworkServlet 'org.springframework.web.servlet.DispatcherServlet-c3fd72'
17:51:13.716 [main] INFO org.eclipse.jetty.ee11.servlet.ServletContextHandler -- Stopped oeje11s.ServletContextHandler@5137526a{ROOT,/,b=null,a=AVAILABLE,h=oeje11s.ServletHandler@684138c5{STOPPED}}
17:51:13.732 [main] INFO com.baomidou.dynamic.datasource.DynamicRoutingDataSource -- dynamic-datasource start closing ....
17:51:13.732 [main] INFO com.baomidou.dynamic.datasource.DynamicRoutingDataSource -- dynamic-datasource all closed success,bye
17:51:13.732 [main] INFO com.zaxxer.hikari.HikariDataSource -- HikariPool-8 - Shutdown initiated...
17:51:13.733 [main] INFO com.zaxxer.hikari.HikariDataSource -- HikariPool-8 - Shutdown completed.
17:51:13.735 [main] INFO com.baomidou.dynamic.datasource.DynamicRoutingDataSource -- dynamic-datasource - add a datasource named [master] success
17:51:13.845 [main] INFO org.redisson.Version -- Redisson 4.6.1
17:51:13.849 [redisson-netty-26-2] INFO org.redisson.connection.ConnectionsHolder -- 1 connections initialized for 127.0.0.1/127.0.0.1:32906
17:51:13.849 [redisson-netty-26-1] INFO org.redisson.connection.ConnectionsHolder -- 1 connections initialized for 127.0.0.1/127.0.0.1:32906
17:51:13.863 [main] INFO com.zaxxer.hikari.HikariDataSource -- HikariPool-9 - Starting...
17:51:13.867 [main] INFO com.zaxxer.hikari.pool.HikariPool -- HikariPool-9 - Added connection com.mysql.cj.jdbc.ConnectionImpl@46030cfd
17:51:13.868 [main] INFO com.zaxxer.hikari.HikariDataSource -- HikariPool-9 - Start completed.
17:51:13.974 [main] INFO com.baomidou.dynamic.datasource.DynamicRoutingDataSource -- dynamic-datasource start closing ....
17:51:13.974 [main] INFO com.baomidou.dynamic.datasource.DynamicRoutingDataSource -- dynamic-datasource all closed success,bye
17:51:13.974 [main] INFO com.zaxxer.hikari.HikariDataSource -- HikariPool-9 - Shutdown initiated...
17:51:14.003 [main] INFO com.zaxxer.hikari.HikariDataSource -- HikariPool-9 - Shutdown completed.
17:51:14.005 [main] INFO com.baomidou.dynamic.datasource.DynamicRoutingDataSource -- dynamic-datasource - add a datasource named [master] success
17:51:14.106 [main] INFO org.redisson.Version -- Redisson 4.6.1
17:51:14.110 [redisson-netty-29-1] INFO org.redisson.connection.ConnectionsHolder -- 1 connections initialized for 127.0.0.1/127.0.0.1:32906
17:51:14.110 [redisson-netty-29-2] INFO org.redisson.connection.ConnectionsHolder -- 1 connections initialized for 127.0.0.1/127.0.0.1:32906
17:51:14.123 [main] INFO com.zaxxer.hikari.HikariDataSource -- HikariPool-10 - Starting...
17:51:14.127 [main] INFO com.zaxxer.hikari.pool.HikariPool -- HikariPool-10 - Added connection com.mysql.cj.jdbc.ConnectionImpl@659b0c20
17:51:14.127 [main] INFO com.zaxxer.hikari.HikariDataSource -- HikariPool-10 - Start completed.
17:51:18.234 [main] INFO com.baomidou.dynamic.datasource.DynamicRoutingDataSource -- dynamic-datasource start closing ....
17:51:18.234 [main] INFO com.baomidou.dynamic.datasource.DynamicRoutingDataSource -- dynamic-datasource all closed success,bye
17:51:18.234 [main] INFO com.zaxxer.hikari.HikariDataSource -- HikariPool-10 - Shutdown initiated...
17:51:18.236 [main] INFO com.zaxxer.hikari.HikariDataSource -- HikariPool-10 - Shutdown completed.
17:51:18.237 [main] INFO com.baomidou.dynamic.datasource.DynamicRoutingDataSource -- dynamic-datasource - add a datasource named [master] success
17:51:18.346 [main] INFO org.redisson.Version -- Redisson 4.6.1
17:51:18.351 [redisson-netty-32-1] INFO org.redisson.connection.ConnectionsHolder -- 1 connections initialized for 127.0.0.1/127.0.0.1:32906
17:51:18.352 [redisson-netty-32-2] INFO org.redisson.connection.ConnectionsHolder -- 1 connections initialized for 127.0.0.1/127.0.0.1:32906
17:51:18.375 [main] INFO com.zaxxer.hikari.HikariDataSource -- HikariPool-11 - Starting...
17:51:18.380 [main] INFO com.zaxxer.hikari.pool.HikariPool -- HikariPool-11 - Added connection com.mysql.cj.jdbc.ConnectionImpl@1f1e4e04
17:51:18.380 [main] INFO com.zaxxer.hikari.HikariDataSource -- HikariPool-11 - Start completed.
17:51:18.518 [main] WARN org.namewta.notify.adapter.event.InAppCommittedPushListener -- 站内实时提示失败，messageId=9220001, reason=IllegalStateException
17:51:18.551 [main] INFO com.baomidou.dynamic.datasource.DynamicRoutingDataSource -- dynamic-datasource start closing ....
17:51:18.552 [main] INFO com.baomidou.dynamic.datasource.DynamicRoutingDataSource -- dynamic-datasource all closed success,bye
17:51:18.552 [main] INFO com.zaxxer.hikari.HikariDataSource -- HikariPool-11 - Shutdown initiated...
17:51:18.553 [main] INFO com.zaxxer.hikari.HikariDataSource -- HikariPool-11 - Shutdown completed.
17:51:18.560 [main] INFO com.baomidou.dynamic.datasource.DynamicRoutingDataSource -- dynamic-datasource - add a datasource named [master] success
17:51:18.675 [main] INFO org.redisson.Version -- Redisson 4.6.1
17:51:18.678 [redisson-netty-35-1] INFO org.redisson.connection.ConnectionsHolder -- 1 connections initialized for 127.0.0.1/127.0.0.1:32906
17:51:18.679 [redisson-netty-35-2] INFO org.redisson.connection.ConnectionsHolder -- 1 connections initialized for 127.0.0.1/127.0.0.1:32906
17:51:18.693 [main] INFO com.zaxxer.hikari.HikariDataSource -- HikariPool-12 - Starting...
17:51:18.697 [main] INFO com.zaxxer.hikari.pool.HikariPool -- HikariPool-12 - Added connection com.mysql.cj.jdbc.ConnectionImpl@346b793b
17:51:18.697 [main] INFO com.zaxxer.hikari.HikariDataSource -- HikariPool-12 - Start completed.
17:51:18.719 [main] WARN com.zaxxer.hikari.pool.ProxyConnection -- HikariPool-12 - Connection com.mysql.cj.jdbc.ConnectionImpl@346b793b marked as broken because of SQLSTATE(08S01), ErrorCode(0)
com.mysql.cj.jdbc.exceptions.CommunicationsException: Communications link failure

The last packet successfully received from the server was 5 milliseconds ago. The last packet sent successfully to the server was 6 milliseconds ago.
	at com.mysql.cj.jdbc.exceptions.SQLError.createCommunicationsException(SQLError.java:165)
	at com.mysql.cj.jdbc.exceptions.SQLExceptionsMapping.translateException(SQLExceptionsMapping.java:55)
	at com.mysql.cj.jdbc.ConnectionImpl.commit(ConnectionImpl.java:814)
	at com.zaxxer.hikari.pool.ProxyConnection.commit(ProxyConnection.java:378)
	at com.zaxxer.hikari.pool.HikariProxyConnection.commit(HikariProxyConnection.java)
	at java.base/jdk.internal.reflect.DirectMethodHandleAccessor.invoke(DirectMethodHandleAccessor.java:103)
	at java.base/java.lang.reflect.Method.invoke(Method.java:580)
	at org.namewta.test.notify.NotifyAtomicResultIntegrationTest$1.lambda$getConnection$0(NotifyAtomicResultIntegrationTest.java:123)
	at jdk.proxy2/jdk.proxy2.$Proxy131.commit(Unknown Source)
	at com.baomidou.dynamic.datasource.tx.ConnectionProxy.notify(ConnectionProxy.java:62)
	at com.baomidou.dynamic.datasource.tx.ConnectionFactory.notify(ConnectionFactory.java:153)
	at com.baomidou.dynamic.datasource.tx.LocalTxUtil.commit(LocalTxUtil.java:91)
	at com.baomidou.dynamic.datasource.tx.TransactionalTemplate.doExecute(TransactionalTemplate.java:126)
	at com.baomidou.dynamic.datasource.tx.TransactionalTemplate.execute(TransactionalTemplate.java:94)
	at com.baomidou.dynamic.datasource.aop.DynamicLocalTransactionInterceptor.invoke(DynamicLocalTransactionInterceptor.java:59)
	at org.springframework.aop.framework.ReflectiveMethodInvocation.proceed(ReflectiveMethodInvocation.java:179)
	at org.springframework.aop.framework.CglibAopProxy$DynamicAdvisedInterceptor.intercept(CglibAopProxy.java:719)
	at org.namewta.notify.usecase.NotifyDispatchResultUseCase$$SpringCGLIB$$11.beginInAppAttempt(<generated>)
	at org.namewta.test.notify.NotifyAtomicResultIntegrationTest.lambda$uncertainBudgetCommitNeverEntersPersistBeforeReclaim$15(NotifyAtomicResultIntegrationTest.java:501)
	at org.assertj.core.api.ThrowableAssert.catchThrowable(ThrowableAssert.java:66)
	at org.assertj.core.api.AssertionsForClassTypes.catchThrowable(AssertionsForClassTypes.java:908)
	at org.assertj.core.api.Assertions.catchThrowable(Assertions.java:1476)
	at org.assertj.core.api.Assertions.assertThatThrownBy(Assertions.java:1319)
	at org.namewta.test.notify.NotifyAtomicResultIntegrationTest.uncertainBudgetCommitNeverEntersPersistBeforeReclaim(NotifyAtomicResultIntegrationTest.java:501)
	at java.base/jdk.internal.reflect.DirectMethodHandleAccessor.invoke(DirectMethodHandleAccessor.java:103)
	at java.base/java.lang.reflect.Method.invoke(Method.java:580)
	at org.junit.platform.commons.util.ReflectionUtils.invokeMethod(ReflectionUtils.java:701)
	at org.junit.platform.commons.support.ReflectionSupport.invokeMethod(ReflectionSupport.java:502)
	at org.junit.jupiter.engine.support.MethodReflectionUtils.invoke(MethodReflectionUtils.java:45)
	at org.junit.jupiter.engine.execution.MethodInvocation.proceed(MethodInvocation.java:61)
	at org.junit.jupiter.engine.execution.InvocationInterceptorChain$ValidatingInvocation.proceed(InvocationInterceptorChain.java:124)
	at org.junit.jupiter.engine.extension.TimeoutExtension.intercept(TimeoutExtension.java:163)
	at org.junit.jupiter.engine.extension.TimeoutExtension.interceptTestableMethod(TimeoutExtension.java:148)
	at org.junit.jupiter.engine.extension.TimeoutExtension.interceptTestTemplateMethod(TimeoutExtension.java:94)
	at org.junit.jupiter.engine.execution.InterceptingExecutableInvoker$ReflectiveInterceptorCall.lambda$ofVoidMethod$0(InterceptingExecutableInvoker.java:123)
	at org.junit.jupiter.engine.execution.InterceptingExecutableInvoker.lambda$invoke$0(InterceptingExecutableInvoker.java:105)
	at org.junit.jupiter.engine.execution.InvocationInterceptorChain$InterceptedInvocation.proceed(InvocationInterceptorChain.java:99)
	at org.junit.jupiter.engine.execution.InvocationInterceptorChain.proceed(InvocationInterceptorChain.java:66)
	at org.junit.jupiter.engine.execution.InvocationInterceptorChain.chainAndInvoke(InvocationInterceptorChain.java:47)
	at org.junit.jupiter.engine.execution.InvocationInterceptorChain.invoke(InvocationInterceptorChain.java:39)
	at org.junit.jupiter.engine.execution.InterceptingExecutableInvoker.invoke(InterceptingExecutableInvoker.java:104)
	at org.junit.jupiter.engine.execution.InterceptingExecutableInvoker.invoke(InterceptingExecutableInvoker.java:98)
	at org.junit.jupiter.engine.execution.InterceptingExecutableInvoker.invokeVoid(InterceptingExecutableInvoker.java:71)
	at org.junit.jupiter.engine.descriptor.TestMethodTestDescriptor.lambda$invokeTestMethod$0(TestMethodTestDescriptor.java:219)
	at org.junit.platform.engine.support.hierarchical.ThrowableCollector.execute(ThrowableCollector.java:74)
	at org.junit.jupiter.engine.descriptor.TestMethodTestDescriptor.invokeTestMethod(TestMethodTestDescriptor.java:215)
	at org.junit.jupiter.engine.descriptor.TestMethodTestDescriptor.execute(TestMethodTestDescriptor.java:157)
	at org.junit.jupiter.engine.descriptor.TestMethodTestDescriptor.execute(TestMethodTestDescriptor.java:70)
	at org.junit.platform.engine.support.hierarchical.NodeTestTask.lambda$executeRecursively$2(NodeTestTask.java:176)
	at org.junit.platform.engine.support.hierarchical.ThrowableCollector.execute(ThrowableCollector.java:74)
	at org.junit.platform.engine.support.hierarchical.NodeTestTask.lambda$executeRecursively$1(NodeTestTask.java:166)
	at org.junit.platform.engine.support.hierarchical.Node.around(Node.java:138)
	at org.junit.platform.engine.support.hierarchical.NodeTestTask.lambda$executeRecursively$0(NodeTestTask.java:164)
	at org.junit.platform.engine.support.hierarchical.ThrowableCollector.execute(ThrowableCollector.java:74)
	at org.junit.platform.engine.support.hierarchical.NodeTestTask.executeRecursively(NodeTestTask.java:163)
	at org.junit.platform.engine.support.hierarchical.NodeTestTask.execute(NodeTestTask.java:116)
	at org.junit.platform.engine.support.hierarchical.SameThreadHierarchicalTestExecutorService.submit(SameThreadHierarchicalTestExecutorService.java:36)
	at org.junit.platform.engine.support.hierarchical.NodeTestTask$DefaultDynamicTestExecutor.execute(NodeTestTask.java:268)
	at org.junit.platform.engine.support.hierarchical.NodeTestTask$DefaultDynamicTestExecutor.execute(NodeTestTask.java:246)
	at org.junit.jupiter.engine.descriptor.TemplateExecutor.execute(TemplateExecutor.java:96)
	at org.junit.jupiter.engine.descriptor.TemplateExecutor.lambda$executeForProvider$1(TemplateExecutor.java:59)
	at java.base/java.util.Optional.ifPresent(Optional.java:178)
	at org.junit.jupiter.engine.descriptor.TemplateExecutor.lambda$executeForProvider$0(TemplateExecutor.java:59)
	at java.base/java.util.stream.ForEachOps$ForEachOp$OfRef.accept(ForEachOps.java:184)
	at java.base/java.util.stream.ReferencePipeline$3$1.accept(ReferencePipeline.java:197)
	at java.base/java.util.stream.ForEachOps$ForEachOp$OfRef.accept(ForEachOps.java:184)
	at java.base/java.util.stream.ForEachOps$ForEachOp$OfRef.accept(ForEachOps.java:184)
	at java.base/java.util.stream.ReferencePipeline$3$1.accept(ReferencePipeline.java:197)
	at java.base/java.util.Spliterators$ArraySpliterator.forEachRemaining(Spliterators.java:1024)
	at java.base/java.util.stream.AbstractPipeline.copyInto(AbstractPipeline.java:509)
	at java.base/java.util.stream.AbstractPipeline.wrapAndCopyInto(AbstractPipeline.java:499)
	at java.base/java.util.stream.ForEachOps$ForEachOp.evaluateSequential(ForEachOps.java:151)
	at java.base/java.util.stream.ForEachOps$ForEachOp$OfRef.evaluateSequential(ForEachOps.java:174)
	at java.base/java.util.stream.AbstractPipeline.evaluate(AbstractPipeline.java:234)
	at java.base/java.util.stream.ReferencePipeline.forEach(ReferencePipeline.java:596)
	at java.base/java.util.stream.ReferencePipeline$7$1.accept(ReferencePipeline.java:276)
	at java.base/java.util.ArrayList$ArrayListSpliterator.forEachRemaining(ArrayList.java:1708)
	at java.base/java.util.stream.AbstractPipeline.copyInto(AbstractPipeline.java:509)
	at java.base/java.util.stream.AbstractPipeline.wrapAndCopyInto(AbstractPipeline.java:499)
	at java.base/java.util.stream.ForEachOps$ForEachOp.evaluateSequential(ForEachOps.java:151)
	at java.base/java.util.stream.ForEachOps$ForEachOp$OfRef.evaluateSequential(ForEachOps.java:174)
	at java.base/java.util.stream.AbstractPipeline.evaluate(AbstractPipeline.java:234)
	at java.base/java.util.stream.ReferencePipeline.forEach(ReferencePipeline.java:596)
	at java.base/java.util.stream.ReferencePipeline$7$1.accept(ReferencePipeline.java:276)
	at java.base/java.util.stream.ReferencePipeline$3$1.accept(ReferencePipeline.java:197)
	at java.base/java.util.stream.ReferencePipeline$3$1.accept(ReferencePipeline.java:197)
	at java.base/java.util.stream.ReferencePipeline$3$1.accept(ReferencePipeline.java:197)
	at java.base/java.util.AbstractList$RandomAccessSpliterator.forEachRemaining(AbstractList.java:722)
	at java.base/java.util.stream.AbstractPipeline.copyInto(AbstractPipeline.java:509)
	at java.base/java.util.stream.AbstractPipeline.wrapAndCopyInto(AbstractPipeline.java:499)
	at java.base/java.util.stream.ForEachOps$ForEachOp.evaluateSequential(ForEachOps.java:151)
	at java.base/java.util.stream.ForEachOps$ForEachOp$OfRef.evaluateSequential(ForEachOps.java:174)
	at java.base/java.util.stream.AbstractPipeline.evaluate(AbstractPipeline.java:234)
	at java.base/java.util.stream.ReferencePipeline.forEach(ReferencePipeline.java:596)
	at org.junit.jupiter.engine.descriptor.TemplateExecutor.executeForProvider(TemplateExecutor.java:57)
	at org.junit.jupiter.engine.descriptor.TemplateExecutor.execute(TemplateExecutor.java:46)
	at org.junit.jupiter.engine.descriptor.TestTemplateTestDescriptor.execute(TestTemplateTestDescriptor.java:112)
	at org.junit.jupiter.engine.descriptor.TestTemplateTestDescriptor.execute(TestTemplateTestDescriptor.java:40)
	at org.junit.platform.engine.support.hierarchical.NodeTestTask.lambda$executeRecursively$2(NodeTestTask.java:176)
	at org.junit.platform.engine.support.hierarchical.ThrowableCollector.execute(ThrowableCollector.java:74)
	at org.junit.platform.engine.support.hierarchical.NodeTestTask.lambda$executeRecursively$1(NodeTestTask.java:166)
	at org.junit.platform.engine.support.hierarchical.Node.around(Node.java:138)
	at org.junit.platform.engine.support.hierarchical.NodeTestTask.lambda$executeRecursively$0(NodeTestTask.java:164)
	at org.junit.platform.engine.support.hierarchical.ThrowableCollector.execute(ThrowableCollector.java:74)
	at org.junit.platform.engine.support.hierarchical.NodeTestTask.executeRecursively(NodeTestTask.java:163)
	at org.junit.platform.engine.support.hierarchical.NodeTestTask.execute(NodeTestTask.java:116)
	at java.base/java.util.ArrayList.forEach(ArrayList.java:1596)
	at org.junit.platform.engine.support.hierarchical.SameThreadHierarchicalTestExecutorService.invokeAll(SameThreadHierarchicalTestExecutorService.java:42)
	at org.junit.platform.engine.support.hierarchical.NodeTestTask.lambda$executeRecursively$2(NodeTestTask.java:180)
	at org.junit.platform.engine.support.hierarchical.ThrowableCollector.execute(ThrowableCollector.java:74)
	at org.junit.platform.engine.support.hierarchical.NodeTestTask.lambda$executeRecursively$1(NodeTestTask.java:166)
	at org.junit.platform.engine.support.hierarchical.Node.around(Node.java:138)
	at org.junit.platform.engine.support.hierarchical.NodeTestTask.lambda$executeRecursively$0(NodeTestTask.java:164)
	at org.junit.platform.engine.support.hierarchical.ThrowableCollector.execute(ThrowableCollector.java:74)
	at org.junit.platform.engine.support.hierarchical.NodeTestTask.executeRecursively(NodeTestTask.java:163)
	at org.junit.platform.engine.support.hierarchical.NodeTestTask.execute(NodeTestTask.java:116)
	at java.base/java.util.ArrayList.forEach(ArrayList.java:1596)
	at org.junit.platform.engine.support.hierarchical.SameThreadHierarchicalTestExecutorService.invokeAll(SameThreadHierarchicalTestExecutorService.java:42)
	at org.junit.platform.engine.support.hierarchical.NodeTestTask.lambda$executeRecursively$2(NodeTestTask.java:180)
	at org.junit.platform.engine.support.hierarchical.ThrowableCollector.execute(ThrowableCollector.java:74)
	at org.junit.platform.engine.support.hierarchical.NodeTestTask.lambda$executeRecursively$1(NodeTestTask.java:166)
	at org.junit.platform.engine.support.hierarchical.Node.around(Node.java:138)
	at org.junit.platform.engine.support.hierarchical.NodeTestTask.lambda$executeRecursively$0(NodeTestTask.java:164)
	at org.junit.platform.engine.support.hierarchical.ThrowableCollector.execute(ThrowableCollector.java:74)
	at org.junit.platform.engine.support.hierarchical.NodeTestTask.executeRecursively(NodeTestTask.java:163)
	at org.junit.platform.engine.support.hierarchical.NodeTestTask.execute(NodeTestTask.java:116)
	at org.junit.platform.engine.support.hierarchical.SameThreadHierarchicalTestExecutorService.submit(SameThreadHierarchicalTestExecutorService.java:36)
	at org.junit.platform.engine.support.hierarchical.HierarchicalTestExecutor.execute(HierarchicalTestExecutor.java:52)
	at org.junit.platform.engine.support.hierarchical.HierarchicalTestEngine.execute(HierarchicalTestEngine.java:58)
	at org.junit.platform.launcher.core.EngineExecutionOrchestrator.executeEngine(EngineExecutionOrchestrator.java:246)
	at org.junit.platform.launcher.core.EngineExecutionOrchestrator.failOrExecuteEngine(EngineExecutionOrchestrator.java:218)
	at org.junit.platform.launcher.core.EngineExecutionOrchestrator.execute(EngineExecutionOrchestrator.java:179)
	at org.junit.platform.launcher.core.EngineExecutionOrchestrator.execute(EngineExecutionOrchestrator.java:108)
	at org.junit.platform.launcher.core.EngineExecutionOrchestrator.lambda$execute$0(EngineExecutionOrchestrator.java:66)
	at org.junit.platform.launcher.core.EngineExecutionOrchestrator.withInterceptedStreams(EngineExecutionOrchestrator.java:157)
	at org.junit.platform.launcher.core.EngineExecutionOrchestrator.execute(EngineExecutionOrchestrator.java:65)
	at org.junit.platform.launcher.core.DefaultLauncher.execute(DefaultLauncher.java:125)
	at org.junit.platform.launcher.core.DefaultLauncher.execute(DefaultLauncher.java:114)
	at org.junit.platform.launcher.core.DelegatingLauncher.execute(DelegatingLauncher.java:58)
	at org.junit.platform.launcher.core.InterceptingLauncher.lambda$execute$2(InterceptingLauncher.java:57)
	at org.junit.platform.launcher.core.ClasspathAlignmentCheckingLauncherInterceptor.intercept(ClasspathAlignmentCheckingLauncherInterceptor.java:25)
	at org.junit.platform.launcher.core.InterceptingLauncher.execute(InterceptingLauncher.java:56)
	at org.junit.platform.launcher.core.DelegatingLauncher.execute(DelegatingLauncher.java:58)
	at java.base/jdk.internal.reflect.DirectMethodHandleAccessor.invoke(DirectMethodHandleAccessor.java:103)
	at java.base/java.lang.reflect.Method.invoke(Method.java:580)
	at org.apache.maven.surefire.api.util.ReflectionUtils.invokeMethodWithArray(ReflectionUtils.java:125)
	at org.apache.maven.surefire.junitplatform.LauncherAdapter.executeWithCancellationToken(LauncherAdapter.java:68)
	at org.apache.maven.surefire.junitplatform.LauncherAdapter.execute(LauncherAdapter.java:54)
	at org.apache.maven.surefire.junitplatform.JUnitPlatformProvider.execute(JUnitPlatformProvider.java:203)
	at org.apache.maven.surefire.junitplatform.JUnitPlatformProvider.invokeAllTests(JUnitPlatformProvider.java:168)
	at org.apache.maven.surefire.junitplatform.JUnitPlatformProvider.invoke(JUnitPlatformProvider.java:134)
	at org.apache.maven.surefire.booter.ForkedBooter.runSuitesInProcess(ForkedBooter.java:385)
	at org.apache.maven.surefire.booter.ForkedBooter.execute(ForkedBooter.java:162)
	at org.apache.maven.surefire.booter.ForkedBooter.run(ForkedBooter.java:507)
	at org.apache.maven.surefire.booter.ForkedBooter.main(ForkedBooter.java:495)
Caused by: com.mysql.cj.exceptions.CJCommunicationsException: Communications link failure

The last packet successfully received from the server was 5 milliseconds ago. The last packet sent successfully to the server was 6 milliseconds ago.
	at java.base/jdk.internal.reflect.DirectConstructorHandleAccessor.newInstance(DirectConstructorHandleAccessor.java:62)
	at java.base/java.lang.reflect.Constructor.newInstanceWithCaller(Constructor.java:502)
	at java.base/java.lang.reflect.Constructor.newInstance(Constructor.java:486)
	at com.mysql.cj.exceptions.ExceptionFactory.createException(ExceptionFactory.java:52)
	at com.mysql.cj.exceptions.ExceptionFactory.createException(ExceptionFactory.java:95)
	at com.mysql.cj.exceptions.ExceptionFactory.createException(ExceptionFactory.java:140)
	at com.mysql.cj.exceptions.ExceptionFactory.createCommunicationsException(ExceptionFactory.java:156)
	at com.mysql.cj.protocol.a.NativeProtocol.readMessage(NativeProtocol.java:590)
	at com.mysql.cj.protocol.a.NativeProtocol.checkErrorMessage(NativeProtocol.java:767)
	at com.mysql.cj.protocol.a.NativeProtocol.sendCommand(NativeProtocol.java:706)
	at com.mysql.cj.protocol.a.NativeProtocol.sendQueryPacket(NativeProtocol.java:938)
	at com.mysql.cj.NativeSession.execSQL(NativeSession.java:817)
	at com.mysql.cj.jdbc.ConnectionImpl.commit(ConnectionImpl.java:794)
	... 152 common frames omitted
Caused by: java.io.EOFException: Can not read response from server. Expected to read 4 bytes, read 0 bytes before connection was unexpectedly lost.
	at com.mysql.cj.protocol.FullReadInputStream.readFully(FullReadInputStream.java:58)
	at com.mysql.cj.protocol.a.SimplePacketReader.readHeaderLocal(SimplePacketReader.java:72)
	at com.mysql.cj.protocol.a.SimplePacketReader.readHeader(SimplePacketReader.java:54)
	at com.mysql.cj.protocol.a.SimplePacketReader.readHeader(SimplePacketReader.java:36)
	at com.mysql.cj.protocol.a.TimeTrackingPacketReader.readHeader(TimeTrackingPacketReader.java:43)
	at com.mysql.cj.protocol.a.TimeTrackingPacketReader.readHeader(TimeTrackingPacketReader.java:32)
	at com.mysql.cj.protocol.a.MultiPacketReader.readHeader(MultiPacketReader.java:45)
	at com.mysql.cj.protocol.a.MultiPacketReader.readHeader(MultiPacketReader.java:35)
	at com.mysql.cj.protocol.a.NativeProtocol.readMessage(NativeProtocol.java:584)
	... 157 common frames omitted
17:51:18.720 [main] ERROR com.baomidou.dynamic.datasource.tx.ConnectionProxy -- Communications link failure

The last packet successfully received from the server was 5 milliseconds ago. The last packet sent successfully to the server was 6 milliseconds ago.
com.mysql.cj.jdbc.exceptions.CommunicationsException: Communications link failure

The last packet successfully received from the server was 5 milliseconds ago. The last packet sent successfully to the server was 6 milliseconds ago.
	at com.mysql.cj.jdbc.exceptions.SQLError.createCommunicationsException(SQLError.java:165)
	at com.mysql.cj.jdbc.exceptions.SQLExceptionsMapping.translateException(SQLExceptionsMapping.java:55)
	at com.mysql.cj.jdbc.ConnectionImpl.commit(ConnectionImpl.java:814)
	at com.zaxxer.hikari.pool.ProxyConnection.commit(ProxyConnection.java:378)
	at com.zaxxer.hikari.pool.HikariProxyConnection.commit(HikariProxyConnection.java)
	at java.base/jdk.internal.reflect.DirectMethodHandleAccessor.invoke(DirectMethodHandleAccessor.java:103)
	at java.base/java.lang.reflect.Method.invoke(Method.java:580)
	at org.namewta.test.notify.NotifyAtomicResultIntegrationTest$1.lambda$getConnection$0(NotifyAtomicResultIntegrationTest.java:123)
	at jdk.proxy2/jdk.proxy2.$Proxy131.commit(Unknown Source)
	at com.baomidou.dynamic.datasource.tx.ConnectionProxy.notify(ConnectionProxy.java:62)
	at com.baomidou.dynamic.datasource.tx.ConnectionFactory.notify(ConnectionFactory.java:153)
	at com.baomidou.dynamic.datasource.tx.LocalTxUtil.commit(LocalTxUtil.java:91)
	at com.baomidou.dynamic.datasource.tx.TransactionalTemplate.doExecute(TransactionalTemplate.java:126)
	at com.baomidou.dynamic.datasource.tx.TransactionalTemplate.execute(TransactionalTemplate.java:94)
	at com.baomidou.dynamic.datasource.aop.DynamicLocalTransactionInterceptor.invoke(DynamicLocalTransactionInterceptor.java:59)
	at org.springframework.aop.framework.ReflectiveMethodInvocation.proceed(ReflectiveMethodInvocation.java:179)
	at org.springframework.aop.framework.CglibAopProxy$DynamicAdvisedInterceptor.intercept(CglibAopProxy.java:719)
	at org.namewta.notify.usecase.NotifyDispatchResultUseCase$$SpringCGLIB$$11.beginInAppAttempt(<generated>)
	at org.namewta.test.notify.NotifyAtomicResultIntegrationTest.lambda$uncertainBudgetCommitNeverEntersPersistBeforeReclaim$15(NotifyAtomicResultIntegrationTest.java:501)
	at org.assertj.core.api.ThrowableAssert.catchThrowable(ThrowableAssert.java:66)
	at org.assertj.core.api.AssertionsForClassTypes.catchThrowable(AssertionsForClassTypes.java:908)
	at org.assertj.core.api.Assertions.catchThrowable(Assertions.java:1476)
	at org.assertj.core.api.Assertions.assertThatThrownBy(Assertions.java:1319)
	at org.namewta.test.notify.NotifyAtomicResultIntegrationTest.uncertainBudgetCommitNeverEntersPersistBeforeReclaim(NotifyAtomicResultIntegrationTest.java:501)
	at java.base/jdk.internal.reflect.DirectMethodHandleAccessor.invoke(DirectMethodHandleAccessor.java:103)
	at java.base/java.lang.reflect.Method.invoke(Method.java:580)
	at org.junit.platform.commons.util.ReflectionUtils.invokeMethod(ReflectionUtils.java:701)
	at org.junit.platform.commons.support.ReflectionSupport.invokeMethod(ReflectionSupport.java:502)
	at org.junit.jupiter.engine.support.MethodReflectionUtils.invoke(MethodReflectionUtils.java:45)
	at org.junit.jupiter.engine.execution.MethodInvocation.proceed(MethodInvocation.java:61)
	at org.junit.jupiter.engine.execution.InvocationInterceptorChain$ValidatingInvocation.proceed(InvocationInterceptorChain.java:124)
	at org.junit.jupiter.engine.extension.TimeoutExtension.intercept(TimeoutExtension.java:163)
	at org.junit.jupiter.engine.extension.TimeoutExtension.interceptTestableMethod(TimeoutExtension.java:148)
	at org.junit.jupiter.engine.extension.TimeoutExtension.interceptTestTemplateMethod(TimeoutExtension.java:94)
	at org.junit.jupiter.engine.execution.InterceptingExecutableInvoker$ReflectiveInterceptorCall.lambda$ofVoidMethod$0(InterceptingExecutableInvoker.java:123)
	at org.junit.jupiter.engine.execution.InterceptingExecutableInvoker.lambda$invoke$0(InterceptingExecutableInvoker.java:105)
	at org.junit.jupiter.engine.execution.InvocationInterceptorChain$InterceptedInvocation.proceed(InvocationInterceptorChain.java:99)
	at org.junit.jupiter.engine.execution.InvocationInterceptorChain.proceed(InvocationInterceptorChain.java:66)
	at org.junit.jupiter.engine.execution.InvocationInterceptorChain.chainAndInvoke(InvocationInterceptorChain.java:47)
	at org.junit.jupiter.engine.execution.InvocationInterceptorChain.invoke(InvocationInterceptorChain.java:39)
	at org.junit.jupiter.engine.execution.InterceptingExecutableInvoker.invoke(InterceptingExecutableInvoker.java:104)
	at org.junit.jupiter.engine.execution.InterceptingExecutableInvoker.invoke(InterceptingExecutableInvoker.java:98)
	at org.junit.jupiter.engine.execution.InterceptingExecutableInvoker.invokeVoid(InterceptingExecutableInvoker.java:71)
	at org.junit.jupiter.engine.descriptor.TestMethodTestDescriptor.lambda$invokeTestMethod$0(TestMethodTestDescriptor.java:219)
	at org.junit.platform.engine.support.hierarchical.ThrowableCollector.execute(ThrowableCollector.java:74)
	at org.junit.jupiter.engine.descriptor.TestMethodTestDescriptor.invokeTestMethod(TestMethodTestDescriptor.java:215)
	at org.junit.jupiter.engine.descriptor.TestMethodTestDescriptor.execute(TestMethodTestDescriptor.java:157)
	at org.junit.jupiter.engine.descriptor.TestMethodTestDescriptor.execute(TestMethodTestDescriptor.java:70)
	at org.junit.platform.engine.support.hierarchical.NodeTestTask.lambda$executeRecursively$2(NodeTestTask.java:176)
	at org.junit.platform.engine.support.hierarchical.ThrowableCollector.execute(ThrowableCollector.java:74)
	at org.junit.platform.engine.support.hierarchical.NodeTestTask.lambda$executeRecursively$1(NodeTestTask.java:166)
	at org.junit.platform.engine.support.hierarchical.Node.around(Node.java:138)
	at org.junit.platform.engine.support.hierarchical.NodeTestTask.lambda$executeRecursively$0(NodeTestTask.java:164)
	at org.junit.platform.engine.support.hierarchical.ThrowableCollector.execute(ThrowableCollector.java:74)
	at org.junit.platform.engine.support.hierarchical.NodeTestTask.executeRecursively(NodeTestTask.java:163)
	at org.junit.platform.engine.support.hierarchical.NodeTestTask.execute(NodeTestTask.java:116)
	at org.junit.platform.engine.support.hierarchical.SameThreadHierarchicalTestExecutorService.submit(SameThreadHierarchicalTestExecutorService.java:36)
	at org.junit.platform.engine.support.hierarchical.NodeTestTask$DefaultDynamicTestExecutor.execute(NodeTestTask.java:268)
	at org.junit.platform.engine.support.hierarchical.NodeTestTask$DefaultDynamicTestExecutor.execute(NodeTestTask.java:246)
	at org.junit.jupiter.engine.descriptor.TemplateExecutor.execute(TemplateExecutor.java:96)
	at org.junit.jupiter.engine.descriptor.TemplateExecutor.lambda$executeForProvider$1(TemplateExecutor.java:59)
	at java.base/java.util.Optional.ifPresent(Optional.java:178)
	at org.junit.jupiter.engine.descriptor.TemplateExecutor.lambda$executeForProvider$0(TemplateExecutor.java:59)
	at java.base/java.util.stream.ForEachOps$ForEachOp$OfRef.accept(ForEachOps.java:184)
	at java.base/java.util.stream.ReferencePipeline$3$1.accept(ReferencePipeline.java:197)
	at java.base/java.util.stream.ForEachOps$ForEachOp$OfRef.accept(ForEachOps.java:184)
	at java.base/java.util.stream.ForEachOps$ForEachOp$OfRef.accept(ForEachOps.java:184)
	at java.base/java.util.stream.ReferencePipeline$3$1.accept(ReferencePipeline.java:197)
	at java.base/java.util.Spliterators$ArraySpliterator.forEachRemaining(Spliterators.java:1024)
	at java.base/java.util.stream.AbstractPipeline.copyInto(AbstractPipeline.java:509)
	at java.base/java.util.stream.AbstractPipeline.wrapAndCopyInto(AbstractPipeline.java:499)
	at java.base/java.util.stream.ForEachOps$ForEachOp.evaluateSequential(ForEachOps.java:151)
	at java.base/java.util.stream.ForEachOps$ForEachOp$OfRef.evaluateSequential(ForEachOps.java:174)
	at java.base/java.util.stream.AbstractPipeline.evaluate(AbstractPipeline.java:234)
	at java.base/java.util.stream.ReferencePipeline.forEach(ReferencePipeline.java:596)
	at java.base/java.util.stream.ReferencePipeline$7$1.accept(ReferencePipeline.java:276)
	at java.base/java.util.ArrayList$ArrayListSpliterator.forEachRemaining(ArrayList.java:1708)
	at java.base/java.util.stream.AbstractPipeline.copyInto(AbstractPipeline.java:509)
	at java.base/java.util.stream.AbstractPipeline.wrapAndCopyInto(AbstractPipeline.java:499)
	at java.base/java.util.stream.ForEachOps$ForEachOp.evaluateSequential(ForEachOps.java:151)
	at java.base/java.util.stream.ForEachOps$ForEachOp$OfRef.evaluateSequential(ForEachOps.java:174)
	at java.base/java.util.stream.AbstractPipeline.evaluate(AbstractPipeline.java:234)
	at java.base/java.util.stream.ReferencePipeline.forEach(ReferencePipeline.java:596)
	at java.base/java.util.stream.ReferencePipeline$7$1.accept(ReferencePipeline.java:276)
	at java.base/java.util.stream.ReferencePipeline$3$1.accept(ReferencePipeline.java:197)
	at java.base/java.util.stream.ReferencePipeline$3$1.accept(ReferencePipeline.java:197)
	at java.base/java.util.stream.ReferencePipeline$3$1.accept(ReferencePipeline.java:197)
	at java.base/java.util.AbstractList$RandomAccessSpliterator.forEachRemaining(AbstractList.java:722)
	at java.base/java.util.stream.AbstractPipeline.copyInto(AbstractPipeline.java:509)
	at java.base/java.util.stream.AbstractPipeline.wrapAndCopyInto(AbstractPipeline.java:499)
	at java.base/java.util.stream.ForEachOps$ForEachOp.evaluateSequential(ForEachOps.java:151)
	at java.base/java.util.stream.ForEachOps$ForEachOp$OfRef.evaluateSequential(ForEachOps.java:174)
	at java.base/java.util.stream.AbstractPipeline.evaluate(AbstractPipeline.java:234)
	at java.base/java.util.stream.ReferencePipeline.forEach(ReferencePipeline.java:596)
	at org.junit.jupiter.engine.descriptor.TemplateExecutor.executeForProvider(TemplateExecutor.java:57)
	at org.junit.jupiter.engine.descriptor.TemplateExecutor.execute(TemplateExecutor.java:46)
	at org.junit.jupiter.engine.descriptor.TestTemplateTestDescriptor.execute(TestTemplateTestDescriptor.java:112)
	at org.junit.jupiter.engine.descriptor.TestTemplateTestDescriptor.execute(TestTemplateTestDescriptor.java:40)
	at org.junit.platform.engine.support.hierarchical.NodeTestTask.lambda$executeRecursively$2(NodeTestTask.java:176)
	at org.junit.platform.engine.support.hierarchical.ThrowableCollector.execute(ThrowableCollector.java:74)
	at org.junit.platform.engine.support.hierarchical.NodeTestTask.lambda$executeRecursively$1(NodeTestTask.java:166)
	at org.junit.platform.engine.support.hierarchical.Node.around(Node.java:138)
	at org.junit.platform.engine.support.hierarchical.NodeTestTask.lambda$executeRecursively$0(NodeTestTask.java:164)
	at org.junit.platform.engine.support.hierarchical.ThrowableCollector.execute(ThrowableCollector.java:74)
	at org.junit.platform.engine.support.hierarchical.NodeTestTask.executeRecursively(NodeTestTask.java:163)
	at org.junit.platform.engine.support.hierarchical.NodeTestTask.execute(NodeTestTask.java:116)
	at java.base/java.util.ArrayList.forEach(ArrayList.java:1596)
	at org.junit.platform.engine.support.hierarchical.SameThreadHierarchicalTestExecutorService.invokeAll(SameThreadHierarchicalTestExecutorService.java:42)
	at org.junit.platform.engine.support.hierarchical.NodeTestTask.lambda$executeRecursively$2(NodeTestTask.java:180)
	at org.junit.platform.engine.support.hierarchical.ThrowableCollector.execute(ThrowableCollector.java:74)
	at org.junit.platform.engine.support.hierarchical.NodeTestTask.lambda$executeRecursively$1(NodeTestTask.java:166)
	at org.junit.platform.engine.support.hierarchical.Node.around(Node.java:138)
	at org.junit.platform.engine.support.hierarchical.NodeTestTask.lambda$executeRecursively$0(NodeTestTask.java:164)
	at org.junit.platform.engine.support.hierarchical.ThrowableCollector.execute(ThrowableCollector.java:74)
	at org.junit.platform.engine.support.hierarchical.NodeTestTask.executeRecursively(NodeTestTask.java:163)
	at org.junit.platform.engine.support.hierarchical.NodeTestTask.execute(NodeTestTask.java:116)
	at java.base/java.util.ArrayList.forEach(ArrayList.java:1596)
	at org.junit.platform.engine.support.hierarchical.SameThreadHierarchicalTestExecutorService.invokeAll(SameThreadHierarchicalTestExecutorService.java:42)
	at org.junit.platform.engine.support.hierarchical.NodeTestTask.lambda$executeRecursively$2(NodeTestTask.java:180)
	at org.junit.platform.engine.support.hierarchical.ThrowableCollector.execute(ThrowableCollector.java:74)
	at org.junit.platform.engine.support.hierarchical.NodeTestTask.lambda$executeRecursively$1(NodeTestTask.java:166)
	at org.junit.platform.engine.support.hierarchical.Node.around(Node.java:138)
	at org.junit.platform.engine.support.hierarchical.NodeTestTask.lambda$executeRecursively$0(NodeTestTask.java:164)
	at org.junit.platform.engine.support.hierarchical.ThrowableCollector.execute(ThrowableCollector.java:74)
	at org.junit.platform.engine.support.hierarchical.NodeTestTask.executeRecursively(NodeTestTask.java:163)
	at org.junit.platform.engine.support.hierarchical.NodeTestTask.execute(NodeTestTask.java:116)
	at org.junit.platform.engine.support.hierarchical.SameThreadHierarchicalTestExecutorService.submit(SameThreadHierarchicalTestExecutorService.java:36)
	at org.junit.platform.engine.support.hierarchical.HierarchicalTestExecutor.execute(HierarchicalTestExecutor.java:52)
	at org.junit.platform.engine.support.hierarchical.HierarchicalTestEngine.execute(HierarchicalTestEngine.java:58)
	at org.junit.platform.launcher.core.EngineExecutionOrchestrator.executeEngine(EngineExecutionOrchestrator.java:246)
	at org.junit.platform.launcher.core.EngineExecutionOrchestrator.failOrExecuteEngine(EngineExecutionOrchestrator.java:218)
	at org.junit.platform.launcher.core.EngineExecutionOrchestrator.execute(EngineExecutionOrchestrator.java:179)
	at org.junit.platform.launcher.core.EngineExecutionOrchestrator.execute(EngineExecutionOrchestrator.java:108)
	at org.junit.platform.launcher.core.EngineExecutionOrchestrator.lambda$execute$0(EngineExecutionOrchestrator.java:66)
	at org.junit.platform.launcher.core.EngineExecutionOrchestrator.withInterceptedStreams(EngineExecutionOrchestrator.java:157)
	at org.junit.platform.launcher.core.EngineExecutionOrchestrator.execute(EngineExecutionOrchestrator.java:65)
	at org.junit.platform.launcher.core.DefaultLauncher.execute(DefaultLauncher.java:125)
	at org.junit.platform.launcher.core.DefaultLauncher.execute(DefaultLauncher.java:114)
	at org.junit.platform.launcher.core.DelegatingLauncher.execute(DelegatingLauncher.java:58)
	at org.junit.platform.launcher.core.InterceptingLauncher.lambda$execute$2(InterceptingLauncher.java:57)
	at org.junit.platform.launcher.core.ClasspathAlignmentCheckingLauncherInterceptor.intercept(ClasspathAlignmentCheckingLauncherInterceptor.java:25)
	at org.junit.platform.launcher.core.InterceptingLauncher.execute(InterceptingLauncher.java:56)
	at org.junit.platform.launcher.core.DelegatingLauncher.execute(DelegatingLauncher.java:58)
	at java.base/jdk.internal.reflect.DirectMethodHandleAccessor.invoke(DirectMethodHandleAccessor.java:103)
	at java.base/java.lang.reflect.Method.invoke(Method.java:580)
	at org.apache.maven.surefire.api.util.ReflectionUtils.invokeMethodWithArray(ReflectionUtils.java:125)
	at org.apache.maven.surefire.junitplatform.LauncherAdapter.executeWithCancellationToken(LauncherAdapter.java:68)
	at org.apache.maven.surefire.junitplatform.LauncherAdapter.execute(LauncherAdapter.java:54)
	at org.apache.maven.surefire.junitplatform.JUnitPlatformProvider.execute(JUnitPlatformProvider.java:203)
	at org.apache.maven.surefire.junitplatform.JUnitPlatformProvider.invokeAllTests(JUnitPlatformProvider.java:168)
	at org.apache.maven.surefire.junitplatform.JUnitPlatformProvider.invoke(JUnitPlatformProvider.java:134)
	at org.apache.maven.surefire.booter.ForkedBooter.runSuitesInProcess(ForkedBooter.java:385)
	at org.apache.maven.surefire.booter.ForkedBooter.execute(ForkedBooter.java:162)
	at org.apache.maven.surefire.booter.ForkedBooter.run(ForkedBooter.java:507)
	at org.apache.maven.surefire.booter.ForkedBooter.main(ForkedBooter.java:495)
Caused by: com.mysql.cj.exceptions.CJCommunicationsException: Communications link failure

The last packet successfully received from the server was 5 milliseconds ago. The last packet sent successfully to the server was 6 milliseconds ago.
	at java.base/jdk.internal.reflect.DirectConstructorHandleAccessor.newInstance(DirectConstructorHandleAccessor.java:62)
	at java.base/java.lang.reflect.Constructor.newInstanceWithCaller(Constructor.java:502)
	at java.base/java.lang.reflect.Constructor.newInstance(Constructor.java:486)
	at com.mysql.cj.exceptions.ExceptionFactory.createException(ExceptionFactory.java:52)
	at com.mysql.cj.exceptions.ExceptionFactory.createException(ExceptionFactory.java:95)
	at com.mysql.cj.exceptions.ExceptionFactory.createException(ExceptionFactory.java:140)
	at com.mysql.cj.exceptions.ExceptionFactory.createCommunicationsException(ExceptionFactory.java:156)
	at com.mysql.cj.protocol.a.NativeProtocol.readMessage(NativeProtocol.java:590)
	at com.mysql.cj.protocol.a.NativeProtocol.checkErrorMessage(NativeProtocol.java:767)
	at com.mysql.cj.protocol.a.NativeProtocol.sendCommand(NativeProtocol.java:706)
	at com.mysql.cj.protocol.a.NativeProtocol.sendQueryPacket(NativeProtocol.java:938)
	at com.mysql.cj.NativeSession.execSQL(NativeSession.java:817)
	at com.mysql.cj.jdbc.ConnectionImpl.commit(ConnectionImpl.java:794)
	... 152 common frames omitted
Caused by: java.io.EOFException: Can not read response from server. Expected to read 4 bytes, read 0 bytes before connection was unexpectedly lost.
	at com.mysql.cj.protocol.FullReadInputStream.readFully(FullReadInputStream.java:58)
	at com.mysql.cj.protocol.a.SimplePacketReader.readHeaderLocal(SimplePacketReader.java:72)
	at com.mysql.cj.protocol.a.SimplePacketReader.readHeader(SimplePacketReader.java:54)
	at com.mysql.cj.protocol.a.SimplePacketReader.readHeader(SimplePacketReader.java:36)
	at com.mysql.cj.protocol.a.TimeTrackingPacketReader.readHeader(TimeTrackingPacketReader.java:43)
	at com.mysql.cj.protocol.a.TimeTrackingPacketReader.readHeader(TimeTrackingPacketReader.java:32)
	at com.mysql.cj.protocol.a.MultiPacketReader.readHeader(MultiPacketReader.java:45)
	at com.mysql.cj.protocol.a.MultiPacketReader.readHeader(MultiPacketReader.java:35)
	at com.mysql.cj.protocol.a.NativeProtocol.readMessage(NativeProtocol.java:584)
	... 157 common frames omitted
17:51:18.785 [main] WARN org.namewta.notify.adapter.event.InAppCommittedPushListener -- 站内实时提示失败，messageId=9220001, reason=IllegalStateException
17:51:18.804 [main] INFO com.baomidou.dynamic.datasource.DynamicRoutingDataSource -- dynamic-datasource start closing ....
17:51:18.804 [main] INFO com.baomidou.dynamic.datasource.DynamicRoutingDataSource -- dynamic-datasource all closed success,bye
17:51:18.804 [main] INFO com.zaxxer.hikari.HikariDataSource -- HikariPool-12 - Shutdown initiated...
17:51:18.814 [main] INFO com.zaxxer.hikari.HikariDataSource -- HikariPool-12 - Shutdown completed.
17:51:18.817 [main] INFO com.baomidou.dynamic.datasource.DynamicRoutingDataSource -- dynamic-datasource - add a datasource named [master] success
17:51:18.942 [main] INFO org.redisson.Version -- Redisson 4.6.1
17:51:18.947 [redisson-netty-38-1] INFO org.redisson.connection.ConnectionsHolder -- 1 connections initialized for 127.0.0.1/127.0.0.1:32906
17:51:18.947 [redisson-netty-38-2] INFO org.redisson.connection.ConnectionsHolder -- 1 connections initialized for 127.0.0.1/127.0.0.1:32906
17:51:18.963 [main] INFO com.zaxxer.hikari.HikariDataSource -- HikariPool-13 - Starting...
17:51:18.967 [main] INFO com.zaxxer.hikari.pool.HikariPool -- HikariPool-13 - Added connection com.mysql.cj.jdbc.ConnectionImpl@54ba4f78
17:51:18.967 [main] INFO com.zaxxer.hikari.HikariDataSource -- HikariPool-13 - Start completed.
17:51:18.987 [main] ERROR com.baomidou.dynamic.datasource.tx.ConnectionProxy -- owned lost commit acknowledgement
java.sql.SQLRecoverableException: owned lost commit acknowledgement
	at org.namewta.test.notify.NotifyAtomicResultIntegrationTest$1.lambda$getConnection$0(NotifyAtomicResultIntegrationTest.java:120)
	at jdk.proxy2/jdk.proxy2.$Proxy131.commit(Unknown Source)
	at com.baomidou.dynamic.datasource.tx.ConnectionProxy.notify(ConnectionProxy.java:62)
	at com.baomidou.dynamic.datasource.tx.ConnectionFactory.notify(ConnectionFactory.java:153)
	at com.baomidou.dynamic.datasource.tx.LocalTxUtil.commit(LocalTxUtil.java:91)
	at com.baomidou.dynamic.datasource.tx.TransactionalTemplate.doExecute(TransactionalTemplate.java:126)
	at com.baomidou.dynamic.datasource.tx.TransactionalTemplate.execute(TransactionalTemplate.java:94)
	at com.baomidou.dynamic.datasource.aop.DynamicLocalTransactionInterceptor.invoke(DynamicLocalTransactionInterceptor.java:59)
	at org.springframework.aop.framework.ReflectiveMethodInvocation.proceed(ReflectiveMethodInvocation.java:179)
	at org.springframework.aop.framework.CglibAopProxy$DynamicAdvisedInterceptor.intercept(CglibAopProxy.java:719)
	at org.namewta.notify.usecase.NotifyDispatchResultUseCase$$SpringCGLIB$$12.beginInAppAttempt(<generated>)
	at org.namewta.test.notify.NotifyAtomicResultIntegrationTest.lambda$uncertainBudgetCommitNeverEntersPersistBeforeReclaim$15(NotifyAtomicResultIntegrationTest.java:501)
	at org.assertj.core.api.ThrowableAssert.catchThrowable(ThrowableAssert.java:66)
	at org.assertj.core.api.AssertionsForClassTypes.catchThrowable(AssertionsForClassTypes.java:908)
	at org.assertj.core.api.Assertions.catchThrowable(Assertions.java:1476)
	at org.assertj.core.api.Assertions.assertThatThrownBy(Assertions.java:1319)
	at org.namewta.test.notify.NotifyAtomicResultIntegrationTest.uncertainBudgetCommitNeverEntersPersistBeforeReclaim(NotifyAtomicResultIntegrationTest.java:501)
	at java.base/jdk.internal.reflect.DirectMethodHandleAccessor.invoke(DirectMethodHandleAccessor.java:103)
	at java.base/java.lang.reflect.Method.invoke(Method.java:580)
	at org.junit.platform.commons.util.ReflectionUtils.invokeMethod(ReflectionUtils.java:701)
	at org.junit.platform.commons.support.ReflectionSupport.invokeMethod(ReflectionSupport.java:502)
	at org.junit.jupiter.engine.support.MethodReflectionUtils.invoke(MethodReflectionUtils.java:45)
	at org.junit.jupiter.engine.execution.MethodInvocation.proceed(MethodInvocation.java:61)
	at org.junit.jupiter.engine.execution.InvocationInterceptorChain$ValidatingInvocation.proceed(InvocationInterceptorChain.java:124)
	at org.junit.jupiter.engine.extension.TimeoutExtension.intercept(TimeoutExtension.java:163)
	at org.junit.jupiter.engine.extension.TimeoutExtension.interceptTestableMethod(TimeoutExtension.java:148)
	at org.junit.jupiter.engine.extension.TimeoutExtension.interceptTestTemplateMethod(TimeoutExtension.java:94)
	at org.junit.jupiter.engine.execution.InterceptingExecutableInvoker$ReflectiveInterceptorCall.lambda$ofVoidMethod$0(InterceptingExecutableInvoker.java:123)
	at org.junit.jupiter.engine.execution.InterceptingExecutableInvoker.lambda$invoke$0(InterceptingExecutableInvoker.java:105)
	at org.junit.jupiter.engine.execution.InvocationInterceptorChain$InterceptedInvocation.proceed(InvocationInterceptorChain.java:99)
	at org.junit.jupiter.engine.execution.InvocationInterceptorChain.proceed(InvocationInterceptorChain.java:66)
	at org.junit.jupiter.engine.execution.InvocationInterceptorChain.chainAndInvoke(InvocationInterceptorChain.java:47)
	at org.junit.jupiter.engine.execution.InvocationInterceptorChain.invoke(InvocationInterceptorChain.java:39)
	at org.junit.jupiter.engine.execution.InterceptingExecutableInvoker.invoke(InterceptingExecutableInvoker.java:104)
	at org.junit.jupiter.engine.execution.InterceptingExecutableInvoker.invoke(InterceptingExecutableInvoker.java:98)
	at org.junit.jupiter.engine.execution.InterceptingExecutableInvoker.invokeVoid(InterceptingExecutableInvoker.java:71)
	at org.junit.jupiter.engine.descriptor.TestMethodTestDescriptor.lambda$invokeTestMethod$0(TestMethodTestDescriptor.java:219)
	at org.junit.platform.engine.support.hierarchical.ThrowableCollector.execute(ThrowableCollector.java:74)
	at org.junit.jupiter.engine.descriptor.TestMethodTestDescriptor.invokeTestMethod(TestMethodTestDescriptor.java:215)
	at org.junit.jupiter.engine.descriptor.TestMethodTestDescriptor.execute(TestMethodTestDescriptor.java:157)
	at org.junit.jupiter.engine.descriptor.TestMethodTestDescriptor.execute(TestMethodTestDescriptor.java:70)
	at org.junit.platform.engine.support.hierarchical.NodeTestTask.lambda$executeRecursively$2(NodeTestTask.java:176)
	at org.junit.platform.engine.support.hierarchical.ThrowableCollector.execute(ThrowableCollector.java:74)
	at org.junit.platform.engine.support.hierarchical.NodeTestTask.lambda$executeRecursively$1(NodeTestTask.java:166)
	at org.junit.platform.engine.support.hierarchical.Node.around(Node.java:138)
	at org.junit.platform.engine.support.hierarchical.NodeTestTask.lambda$executeRecursively$0(NodeTestTask.java:164)
	at org.junit.platform.engine.support.hierarchical.ThrowableCollector.execute(ThrowableCollector.java:74)
	at org.junit.platform.engine.support.hierarchical.NodeTestTask.executeRecursively(NodeTestTask.java:163)
	at org.junit.platform.engine.support.hierarchical.NodeTestTask.execute(NodeTestTask.java:116)
	at org.junit.platform.engine.support.hierarchical.SameThreadHierarchicalTestExecutorService.submit(SameThreadHierarchicalTestExecutorService.java:36)
	at org.junit.platform.engine.support.hierarchical.NodeTestTask$DefaultDynamicTestExecutor.execute(NodeTestTask.java:268)
	at org.junit.platform.engine.support.hierarchical.NodeTestTask$DefaultDynamicTestExecutor.execute(NodeTestTask.java:246)
	at org.junit.jupiter.engine.descriptor.TemplateExecutor.execute(TemplateExecutor.java:96)
	at org.junit.jupiter.engine.descriptor.TemplateExecutor.lambda$executeForProvider$1(TemplateExecutor.java:59)
	at java.base/java.util.Optional.ifPresent(Optional.java:178)
	at org.junit.jupiter.engine.descriptor.TemplateExecutor.lambda$executeForProvider$0(TemplateExecutor.java:59)
	at java.base/java.util.stream.ForEachOps$ForEachOp$OfRef.accept(ForEachOps.java:184)
	at java.base/java.util.stream.ReferencePipeline$3$1.accept(ReferencePipeline.java:197)
	at java.base/java.util.stream.ForEachOps$ForEachOp$OfRef.accept(ForEachOps.java:184)
	at java.base/java.util.stream.ForEachOps$ForEachOp$OfRef.accept(ForEachOps.java:184)
	at java.base/java.util.stream.ReferencePipeline$3$1.accept(ReferencePipeline.java:197)
	at java.base/java.util.Spliterators$ArraySpliterator.forEachRemaining(Spliterators.java:1024)
	at java.base/java.util.stream.AbstractPipeline.copyInto(AbstractPipeline.java:509)
	at java.base/java.util.stream.AbstractPipeline.wrapAndCopyInto(AbstractPipeline.java:499)
	at java.base/java.util.stream.ForEachOps$ForEachOp.evaluateSequential(ForEachOps.java:151)
	at java.base/java.util.stream.ForEachOps$ForEachOp$OfRef.evaluateSequential(ForEachOps.java:174)
	at java.base/java.util.stream.AbstractPipeline.evaluate(AbstractPipeline.java:234)
	at java.base/java.util.stream.ReferencePipeline.forEach(ReferencePipeline.java:596)
	at java.base/java.util.stream.ReferencePipeline$7$1.accept(ReferencePipeline.java:276)
	at java.base/java.util.ArrayList$ArrayListSpliterator.forEachRemaining(ArrayList.java:1708)
	at java.base/java.util.stream.AbstractPipeline.copyInto(AbstractPipeline.java:509)
	at java.base/java.util.stream.AbstractPipeline.wrapAndCopyInto(AbstractPipeline.java:499)
	at java.base/java.util.stream.ForEachOps$ForEachOp.evaluateSequential(ForEachOps.java:151)
	at java.base/java.util.stream.ForEachOps$ForEachOp$OfRef.evaluateSequential(ForEachOps.java:174)
	at java.base/java.util.stream.AbstractPipeline.evaluate(AbstractPipeline.java:234)
	at java.base/java.util.stream.ReferencePipeline.forEach(ReferencePipeline.java:596)
	at java.base/java.util.stream.ReferencePipeline$7$1.accept(ReferencePipeline.java:276)
	at java.base/java.util.stream.ReferencePipeline$3$1.accept(ReferencePipeline.java:197)
	at java.base/java.util.stream.ReferencePipeline$3$1.accept(ReferencePipeline.java:197)
	at java.base/java.util.stream.ReferencePipeline$3$1.accept(ReferencePipeline.java:197)
	at java.base/java.util.AbstractList$RandomAccessSpliterator.forEachRemaining(AbstractList.java:722)
	at java.base/java.util.stream.AbstractPipeline.copyInto(AbstractPipeline.java:509)
	at java.base/java.util.stream.AbstractPipeline.wrapAndCopyInto(AbstractPipeline.java:499)
	at java.base/java.util.stream.ForEachOps$ForEachOp.evaluateSequential(ForEachOps.java:151)
	at java.base/java.util.stream.ForEachOps$ForEachOp$OfRef.evaluateSequential(ForEachOps.java:174)
	at java.base/java.util.stream.AbstractPipeline.evaluate(AbstractPipeline.java:234)
	at java.base/java.util.stream.ReferencePipeline.forEach(ReferencePipeline.java:596)
	at org.junit.jupiter.engine.descriptor.TemplateExecutor.executeForProvider(TemplateExecutor.java:57)
	at org.junit.jupiter.engine.descriptor.TemplateExecutor.execute(TemplateExecutor.java:46)
	at org.junit.jupiter.engine.descriptor.TestTemplateTestDescriptor.execute(TestTemplateTestDescriptor.java:112)
	at org.junit.jupiter.engine.descriptor.TestTemplateTestDescriptor.execute(TestTemplateTestDescriptor.java:40)
	at org.junit.platform.engine.support.hierarchical.NodeTestTask.lambda$executeRecursively$2(NodeTestTask.java:176)
	at org.junit.platform.engine.support.hierarchical.ThrowableCollector.execute(ThrowableCollector.java:74)
	at org.junit.platform.engine.support.hierarchical.NodeTestTask.lambda$executeRecursively$1(NodeTestTask.java:166)
	at org.junit.platform.engine.support.hierarchical.Node.around(Node.java:138)
	at org.junit.platform.engine.support.hierarchical.NodeTestTask.lambda$executeRecursively$0(NodeTestTask.java:164)
	at org.junit.platform.engine.support.hierarchical.ThrowableCollector.execute(ThrowableCollector.java:74)
	at org.junit.platform.engine.support.hierarchical.NodeTestTask.executeRecursively(NodeTestTask.java:163)
	at org.junit.platform.engine.support.hierarchical.NodeTestTask.execute(NodeTestTask.java:116)
	at java.base/java.util.ArrayList.forEach(ArrayList.java:1596)
	at org.junit.platform.engine.support.hierarchical.SameThreadHierarchicalTestExecutorService.invokeAll(SameThreadHierarchicalTestExecutorService.java:42)
	at org.junit.platform.engine.support.hierarchical.NodeTestTask.lambda$executeRecursively$2(NodeTestTask.java:180)
	at org.junit.platform.engine.support.hierarchical.ThrowableCollector.execute(ThrowableCollector.java:74)
	at org.junit.platform.engine.support.hierarchical.NodeTestTask.lambda$executeRecursively$1(NodeTestTask.java:166)
	at org.junit.platform.engine.support.hierarchical.Node.around(Node.java:138)
	at org.junit.platform.engine.support.hierarchical.NodeTestTask.lambda$executeRecursively$0(NodeTestTask.java:164)
	at org.junit.platform.engine.support.hierarchical.ThrowableCollector.execute(ThrowableCollector.java:74)
	at org.junit.platform.engine.support.hierarchical.NodeTestTask.executeRecursively(NodeTestTask.java:163)
	at org.junit.platform.engine.support.hierarchical.NodeTestTask.execute(NodeTestTask.java:116)
	at java.base/java.util.ArrayList.forEach(ArrayList.java:1596)
	at org.junit.platform.engine.support.hierarchical.SameThreadHierarchicalTestExecutorService.invokeAll(SameThreadHierarchicalTestExecutorService.java:42)
	at org.junit.platform.engine.support.hierarchical.NodeTestTask.lambda$executeRecursively$2(NodeTestTask.java:180)
	at org.junit.platform.engine.support.hierarchical.ThrowableCollector.execute(ThrowableCollector.java:74)
	at org.junit.platform.engine.support.hierarchical.NodeTestTask.lambda$executeRecursively$1(NodeTestTask.java:166)
	at org.junit.platform.engine.support.hierarchical.Node.around(Node.java:138)
	at org.junit.platform.engine.support.hierarchical.NodeTestTask.lambda$executeRecursively$0(NodeTestTask.java:164)
	at org.junit.platform.engine.support.hierarchical.ThrowableCollector.execute(ThrowableCollector.java:74)
	at org.junit.platform.engine.support.hierarchical.NodeTestTask.executeRecursively(NodeTestTask.java:163)
	at org.junit.platform.engine.support.hierarchical.NodeTestTask.execute(NodeTestTask.java:116)
	at org.junit.platform.engine.support.hierarchical.SameThreadHierarchicalTestExecutorService.submit(SameThreadHierarchicalTestExecutorService.java:36)
	at org.junit.platform.engine.support.hierarchical.HierarchicalTestExecutor.execute(HierarchicalTestExecutor.java:52)
	at org.junit.platform.engine.support.hierarchical.HierarchicalTestEngine.execute(HierarchicalTestEngine.java:58)
	at org.junit.platform.launcher.core.EngineExecutionOrchestrator.executeEngine(EngineExecutionOrchestrator.java:246)
	at org.junit.platform.launcher.core.EngineExecutionOrchestrator.failOrExecuteEngine(EngineExecutionOrchestrator.java:218)
	at org.junit.platform.launcher.core.EngineExecutionOrchestrator.execute(EngineExecutionOrchestrator.java:179)
	at org.junit.platform.launcher.core.EngineExecutionOrchestrator.execute(EngineExecutionOrchestrator.java:108)
	at org.junit.platform.launcher.core.EngineExecutionOrchestrator.lambda$execute$0(EngineExecutionOrchestrator.java:66)
	at org.junit.platform.launcher.core.EngineExecutionOrchestrator.withInterceptedStreams(EngineExecutionOrchestrator.java:157)
	at org.junit.platform.launcher.core.EngineExecutionOrchestrator.execute(EngineExecutionOrchestrator.java:65)
	at org.junit.platform.launcher.core.DefaultLauncher.execute(DefaultLauncher.java:125)
	at org.junit.platform.launcher.core.DefaultLauncher.execute(DefaultLauncher.java:114)
	at org.junit.platform.launcher.core.DelegatingLauncher.execute(DelegatingLauncher.java:58)
	at org.junit.platform.launcher.core.InterceptingLauncher.lambda$execute$2(InterceptingLauncher.java:57)
	at org.junit.platform.launcher.core.ClasspathAlignmentCheckingLauncherInterceptor.intercept(ClasspathAlignmentCheckingLauncherInterceptor.java:25)
	at org.junit.platform.launcher.core.InterceptingLauncher.execute(InterceptingLauncher.java:56)
	at org.junit.platform.launcher.core.DelegatingLauncher.execute(DelegatingLauncher.java:58)
	at java.base/jdk.internal.reflect.DirectMethodHandleAccessor.invoke(DirectMethodHandleAccessor.java:103)
	at java.base/java.lang.reflect.Method.invoke(Method.java:580)
	at org.apache.maven.surefire.api.util.ReflectionUtils.invokeMethodWithArray(ReflectionUtils.java:125)
	at org.apache.maven.surefire.junitplatform.LauncherAdapter.executeWithCancellationToken(LauncherAdapter.java:68)
	at org.apache.maven.surefire.junitplatform.LauncherAdapter.execute(LauncherAdapter.java:54)
	at org.apache.maven.surefire.junitplatform.JUnitPlatformProvider.execute(JUnitPlatformProvider.java:203)
	at org.apache.maven.surefire.junitplatform.JUnitPlatformProvider.invokeAllTests(JUnitPlatformProvider.java:168)
	at org.apache.maven.surefire.junitplatform.JUnitPlatformProvider.invoke(JUnitPlatformProvider.java:134)
	at org.apache.maven.surefire.booter.ForkedBooter.runSuitesInProcess(ForkedBooter.java:385)
	at org.apache.maven.surefire.booter.ForkedBooter.execute(ForkedBooter.java:162)
	at org.apache.maven.surefire.booter.ForkedBooter.run(ForkedBooter.java:507)
	at org.apache.maven.surefire.booter.ForkedBooter.main(ForkedBooter.java:495)
17:51:19.055 [main] WARN org.namewta.notify.adapter.event.InAppCommittedPushListener -- 站内实时提示失败，messageId=9220001, reason=IllegalStateException
17:51:19.073 [main] INFO com.baomidou.dynamic.datasource.DynamicRoutingDataSource -- dynamic-datasource start closing ....
17:51:19.074 [main] INFO com.baomidou.dynamic.datasource.DynamicRoutingDataSource -- dynamic-datasource all closed success,bye
17:51:19.074 [main] INFO com.zaxxer.hikari.HikariDataSource -- HikariPool-13 - Shutdown initiated...
17:51:19.101 [main] INFO com.zaxxer.hikari.HikariDataSource -- HikariPool-13 - Shutdown completed.
17:51:19.104 [main] INFO com.baomidou.dynamic.datasource.DynamicRoutingDataSource -- dynamic-datasource - add a datasource named [master] success
17:51:19.222 [main] INFO org.redisson.Version -- Redisson 4.6.1
17:51:19.226 [redisson-netty-41-1] INFO org.redisson.connection.ConnectionsHolder -- 1 connections initialized for 127.0.0.1/127.0.0.1:32906
17:51:19.226 [redisson-netty-41-2] INFO org.redisson.connection.ConnectionsHolder -- 1 connections initialized for 127.0.0.1/127.0.0.1:32906
17:51:19.244 [main] INFO com.zaxxer.hikari.HikariDataSource -- HikariPool-14 - Starting...
17:51:19.254 [main] INFO com.zaxxer.hikari.pool.HikariPool -- HikariPool-14 - Added connection com.mysql.cj.jdbc.ConnectionImpl@32f53573
17:51:19.254 [main] INFO com.zaxxer.hikari.HikariDataSource -- HikariPool-14 - Start completed.
17:51:19.284 [main] WARN com.zaxxer.hikari.pool.ProxyConnection -- HikariPool-14 - Connection com.mysql.cj.jdbc.ConnectionImpl@32f53573 marked as broken because of SQLSTATE(08S01), ErrorCode(0)
com.mysql.cj.jdbc.exceptions.CommunicationsException: Communications link failure

The last packet successfully received from the server was 5 milliseconds ago. The last packet sent successfully to the server was 5 milliseconds ago.
	at com.mysql.cj.jdbc.exceptions.SQLError.createCommunicationsException(SQLError.java:165)
	at com.mysql.cj.jdbc.exceptions.SQLExceptionsMapping.translateException(SQLExceptionsMapping.java:55)
	at com.mysql.cj.jdbc.ConnectionImpl.commit(ConnectionImpl.java:814)
	at com.zaxxer.hikari.pool.ProxyConnection.commit(ProxyConnection.java:378)
	at com.zaxxer.hikari.pool.HikariProxyConnection.commit(HikariProxyConnection.java)
	at java.base/jdk.internal.reflect.DirectMethodHandleAccessor.invoke(DirectMethodHandleAccessor.java:103)
	at java.base/java.lang.reflect.Method.invoke(Method.java:580)
	at org.namewta.test.notify.NotifyAtomicResultIntegrationTest$1.lambda$getConnection$0(NotifyAtomicResultIntegrationTest.java:123)
	at jdk.proxy2/jdk.proxy2.$Proxy131.commit(Unknown Source)
	at com.baomidou.dynamic.datasource.tx.ConnectionProxy.notify(ConnectionProxy.java:62)
	at com.baomidou.dynamic.datasource.tx.ConnectionFactory.notify(ConnectionFactory.java:153)
	at com.baomidou.dynamic.datasource.tx.LocalTxUtil.commit(LocalTxUtil.java:91)
	at com.baomidou.dynamic.datasource.tx.TransactionalTemplate.doExecute(TransactionalTemplate.java:126)
	at com.baomidou.dynamic.datasource.tx.TransactionalTemplate.execute(TransactionalTemplate.java:94)
	at com.baomidou.dynamic.datasource.aop.DynamicLocalTransactionInterceptor.invoke(DynamicLocalTransactionInterceptor.java:59)
	at org.springframework.aop.framework.ReflectiveMethodInvocation.proceed(ReflectiveMethodInvocation.java:179)
	at org.springframework.aop.framework.CglibAopProxy$DynamicAdvisedInterceptor.intercept(CglibAopProxy.java:719)
	at org.namewta.notify.usecase.ProviderCallbackUseCase$$SpringCGLIB$$14.apply(<generated>)
	at org.namewta.test.notify.NotifyAtomicResultIntegrationTest.callOn(NotifyAtomicResultIntegrationTest.java:1208)
	at org.namewta.test.notify.NotifyAtomicResultIntegrationTest.signedCallback(NotifyAtomicResultIntegrationTest.java:1202)
	at org.namewta.test.notify.NotifyAtomicResultIntegrationTest.callback(NotifyAtomicResultIntegrationTest.java:1199)
	at org.namewta.test.notify.NotifyAtomicResultIntegrationTest.lambda$commitDisconnectOrLostAcknowledgementCanRetryWithoutLosingTheEvent$45(NotifyAtomicResultIntegrationTest.java:928)
	at org.assertj.core.api.ThrowableAssert.catchThrowable(ThrowableAssert.java:66)
	at org.assertj.core.api.AssertionsForClassTypes.catchThrowable(AssertionsForClassTypes.java:908)
	at org.assertj.core.api.Assertions.catchThrowable(Assertions.java:1476)
	at org.assertj.core.api.Assertions.assertThatThrownBy(Assertions.java:1319)
	at org.namewta.test.notify.NotifyAtomicResultIntegrationTest.commitDisconnectOrLostAcknowledgementCanRetryWithoutLosingTheEvent(NotifyAtomicResultIntegrationTest.java:928)
	at java.base/jdk.internal.reflect.DirectMethodHandleAccessor.invoke(DirectMethodHandleAccessor.java:103)
	at java.base/java.lang.reflect.Method.invoke(Method.java:580)
	at org.junit.platform.commons.util.ReflectionUtils.invokeMethod(ReflectionUtils.java:701)
	at org.junit.platform.commons.support.ReflectionSupport.invokeMethod(ReflectionSupport.java:502)
	at org.junit.jupiter.engine.support.MethodReflectionUtils.invoke(MethodReflectionUtils.java:45)
	at org.junit.jupiter.engine.execution.MethodInvocation.proceed(MethodInvocation.java:61)
	at org.junit.jupiter.engine.execution.InvocationInterceptorChain$ValidatingInvocation.proceed(InvocationInterceptorChain.java:124)
	at org.junit.jupiter.engine.extension.TimeoutExtension.intercept(TimeoutExtension.java:163)
	at org.junit.jupiter.engine.extension.TimeoutExtension.interceptTestableMethod(TimeoutExtension.java:148)
	at org.junit.jupiter.engine.extension.TimeoutExtension.interceptTestTemplateMethod(TimeoutExtension.java:94)
	at org.junit.jupiter.engine.execution.InterceptingExecutableInvoker$ReflectiveInterceptorCall.lambda$ofVoidMethod$0(InterceptingExecutableInvoker.java:123)
	at org.junit.jupiter.engine.execution.InterceptingExecutableInvoker.lambda$invoke$0(InterceptingExecutableInvoker.java:105)
	at org.junit.jupiter.engine.execution.InvocationInterceptorChain$InterceptedInvocation.proceed(InvocationInterceptorChain.java:99)
	at org.junit.jupiter.engine.execution.InvocationInterceptorChain.proceed(InvocationInterceptorChain.java:66)
	at org.junit.jupiter.engine.execution.InvocationInterceptorChain.chainAndInvoke(InvocationInterceptorChain.java:47)
	at org.junit.jupiter.engine.execution.InvocationInterceptorChain.invoke(InvocationInterceptorChain.java:39)
	at org.junit.jupiter.engine.execution.InterceptingExecutableInvoker.invoke(InterceptingExecutableInvoker.java:104)
	at org.junit.jupiter.engine.execution.InterceptingExecutableInvoker.invoke(InterceptingExecutableInvoker.java:98)
	at org.junit.jupiter.engine.execution.InterceptingExecutableInvoker.invokeVoid(InterceptingExecutableInvoker.java:71)
	at org.junit.jupiter.engine.descriptor.TestMethodTestDescriptor.lambda$invokeTestMethod$0(TestMethodTestDescriptor.java:219)
	at org.junit.platform.engine.support.hierarchical.ThrowableCollector.execute(ThrowableCollector.java:74)
	at org.junit.jupiter.engine.descriptor.TestMethodTestDescriptor.invokeTestMethod(TestMethodTestDescriptor.java:215)
	at org.junit.jupiter.engine.descriptor.TestMethodTestDescriptor.execute(TestMethodTestDescriptor.java:157)
	at org.junit.jupiter.engine.descriptor.TestMethodTestDescriptor.execute(TestMethodTestDescriptor.java:70)
	at org.junit.platform.engine.support.hierarchical.NodeTestTask.lambda$executeRecursively$2(NodeTestTask.java:176)
	at org.junit.platform.engine.support.hierarchical.ThrowableCollector.execute(ThrowableCollector.java:74)
	at org.junit.platform.engine.support.hierarchical.NodeTestTask.lambda$executeRecursively$1(NodeTestTask.java:166)
	at org.junit.platform.engine.support.hierarchical.Node.around(Node.java:138)
	at org.junit.platform.engine.support.hierarchical.NodeTestTask.lambda$executeRecursively$0(NodeTestTask.java:164)
	at org.junit.platform.engine.support.hierarchical.ThrowableCollector.execute(ThrowableCollector.java:74)
	at org.junit.platform.engine.support.hierarchical.NodeTestTask.executeRecursively(NodeTestTask.java:163)
	at org.junit.platform.engine.support.hierarchical.NodeTestTask.execute(NodeTestTask.java:116)
	at org.junit.platform.engine.support.hierarchical.SameThreadHierarchicalTestExecutorService.submit(SameThreadHierarchicalTestExecutorService.java:36)
	at org.junit.platform.engine.support.hierarchical.NodeTestTask$DefaultDynamicTestExecutor.execute(NodeTestTask.java:268)
	at org.junit.platform.engine.support.hierarchical.NodeTestTask$DefaultDynamicTestExecutor.execute(NodeTestTask.java:246)
	at org.junit.jupiter.engine.descriptor.TemplateExecutor.execute(TemplateExecutor.java:96)
	at org.junit.jupiter.engine.descriptor.TemplateExecutor.lambda$executeForProvider$1(TemplateExecutor.java:59)
	at java.base/java.util.Optional.ifPresent(Optional.java:178)
	at org.junit.jupiter.engine.descriptor.TemplateExecutor.lambda$executeForProvider$0(TemplateExecutor.java:59)
	at java.base/java.util.stream.ForEachOps$ForEachOp$OfRef.accept(ForEachOps.java:184)
	at java.base/java.util.stream.ReferencePipeline$3$1.accept(ReferencePipeline.java:197)
	at java.base/java.util.stream.ForEachOps$ForEachOp$OfRef.accept(ForEachOps.java:184)
	at java.base/java.util.ArrayList$ArrayListSpliterator.forEachRemaining(ArrayList.java:1708)
	at java.base/java.util.stream.ReferencePipeline$Head.forEach(ReferencePipeline.java:762)
	at java.base/java.util.stream.ReferencePipeline$7$1.accept(ReferencePipeline.java:276)
	at java.base/java.util.ArrayList$ArrayListSpliterator.forEachRemaining(ArrayList.java:1708)
	at java.base/java.util.stream.AbstractPipeline.copyInto(AbstractPipeline.java:509)
	at java.base/java.util.stream.AbstractPipeline.wrapAndCopyInto(AbstractPipeline.java:499)
	at java.base/java.util.stream.ForEachOps$ForEachOp.evaluateSequential(ForEachOps.java:151)
	at java.base/java.util.stream.ForEachOps$ForEachOp$OfRef.evaluateSequential(ForEachOps.java:174)
	at java.base/java.util.stream.AbstractPipeline.evaluate(AbstractPipeline.java:234)
	at java.base/java.util.stream.ReferencePipeline.forEach(ReferencePipeline.java:596)
	at java.base/java.util.stream.ReferencePipeline$7$1.accept(ReferencePipeline.java:276)
	at java.base/java.util.stream.ReferencePipeline$3$1.accept(ReferencePipeline.java:197)
	at java.base/java.util.stream.ReferencePipeline$3$1.accept(ReferencePipeline.java:197)
	at java.base/java.util.stream.ReferencePipeline$3$1.accept(ReferencePipeline.java:197)
	at java.base/java.util.AbstractList$RandomAccessSpliterator.forEachRemaining(AbstractList.java:722)
	at java.base/java.util.stream.AbstractPipeline.copyInto(AbstractPipeline.java:509)
	at java.base/java.util.stream.AbstractPipeline.wrapAndCopyInto(AbstractPipeline.java:499)
	at java.base/java.util.stream.ForEachOps$ForEachOp.evaluateSequential(ForEachOps.java:151)
	at java.base/java.util.stream.ForEachOps$ForEachOp$OfRef.evaluateSequential(ForEachOps.java:174)
	at java.base/java.util.stream.AbstractPipeline.evaluate(AbstractPipeline.java:234)
	at java.base/java.util.stream.ReferencePipeline.forEach(ReferencePipeline.java:596)
	at org.junit.jupiter.engine.descriptor.TemplateExecutor.executeForProvider(TemplateExecutor.java:57)
	at org.junit.jupiter.engine.descriptor.TemplateExecutor.execute(TemplateExecutor.java:46)
	at org.junit.jupiter.engine.descriptor.TestTemplateTestDescriptor.execute(TestTemplateTestDescriptor.java:112)
	at org.junit.jupiter.engine.descriptor.TestTemplateTestDescriptor.execute(TestTemplateTestDescriptor.java:40)
	at org.junit.platform.engine.support.hierarchical.NodeTestTask.lambda$executeRecursively$2(NodeTestTask.java:176)
	at org.junit.platform.engine.support.hierarchical.ThrowableCollector.execute(ThrowableCollector.java:74)
	at org.junit.platform.engine.support.hierarchical.NodeTestTask.lambda$executeRecursively$1(NodeTestTask.java:166)
	at org.junit.platform.engine.support.hierarchical.Node.around(Node.java:138)
	at org.junit.platform.engine.support.hierarchical.NodeTestTask.lambda$executeRecursively$0(NodeTestTask.java:164)
	at org.junit.platform.engine.support.hierarchical.ThrowableCollector.execute(ThrowableCollector.java:74)
	at org.junit.platform.engine.support.hierarchical.NodeTestTask.executeRecursively(NodeTestTask.java:163)
	at org.junit.platform.engine.support.hierarchical.NodeTestTask.execute(NodeTestTask.java:116)
	at java.base/java.util.ArrayList.forEach(ArrayList.java:1596)
	at org.junit.platform.engine.support.hierarchical.SameThreadHierarchicalTestExecutorService.invokeAll(SameThreadHierarchicalTestExecutorService.java:42)
	at org.junit.platform.engine.support.hierarchical.NodeTestTask.lambda$executeRecursively$2(NodeTestTask.java:180)
	at org.junit.platform.engine.support.hierarchical.ThrowableCollector.execute(ThrowableCollector.java:74)
	at org.junit.platform.engine.support.hierarchical.NodeTestTask.lambda$executeRecursively$1(NodeTestTask.java:166)
	at org.junit.platform.engine.support.hierarchical.Node.around(Node.java:138)
	at org.junit.platform.engine.support.hierarchical.NodeTestTask.lambda$executeRecursively$0(NodeTestTask.java:164)
	at org.junit.platform.engine.support.hierarchical.ThrowableCollector.execute(ThrowableCollector.java:74)
	at org.junit.platform.engine.support.hierarchical.NodeTestTask.executeRecursively(NodeTestTask.java:163)
	at org.junit.platform.engine.support.hierarchical.NodeTestTask.execute(NodeTestTask.java:116)
	at java.base/java.util.ArrayList.forEach(ArrayList.java:1596)
	at org.junit.platform.engine.support.hierarchical.SameThreadHierarchicalTestExecutorService.invokeAll(SameThreadHierarchicalTestExecutorService.java:42)
	at org.junit.platform.engine.support.hierarchical.NodeTestTask.lambda$executeRecursively$2(NodeTestTask.java:180)
	at org.junit.platform.engine.support.hierarchical.ThrowableCollector.execute(ThrowableCollector.java:74)
	at org.junit.platform.engine.support.hierarchical.NodeTestTask.lambda$executeRecursively$1(NodeTestTask.java:166)
	at org.junit.platform.engine.support.hierarchical.Node.around(Node.java:138)
	at org.junit.platform.engine.support.hierarchical.NodeTestTask.lambda$executeRecursively$0(NodeTestTask.java:164)
	at org.junit.platform.engine.support.hierarchical.ThrowableCollector.execute(ThrowableCollector.java:74)
	at org.junit.platform.engine.support.hierarchical.NodeTestTask.executeRecursively(NodeTestTask.java:163)
	at org.junit.platform.engine.support.hierarchical.NodeTestTask.execute(NodeTestTask.java:116)
	at org.junit.platform.engine.support.hierarchical.SameThreadHierarchicalTestExecutorService.submit(SameThreadHierarchicalTestExecutorService.java:36)
	at org.junit.platform.engine.support.hierarchical.HierarchicalTestExecutor.execute(HierarchicalTestExecutor.java:52)
	at org.junit.platform.engine.support.hierarchical.HierarchicalTestEngine.execute(HierarchicalTestEngine.java:58)
	at org.junit.platform.launcher.core.EngineExecutionOrchestrator.executeEngine(EngineExecutionOrchestrator.java:246)
	at org.junit.platform.launcher.core.EngineExecutionOrchestrator.failOrExecuteEngine(EngineExecutionOrchestrator.java:218)
	at org.junit.platform.launcher.core.EngineExecutionOrchestrator.execute(EngineExecutionOrchestrator.java:179)
	at org.junit.platform.launcher.core.EngineExecutionOrchestrator.execute(EngineExecutionOrchestrator.java:108)
	at org.junit.platform.launcher.core.EngineExecutionOrchestrator.lambda$execute$0(EngineExecutionOrchestrator.java:66)
	at org.junit.platform.launcher.core.EngineExecutionOrchestrator.withInterceptedStreams(EngineExecutionOrchestrator.java:157)
	at org.junit.platform.launcher.core.EngineExecutionOrchestrator.execute(EngineExecutionOrchestrator.java:65)
	at org.junit.platform.launcher.core.DefaultLauncher.execute(DefaultLauncher.java:125)
	at org.junit.platform.launcher.core.DefaultLauncher.execute(DefaultLauncher.java:114)
	at org.junit.platform.launcher.core.DelegatingLauncher.execute(DelegatingLauncher.java:58)
	at org.junit.platform.launcher.core.InterceptingLauncher.lambda$execute$2(InterceptingLauncher.java:57)
	at org.junit.platform.launcher.core.ClasspathAlignmentCheckingLauncherInterceptor.intercept(ClasspathAlignmentCheckingLauncherInterceptor.java:25)
	at org.junit.platform.launcher.core.InterceptingLauncher.execute(InterceptingLauncher.java:56)
	at org.junit.platform.launcher.core.DelegatingLauncher.execute(DelegatingLauncher.java:58)
	at java.base/jdk.internal.reflect.DirectMethodHandleAccessor.invoke(DirectMethodHandleAccessor.java:103)
	at java.base/java.lang.reflect.Method.invoke(Method.java:580)
	at org.apache.maven.surefire.api.util.ReflectionUtils.invokeMethodWithArray(ReflectionUtils.java:125)
	at org.apache.maven.surefire.junitplatform.LauncherAdapter.executeWithCancellationToken(LauncherAdapter.java:68)
	at org.apache.maven.surefire.junitplatform.LauncherAdapter.execute(LauncherAdapter.java:54)
	at org.apache.maven.surefire.junitplatform.JUnitPlatformProvider.execute(JUnitPlatformProvider.java:203)
	at org.apache.maven.surefire.junitplatform.JUnitPlatformProvider.invokeAllTests(JUnitPlatformProvider.java:168)
	at org.apache.maven.surefire.junitplatform.JUnitPlatformProvider.invoke(JUnitPlatformProvider.java:134)
	at org.apache.maven.surefire.booter.ForkedBooter.runSuitesInProcess(ForkedBooter.java:385)
	at org.apache.maven.surefire.booter.ForkedBooter.execute(ForkedBooter.java:162)
	at org.apache.maven.surefire.booter.ForkedBooter.run(ForkedBooter.java:507)
	at org.apache.maven.surefire.booter.ForkedBooter.main(ForkedBooter.java:495)
Caused by: com.mysql.cj.exceptions.CJCommunicationsException: Communications link failure

The last packet successfully received from the server was 5 milliseconds ago. The last packet sent successfully to the server was 5 milliseconds ago.
	at java.base/jdk.internal.reflect.DirectConstructorHandleAccessor.newInstance(DirectConstructorHandleAccessor.java:62)
	at java.base/java.lang.reflect.Constructor.newInstanceWithCaller(Constructor.java:502)
	at java.base/java.lang.reflect.Constructor.newInstance(Constructor.java:486)
	at com.mysql.cj.exceptions.ExceptionFactory.createException(ExceptionFactory.java:52)
	at com.mysql.cj.exceptions.ExceptionFactory.createException(ExceptionFactory.java:95)
	at com.mysql.cj.exceptions.ExceptionFactory.createException(ExceptionFactory.java:140)
	at com.mysql.cj.exceptions.ExceptionFactory.createCommunicationsException(ExceptionFactory.java:156)
	at com.mysql.cj.protocol.a.NativeProtocol.readMessage(NativeProtocol.java:590)
	at com.mysql.cj.protocol.a.NativeProtocol.checkErrorMessage(NativeProtocol.java:767)
	at com.mysql.cj.protocol.a.NativeProtocol.sendCommand(NativeProtocol.java:706)
	at com.mysql.cj.protocol.a.NativeProtocol.sendQueryPacket(NativeProtocol.java:938)
	at com.mysql.cj.NativeSession.execSQL(NativeSession.java:817)
	at com.mysql.cj.jdbc.ConnectionImpl.commit(ConnectionImpl.java:794)
	... 148 common frames omitted
Caused by: java.io.EOFException: Can not read response from server. Expected to read 4 bytes, read 0 bytes before connection was unexpectedly lost.
	at com.mysql.cj.protocol.FullReadInputStream.readFully(FullReadInputStream.java:58)
	at com.mysql.cj.protocol.a.SimplePacketReader.readHeaderLocal(SimplePacketReader.java:72)
	at com.mysql.cj.protocol.a.SimplePacketReader.readHeader(SimplePacketReader.java:54)
	at com.mysql.cj.protocol.a.SimplePacketReader.readHeader(SimplePacketReader.java:36)
	at com.mysql.cj.protocol.a.TimeTrackingPacketReader.readHeader(TimeTrackingPacketReader.java:43)
	at com.mysql.cj.protocol.a.TimeTrackingPacketReader.readHeader(TimeTrackingPacketReader.java:32)
	at com.mysql.cj.protocol.a.MultiPacketReader.readHeader(MultiPacketReader.java:45)
	at com.mysql.cj.protocol.a.MultiPacketReader.readHeader(MultiPacketReader.java:35)
	at com.mysql.cj.protocol.a.NativeProtocol.readMessage(NativeProtocol.java:584)
	... 153 common frames omitted
17:51:19.285 [main] ERROR com.baomidou.dynamic.datasource.tx.ConnectionProxy -- Communications link failure

The last packet successfully received from the server was 5 milliseconds ago. The last packet sent successfully to the server was 5 milliseconds ago.
com.mysql.cj.jdbc.exceptions.CommunicationsException: Communications link failure

The last packet successfully received from the server was 5 milliseconds ago. The last packet sent successfully to the server was 5 milliseconds ago.
	at com.mysql.cj.jdbc.exceptions.SQLError.createCommunicationsException(SQLError.java:165)
	at com.mysql.cj.jdbc.exceptions.SQLExceptionsMapping.translateException(SQLExceptionsMapping.java:55)
	at com.mysql.cj.jdbc.ConnectionImpl.commit(ConnectionImpl.java:814)
	at com.zaxxer.hikari.pool.ProxyConnection.commit(ProxyConnection.java:378)
	at com.zaxxer.hikari.pool.HikariProxyConnection.commit(HikariProxyConnection.java)
	at java.base/jdk.internal.reflect.DirectMethodHandleAccessor.invoke(DirectMethodHandleAccessor.java:103)
	at java.base/java.lang.reflect.Method.invoke(Method.java:580)
	at org.namewta.test.notify.NotifyAtomicResultIntegrationTest$1.lambda$getConnection$0(NotifyAtomicResultIntegrationTest.java:123)
	at jdk.proxy2/jdk.proxy2.$Proxy131.commit(Unknown Source)
	at com.baomidou.dynamic.datasource.tx.ConnectionProxy.notify(ConnectionProxy.java:62)
	at com.baomidou.dynamic.datasource.tx.ConnectionFactory.notify(ConnectionFactory.java:153)
	at com.baomidou.dynamic.datasource.tx.LocalTxUtil.commit(LocalTxUtil.java:91)
	at com.baomidou.dynamic.datasource.tx.TransactionalTemplate.doExecute(TransactionalTemplate.java:126)
	at com.baomidou.dynamic.datasource.tx.TransactionalTemplate.execute(TransactionalTemplate.java:94)
	at com.baomidou.dynamic.datasource.aop.DynamicLocalTransactionInterceptor.invoke(DynamicLocalTransactionInterceptor.java:59)
	at org.springframework.aop.framework.ReflectiveMethodInvocation.proceed(ReflectiveMethodInvocation.java:179)
	at org.springframework.aop.framework.CglibAopProxy$DynamicAdvisedInterceptor.intercept(CglibAopProxy.java:719)
	at org.namewta.notify.usecase.ProviderCallbackUseCase$$SpringCGLIB$$14.apply(<generated>)
	at org.namewta.test.notify.NotifyAtomicResultIntegrationTest.callOn(NotifyAtomicResultIntegrationTest.java:1208)
	at org.namewta.test.notify.NotifyAtomicResultIntegrationTest.signedCallback(NotifyAtomicResultIntegrationTest.java:1202)
	at org.namewta.test.notify.NotifyAtomicResultIntegrationTest.callback(NotifyAtomicResultIntegrationTest.java:1199)
	at org.namewta.test.notify.NotifyAtomicResultIntegrationTest.lambda$commitDisconnectOrLostAcknowledgementCanRetryWithoutLosingTheEvent$45(NotifyAtomicResultIntegrationTest.java:928)
	at org.assertj.core.api.ThrowableAssert.catchThrowable(ThrowableAssert.java:66)
	at org.assertj.core.api.AssertionsForClassTypes.catchThrowable(AssertionsForClassTypes.java:908)
	at org.assertj.core.api.Assertions.catchThrowable(Assertions.java:1476)
	at org.assertj.core.api.Assertions.assertThatThrownBy(Assertions.java:1319)
	at org.namewta.test.notify.NotifyAtomicResultIntegrationTest.commitDisconnectOrLostAcknowledgementCanRetryWithoutLosingTheEvent(NotifyAtomicResultIntegrationTest.java:928)
	at java.base/jdk.internal.reflect.DirectMethodHandleAccessor.invoke(DirectMethodHandleAccessor.java:103)
	at java.base/java.lang.reflect.Method.invoke(Method.java:580)
	at org.junit.platform.commons.util.ReflectionUtils.invokeMethod(ReflectionUtils.java:701)
	at org.junit.platform.commons.support.ReflectionSupport.invokeMethod(ReflectionSupport.java:502)
	at org.junit.jupiter.engine.support.MethodReflectionUtils.invoke(MethodReflectionUtils.java:45)
	at org.junit.jupiter.engine.execution.MethodInvocation.proceed(MethodInvocation.java:61)
	at org.junit.jupiter.engine.execution.InvocationInterceptorChain$ValidatingInvocation.proceed(InvocationInterceptorChain.java:124)
	at org.junit.jupiter.engine.extension.TimeoutExtension.intercept(TimeoutExtension.java:163)
	at org.junit.jupiter.engine.extension.TimeoutExtension.interceptTestableMethod(TimeoutExtension.java:148)
	at org.junit.jupiter.engine.extension.TimeoutExtension.interceptTestTemplateMethod(TimeoutExtension.java:94)
	at org.junit.jupiter.engine.execution.InterceptingExecutableInvoker$ReflectiveInterceptorCall.lambda$ofVoidMethod$0(InterceptingExecutableInvoker.java:123)
	at org.junit.jupiter.engine.execution.InterceptingExecutableInvoker.lambda$invoke$0(InterceptingExecutableInvoker.java:105)
	at org.junit.jupiter.engine.execution.InvocationInterceptorChain$InterceptedInvocation.proceed(InvocationInterceptorChain.java:99)
	at org.junit.jupiter.engine.execution.InvocationInterceptorChain.proceed(InvocationInterceptorChain.java:66)
	at org.junit.jupiter.engine.execution.InvocationInterceptorChain.chainAndInvoke(InvocationInterceptorChain.java:47)
	at org.junit.jupiter.engine.execution.InvocationInterceptorChain.invoke(InvocationInterceptorChain.java:39)
	at org.junit.jupiter.engine.execution.InterceptingExecutableInvoker.invoke(InterceptingExecutableInvoker.java:104)
	at org.junit.jupiter.engine.execution.InterceptingExecutableInvoker.invoke(InterceptingExecutableInvoker.java:98)
	at org.junit.jupiter.engine.execution.InterceptingExecutableInvoker.invokeVoid(InterceptingExecutableInvoker.java:71)
	at org.junit.jupiter.engine.descriptor.TestMethodTestDescriptor.lambda$invokeTestMethod$0(TestMethodTestDescriptor.java:219)
	at org.junit.platform.engine.support.hierarchical.ThrowableCollector.execute(ThrowableCollector.java:74)
	at org.junit.jupiter.engine.descriptor.TestMethodTestDescriptor.invokeTestMethod(TestMethodTestDescriptor.java:215)
	at org.junit.jupiter.engine.descriptor.TestMethodTestDescriptor.execute(TestMethodTestDescriptor.java:157)
	at org.junit.jupiter.engine.descriptor.TestMethodTestDescriptor.execute(TestMethodTestDescriptor.java:70)
	at org.junit.platform.engine.support.hierarchical.NodeTestTask.lambda$executeRecursively$2(NodeTestTask.java:176)
	at org.junit.platform.engine.support.hierarchical.ThrowableCollector.execute(ThrowableCollector.java:74)
	at org.junit.platform.engine.support.hierarchical.NodeTestTask.lambda$executeRecursively$1(NodeTestTask.java:166)
	at org.junit.platform.engine.support.hierarchical.Node.around(Node.java:138)
	at org.junit.platform.engine.support.hierarchical.NodeTestTask.lambda$executeRecursively$0(NodeTestTask.java:164)
	at org.junit.platform.engine.support.hierarchical.ThrowableCollector.execute(ThrowableCollector.java:74)
	at org.junit.platform.engine.support.hierarchical.NodeTestTask.executeRecursively(NodeTestTask.java:163)
	at org.junit.platform.engine.support.hierarchical.NodeTestTask.execute(NodeTestTask.java:116)
	at org.junit.platform.engine.support.hierarchical.SameThreadHierarchicalTestExecutorService.submit(SameThreadHierarchicalTestExecutorService.java:36)
	at org.junit.platform.engine.support.hierarchical.NodeTestTask$DefaultDynamicTestExecutor.execute(NodeTestTask.java:268)
	at org.junit.platform.engine.support.hierarchical.NodeTestTask$DefaultDynamicTestExecutor.execute(NodeTestTask.java:246)
	at org.junit.jupiter.engine.descriptor.TemplateExecutor.execute(TemplateExecutor.java:96)
	at org.junit.jupiter.engine.descriptor.TemplateExecutor.lambda$executeForProvider$1(TemplateExecutor.java:59)
	at java.base/java.util.Optional.ifPresent(Optional.java:178)
	at org.junit.jupiter.engine.descriptor.TemplateExecutor.lambda$executeForProvider$0(TemplateExecutor.java:59)
	at java.base/java.util.stream.ForEachOps$ForEachOp$OfRef.accept(ForEachOps.java:184)
	at java.base/java.util.stream.ReferencePipeline$3$1.accept(ReferencePipeline.java:197)
	at java.base/java.util.stream.ForEachOps$ForEachOp$OfRef.accept(ForEachOps.java:184)
	at java.base/java.util.ArrayList$ArrayListSpliterator.forEachRemaining(ArrayList.java:1708)
	at java.base/java.util.stream.ReferencePipeline$Head.forEach(ReferencePipeline.java:762)
	at java.base/java.util.stream.ReferencePipeline$7$1.accept(ReferencePipeline.java:276)
	at java.base/java.util.ArrayList$ArrayListSpliterator.forEachRemaining(ArrayList.java:1708)
	at java.base/java.util.stream.AbstractPipeline.copyInto(AbstractPipeline.java:509)
	at java.base/java.util.stream.AbstractPipeline.wrapAndCopyInto(AbstractPipeline.java:499)
	at java.base/java.util.stream.ForEachOps$ForEachOp.evaluateSequential(ForEachOps.java:151)
	at java.base/java.util.stream.ForEachOps$ForEachOp$OfRef.evaluateSequential(ForEachOps.java:174)
	at java.base/java.util.stream.AbstractPipeline.evaluate(AbstractPipeline.java:234)
	at java.base/java.util.stream.ReferencePipeline.forEach(ReferencePipeline.java:596)
	at java.base/java.util.stream.ReferencePipeline$7$1.accept(ReferencePipeline.java:276)
	at java.base/java.util.stream.ReferencePipeline$3$1.accept(ReferencePipeline.java:197)
	at java.base/java.util.stream.ReferencePipeline$3$1.accept(ReferencePipeline.java:197)
	at java.base/java.util.stream.ReferencePipeline$3$1.accept(ReferencePipeline.java:197)
	at java.base/java.util.AbstractList$RandomAccessSpliterator.forEachRemaining(AbstractList.java:722)
	at java.base/java.util.stream.AbstractPipeline.copyInto(AbstractPipeline.java:509)
	at java.base/java.util.stream.AbstractPipeline.wrapAndCopyInto(AbstractPipeline.java:499)
	at java.base/java.util.stream.ForEachOps$ForEachOp.evaluateSequential(ForEachOps.java:151)
	at java.base/java.util.stream.ForEachOps$ForEachOp$OfRef.evaluateSequential(ForEachOps.java:174)
	at java.base/java.util.stream.AbstractPipeline.evaluate(AbstractPipeline.java:234)
	at java.base/java.util.stream.ReferencePipeline.forEach(ReferencePipeline.java:596)
	at org.junit.jupiter.engine.descriptor.TemplateExecutor.executeForProvider(TemplateExecutor.java:57)
	at org.junit.jupiter.engine.descriptor.TemplateExecutor.execute(TemplateExecutor.java:46)
	at org.junit.jupiter.engine.descriptor.TestTemplateTestDescriptor.execute(TestTemplateTestDescriptor.java:112)
	at org.junit.jupiter.engine.descriptor.TestTemplateTestDescriptor.execute(TestTemplateTestDescriptor.java:40)
	at org.junit.platform.engine.support.hierarchical.NodeTestTask.lambda$executeRecursively$2(NodeTestTask.java:176)
	at org.junit.platform.engine.support.hierarchical.ThrowableCollector.execute(ThrowableCollector.java:74)
	at org.junit.platform.engine.support.hierarchical.NodeTestTask.lambda$executeRecursively$1(NodeTestTask.java:166)
	at org.junit.platform.engine.support.hierarchical.Node.around(Node.java:138)
	at org.junit.platform.engine.support.hierarchical.NodeTestTask.lambda$executeRecursively$0(NodeTestTask.java:164)
	at org.junit.platform.engine.support.hierarchical.ThrowableCollector.execute(ThrowableCollector.java:74)
	at org.junit.platform.engine.support.hierarchical.NodeTestTask.executeRecursively(NodeTestTask.java:163)
	at org.junit.platform.engine.support.hierarchical.NodeTestTask.execute(NodeTestTask.java:116)
	at java.base/java.util.ArrayList.forEach(ArrayList.java:1596)
	at org.junit.platform.engine.support.hierarchical.SameThreadHierarchicalTestExecutorService.invokeAll(SameThreadHierarchicalTestExecutorService.java:42)
	at org.junit.platform.engine.support.hierarchical.NodeTestTask.lambda$executeRecursively$2(NodeTestTask.java:180)
	at org.junit.platform.engine.support.hierarchical.ThrowableCollector.execute(ThrowableCollector.java:74)
	at org.junit.platform.engine.support.hierarchical.NodeTestTask.lambda$executeRecursively$1(NodeTestTask.java:166)
	at org.junit.platform.engine.support.hierarchical.Node.around(Node.java:138)
	at org.junit.platform.engine.support.hierarchical.NodeTestTask.lambda$executeRecursively$0(NodeTestTask.java:164)
	at org.junit.platform.engine.support.hierarchical.ThrowableCollector.execute(ThrowableCollector.java:74)
	at org.junit.platform.engine.support.hierarchical.NodeTestTask.executeRecursively(NodeTestTask.java:163)
	at org.junit.platform.engine.support.hierarchical.NodeTestTask.execute(NodeTestTask.java:116)
	at java.base/java.util.ArrayList.forEach(ArrayList.java:1596)
	at org.junit.platform.engine.support.hierarchical.SameThreadHierarchicalTestExecutorService.invokeAll(SameThreadHierarchicalTestExecutorService.java:42)
	at org.junit.platform.engine.support.hierarchical.NodeTestTask.lambda$executeRecursively$2(NodeTestTask.java:180)
	at org.junit.platform.engine.support.hierarchical.ThrowableCollector.execute(ThrowableCollector.java:74)
	at org.junit.platform.engine.support.hierarchical.NodeTestTask.lambda$executeRecursively$1(NodeTestTask.java:166)
	at org.junit.platform.engine.support.hierarchical.Node.around(Node.java:138)
	at org.junit.platform.engine.support.hierarchical.NodeTestTask.lambda$executeRecursively$0(NodeTestTask.java:164)
	at org.junit.platform.engine.support.hierarchical.ThrowableCollector.execute(ThrowableCollector.java:74)
	at org.junit.platform.engine.support.hierarchical.NodeTestTask.executeRecursively(NodeTestTask.java:163)
	at org.junit.platform.engine.support.hierarchical.NodeTestTask.execute(NodeTestTask.java:116)
	at org.junit.platform.engine.support.hierarchical.SameThreadHierarchicalTestExecutorService.submit(SameThreadHierarchicalTestExecutorService.java:36)
	at org.junit.platform.engine.support.hierarchical.HierarchicalTestExecutor.execute(HierarchicalTestExecutor.java:52)
	at org.junit.platform.engine.support.hierarchical.HierarchicalTestEngine.execute(HierarchicalTestEngine.java:58)
	at org.junit.platform.launcher.core.EngineExecutionOrchestrator.executeEngine(EngineExecutionOrchestrator.java:246)
	at org.junit.platform.launcher.core.EngineExecutionOrchestrator.failOrExecuteEngine(EngineExecutionOrchestrator.java:218)
	at org.junit.platform.launcher.core.EngineExecutionOrchestrator.execute(EngineExecutionOrchestrator.java:179)
	at org.junit.platform.launcher.core.EngineExecutionOrchestrator.execute(EngineExecutionOrchestrator.java:108)
	at org.junit.platform.launcher.core.EngineExecutionOrchestrator.lambda$execute$0(EngineExecutionOrchestrator.java:66)
	at org.junit.platform.launcher.core.EngineExecutionOrchestrator.withInterceptedStreams(EngineExecutionOrchestrator.java:157)
	at org.junit.platform.launcher.core.EngineExecutionOrchestrator.execute(EngineExecutionOrchestrator.java:65)
	at org.junit.platform.launcher.core.DefaultLauncher.execute(DefaultLauncher.java:125)
	at org.junit.platform.launcher.core.DefaultLauncher.execute(DefaultLauncher.java:114)
	at org.junit.platform.launcher.core.DelegatingLauncher.execute(DelegatingLauncher.java:58)
	at org.junit.platform.launcher.core.InterceptingLauncher.lambda$execute$2(InterceptingLauncher.java:57)
	at org.junit.platform.launcher.core.ClasspathAlignmentCheckingLauncherInterceptor.intercept(ClasspathAlignmentCheckingLauncherInterceptor.java:25)
	at org.junit.platform.launcher.core.InterceptingLauncher.execute(InterceptingLauncher.java:56)
	at org.junit.platform.launcher.core.DelegatingLauncher.execute(DelegatingLauncher.java:58)
	at java.base/jdk.internal.reflect.DirectMethodHandleAccessor.invoke(DirectMethodHandleAccessor.java:103)
	at java.base/java.lang.reflect.Method.invoke(Method.java:580)
	at org.apache.maven.surefire.api.util.ReflectionUtils.invokeMethodWithArray(ReflectionUtils.java:125)
	at org.apache.maven.surefire.junitplatform.LauncherAdapter.executeWithCancellationToken(LauncherAdapter.java:68)
	at org.apache.maven.surefire.junitplatform.LauncherAdapter.execute(LauncherAdapter.java:54)
	at org.apache.maven.surefire.junitplatform.JUnitPlatformProvider.execute(JUnitPlatformProvider.java:203)
	at org.apache.maven.surefire.junitplatform.JUnitPlatformProvider.invokeAllTests(JUnitPlatformProvider.java:168)
	at org.apache.maven.surefire.junitplatform.JUnitPlatformProvider.invoke(JUnitPlatformProvider.java:134)
	at org.apache.maven.surefire.booter.ForkedBooter.runSuitesInProcess(ForkedBooter.java:385)
	at org.apache.maven.surefire.booter.ForkedBooter.execute(ForkedBooter.java:162)
	at org.apache.maven.surefire.booter.ForkedBooter.run(ForkedBooter.java:507)
	at org.apache.maven.surefire.booter.ForkedBooter.main(ForkedBooter.java:495)
Caused by: com.mysql.cj.exceptions.CJCommunicationsException: Communications link failure

The last packet successfully received from the server was 5 milliseconds ago. The last packet sent successfully to the server was 5 milliseconds ago.
	at java.base/jdk.internal.reflect.DirectConstructorHandleAccessor.newInstance(DirectConstructorHandleAccessor.java:62)
	at java.base/java.lang.reflect.Constructor.newInstanceWithCaller(Constructor.java:502)
	at java.base/java.lang.reflect.Constructor.newInstance(Constructor.java:486)
	at com.mysql.cj.exceptions.ExceptionFactory.createException(ExceptionFactory.java:52)
	at com.mysql.cj.exceptions.ExceptionFactory.createException(ExceptionFactory.java:95)
	at com.mysql.cj.exceptions.ExceptionFactory.createException(ExceptionFactory.java:140)
	at com.mysql.cj.exceptions.ExceptionFactory.createCommunicationsException(ExceptionFactory.java:156)
	at com.mysql.cj.protocol.a.NativeProtocol.readMessage(NativeProtocol.java:590)
	at com.mysql.cj.protocol.a.NativeProtocol.checkErrorMessage(NativeProtocol.java:767)
	at com.mysql.cj.protocol.a.NativeProtocol.sendCommand(NativeProtocol.java:706)
	at com.mysql.cj.protocol.a.NativeProtocol.sendQueryPacket(NativeProtocol.java:938)
	at com.mysql.cj.NativeSession.execSQL(NativeSession.java:817)
	at com.mysql.cj.jdbc.ConnectionImpl.commit(ConnectionImpl.java:794)
	... 148 common frames omitted
Caused by: java.io.EOFException: Can not read response from server. Expected to read 4 bytes, read 0 bytes before connection was unexpectedly lost.
	at com.mysql.cj.protocol.FullReadInputStream.readFully(FullReadInputStream.java:58)
	at com.mysql.cj.protocol.a.SimplePacketReader.readHeaderLocal(SimplePacketReader.java:72)
	at com.mysql.cj.protocol.a.SimplePacketReader.readHeader(SimplePacketReader.java:54)
	at com.mysql.cj.protocol.a.SimplePacketReader.readHeader(SimplePacketReader.java:36)
	at com.mysql.cj.protocol.a.TimeTrackingPacketReader.readHeader(TimeTrackingPacketReader.java:43)
	at com.mysql.cj.protocol.a.TimeTrackingPacketReader.readHeader(TimeTrackingPacketReader.java:32)
	at com.mysql.cj.protocol.a.MultiPacketReader.readHeader(MultiPacketReader.java:45)
	at com.mysql.cj.protocol.a.MultiPacketReader.readHeader(MultiPacketReader.java:35)
	at com.mysql.cj.protocol.a.NativeProtocol.readMessage(NativeProtocol.java:584)
	... 153 common frames omitted
17:51:19.318 [main] INFO com.baomidou.dynamic.datasource.DynamicRoutingDataSource -- dynamic-datasource start closing ....
17:51:19.319 [main] INFO com.baomidou.dynamic.datasource.DynamicRoutingDataSource -- dynamic-datasource all closed success,bye
17:51:19.319 [main] INFO com.zaxxer.hikari.HikariDataSource -- HikariPool-14 - Shutdown initiated...
17:51:19.347 [main] INFO com.zaxxer.hikari.HikariDataSource -- HikariPool-14 - Shutdown completed.
17:51:19.349 [main] INFO com.baomidou.dynamic.datasource.DynamicRoutingDataSource -- dynamic-datasource - add a datasource named [master] success
17:51:19.450 [main] INFO org.redisson.Version -- Redisson 4.6.1
17:51:19.454 [redisson-netty-44-1] INFO org.redisson.connection.ConnectionsHolder -- 1 connections initialized for 127.0.0.1/127.0.0.1:32906
17:51:19.454 [redisson-netty-44-2] INFO org.redisson.connection.ConnectionsHolder -- 1 connections initialized for 127.0.0.1/127.0.0.1:32906
17:51:19.468 [main] INFO com.zaxxer.hikari.HikariDataSource -- HikariPool-15 - Starting...
17:51:19.473 [main] INFO com.zaxxer.hikari.pool.HikariPool -- HikariPool-15 - Added connection com.mysql.cj.jdbc.ConnectionImpl@d3bf018
17:51:19.473 [main] INFO com.zaxxer.hikari.HikariDataSource -- HikariPool-15 - Start completed.
17:51:19.494 [main] ERROR com.baomidou.dynamic.datasource.tx.ConnectionProxy -- owned lost commit acknowledgement
java.sql.SQLRecoverableException: owned lost commit acknowledgement
	at org.namewta.test.notify.NotifyAtomicResultIntegrationTest$1.lambda$getConnection$0(NotifyAtomicResultIntegrationTest.java:120)
	at jdk.proxy2/jdk.proxy2.$Proxy131.commit(Unknown Source)
	at com.baomidou.dynamic.datasource.tx.ConnectionProxy.notify(ConnectionProxy.java:62)
	at com.baomidou.dynamic.datasource.tx.ConnectionFactory.notify(ConnectionFactory.java:153)
	at com.baomidou.dynamic.datasource.tx.LocalTxUtil.commit(LocalTxUtil.java:91)
	at com.baomidou.dynamic.datasource.tx.TransactionalTemplate.doExecute(TransactionalTemplate.java:126)
	at com.baomidou.dynamic.datasource.tx.TransactionalTemplate.execute(TransactionalTemplate.java:94)
	at com.baomidou.dynamic.datasource.aop.DynamicLocalTransactionInterceptor.invoke(DynamicLocalTransactionInterceptor.java:59)
	at org.springframework.aop.framework.ReflectiveMethodInvocation.proceed(ReflectiveMethodInvocation.java:179)
	at org.springframework.aop.framework.CglibAopProxy$DynamicAdvisedInterceptor.intercept(CglibAopProxy.java:719)
	at org.namewta.notify.usecase.ProviderCallbackUseCase$$SpringCGLIB$$15.apply(<generated>)
	at org.namewta.test.notify.NotifyAtomicResultIntegrationTest.callOn(NotifyAtomicResultIntegrationTest.java:1208)
	at org.namewta.test.notify.NotifyAtomicResultIntegrationTest.signedCallback(NotifyAtomicResultIntegrationTest.java:1202)
	at org.namewta.test.notify.NotifyAtomicResultIntegrationTest.callback(NotifyAtomicResultIntegrationTest.java:1199)
	at org.namewta.test.notify.NotifyAtomicResultIntegrationTest.lambda$commitDisconnectOrLostAcknowledgementCanRetryWithoutLosingTheEvent$45(NotifyAtomicResultIntegrationTest.java:928)
	at org.assertj.core.api.ThrowableAssert.catchThrowable(ThrowableAssert.java:66)
	at org.assertj.core.api.AssertionsForClassTypes.catchThrowable(AssertionsForClassTypes.java:908)
	at org.assertj.core.api.Assertions.catchThrowable(Assertions.java:1476)
	at org.assertj.core.api.Assertions.assertThatThrownBy(Assertions.java:1319)
	at org.namewta.test.notify.NotifyAtomicResultIntegrationTest.commitDisconnectOrLostAcknowledgementCanRetryWithoutLosingTheEvent(NotifyAtomicResultIntegrationTest.java:928)
	at java.base/jdk.internal.reflect.DirectMethodHandleAccessor.invoke(DirectMethodHandleAccessor.java:103)
	at java.base/java.lang.reflect.Method.invoke(Method.java:580)
	at org.junit.platform.commons.util.ReflectionUtils.invokeMethod(ReflectionUtils.java:701)
	at org.junit.platform.commons.support.ReflectionSupport.invokeMethod(ReflectionSupport.java:502)
	at org.junit.jupiter.engine.support.MethodReflectionUtils.invoke(MethodReflectionUtils.java:45)
	at org.junit.jupiter.engine.execution.MethodInvocation.proceed(MethodInvocation.java:61)
	at org.junit.jupiter.engine.execution.InvocationInterceptorChain$ValidatingInvocation.proceed(InvocationInterceptorChain.java:124)
	at org.junit.jupiter.engine.extension.TimeoutExtension.intercept(TimeoutExtension.java:163)
	at org.junit.jupiter.engine.extension.TimeoutExtension.interceptTestableMethod(TimeoutExtension.java:148)
	at org.junit.jupiter.engine.extension.TimeoutExtension.interceptTestTemplateMethod(TimeoutExtension.java:94)
	at org.junit.jupiter.engine.execution.InterceptingExecutableInvoker$ReflectiveInterceptorCall.lambda$ofVoidMethod$0(InterceptingExecutableInvoker.java:123)
	at org.junit.jupiter.engine.execution.InterceptingExecutableInvoker.lambda$invoke$0(InterceptingExecutableInvoker.java:105)
	at org.junit.jupiter.engine.execution.InvocationInterceptorChain$InterceptedInvocation.proceed(InvocationInterceptorChain.java:99)
	at org.junit.jupiter.engine.execution.InvocationInterceptorChain.proceed(InvocationInterceptorChain.java:66)
	at org.junit.jupiter.engine.execution.InvocationInterceptorChain.chainAndInvoke(InvocationInterceptorChain.java:47)
	at org.junit.jupiter.engine.execution.InvocationInterceptorChain.invoke(InvocationInterceptorChain.java:39)
	at org.junit.jupiter.engine.execution.InterceptingExecutableInvoker.invoke(InterceptingExecutableInvoker.java:104)
	at org.junit.jupiter.engine.execution.InterceptingExecutableInvoker.invoke(InterceptingExecutableInvoker.java:98)
	at org.junit.jupiter.engine.execution.InterceptingExecutableInvoker.invokeVoid(InterceptingExecutableInvoker.java:71)
	at org.junit.jupiter.engine.descriptor.TestMethodTestDescriptor.lambda$invokeTestMethod$0(TestMethodTestDescriptor.java:219)
	at org.junit.platform.engine.support.hierarchical.ThrowableCollector.execute(ThrowableCollector.java:74)
	at org.junit.jupiter.engine.descriptor.TestMethodTestDescriptor.invokeTestMethod(TestMethodTestDescriptor.java:215)
	at org.junit.jupiter.engine.descriptor.TestMethodTestDescriptor.execute(TestMethodTestDescriptor.java:157)
	at org.junit.jupiter.engine.descriptor.TestMethodTestDescriptor.execute(TestMethodTestDescriptor.java:70)
	at org.junit.platform.engine.support.hierarchical.NodeTestTask.lambda$executeRecursively$2(NodeTestTask.java:176)
	at org.junit.platform.engine.support.hierarchical.ThrowableCollector.execute(ThrowableCollector.java:74)
	at org.junit.platform.engine.support.hierarchical.NodeTestTask.lambda$executeRecursively$1(NodeTestTask.java:166)
	at org.junit.platform.engine.support.hierarchical.Node.around(Node.java:138)
	at org.junit.platform.engine.support.hierarchical.NodeTestTask.lambda$executeRecursively$0(NodeTestTask.java:164)
	at org.junit.platform.engine.support.hierarchical.ThrowableCollector.execute(ThrowableCollector.java:74)
	at org.junit.platform.engine.support.hierarchical.NodeTestTask.executeRecursively(NodeTestTask.java:163)
	at org.junit.platform.engine.support.hierarchical.NodeTestTask.execute(NodeTestTask.java:116)
	at org.junit.platform.engine.support.hierarchical.SameThreadHierarchicalTestExecutorService.submit(SameThreadHierarchicalTestExecutorService.java:36)
	at org.junit.platform.engine.support.hierarchical.NodeTestTask$DefaultDynamicTestExecutor.execute(NodeTestTask.java:268)
	at org.junit.platform.engine.support.hierarchical.NodeTestTask$DefaultDynamicTestExecutor.execute(NodeTestTask.java:246)
	at org.junit.jupiter.engine.descriptor.TemplateExecutor.execute(TemplateExecutor.java:96)
	at org.junit.jupiter.engine.descriptor.TemplateExecutor.lambda$executeForProvider$1(TemplateExecutor.java:59)
	at java.base/java.util.Optional.ifPresent(Optional.java:178)
	at org.junit.jupiter.engine.descriptor.TemplateExecutor.lambda$executeForProvider$0(TemplateExecutor.java:59)
	at java.base/java.util.stream.ForEachOps$ForEachOp$OfRef.accept(ForEachOps.java:184)
	at java.base/java.util.stream.ReferencePipeline$3$1.accept(ReferencePipeline.java:197)
	at java.base/java.util.stream.ForEachOps$ForEachOp$OfRef.accept(ForEachOps.java:184)
	at java.base/java.util.ArrayList$ArrayListSpliterator.forEachRemaining(ArrayList.java:1708)
	at java.base/java.util.stream.ReferencePipeline$Head.forEach(ReferencePipeline.java:762)
	at java.base/java.util.stream.ReferencePipeline$7$1.accept(ReferencePipeline.java:276)
	at java.base/java.util.ArrayList$ArrayListSpliterator.forEachRemaining(ArrayList.java:1708)
	at java.base/java.util.stream.AbstractPipeline.copyInto(AbstractPipeline.java:509)
	at java.base/java.util.stream.AbstractPipeline.wrapAndCopyInto(AbstractPipeline.java:499)
	at java.base/java.util.stream.ForEachOps$ForEachOp.evaluateSequential(ForEachOps.java:151)
	at java.base/java.util.stream.ForEachOps$ForEachOp$OfRef.evaluateSequential(ForEachOps.java:174)
	at java.base/java.util.stream.AbstractPipeline.evaluate(AbstractPipeline.java:234)
	at java.base/java.util.stream.ReferencePipeline.forEach(ReferencePipeline.java:596)
	at java.base/java.util.stream.ReferencePipeline$7$1.accept(ReferencePipeline.java:276)
	at java.base/java.util.stream.ReferencePipeline$3$1.accept(ReferencePipeline.java:197)
	at java.base/java.util.stream.ReferencePipeline$3$1.accept(ReferencePipeline.java:197)
	at java.base/java.util.stream.ReferencePipeline$3$1.accept(ReferencePipeline.java:197)
	at java.base/java.util.AbstractList$RandomAccessSpliterator.forEachRemaining(AbstractList.java:722)
	at java.base/java.util.stream.AbstractPipeline.copyInto(AbstractPipeline.java:509)
	at java.base/java.util.stream.AbstractPipeline.wrapAndCopyInto(AbstractPipeline.java:499)
	at java.base/java.util.stream.ForEachOps$ForEachOp.evaluateSequential(ForEachOps.java:151)
	at java.base/java.util.stream.ForEachOps$ForEachOp$OfRef.evaluateSequential(ForEachOps.java:174)
	at java.base/java.util.stream.AbstractPipeline.evaluate(AbstractPipeline.java:234)
	at java.base/java.util.stream.ReferencePipeline.forEach(ReferencePipeline.java:596)
	at org.junit.jupiter.engine.descriptor.TemplateExecutor.executeForProvider(TemplateExecutor.java:57)
	at org.junit.jupiter.engine.descriptor.TemplateExecutor.execute(TemplateExecutor.java:46)
	at org.junit.jupiter.engine.descriptor.TestTemplateTestDescriptor.execute(TestTemplateTestDescriptor.java:112)
	at org.junit.jupiter.engine.descriptor.TestTemplateTestDescriptor.execute(TestTemplateTestDescriptor.java:40)
	at org.junit.platform.engine.support.hierarchical.NodeTestTask.lambda$executeRecursively$2(NodeTestTask.java:176)
	at org.junit.platform.engine.support.hierarchical.ThrowableCollector.execute(ThrowableCollector.java:74)
	at org.junit.platform.engine.support.hierarchical.NodeTestTask.lambda$executeRecursively$1(NodeTestTask.java:166)
	at org.junit.platform.engine.support.hierarchical.Node.around(Node.java:138)
	at org.junit.platform.engine.support.hierarchical.NodeTestTask.lambda$executeRecursively$0(NodeTestTask.java:164)
	at org.junit.platform.engine.support.hierarchical.ThrowableCollector.execute(ThrowableCollector.java:74)
	at org.junit.platform.engine.support.hierarchical.NodeTestTask.executeRecursively(NodeTestTask.java:163)
	at org.junit.platform.engine.support.hierarchical.NodeTestTask.execute(NodeTestTask.java:116)
	at java.base/java.util.ArrayList.forEach(ArrayList.java:1596)
	at org.junit.platform.engine.support.hierarchical.SameThreadHierarchicalTestExecutorService.invokeAll(SameThreadHierarchicalTestExecutorService.java:42)
	at org.junit.platform.engine.support.hierarchical.NodeTestTask.lambda$executeRecursively$2(NodeTestTask.java:180)
	at org.junit.platform.engine.support.hierarchical.ThrowableCollector.execute(ThrowableCollector.java:74)
	at org.junit.platform.engine.support.hierarchical.NodeTestTask.lambda$executeRecursively$1(NodeTestTask.java:166)
	at org.junit.platform.engine.support.hierarchical.Node.around(Node.java:138)
	at org.junit.platform.engine.support.hierarchical.NodeTestTask.lambda$executeRecursively$0(NodeTestTask.java:164)
	at org.junit.platform.engine.support.hierarchical.ThrowableCollector.execute(ThrowableCollector.java:74)
	at org.junit.platform.engine.support.hierarchical.NodeTestTask.executeRecursively(NodeTestTask.java:163)
	at org.junit.platform.engine.support.hierarchical.NodeTestTask.execute(NodeTestTask.java:116)
	at java.base/java.util.ArrayList.forEach(ArrayList.java:1596)
	at org.junit.platform.engine.support.hierarchical.SameThreadHierarchicalTestExecutorService.invokeAll(SameThreadHierarchicalTestExecutorService.java:42)
	at org.junit.platform.engine.support.hierarchical.NodeTestTask.lambda$executeRecursively$2(NodeTestTask.java:180)
	at org.junit.platform.engine.support.hierarchical.ThrowableCollector.execute(ThrowableCollector.java:74)
	at org.junit.platform.engine.support.hierarchical.NodeTestTask.lambda$executeRecursively$1(NodeTestTask.java:166)
	at org.junit.platform.engine.support.hierarchical.Node.around(Node.java:138)
	at org.junit.platform.engine.support.hierarchical.NodeTestTask.lambda$executeRecursively$0(NodeTestTask.java:164)
	at org.junit.platform.engine.support.hierarchical.ThrowableCollector.execute(ThrowableCollector.java:74)
	at org.junit.platform.engine.support.hierarchical.NodeTestTask.executeRecursively(NodeTestTask.java:163)
	at org.junit.platform.engine.support.hierarchical.NodeTestTask.execute(NodeTestTask.java:116)
	at org.junit.platform.engine.support.hierarchical.SameThreadHierarchicalTestExecutorService.submit(SameThreadHierarchicalTestExecutorService.java:36)
	at org.junit.platform.engine.support.hierarchical.HierarchicalTestExecutor.execute(HierarchicalTestExecutor.java:52)
	at org.junit.platform.engine.support.hierarchical.HierarchicalTestEngine.execute(HierarchicalTestEngine.java:58)
	at org.junit.platform.launcher.core.EngineExecutionOrchestrator.executeEngine(EngineExecutionOrchestrator.java:246)
	at org.junit.platform.launcher.core.EngineExecutionOrchestrator.failOrExecuteEngine(EngineExecutionOrchestrator.java:218)
	at org.junit.platform.launcher.core.EngineExecutionOrchestrator.execute(EngineExecutionOrchestrator.java:179)
	at org.junit.platform.launcher.core.EngineExecutionOrchestrator.execute(EngineExecutionOrchestrator.java:108)
	at org.junit.platform.launcher.core.EngineExecutionOrchestrator.lambda$execute$0(EngineExecutionOrchestrator.java:66)
	at org.junit.platform.launcher.core.EngineExecutionOrchestrator.withInterceptedStreams(EngineExecutionOrchestrator.java:157)
	at org.junit.platform.launcher.core.EngineExecutionOrchestrator.execute(EngineExecutionOrchestrator.java:65)
	at org.junit.platform.launcher.core.DefaultLauncher.execute(DefaultLauncher.java:125)
	at org.junit.platform.launcher.core.DefaultLauncher.execute(DefaultLauncher.java:114)
	at org.junit.platform.launcher.core.DelegatingLauncher.execute(DelegatingLauncher.java:58)
	at org.junit.platform.launcher.core.InterceptingLauncher.lambda$execute$2(InterceptingLauncher.java:57)
	at org.junit.platform.launcher.core.ClasspathAlignmentCheckingLauncherInterceptor.intercept(ClasspathAlignmentCheckingLauncherInterceptor.java:25)
	at org.junit.platform.launcher.core.InterceptingLauncher.execute(InterceptingLauncher.java:56)
	at org.junit.platform.launcher.core.DelegatingLauncher.execute(DelegatingLauncher.java:58)
	at java.base/jdk.internal.reflect.DirectMethodHandleAccessor.invoke(DirectMethodHandleAccessor.java:103)
	at java.base/java.lang.reflect.Method.invoke(Method.java:580)
	at org.apache.maven.surefire.api.util.ReflectionUtils.invokeMethodWithArray(ReflectionUtils.java:125)
	at org.apache.maven.surefire.junitplatform.LauncherAdapter.executeWithCancellationToken(LauncherAdapter.java:68)
	at org.apache.maven.surefire.junitplatform.LauncherAdapter.execute(LauncherAdapter.java:54)
	at org.apache.maven.surefire.junitplatform.JUnitPlatformProvider.execute(JUnitPlatformProvider.java:203)
	at org.apache.maven.surefire.junitplatform.JUnitPlatformProvider.invokeAllTests(JUnitPlatformProvider.java:168)
	at org.apache.maven.surefire.junitplatform.JUnitPlatformProvider.invoke(JUnitPlatformProvider.java:134)
	at org.apache.maven.surefire.booter.ForkedBooter.runSuitesInProcess(ForkedBooter.java:385)
	at org.apache.maven.surefire.booter.ForkedBooter.execute(ForkedBooter.java:162)
	at org.apache.maven.surefire.booter.ForkedBooter.run(ForkedBooter.java:507)
	at org.apache.maven.surefire.booter.ForkedBooter.main(ForkedBooter.java:495)
17:51:19.513 [main] INFO com.baomidou.dynamic.datasource.DynamicRoutingDataSource -- dynamic-datasource start closing ....
17:51:19.513 [main] INFO com.baomidou.dynamic.datasource.DynamicRoutingDataSource -- dynamic-datasource all closed success,bye
17:51:19.513 [main] INFO com.zaxxer.hikari.HikariDataSource -- HikariPool-15 - Shutdown initiated...
17:51:19.514 [main] INFO com.zaxxer.hikari.HikariDataSource -- HikariPool-15 - Shutdown completed.
17:51:19.517 [main] INFO com.baomidou.dynamic.datasource.DynamicRoutingDataSource -- dynamic-datasource - add a datasource named [master] success
17:51:19.615 [main] INFO org.redisson.Version -- Redisson 4.6.1
17:51:19.618 [redisson-netty-47-2] INFO org.redisson.connection.ConnectionsHolder -- 1 connections initialized for 127.0.0.1/127.0.0.1:32906
17:51:19.618 [redisson-netty-47-1] INFO org.redisson.connection.ConnectionsHolder -- 1 connections initialized for 127.0.0.1/127.0.0.1:32906
17:51:19.632 [main] INFO com.zaxxer.hikari.HikariDataSource -- HikariPool-16 - Starting...
17:51:19.635 [main] INFO com.zaxxer.hikari.pool.HikariPool -- HikariPool-16 - Added connection com.mysql.cj.jdbc.ConnectionImpl@702a2c6e
17:51:19.635 [main] INFO com.zaxxer.hikari.HikariDataSource -- HikariPool-16 - Start completed.
17:51:19.684 [main] WARN com.zaxxer.hikari.pool.ProxyConnection -- HikariPool-16 - Connection com.mysql.cj.jdbc.ConnectionImpl@702a2c6e marked as broken because of SQLSTATE(08S01), ErrorCode(0)
com.mysql.cj.jdbc.exceptions.CommunicationsException: Communications link failure

The last packet successfully received from the server was 4 milliseconds ago. The last packet sent successfully to the server was 4 milliseconds ago.
	at com.mysql.cj.jdbc.exceptions.SQLError.createCommunicationsException(SQLError.java:165)
	at com.mysql.cj.jdbc.exceptions.SQLExceptionsMapping.translateException(SQLExceptionsMapping.java:55)
	at com.mysql.cj.jdbc.ConnectionImpl.commit(ConnectionImpl.java:814)
	at com.zaxxer.hikari.pool.ProxyConnection.commit(ProxyConnection.java:378)
	at com.zaxxer.hikari.pool.HikariProxyConnection.commit(HikariProxyConnection.java)
	at java.base/jdk.internal.reflect.DirectMethodHandleAccessor.invoke(DirectMethodHandleAccessor.java:103)
	at java.base/java.lang.reflect.Method.invoke(Method.java:580)
	at org.namewta.test.notify.NotifyAtomicResultIntegrationTest$1.lambda$getConnection$0(NotifyAtomicResultIntegrationTest.java:123)
	at jdk.proxy2/jdk.proxy2.$Proxy131.commit(Unknown Source)
	at com.baomidou.dynamic.datasource.tx.ConnectionProxy.notify(ConnectionProxy.java:62)
	at com.baomidou.dynamic.datasource.tx.ConnectionFactory.notify(ConnectionFactory.java:153)
	at com.baomidou.dynamic.datasource.tx.LocalTxUtil.commit(LocalTxUtil.java:91)
	at com.baomidou.dynamic.datasource.tx.TransactionalTemplate.doExecute(TransactionalTemplate.java:126)
	at com.baomidou.dynamic.datasource.tx.TransactionalTemplate.execute(TransactionalTemplate.java:94)
	at com.baomidou.dynamic.datasource.aop.DynamicLocalTransactionInterceptor.invoke(DynamicLocalTransactionInterceptor.java:59)
	at org.springframework.aop.framework.ReflectiveMethodInvocation.proceed(ReflectiveMethodInvocation.java:179)
	at org.springframework.aop.framework.CglibAopProxy$DynamicAdvisedInterceptor.intercept(CglibAopProxy.java:719)
	at org.namewta.notify.usecase.NotifyDispatchResultUseCase$$SpringCGLIB$$15.completeInApp(<generated>)
	at org.namewta.notify.service.runtime.DispatchNotificationService.dispatchInApp(DispatchNotificationService.java:223)
	at org.namewta.notify.service.runtime.DispatchNotificationService.dispatch(DispatchNotificationService.java:92)
	at org.namewta.test.notify.NotifyAtomicResultIntegrationTest.lambda$uncertainResultCommitUsesDurableFactsToPreventDuplicateInbox$17(NotifyAtomicResultIntegrationTest.java:521)
	at org.assertj.core.api.ThrowableAssert.catchThrowable(ThrowableAssert.java:66)
	at org.assertj.core.api.AssertionsForClassTypes.catchThrowable(AssertionsForClassTypes.java:908)
	at org.assertj.core.api.Assertions.catchThrowable(Assertions.java:1476)
	at org.assertj.core.api.Assertions.assertThatThrownBy(Assertions.java:1319)
	at org.namewta.test.notify.NotifyAtomicResultIntegrationTest.uncertainResultCommitUsesDurableFactsToPreventDuplicateInbox(NotifyAtomicResultIntegrationTest.java:521)
	at java.base/jdk.internal.reflect.DirectMethodHandleAccessor.invoke(DirectMethodHandleAccessor.java:103)
	at java.base/java.lang.reflect.Method.invoke(Method.java:580)
	at org.junit.platform.commons.util.ReflectionUtils.invokeMethod(ReflectionUtils.java:701)
	at org.junit.platform.commons.support.ReflectionSupport.invokeMethod(ReflectionSupport.java:502)
	at org.junit.jupiter.engine.support.MethodReflectionUtils.invoke(MethodReflectionUtils.java:45)
	at org.junit.jupiter.engine.execution.MethodInvocation.proceed(MethodInvocation.java:61)
	at org.junit.jupiter.engine.execution.InvocationInterceptorChain$ValidatingInvocation.proceed(InvocationInterceptorChain.java:124)
	at org.junit.jupiter.engine.extension.TimeoutExtension.intercept(TimeoutExtension.java:163)
	at org.junit.jupiter.engine.extension.TimeoutExtension.interceptTestableMethod(TimeoutExtension.java:148)
	at org.junit.jupiter.engine.extension.TimeoutExtension.interceptTestTemplateMethod(TimeoutExtension.java:94)
	at org.junit.jupiter.engine.execution.InterceptingExecutableInvoker$ReflectiveInterceptorCall.lambda$ofVoidMethod$0(InterceptingExecutableInvoker.java:123)
	at org.junit.jupiter.engine.execution.InterceptingExecutableInvoker.lambda$invoke$0(InterceptingExecutableInvoker.java:105)
	at org.junit.jupiter.engine.execution.InvocationInterceptorChain$InterceptedInvocation.proceed(InvocationInterceptorChain.java:99)
	at org.junit.jupiter.engine.execution.InvocationInterceptorChain.proceed(InvocationInterceptorChain.java:66)
	at org.junit.jupiter.engine.execution.InvocationInterceptorChain.chainAndInvoke(InvocationInterceptorChain.java:47)
	at org.junit.jupiter.engine.execution.InvocationInterceptorChain.invoke(InvocationInterceptorChain.java:39)
	at org.junit.jupiter.engine.execution.InterceptingExecutableInvoker.invoke(InterceptingExecutableInvoker.java:104)
	at org.junit.jupiter.engine.execution.InterceptingExecutableInvoker.invoke(InterceptingExecutableInvoker.java:98)
	at org.junit.jupiter.engine.execution.InterceptingExecutableInvoker.invokeVoid(InterceptingExecutableInvoker.java:71)
	at org.junit.jupiter.engine.descriptor.TestMethodTestDescriptor.lambda$invokeTestMethod$0(TestMethodTestDescriptor.java:219)
	at org.junit.platform.engine.support.hierarchical.ThrowableCollector.execute(ThrowableCollector.java:74)
	at org.junit.jupiter.engine.descriptor.TestMethodTestDescriptor.invokeTestMethod(TestMethodTestDescriptor.java:215)
	at org.junit.jupiter.engine.descriptor.TestMethodTestDescriptor.execute(TestMethodTestDescriptor.java:157)
	at org.junit.jupiter.engine.descriptor.TestMethodTestDescriptor.execute(TestMethodTestDescriptor.java:70)
	at org.junit.platform.engine.support.hierarchical.NodeTestTask.lambda$executeRecursively$2(NodeTestTask.java:176)
	at org.junit.platform.engine.support.hierarchical.ThrowableCollector.execute(ThrowableCollector.java:74)
	at org.junit.platform.engine.support.hierarchical.NodeTestTask.lambda$executeRecursively$1(NodeTestTask.java:166)
	at org.junit.platform.engine.support.hierarchical.Node.around(Node.java:138)
	at org.junit.platform.engine.support.hierarchical.NodeTestTask.lambda$executeRecursively$0(NodeTestTask.java:164)
	at org.junit.platform.engine.support.hierarchical.ThrowableCollector.execute(ThrowableCollector.java:74)
	at org.junit.platform.engine.support.hierarchical.NodeTestTask.executeRecursively(NodeTestTask.java:163)
	at org.junit.platform.engine.support.hierarchical.NodeTestTask.execute(NodeTestTask.java:116)
	at org.junit.platform.engine.support.hierarchical.SameThreadHierarchicalTestExecutorService.submit(SameThreadHierarchicalTestExecutorService.java:36)
	at org.junit.platform.engine.support.hierarchical.NodeTestTask$DefaultDynamicTestExecutor.execute(NodeTestTask.java:268)
	at org.junit.platform.engine.support.hierarchical.NodeTestTask$DefaultDynamicTestExecutor.execute(NodeTestTask.java:246)
	at org.junit.jupiter.engine.descriptor.TemplateExecutor.execute(TemplateExecutor.java:96)
	at org.junit.jupiter.engine.descriptor.TemplateExecutor.lambda$executeForProvider$1(TemplateExecutor.java:59)
	at java.base/java.util.Optional.ifPresent(Optional.java:178)
	at org.junit.jupiter.engine.descriptor.TemplateExecutor.lambda$executeForProvider$0(TemplateExecutor.java:59)
	at java.base/java.util.stream.ForEachOps$ForEachOp$OfRef.accept(ForEachOps.java:184)
	at java.base/java.util.stream.ReferencePipeline$3$1.accept(ReferencePipeline.java:197)
	at java.base/java.util.stream.ForEachOps$ForEachOp$OfRef.accept(ForEachOps.java:184)
	at java.base/java.util.stream.ForEachOps$ForEachOp$OfRef.accept(ForEachOps.java:184)
	at java.base/java.util.stream.ReferencePipeline$3$1.accept(ReferencePipeline.java:197)
	at java.base/java.util.Spliterators$ArraySpliterator.forEachRemaining(Spliterators.java:1024)
	at java.base/java.util.stream.AbstractPipeline.copyInto(AbstractPipeline.java:509)
	at java.base/java.util.stream.AbstractPipeline.wrapAndCopyInto(AbstractPipeline.java:499)
	at java.base/java.util.stream.ForEachOps$ForEachOp.evaluateSequential(ForEachOps.java:151)
	at java.base/java.util.stream.ForEachOps$ForEachOp$OfRef.evaluateSequential(ForEachOps.java:174)
	at java.base/java.util.stream.AbstractPipeline.evaluate(AbstractPipeline.java:234)
	at java.base/java.util.stream.ReferencePipeline.forEach(ReferencePipeline.java:596)
	at java.base/java.util.stream.ReferencePipeline$7$1.accept(ReferencePipeline.java:276)
	at java.base/java.util.ArrayList$ArrayListSpliterator.forEachRemaining(ArrayList.java:1708)
	at java.base/java.util.stream.AbstractPipeline.copyInto(AbstractPipeline.java:509)
	at java.base/java.util.stream.AbstractPipeline.wrapAndCopyInto(AbstractPipeline.java:499)
	at java.base/java.util.stream.ForEachOps$ForEachOp.evaluateSequential(ForEachOps.java:151)
	at java.base/java.util.stream.ForEachOps$ForEachOp$OfRef.evaluateSequential(ForEachOps.java:174)
	at java.base/java.util.stream.AbstractPipeline.evaluate(AbstractPipeline.java:234)
	at java.base/java.util.stream.ReferencePipeline.forEach(ReferencePipeline.java:596)
	at java.base/java.util.stream.ReferencePipeline$7$1.accept(ReferencePipeline.java:276)
	at java.base/java.util.stream.ReferencePipeline$3$1.accept(ReferencePipeline.java:197)
	at java.base/java.util.stream.ReferencePipeline$3$1.accept(ReferencePipeline.java:197)
	at java.base/java.util.stream.ReferencePipeline$3$1.accept(ReferencePipeline.java:197)
	at java.base/java.util.AbstractList$RandomAccessSpliterator.forEachRemaining(AbstractList.java:722)
	at java.base/java.util.stream.AbstractPipeline.copyInto(AbstractPipeline.java:509)
	at java.base/java.util.stream.AbstractPipeline.wrapAndCopyInto(AbstractPipeline.java:499)
	at java.base/java.util.stream.ForEachOps$ForEachOp.evaluateSequential(ForEachOps.java:151)
	at java.base/java.util.stream.ForEachOps$ForEachOp$OfRef.evaluateSequential(ForEachOps.java:174)
	at java.base/java.util.stream.AbstractPipeline.evaluate(AbstractPipeline.java:234)
	at java.base/java.util.stream.ReferencePipeline.forEach(ReferencePipeline.java:596)
	at org.junit.jupiter.engine.descriptor.TemplateExecutor.executeForProvider(TemplateExecutor.java:57)
	at org.junit.jupiter.engine.descriptor.TemplateExecutor.execute(TemplateExecutor.java:46)
	at org.junit.jupiter.engine.descriptor.TestTemplateTestDescriptor.execute(TestTemplateTestDescriptor.java:112)
	at org.junit.jupiter.engine.descriptor.TestTemplateTestDescriptor.execute(TestTemplateTestDescriptor.java:40)
	at org.junit.platform.engine.support.hierarchical.NodeTestTask.lambda$executeRecursively$2(NodeTestTask.java:176)
	at org.junit.platform.engine.support.hierarchical.ThrowableCollector.execute(ThrowableCollector.java:74)
	at org.junit.platform.engine.support.hierarchical.NodeTestTask.lambda$executeRecursively$1(NodeTestTask.java:166)
	at org.junit.platform.engine.support.hierarchical.Node.around(Node.java:138)
	at org.junit.platform.engine.support.hierarchical.NodeTestTask.lambda$executeRecursively$0(NodeTestTask.java:164)
	at org.junit.platform.engine.support.hierarchical.ThrowableCollector.execute(ThrowableCollector.java:74)
	at org.junit.platform.engine.support.hierarchical.NodeTestTask.executeRecursively(NodeTestTask.java:163)
	at org.junit.platform.engine.support.hierarchical.NodeTestTask.execute(NodeTestTask.java:116)
	at java.base/java.util.ArrayList.forEach(ArrayList.java:1596)
	at org.junit.platform.engine.support.hierarchical.SameThreadHierarchicalTestExecutorService.invokeAll(SameThreadHierarchicalTestExecutorService.java:42)
	at org.junit.platform.engine.support.hierarchical.NodeTestTask.lambda$executeRecursively$2(NodeTestTask.java:180)
	at org.junit.platform.engine.support.hierarchical.ThrowableCollector.execute(ThrowableCollector.java:74)
	at org.junit.platform.engine.support.hierarchical.NodeTestTask.lambda$executeRecursively$1(NodeTestTask.java:166)
	at org.junit.platform.engine.support.hierarchical.Node.around(Node.java:138)
	at org.junit.platform.engine.support.hierarchical.NodeTestTask.lambda$executeRecursively$0(NodeTestTask.java:164)
	at org.junit.platform.engine.support.hierarchical.ThrowableCollector.execute(ThrowableCollector.java:74)
	at org.junit.platform.engine.support.hierarchical.NodeTestTask.executeRecursively(NodeTestTask.java:163)
	at org.junit.platform.engine.support.hierarchical.NodeTestTask.execute(NodeTestTask.java:116)
	at java.base/java.util.ArrayList.forEach(ArrayList.java:1596)
	at org.junit.platform.engine.support.hierarchical.SameThreadHierarchicalTestExecutorService.invokeAll(SameThreadHierarchicalTestExecutorService.java:42)
	at org.junit.platform.engine.support.hierarchical.NodeTestTask.lambda$executeRecursively$2(NodeTestTask.java:180)
	at org.junit.platform.engine.support.hierarchical.ThrowableCollector.execute(ThrowableCollector.java:74)
	at org.junit.platform.engine.support.hierarchical.NodeTestTask.lambda$executeRecursively$1(NodeTestTask.java:166)
	at org.junit.platform.engine.support.hierarchical.Node.around(Node.java:138)
	at org.junit.platform.engine.support.hierarchical.NodeTestTask.lambda$executeRecursively$0(NodeTestTask.java:164)
	at org.junit.platform.engine.support.hierarchical.ThrowableCollector.execute(ThrowableCollector.java:74)
	at org.junit.platform.engine.support.hierarchical.NodeTestTask.executeRecursively(NodeTestTask.java:163)
	at org.junit.platform.engine.support.hierarchical.NodeTestTask.execute(NodeTestTask.java:116)
	at org.junit.platform.engine.support.hierarchical.SameThreadHierarchicalTestExecutorService.submit(SameThreadHierarchicalTestExecutorService.java:36)
	at org.junit.platform.engine.support.hierarchical.HierarchicalTestExecutor.execute(HierarchicalTestExecutor.java:52)
	at org.junit.platform.engine.support.hierarchical.HierarchicalTestEngine.execute(HierarchicalTestEngine.java:58)
	at org.junit.platform.launcher.core.EngineExecutionOrchestrator.executeEngine(EngineExecutionOrchestrator.java:246)
	at org.junit.platform.launcher.core.EngineExecutionOrchestrator.failOrExecuteEngine(EngineExecutionOrchestrator.java:218)
	at org.junit.platform.launcher.core.EngineExecutionOrchestrator.execute(EngineExecutionOrchestrator.java:179)
	at org.junit.platform.launcher.core.EngineExecutionOrchestrator.execute(EngineExecutionOrchestrator.java:108)
	at org.junit.platform.launcher.core.EngineExecutionOrchestrator.lambda$execute$0(EngineExecutionOrchestrator.java:66)
	at org.junit.platform.launcher.core.EngineExecutionOrchestrator.withInterceptedStreams(EngineExecutionOrchestrator.java:157)
	at org.junit.platform.launcher.core.EngineExecutionOrchestrator.execute(EngineExecutionOrchestrator.java:65)
	at org.junit.platform.launcher.core.DefaultLauncher.execute(DefaultLauncher.java:125)
	at org.junit.platform.launcher.core.DefaultLauncher.execute(DefaultLauncher.java:114)
	at org.junit.platform.launcher.core.DelegatingLauncher.execute(DelegatingLauncher.java:58)
	at org.junit.platform.launcher.core.InterceptingLauncher.lambda$execute$2(InterceptingLauncher.java:57)
	at org.junit.platform.launcher.core.ClasspathAlignmentCheckingLauncherInterceptor.intercept(ClasspathAlignmentCheckingLauncherInterceptor.java:25)
	at org.junit.platform.launcher.core.InterceptingLauncher.execute(InterceptingLauncher.java:56)
	at org.junit.platform.launcher.core.DelegatingLauncher.execute(DelegatingLauncher.java:58)
	at java.base/jdk.internal.reflect.DirectMethodHandleAccessor.invoke(DirectMethodHandleAccessor.java:103)
	at java.base/java.lang.reflect.Method.invoke(Method.java:580)
	at org.apache.maven.surefire.api.util.ReflectionUtils.invokeMethodWithArray(ReflectionUtils.java:125)
	at org.apache.maven.surefire.junitplatform.LauncherAdapter.executeWithCancellationToken(LauncherAdapter.java:68)
	at org.apache.maven.surefire.junitplatform.LauncherAdapter.execute(LauncherAdapter.java:54)
	at org.apache.maven.surefire.junitplatform.JUnitPlatformProvider.execute(JUnitPlatformProvider.java:203)
	at org.apache.maven.surefire.junitplatform.JUnitPlatformProvider.invokeAllTests(JUnitPlatformProvider.java:168)
	at org.apache.maven.surefire.junitplatform.JUnitPlatformProvider.invoke(JUnitPlatformProvider.java:134)
	at org.apache.maven.surefire.booter.ForkedBooter.runSuitesInProcess(ForkedBooter.java:385)
	at org.apache.maven.surefire.booter.ForkedBooter.execute(ForkedBooter.java:162)
	at org.apache.maven.surefire.booter.ForkedBooter.run(ForkedBooter.java:507)
	at org.apache.maven.surefire.booter.ForkedBooter.main(ForkedBooter.java:495)
Caused by: com.mysql.cj.exceptions.CJCommunicationsException: Communications link failure

The last packet successfully received from the server was 4 milliseconds ago. The last packet sent successfully to the server was 4 milliseconds ago.
	at java.base/jdk.internal.reflect.DirectConstructorHandleAccessor.newInstance(DirectConstructorHandleAccessor.java:62)
	at java.base/java.lang.reflect.Constructor.newInstanceWithCaller(Constructor.java:502)
	at java.base/java.lang.reflect.Constructor.newInstance(Constructor.java:486)
	at com.mysql.cj.exceptions.ExceptionFactory.createException(ExceptionFactory.java:52)
	at com.mysql.cj.exceptions.ExceptionFactory.createException(ExceptionFactory.java:95)
	at com.mysql.cj.exceptions.ExceptionFactory.createException(ExceptionFactory.java:140)
	at com.mysql.cj.exceptions.ExceptionFactory.createCommunicationsException(ExceptionFactory.java:156)
	at com.mysql.cj.protocol.a.NativeProtocol.readMessage(NativeProtocol.java:590)
	at com.mysql.cj.protocol.a.NativeProtocol.checkErrorMessage(NativeProtocol.java:767)
	at com.mysql.cj.protocol.a.NativeProtocol.sendCommand(NativeProtocol.java:706)
	at com.mysql.cj.protocol.a.NativeProtocol.sendQueryPacket(NativeProtocol.java:938)
	at com.mysql.cj.NativeSession.execSQL(NativeSession.java:817)
	at com.mysql.cj.jdbc.ConnectionImpl.commit(ConnectionImpl.java:794)
	... 154 common frames omitted
Caused by: java.io.EOFException: Can not read response from server. Expected to read 4 bytes, read 0 bytes before connection was unexpectedly lost.
	at com.mysql.cj.protocol.FullReadInputStream.readFully(FullReadInputStream.java:58)
	at com.mysql.cj.protocol.a.SimplePacketReader.readHeaderLocal(SimplePacketReader.java:72)
	at com.mysql.cj.protocol.a.SimplePacketReader.readHeader(SimplePacketReader.java:54)
	at com.mysql.cj.protocol.a.SimplePacketReader.readHeader(SimplePacketReader.java:36)
	at com.mysql.cj.protocol.a.TimeTrackingPacketReader.readHeader(TimeTrackingPacketReader.java:43)
	at com.mysql.cj.protocol.a.TimeTrackingPacketReader.readHeader(TimeTrackingPacketReader.java:32)
	at com.mysql.cj.protocol.a.MultiPacketReader.readHeader(MultiPacketReader.java:45)
	at com.mysql.cj.protocol.a.MultiPacketReader.readHeader(MultiPacketReader.java:35)
	at com.mysql.cj.protocol.a.NativeProtocol.readMessage(NativeProtocol.java:584)
	... 159 common frames omitted
17:51:19.685 [main] ERROR com.baomidou.dynamic.datasource.tx.ConnectionProxy -- Communications link failure

The last packet successfully received from the server was 4 milliseconds ago. The last packet sent successfully to the server was 4 milliseconds ago.
com.mysql.cj.jdbc.exceptions.CommunicationsException: Communications link failure

The last packet successfully received from the server was 4 milliseconds ago. The last packet sent successfully to the server was 4 milliseconds ago.
	at com.mysql.cj.jdbc.exceptions.SQLError.createCommunicationsException(SQLError.java:165)
	at com.mysql.cj.jdbc.exceptions.SQLExceptionsMapping.translateException(SQLExceptionsMapping.java:55)
	at com.mysql.cj.jdbc.ConnectionImpl.commit(ConnectionImpl.java:814)
	at com.zaxxer.hikari.pool.ProxyConnection.commit(ProxyConnection.java:378)
	at com.zaxxer.hikari.pool.HikariProxyConnection.commit(HikariProxyConnection.java)
	at java.base/jdk.internal.reflect.DirectMethodHandleAccessor.invoke(DirectMethodHandleAccessor.java:103)
	at java.base/java.lang.reflect.Method.invoke(Method.java:580)
	at org.namewta.test.notify.NotifyAtomicResultIntegrationTest$1.lambda$getConnection$0(NotifyAtomicResultIntegrationTest.java:123)
	at jdk.proxy2/jdk.proxy2.$Proxy131.commit(Unknown Source)
	at com.baomidou.dynamic.datasource.tx.ConnectionProxy.notify(ConnectionProxy.java:62)
	at com.baomidou.dynamic.datasource.tx.ConnectionFactory.notify(ConnectionFactory.java:153)
	at com.baomidou.dynamic.datasource.tx.LocalTxUtil.commit(LocalTxUtil.java:91)
	at com.baomidou.dynamic.datasource.tx.TransactionalTemplate.doExecute(TransactionalTemplate.java:126)
	at com.baomidou.dynamic.datasource.tx.TransactionalTemplate.execute(TransactionalTemplate.java:94)
	at com.baomidou.dynamic.datasource.aop.DynamicLocalTransactionInterceptor.invoke(DynamicLocalTransactionInterceptor.java:59)
	at org.springframework.aop.framework.ReflectiveMethodInvocation.proceed(ReflectiveMethodInvocation.java:179)
	at org.springframework.aop.framework.CglibAopProxy$DynamicAdvisedInterceptor.intercept(CglibAopProxy.java:719)
	at org.namewta.notify.usecase.NotifyDispatchResultUseCase$$SpringCGLIB$$15.completeInApp(<generated>)
	at org.namewta.notify.service.runtime.DispatchNotificationService.dispatchInApp(DispatchNotificationService.java:223)
	at org.namewta.notify.service.runtime.DispatchNotificationService.dispatch(DispatchNotificationService.java:92)
	at org.namewta.test.notify.NotifyAtomicResultIntegrationTest.lambda$uncertainResultCommitUsesDurableFactsToPreventDuplicateInbox$17(NotifyAtomicResultIntegrationTest.java:521)
	at org.assertj.core.api.ThrowableAssert.catchThrowable(ThrowableAssert.java:66)
	at org.assertj.core.api.AssertionsForClassTypes.catchThrowable(AssertionsForClassTypes.java:908)
	at org.assertj.core.api.Assertions.catchThrowable(Assertions.java:1476)
	at org.assertj.core.api.Assertions.assertThatThrownBy(Assertions.java:1319)
	at org.namewta.test.notify.NotifyAtomicResultIntegrationTest.uncertainResultCommitUsesDurableFactsToPreventDuplicateInbox(NotifyAtomicResultIntegrationTest.java:521)
	at java.base/jdk.internal.reflect.DirectMethodHandleAccessor.invoke(DirectMethodHandleAccessor.java:103)
	at java.base/java.lang.reflect.Method.invoke(Method.java:580)
	at org.junit.platform.commons.util.ReflectionUtils.invokeMethod(ReflectionUtils.java:701)
	at org.junit.platform.commons.support.ReflectionSupport.invokeMethod(ReflectionSupport.java:502)
	at org.junit.jupiter.engine.support.MethodReflectionUtils.invoke(MethodReflectionUtils.java:45)
	at org.junit.jupiter.engine.execution.MethodInvocation.proceed(MethodInvocation.java:61)
	at org.junit.jupiter.engine.execution.InvocationInterceptorChain$ValidatingInvocation.proceed(InvocationInterceptorChain.java:124)
	at org.junit.jupiter.engine.extension.TimeoutExtension.intercept(TimeoutExtension.java:163)
	at org.junit.jupiter.engine.extension.TimeoutExtension.interceptTestableMethod(TimeoutExtension.java:148)
	at org.junit.jupiter.engine.extension.TimeoutExtension.interceptTestTemplateMethod(TimeoutExtension.java:94)
	at org.junit.jupiter.engine.execution.InterceptingExecutableInvoker$ReflectiveInterceptorCall.lambda$ofVoidMethod$0(InterceptingExecutableInvoker.java:123)
	at org.junit.jupiter.engine.execution.InterceptingExecutableInvoker.lambda$invoke$0(InterceptingExecutableInvoker.java:105)
	at org.junit.jupiter.engine.execution.InvocationInterceptorChain$InterceptedInvocation.proceed(InvocationInterceptorChain.java:99)
	at org.junit.jupiter.engine.execution.InvocationInterceptorChain.proceed(InvocationInterceptorChain.java:66)
	at org.junit.jupiter.engine.execution.InvocationInterceptorChain.chainAndInvoke(InvocationInterceptorChain.java:47)
	at org.junit.jupiter.engine.execution.InvocationInterceptorChain.invoke(InvocationInterceptorChain.java:39)
	at org.junit.jupiter.engine.execution.InterceptingExecutableInvoker.invoke(InterceptingExecutableInvoker.java:104)
	at org.junit.jupiter.engine.execution.InterceptingExecutableInvoker.invoke(InterceptingExecutableInvoker.java:98)
	at org.junit.jupiter.engine.execution.InterceptingExecutableInvoker.invokeVoid(InterceptingExecutableInvoker.java:71)
	at org.junit.jupiter.engine.descriptor.TestMethodTestDescriptor.lambda$invokeTestMethod$0(TestMethodTestDescriptor.java:219)
	at org.junit.platform.engine.support.hierarchical.ThrowableCollector.execute(ThrowableCollector.java:74)
	at org.junit.jupiter.engine.descriptor.TestMethodTestDescriptor.invokeTestMethod(TestMethodTestDescriptor.java:215)
	at org.junit.jupiter.engine.descriptor.TestMethodTestDescriptor.execute(TestMethodTestDescriptor.java:157)
	at org.junit.jupiter.engine.descriptor.TestMethodTestDescriptor.execute(TestMethodTestDescriptor.java:70)
	at org.junit.platform.engine.support.hierarchical.NodeTestTask.lambda$executeRecursively$2(NodeTestTask.java:176)
	at org.junit.platform.engine.support.hierarchical.ThrowableCollector.execute(ThrowableCollector.java:74)
	at org.junit.platform.engine.support.hierarchical.NodeTestTask.lambda$executeRecursively$1(NodeTestTask.java:166)
	at org.junit.platform.engine.support.hierarchical.Node.around(Node.java:138)
	at org.junit.platform.engine.support.hierarchical.NodeTestTask.lambda$executeRecursively$0(NodeTestTask.java:164)
	at org.junit.platform.engine.support.hierarchical.ThrowableCollector.execute(ThrowableCollector.java:74)
	at org.junit.platform.engine.support.hierarchical.NodeTestTask.executeRecursively(NodeTestTask.java:163)
	at org.junit.platform.engine.support.hierarchical.NodeTestTask.execute(NodeTestTask.java:116)
	at org.junit.platform.engine.support.hierarchical.SameThreadHierarchicalTestExecutorService.submit(SameThreadHierarchicalTestExecutorService.java:36)
	at org.junit.platform.engine.support.hierarchical.NodeTestTask$DefaultDynamicTestExecutor.execute(NodeTestTask.java:268)
	at org.junit.platform.engine.support.hierarchical.NodeTestTask$DefaultDynamicTestExecutor.execute(NodeTestTask.java:246)
	at org.junit.jupiter.engine.descriptor.TemplateExecutor.execute(TemplateExecutor.java:96)
	at org.junit.jupiter.engine.descriptor.TemplateExecutor.lambda$executeForProvider$1(TemplateExecutor.java:59)
	at java.base/java.util.Optional.ifPresent(Optional.java:178)
	at org.junit.jupiter.engine.descriptor.TemplateExecutor.lambda$executeForProvider$0(TemplateExecutor.java:59)
	at java.base/java.util.stream.ForEachOps$ForEachOp$OfRef.accept(ForEachOps.java:184)
	at java.base/java.util.stream.ReferencePipeline$3$1.accept(ReferencePipeline.java:197)
	at java.base/java.util.stream.ForEachOps$ForEachOp$OfRef.accept(ForEachOps.java:184)
	at java.base/java.util.stream.ForEachOps$ForEachOp$OfRef.accept(ForEachOps.java:184)
	at java.base/java.util.stream.ReferencePipeline$3$1.accept(ReferencePipeline.java:197)
	at java.base/java.util.Spliterators$ArraySpliterator.forEachRemaining(Spliterators.java:1024)
	at java.base/java.util.stream.AbstractPipeline.copyInto(AbstractPipeline.java:509)
	at java.base/java.util.stream.AbstractPipeline.wrapAndCopyInto(AbstractPipeline.java:499)
	at java.base/java.util.stream.ForEachOps$ForEachOp.evaluateSequential(ForEachOps.java:151)
	at java.base/java.util.stream.ForEachOps$ForEachOp$OfRef.evaluateSequential(ForEachOps.java:174)
	at java.base/java.util.stream.AbstractPipeline.evaluate(AbstractPipeline.java:234)
	at java.base/java.util.stream.ReferencePipeline.forEach(ReferencePipeline.java:596)
	at java.base/java.util.stream.ReferencePipeline$7$1.accept(ReferencePipeline.java:276)
	at java.base/java.util.ArrayList$ArrayListSpliterator.forEachRemaining(ArrayList.java:1708)
	at java.base/java.util.stream.AbstractPipeline.copyInto(AbstractPipeline.java:509)
	at java.base/java.util.stream.AbstractPipeline.wrapAndCopyInto(AbstractPipeline.java:499)
	at java.base/java.util.stream.ForEachOps$ForEachOp.evaluateSequential(ForEachOps.java:151)
	at java.base/java.util.stream.ForEachOps$ForEachOp$OfRef.evaluateSequential(ForEachOps.java:174)
	at java.base/java.util.stream.AbstractPipeline.evaluate(AbstractPipeline.java:234)
	at java.base/java.util.stream.ReferencePipeline.forEach(ReferencePipeline.java:596)
	at java.base/java.util.stream.ReferencePipeline$7$1.accept(ReferencePipeline.java:276)
	at java.base/java.util.stream.ReferencePipeline$3$1.accept(ReferencePipeline.java:197)
	at java.base/java.util.stream.ReferencePipeline$3$1.accept(ReferencePipeline.java:197)
	at java.base/java.util.stream.ReferencePipeline$3$1.accept(ReferencePipeline.java:197)
	at java.base/java.util.AbstractList$RandomAccessSpliterator.forEachRemaining(AbstractList.java:722)
	at java.base/java.util.stream.AbstractPipeline.copyInto(AbstractPipeline.java:509)
	at java.base/java.util.stream.AbstractPipeline.wrapAndCopyInto(AbstractPipeline.java:499)
	at java.base/java.util.stream.ForEachOps$ForEachOp.evaluateSequential(ForEachOps.java:151)
	at java.base/java.util.stream.ForEachOps$ForEachOp$OfRef.evaluateSequential(ForEachOps.java:174)
	at java.base/java.util.stream.AbstractPipeline.evaluate(AbstractPipeline.java:234)
	at java.base/java.util.stream.ReferencePipeline.forEach(ReferencePipeline.java:596)
	at org.junit.jupiter.engine.descriptor.TemplateExecutor.executeForProvider(TemplateExecutor.java:57)
	at org.junit.jupiter.engine.descriptor.TemplateExecutor.execute(TemplateExecutor.java:46)
	at org.junit.jupiter.engine.descriptor.TestTemplateTestDescriptor.execute(TestTemplateTestDescriptor.java:112)
	at org.junit.jupiter.engine.descriptor.TestTemplateTestDescriptor.execute(TestTemplateTestDescriptor.java:40)
	at org.junit.platform.engine.support.hierarchical.NodeTestTask.lambda$executeRecursively$2(NodeTestTask.java:176)
	at org.junit.platform.engine.support.hierarchical.ThrowableCollector.execute(ThrowableCollector.java:74)
	at org.junit.platform.engine.support.hierarchical.NodeTestTask.lambda$executeRecursively$1(NodeTestTask.java:166)
	at org.junit.platform.engine.support.hierarchical.Node.around(Node.java:138)
	at org.junit.platform.engine.support.hierarchical.NodeTestTask.lambda$executeRecursively$0(NodeTestTask.java:164)
	at org.junit.platform.engine.support.hierarchical.ThrowableCollector.execute(ThrowableCollector.java:74)
	at org.junit.platform.engine.support.hierarchical.NodeTestTask.executeRecursively(NodeTestTask.java:163)
	at org.junit.platform.engine.support.hierarchical.NodeTestTask.execute(NodeTestTask.java:116)
	at java.base/java.util.ArrayList.forEach(ArrayList.java:1596)
	at org.junit.platform.engine.support.hierarchical.SameThreadHierarchicalTestExecutorService.invokeAll(SameThreadHierarchicalTestExecutorService.java:42)
	at org.junit.platform.engine.support.hierarchical.NodeTestTask.lambda$executeRecursively$2(NodeTestTask.java:180)
	at org.junit.platform.engine.support.hierarchical.ThrowableCollector.execute(ThrowableCollector.java:74)
	at org.junit.platform.engine.support.hierarchical.NodeTestTask.lambda$executeRecursively$1(NodeTestTask.java:166)
	at org.junit.platform.engine.support.hierarchical.Node.around(Node.java:138)
	at org.junit.platform.engine.support.hierarchical.NodeTestTask.lambda$executeRecursively$0(NodeTestTask.java:164)
	at org.junit.platform.engine.support.hierarchical.ThrowableCollector.execute(ThrowableCollector.java:74)
	at org.junit.platform.engine.support.hierarchical.NodeTestTask.executeRecursively(NodeTestTask.java:163)
	at org.junit.platform.engine.support.hierarchical.NodeTestTask.execute(NodeTestTask.java:116)
	at java.base/java.util.ArrayList.forEach(ArrayList.java:1596)
	at org.junit.platform.engine.support.hierarchical.SameThreadHierarchicalTestExecutorService.invokeAll(SameThreadHierarchicalTestExecutorService.java:42)
	at org.junit.platform.engine.support.hierarchical.NodeTestTask.lambda$executeRecursively$2(NodeTestTask.java:180)
	at org.junit.platform.engine.support.hierarchical.ThrowableCollector.execute(ThrowableCollector.java:74)
	at org.junit.platform.engine.support.hierarchical.NodeTestTask.lambda$executeRecursively$1(NodeTestTask.java:166)
	at org.junit.platform.engine.support.hierarchical.Node.around(Node.java:138)
	at org.junit.platform.engine.support.hierarchical.NodeTestTask.lambda$executeRecursively$0(NodeTestTask.java:164)
	at org.junit.platform.engine.support.hierarchical.ThrowableCollector.execute(ThrowableCollector.java:74)
	at org.junit.platform.engine.support.hierarchical.NodeTestTask.executeRecursively(NodeTestTask.java:163)
	at org.junit.platform.engine.support.hierarchical.NodeTestTask.execute(NodeTestTask.java:116)
	at org.junit.platform.engine.support.hierarchical.SameThreadHierarchicalTestExecutorService.submit(SameThreadHierarchicalTestExecutorService.java:36)
	at org.junit.platform.engine.support.hierarchical.HierarchicalTestExecutor.execute(HierarchicalTestExecutor.java:52)
	at org.junit.platform.engine.support.hierarchical.HierarchicalTestEngine.execute(HierarchicalTestEngine.java:58)
	at org.junit.platform.launcher.core.EngineExecutionOrchestrator.executeEngine(EngineExecutionOrchestrator.java:246)
	at org.junit.platform.launcher.core.EngineExecutionOrchestrator.failOrExecuteEngine(EngineExecutionOrchestrator.java:218)
	at org.junit.platform.launcher.core.EngineExecutionOrchestrator.execute(EngineExecutionOrchestrator.java:179)
	at org.junit.platform.launcher.core.EngineExecutionOrchestrator.execute(EngineExecutionOrchestrator.java:108)
	at org.junit.platform.launcher.core.EngineExecutionOrchestrator.lambda$execute$0(EngineExecutionOrchestrator.java:66)
	at org.junit.platform.launcher.core.EngineExecutionOrchestrator.withInterceptedStreams(EngineExecutionOrchestrator.java:157)
	at org.junit.platform.launcher.core.EngineExecutionOrchestrator.execute(EngineExecutionOrchestrator.java:65)
	at org.junit.platform.launcher.core.DefaultLauncher.execute(DefaultLauncher.java:125)
	at org.junit.platform.launcher.core.DefaultLauncher.execute(DefaultLauncher.java:114)
	at org.junit.platform.launcher.core.DelegatingLauncher.execute(DelegatingLauncher.java:58)
	at org.junit.platform.launcher.core.InterceptingLauncher.lambda$execute$2(InterceptingLauncher.java:57)
	at org.junit.platform.launcher.core.ClasspathAlignmentCheckingLauncherInterceptor.intercept(ClasspathAlignmentCheckingLauncherInterceptor.java:25)
	at org.junit.platform.launcher.core.InterceptingLauncher.execute(InterceptingLauncher.java:56)
	at org.junit.platform.launcher.core.DelegatingLauncher.execute(DelegatingLauncher.java:58)
	at java.base/jdk.internal.reflect.DirectMethodHandleAccessor.invoke(DirectMethodHandleAccessor.java:103)
	at java.base/java.lang.reflect.Method.invoke(Method.java:580)
	at org.apache.maven.surefire.api.util.ReflectionUtils.invokeMethodWithArray(ReflectionUtils.java:125)
	at org.apache.maven.surefire.junitplatform.LauncherAdapter.executeWithCancellationToken(LauncherAdapter.java:68)
	at org.apache.maven.surefire.junitplatform.LauncherAdapter.execute(LauncherAdapter.java:54)
	at org.apache.maven.surefire.junitplatform.JUnitPlatformProvider.execute(JUnitPlatformProvider.java:203)
	at org.apache.maven.surefire.junitplatform.JUnitPlatformProvider.invokeAllTests(JUnitPlatformProvider.java:168)
	at org.apache.maven.surefire.junitplatform.JUnitPlatformProvider.invoke(JUnitPlatformProvider.java:134)
	at org.apache.maven.surefire.booter.ForkedBooter.runSuitesInProcess(ForkedBooter.java:385)
	at org.apache.maven.surefire.booter.ForkedBooter.execute(ForkedBooter.java:162)
	at org.apache.maven.surefire.booter.ForkedBooter.run(ForkedBooter.java:507)
	at org.apache.maven.surefire.booter.ForkedBooter.main(ForkedBooter.java:495)
Caused by: com.mysql.cj.exceptions.CJCommunicationsException: Communications link failure

The last packet successfully received from the server was 4 milliseconds ago. The last packet sent successfully to the server was 4 milliseconds ago.
	at java.base/jdk.internal.reflect.DirectConstructorHandleAccessor.newInstance(DirectConstructorHandleAccessor.java:62)
	at java.base/java.lang.reflect.Constructor.newInstanceWithCaller(Constructor.java:502)
	at java.base/java.lang.reflect.Constructor.newInstance(Constructor.java:486)
	at com.mysql.cj.exceptions.ExceptionFactory.createException(ExceptionFactory.java:52)
	at com.mysql.cj.exceptions.ExceptionFactory.createException(ExceptionFactory.java:95)
	at com.mysql.cj.exceptions.ExceptionFactory.createException(ExceptionFactory.java:140)
	at com.mysql.cj.exceptions.ExceptionFactory.createCommunicationsException(ExceptionFactory.java:156)
	at com.mysql.cj.protocol.a.NativeProtocol.readMessage(NativeProtocol.java:590)
	at com.mysql.cj.protocol.a.NativeProtocol.checkErrorMessage(NativeProtocol.java:767)
	at com.mysql.cj.protocol.a.NativeProtocol.sendCommand(NativeProtocol.java:706)
	at com.mysql.cj.protocol.a.NativeProtocol.sendQueryPacket(NativeProtocol.java:938)
	at com.mysql.cj.NativeSession.execSQL(NativeSession.java:817)
	at com.mysql.cj.jdbc.ConnectionImpl.commit(ConnectionImpl.java:794)
	... 154 common frames omitted
Caused by: java.io.EOFException: Can not read response from server. Expected to read 4 bytes, read 0 bytes before connection was unexpectedly lost.
	at com.mysql.cj.protocol.FullReadInputStream.readFully(FullReadInputStream.java:58)
	at com.mysql.cj.protocol.a.SimplePacketReader.readHeaderLocal(SimplePacketReader.java:72)
	at com.mysql.cj.protocol.a.SimplePacketReader.readHeader(SimplePacketReader.java:54)
	at com.mysql.cj.protocol.a.SimplePacketReader.readHeader(SimplePacketReader.java:36)
	at com.mysql.cj.protocol.a.TimeTrackingPacketReader.readHeader(TimeTrackingPacketReader.java:43)
	at com.mysql.cj.protocol.a.TimeTrackingPacketReader.readHeader(TimeTrackingPacketReader.java:32)
	at com.mysql.cj.protocol.a.MultiPacketReader.readHeader(MultiPacketReader.java:45)
	at com.mysql.cj.protocol.a.MultiPacketReader.readHeader(MultiPacketReader.java:35)
	at com.mysql.cj.protocol.a.NativeProtocol.readMessage(NativeProtocol.java:584)
	... 159 common frames omitted
17:51:19.739 [main] WARN org.namewta.notify.adapter.event.InAppCommittedPushListener -- 站内实时提示失败，messageId=9220001, reason=IllegalStateException
17:51:19.794 [main] WARN org.namewta.notify.adapter.event.InAppCommittedPushListener -- 站内实时提示失败，messageId=9220001, reason=IllegalStateException
17:51:19.809 [main] INFO com.baomidou.dynamic.datasource.DynamicRoutingDataSource -- dynamic-datasource start closing ....
17:51:19.809 [main] INFO com.baomidou.dynamic.datasource.DynamicRoutingDataSource -- dynamic-datasource all closed success,bye
17:51:19.809 [main] INFO com.zaxxer.hikari.HikariDataSource -- HikariPool-16 - Shutdown initiated...
17:51:19.813 [main] INFO com.zaxxer.hikari.HikariDataSource -- HikariPool-16 - Shutdown completed.
17:51:19.815 [main] INFO com.baomidou.dynamic.datasource.DynamicRoutingDataSource -- dynamic-datasource - add a datasource named [master] success
17:51:19.905 [main] INFO org.redisson.Version -- Redisson 4.6.1
17:51:19.909 [redisson-netty-50-2] INFO org.redisson.connection.ConnectionsHolder -- 1 connections initialized for 127.0.0.1/127.0.0.1:32906
17:51:19.909 [redisson-netty-50-1] INFO org.redisson.connection.ConnectionsHolder -- 1 connections initialized for 127.0.0.1/127.0.0.1:32906
17:51:19.929 [main] INFO com.zaxxer.hikari.HikariDataSource -- HikariPool-17 - Starting...
17:51:19.933 [main] INFO com.zaxxer.hikari.pool.HikariPool -- HikariPool-17 - Added connection com.mysql.cj.jdbc.ConnectionImpl@69676b9c
17:51:19.933 [main] INFO com.zaxxer.hikari.HikariDataSource -- HikariPool-17 - Start completed.
17:51:19.982 [main] ERROR com.baomidou.dynamic.datasource.tx.ConnectionProxy -- owned lost commit acknowledgement
java.sql.SQLRecoverableException: owned lost commit acknowledgement
	at org.namewta.test.notify.NotifyAtomicResultIntegrationTest$1.lambda$getConnection$0(NotifyAtomicResultIntegrationTest.java:120)
	at jdk.proxy2/jdk.proxy2.$Proxy131.commit(Unknown Source)
	at com.baomidou.dynamic.datasource.tx.ConnectionProxy.notify(ConnectionProxy.java:62)
	at com.baomidou.dynamic.datasource.tx.ConnectionFactory.notify(ConnectionFactory.java:153)
	at com.baomidou.dynamic.datasource.tx.LocalTxUtil.commit(LocalTxUtil.java:91)
	at com.baomidou.dynamic.datasource.tx.TransactionalTemplate.doExecute(TransactionalTemplate.java:126)
	at com.baomidou.dynamic.datasource.tx.TransactionalTemplate.execute(TransactionalTemplate.java:94)
	at com.baomidou.dynamic.datasource.aop.DynamicLocalTransactionInterceptor.invoke(DynamicLocalTransactionInterceptor.java:59)
	at org.springframework.aop.framework.ReflectiveMethodInvocation.proceed(ReflectiveMethodInvocation.java:179)
	at org.springframework.aop.framework.CglibAopProxy$DynamicAdvisedInterceptor.intercept(CglibAopProxy.java:719)
	at org.namewta.notify.usecase.NotifyDispatchResultUseCase$$SpringCGLIB$$16.completeInApp(<generated>)
	at org.namewta.notify.service.runtime.DispatchNotificationService.dispatchInApp(DispatchNotificationService.java:223)
	at org.namewta.notify.service.runtime.DispatchNotificationService.dispatch(DispatchNotificationService.java:92)
	at org.namewta.test.notify.NotifyAtomicResultIntegrationTest.lambda$uncertainResultCommitUsesDurableFactsToPreventDuplicateInbox$17(NotifyAtomicResultIntegrationTest.java:521)
	at org.assertj.core.api.ThrowableAssert.catchThrowable(ThrowableAssert.java:66)
	at org.assertj.core.api.AssertionsForClassTypes.catchThrowable(AssertionsForClassTypes.java:908)
	at org.assertj.core.api.Assertions.catchThrowable(Assertions.java:1476)
	at org.assertj.core.api.Assertions.assertThatThrownBy(Assertions.java:1319)
	at org.namewta.test.notify.NotifyAtomicResultIntegrationTest.uncertainResultCommitUsesDurableFactsToPreventDuplicateInbox(NotifyAtomicResultIntegrationTest.java:521)
	at java.base/jdk.internal.reflect.DirectMethodHandleAccessor.invoke(DirectMethodHandleAccessor.java:103)
	at java.base/java.lang.reflect.Method.invoke(Method.java:580)
	at org.junit.platform.commons.util.ReflectionUtils.invokeMethod(ReflectionUtils.java:701)
	at org.junit.platform.commons.support.ReflectionSupport.invokeMethod(ReflectionSupport.java:502)
	at org.junit.jupiter.engine.support.MethodReflectionUtils.invoke(MethodReflectionUtils.java:45)
	at org.junit.jupiter.engine.execution.MethodInvocation.proceed(MethodInvocation.java:61)
	at org.junit.jupiter.engine.execution.InvocationInterceptorChain$ValidatingInvocation.proceed(InvocationInterceptorChain.java:124)
	at org.junit.jupiter.engine.extension.TimeoutExtension.intercept(TimeoutExtension.java:163)
	at org.junit.jupiter.engine.extension.TimeoutExtension.interceptTestableMethod(TimeoutExtension.java:148)
	at org.junit.jupiter.engine.extension.TimeoutExtension.interceptTestTemplateMethod(TimeoutExtension.java:94)
	at org.junit.jupiter.engine.execution.InterceptingExecutableInvoker$ReflectiveInterceptorCall.lambda$ofVoidMethod$0(InterceptingExecutableInvoker.java:123)
	at org.junit.jupiter.engine.execution.InterceptingExecutableInvoker.lambda$invoke$0(InterceptingExecutableInvoker.java:105)
	at org.junit.jupiter.engine.execution.InvocationInterceptorChain$InterceptedInvocation.proceed(InvocationInterceptorChain.java:99)
	at org.junit.jupiter.engine.execution.InvocationInterceptorChain.proceed(InvocationInterceptorChain.java:66)
	at org.junit.jupiter.engine.execution.InvocationInterceptorChain.chainAndInvoke(InvocationInterceptorChain.java:47)
	at org.junit.jupiter.engine.execution.InvocationInterceptorChain.invoke(InvocationInterceptorChain.java:39)
	at org.junit.jupiter.engine.execution.InterceptingExecutableInvoker.invoke(InterceptingExecutableInvoker.java:104)
	at org.junit.jupiter.engine.execution.InterceptingExecutableInvoker.invoke(InterceptingExecutableInvoker.java:98)
	at org.junit.jupiter.engine.execution.InterceptingExecutableInvoker.invokeVoid(InterceptingExecutableInvoker.java:71)
	at org.junit.jupiter.engine.descriptor.TestMethodTestDescriptor.lambda$invokeTestMethod$0(TestMethodTestDescriptor.java:219)
	at org.junit.platform.engine.support.hierarchical.ThrowableCollector.execute(ThrowableCollector.java:74)
	at org.junit.jupiter.engine.descriptor.TestMethodTestDescriptor.invokeTestMethod(TestMethodTestDescriptor.java:215)
	at org.junit.jupiter.engine.descriptor.TestMethodTestDescriptor.execute(TestMethodTestDescriptor.java:157)
	at org.junit.jupiter.engine.descriptor.TestMethodTestDescriptor.execute(TestMethodTestDescriptor.java:70)
	at org.junit.platform.engine.support.hierarchical.NodeTestTask.lambda$executeRecursively$2(NodeTestTask.java:176)
	at org.junit.platform.engine.support.hierarchical.ThrowableCollector.execute(ThrowableCollector.java:74)
	at org.junit.platform.engine.support.hierarchical.NodeTestTask.lambda$executeRecursively$1(NodeTestTask.java:166)
	at org.junit.platform.engine.support.hierarchical.Node.around(Node.java:138)
	at org.junit.platform.engine.support.hierarchical.NodeTestTask.lambda$executeRecursively$0(NodeTestTask.java:164)
	at org.junit.platform.engine.support.hierarchical.ThrowableCollector.execute(ThrowableCollector.java:74)
	at org.junit.platform.engine.support.hierarchical.NodeTestTask.executeRecursively(NodeTestTask.java:163)
	at org.junit.platform.engine.support.hierarchical.NodeTestTask.execute(NodeTestTask.java:116)
	at org.junit.platform.engine.support.hierarchical.SameThreadHierarchicalTestExecutorService.submit(SameThreadHierarchicalTestExecutorService.java:36)
	at org.junit.platform.engine.support.hierarchical.NodeTestTask$DefaultDynamicTestExecutor.execute(NodeTestTask.java:268)
	at org.junit.platform.engine.support.hierarchical.NodeTestTask$DefaultDynamicTestExecutor.execute(NodeTestTask.java:246)
	at org.junit.jupiter.engine.descriptor.TemplateExecutor.execute(TemplateExecutor.java:96)
	at org.junit.jupiter.engine.descriptor.TemplateExecutor.lambda$executeForProvider$1(TemplateExecutor.java:59)
	at java.base/java.util.Optional.ifPresent(Optional.java:178)
	at org.junit.jupiter.engine.descriptor.TemplateExecutor.lambda$executeForProvider$0(TemplateExecutor.java:59)
	at java.base/java.util.stream.ForEachOps$ForEachOp$OfRef.accept(ForEachOps.java:184)
	at java.base/java.util.stream.ReferencePipeline$3$1.accept(ReferencePipeline.java:197)
	at java.base/java.util.stream.ForEachOps$ForEachOp$OfRef.accept(ForEachOps.java:184)
	at java.base/java.util.stream.ForEachOps$ForEachOp$OfRef.accept(ForEachOps.java:184)
	at java.base/java.util.stream.ReferencePipeline$3$1.accept(ReferencePipeline.java:197)
	at java.base/java.util.Spliterators$ArraySpliterator.forEachRemaining(Spliterators.java:1024)
	at java.base/java.util.stream.AbstractPipeline.copyInto(AbstractPipeline.java:509)
	at java.base/java.util.stream.AbstractPipeline.wrapAndCopyInto(AbstractPipeline.java:499)
	at java.base/java.util.stream.ForEachOps$ForEachOp.evaluateSequential(ForEachOps.java:151)
	at java.base/java.util.stream.ForEachOps$ForEachOp$OfRef.evaluateSequential(ForEachOps.java:174)
	at java.base/java.util.stream.AbstractPipeline.evaluate(AbstractPipeline.java:234)
	at java.base/java.util.stream.ReferencePipeline.forEach(ReferencePipeline.java:596)
	at java.base/java.util.stream.ReferencePipeline$7$1.accept(ReferencePipeline.java:276)
	at java.base/java.util.ArrayList$ArrayListSpliterator.forEachRemaining(ArrayList.java:1708)
	at java.base/java.util.stream.AbstractPipeline.copyInto(AbstractPipeline.java:509)
	at java.base/java.util.stream.AbstractPipeline.wrapAndCopyInto(AbstractPipeline.java:499)
	at java.base/java.util.stream.ForEachOps$ForEachOp.evaluateSequential(ForEachOps.java:151)
	at java.base/java.util.stream.ForEachOps$ForEachOp$OfRef.evaluateSequential(ForEachOps.java:174)
	at java.base/java.util.stream.AbstractPipeline.evaluate(AbstractPipeline.java:234)
	at java.base/java.util.stream.ReferencePipeline.forEach(ReferencePipeline.java:596)
	at java.base/java.util.stream.ReferencePipeline$7$1.accept(ReferencePipeline.java:276)
	at java.base/java.util.stream.ReferencePipeline$3$1.accept(ReferencePipeline.java:197)
	at java.base/java.util.stream.ReferencePipeline$3$1.accept(ReferencePipeline.java:197)
	at java.base/java.util.stream.ReferencePipeline$3$1.accept(ReferencePipeline.java:197)
	at java.base/java.util.AbstractList$RandomAccessSpliterator.forEachRemaining(AbstractList.java:722)
	at java.base/java.util.stream.AbstractPipeline.copyInto(AbstractPipeline.java:509)
	at java.base/java.util.stream.AbstractPipeline.wrapAndCopyInto(AbstractPipeline.java:499)
	at java.base/java.util.stream.ForEachOps$ForEachOp.evaluateSequential(ForEachOps.java:151)
	at java.base/java.util.stream.ForEachOps$ForEachOp$OfRef.evaluateSequential(ForEachOps.java:174)
	at java.base/java.util.stream.AbstractPipeline.evaluate(AbstractPipeline.java:234)
	at java.base/java.util.stream.ReferencePipeline.forEach(ReferencePipeline.java:596)
	at org.junit.jupiter.engine.descriptor.TemplateExecutor.executeForProvider(TemplateExecutor.java:57)
	at org.junit.jupiter.engine.descriptor.TemplateExecutor.execute(TemplateExecutor.java:46)
	at org.junit.jupiter.engine.descriptor.TestTemplateTestDescriptor.execute(TestTemplateTestDescriptor.java:112)
	at org.junit.jupiter.engine.descriptor.TestTemplateTestDescriptor.execute(TestTemplateTestDescriptor.java:40)
	at org.junit.platform.engine.support.hierarchical.NodeTestTask.lambda$executeRecursively$2(NodeTestTask.java:176)
	at org.junit.platform.engine.support.hierarchical.ThrowableCollector.execute(ThrowableCollector.java:74)
	at org.junit.platform.engine.support.hierarchical.NodeTestTask.lambda$executeRecursively$1(NodeTestTask.java:166)
	at org.junit.platform.engine.support.hierarchical.Node.around(Node.java:138)
	at org.junit.platform.engine.support.hierarchical.NodeTestTask.lambda$executeRecursively$0(NodeTestTask.java:164)
	at org.junit.platform.engine.support.hierarchical.ThrowableCollector.execute(ThrowableCollector.java:74)
	at org.junit.platform.engine.support.hierarchical.NodeTestTask.executeRecursively(NodeTestTask.java:163)
	at org.junit.platform.engine.support.hierarchical.NodeTestTask.execute(NodeTestTask.java:116)
	at java.base/java.util.ArrayList.forEach(ArrayList.java:1596)
	at org.junit.platform.engine.support.hierarchical.SameThreadHierarchicalTestExecutorService.invokeAll(SameThreadHierarchicalTestExecutorService.java:42)
	at org.junit.platform.engine.support.hierarchical.NodeTestTask.lambda$executeRecursively$2(NodeTestTask.java:180)
	at org.junit.platform.engine.support.hierarchical.ThrowableCollector.execute(ThrowableCollector.java:74)
	at org.junit.platform.engine.support.hierarchical.NodeTestTask.lambda$executeRecursively$1(NodeTestTask.java:166)
	at org.junit.platform.engine.support.hierarchical.Node.around(Node.java:138)
	at org.junit.platform.engine.support.hierarchical.NodeTestTask.lambda$executeRecursively$0(NodeTestTask.java:164)
	at org.junit.platform.engine.support.hierarchical.ThrowableCollector.execute(ThrowableCollector.java:74)
	at org.junit.platform.engine.support.hierarchical.NodeTestTask.executeRecursively(NodeTestTask.java:163)
	at org.junit.platform.engine.support.hierarchical.NodeTestTask.execute(NodeTestTask.java:116)
	at java.base/java.util.ArrayList.forEach(ArrayList.java:1596)
	at org.junit.platform.engine.support.hierarchical.SameThreadHierarchicalTestExecutorService.invokeAll(SameThreadHierarchicalTestExecutorService.java:42)
	at org.junit.platform.engine.support.hierarchical.NodeTestTask.lambda$executeRecursively$2(NodeTestTask.java:180)
	at org.junit.platform.engine.support.hierarchical.ThrowableCollector.execute(ThrowableCollector.java:74)
	at org.junit.platform.engine.support.hierarchical.NodeTestTask.lambda$executeRecursively$1(NodeTestTask.java:166)
	at org.junit.platform.engine.support.hierarchical.Node.around(Node.java:138)
	at org.junit.platform.engine.support.hierarchical.NodeTestTask.lambda$executeRecursively$0(NodeTestTask.java:164)
	at org.junit.platform.engine.support.hierarchical.ThrowableCollector.execute(ThrowableCollector.java:74)
	at org.junit.platform.engine.support.hierarchical.NodeTestTask.executeRecursively(NodeTestTask.java:163)
	at org.junit.platform.engine.support.hierarchical.NodeTestTask.execute(NodeTestTask.java:116)
	at org.junit.platform.engine.support.hierarchical.SameThreadHierarchicalTestExecutorService.submit(SameThreadHierarchicalTestExecutorService.java:36)
	at org.junit.platform.engine.support.hierarchical.HierarchicalTestExecutor.execute(HierarchicalTestExecutor.java:52)
	at org.junit.platform.engine.support.hierarchical.HierarchicalTestEngine.execute(HierarchicalTestEngine.java:58)
	at org.junit.platform.launcher.core.EngineExecutionOrchestrator.executeEngine(EngineExecutionOrchestrator.java:246)
	at org.junit.platform.launcher.core.EngineExecutionOrchestrator.failOrExecuteEngine(EngineExecutionOrchestrator.java:218)
	at org.junit.platform.launcher.core.EngineExecutionOrchestrator.execute(EngineExecutionOrchestrator.java:179)
	at org.junit.platform.launcher.core.EngineExecutionOrchestrator.execute(EngineExecutionOrchestrator.java:108)
	at org.junit.platform.launcher.core.EngineExecutionOrchestrator.lambda$execute$0(EngineExecutionOrchestrator.java:66)
	at org.junit.platform.launcher.core.EngineExecutionOrchestrator.withInterceptedStreams(EngineExecutionOrchestrator.java:157)
	at org.junit.platform.launcher.core.EngineExecutionOrchestrator.execute(EngineExecutionOrchestrator.java:65)
	at org.junit.platform.launcher.core.DefaultLauncher.execute(DefaultLauncher.java:125)
	at org.junit.platform.launcher.core.DefaultLauncher.execute(DefaultLauncher.java:114)
	at org.junit.platform.launcher.core.DelegatingLauncher.execute(DelegatingLauncher.java:58)
	at org.junit.platform.launcher.core.InterceptingLauncher.lambda$execute$2(InterceptingLauncher.java:57)
	at org.junit.platform.launcher.core.ClasspathAlignmentCheckingLauncherInterceptor.intercept(ClasspathAlignmentCheckingLauncherInterceptor.java:25)
	at org.junit.platform.launcher.core.InterceptingLauncher.execute(InterceptingLauncher.java:56)
	at org.junit.platform.launcher.core.DelegatingLauncher.execute(DelegatingLauncher.java:58)
	at java.base/jdk.internal.reflect.DirectMethodHandleAccessor.invoke(DirectMethodHandleAccessor.java:103)
	at java.base/java.lang.reflect.Method.invoke(Method.java:580)
	at org.apache.maven.surefire.api.util.ReflectionUtils.invokeMethodWithArray(ReflectionUtils.java:125)
	at org.apache.maven.surefire.junitplatform.LauncherAdapter.executeWithCancellationToken(LauncherAdapter.java:68)
	at org.apache.maven.surefire.junitplatform.LauncherAdapter.execute(LauncherAdapter.java:54)
	at org.apache.maven.surefire.junitplatform.JUnitPlatformProvider.execute(JUnitPlatformProvider.java:203)
	at org.apache.maven.surefire.junitplatform.JUnitPlatformProvider.invokeAllTests(JUnitPlatformProvider.java:168)
	at org.apache.maven.surefire.junitplatform.JUnitPlatformProvider.invoke(JUnitPlatformProvider.java:134)
	at org.apache.maven.surefire.booter.ForkedBooter.runSuitesInProcess(ForkedBooter.java:385)
	at org.apache.maven.surefire.booter.ForkedBooter.execute(ForkedBooter.java:162)
	at org.apache.maven.surefire.booter.ForkedBooter.run(ForkedBooter.java:507)
	at org.apache.maven.surefire.booter.ForkedBooter.main(ForkedBooter.java:495)
17:51:20.035 [main] WARN org.namewta.notify.adapter.event.InAppCommittedPushListener -- 站内实时提示失败，messageId=9220001, reason=IllegalStateException
17:51:20.052 [main] INFO com.baomidou.dynamic.datasource.DynamicRoutingDataSource -- dynamic-datasource start closing ....
17:51:20.052 [main] INFO com.baomidou.dynamic.datasource.DynamicRoutingDataSource -- dynamic-datasource all closed success,bye
17:51:20.052 [main] INFO com.zaxxer.hikari.HikariDataSource -- HikariPool-17 - Shutdown initiated...
17:51:20.068 [main] INFO com.zaxxer.hikari.HikariDataSource -- HikariPool-17 - Shutdown completed.
17:51:20.070 [main] INFO com.baomidou.dynamic.datasource.DynamicRoutingDataSource -- dynamic-datasource - add a datasource named [master] success
17:51:20.162 [main] INFO org.redisson.Version -- Redisson 4.6.1
17:51:20.166 [redisson-netty-53-1] INFO org.redisson.connection.ConnectionsHolder -- 1 connections initialized for 127.0.0.1/127.0.0.1:32906
17:51:20.166 [redisson-netty-53-2] INFO org.redisson.connection.ConnectionsHolder -- 1 connections initialized for 127.0.0.1/127.0.0.1:32906
17:51:20.180 [main] INFO com.zaxxer.hikari.HikariDataSource -- HikariPool-18 - Starting...
17:51:20.183 [main] INFO com.zaxxer.hikari.pool.HikariPool -- HikariPool-18 - Added connection com.mysql.cj.jdbc.ConnectionImpl@39a2973d
17:51:20.183 [main] INFO com.zaxxer.hikari.HikariDataSource -- HikariPool-18 - Start completed.
17:51:20.239 [main] INFO com.baomidou.dynamic.datasource.DynamicRoutingDataSource -- dynamic-datasource start closing ....
17:51:20.239 [main] INFO com.baomidou.dynamic.datasource.DynamicRoutingDataSource -- dynamic-datasource all closed success,bye
17:51:20.239 [main] INFO com.zaxxer.hikari.HikariDataSource -- HikariPool-18 - Shutdown initiated...
17:51:20.240 [main] INFO com.zaxxer.hikari.HikariDataSource -- HikariPool-18 - Shutdown completed.
17:51:20.241 [main] INFO com.baomidou.dynamic.datasource.DynamicRoutingDataSource -- dynamic-datasource - add a datasource named [master] success
17:51:20.331 [main] INFO org.redisson.Version -- Redisson 4.6.1
17:51:20.334 [redisson-netty-56-1] INFO org.redisson.connection.ConnectionsHolder -- 1 connections initialized for 127.0.0.1/127.0.0.1:32906
17:51:20.334 [redisson-netty-56-2] INFO org.redisson.connection.ConnectionsHolder -- 1 connections initialized for 127.0.0.1/127.0.0.1:32906
17:51:20.345 [main] INFO com.zaxxer.hikari.HikariDataSource -- HikariPool-19 - Starting...
17:51:20.349 [main] INFO com.zaxxer.hikari.pool.HikariPool -- HikariPool-19 - Added connection com.mysql.cj.jdbc.ConnectionImpl@4913778f
17:51:20.349 [main] INFO com.zaxxer.hikari.HikariDataSource -- HikariPool-19 - Start completed.
17:51:20.402 [main] INFO com.baomidou.dynamic.datasource.DynamicRoutingDataSource -- dynamic-datasource start closing ....
17:51:20.402 [main] INFO com.baomidou.dynamic.datasource.DynamicRoutingDataSource -- dynamic-datasource all closed success,bye
17:51:20.402 [main] INFO com.zaxxer.hikari.HikariDataSource -- HikariPool-19 - Shutdown initiated...
17:51:20.403 [main] INFO com.zaxxer.hikari.HikariDataSource -- HikariPool-19 - Shutdown completed.
17:51:20.405 [main] INFO com.baomidou.dynamic.datasource.DynamicRoutingDataSource -- dynamic-datasource - add a datasource named [master] success
17:51:20.499 [main] INFO org.redisson.Version -- Redisson 4.6.1
17:51:20.504 [redisson-netty-59-1] INFO org.redisson.connection.ConnectionsHolder -- 1 connections initialized for 127.0.0.1/127.0.0.1:32906
17:51:20.504 [redisson-netty-59-2] INFO org.redisson.connection.ConnectionsHolder -- 1 connections initialized for 127.0.0.1/127.0.0.1:32906
17:51:20.523 [main] INFO com.zaxxer.hikari.HikariDataSource -- HikariPool-20 - Starting...
17:51:20.526 [main] INFO com.zaxxer.hikari.pool.HikariPool -- HikariPool-20 - Added connection com.mysql.cj.jdbc.ConnectionImpl@6ef27af9
17:51:20.527 [main] INFO com.zaxxer.hikari.HikariDataSource -- HikariPool-20 - Start completed.
17:51:20.578 [main] INFO com.baomidou.dynamic.datasource.DynamicRoutingDataSource -- dynamic-datasource start closing ....
17:51:20.578 [main] INFO com.baomidou.dynamic.datasource.DynamicRoutingDataSource -- dynamic-datasource all closed success,bye
17:51:20.578 [main] INFO com.zaxxer.hikari.HikariDataSource -- HikariPool-20 - Shutdown initiated...
17:51:20.579 [main] INFO com.zaxxer.hikari.HikariDataSource -- HikariPool-20 - Shutdown completed.
17:51:20.580 [main] INFO com.baomidou.dynamic.datasource.DynamicRoutingDataSource -- dynamic-datasource - add a datasource named [master] success
17:51:20.665 [main] INFO org.redisson.Version -- Redisson 4.6.1
17:51:20.669 [redisson-netty-62-1] INFO org.redisson.connection.ConnectionsHolder -- 1 connections initialized for 127.0.0.1/127.0.0.1:32906
17:51:20.669 [redisson-netty-62-2] INFO org.redisson.connection.ConnectionsHolder -- 1 connections initialized for 127.0.0.1/127.0.0.1:32906
17:51:20.681 [main] INFO com.zaxxer.hikari.HikariDataSource -- HikariPool-21 - Starting...
17:51:20.688 [main] INFO com.zaxxer.hikari.pool.HikariPool -- HikariPool-21 - Added connection com.mysql.cj.jdbc.ConnectionImpl@2d617d27
17:51:20.688 [main] INFO com.zaxxer.hikari.HikariDataSource -- HikariPool-21 - Start completed.
17:51:20.713 [main] INFO com.baomidou.dynamic.datasource.DynamicRoutingDataSource -- dynamic-datasource start closing ....
17:51:20.713 [main] INFO com.baomidou.dynamic.datasource.DynamicRoutingDataSource -- dynamic-datasource all closed success,bye
17:51:20.713 [main] INFO com.zaxxer.hikari.HikariDataSource -- HikariPool-21 - Shutdown initiated...
17:51:20.713 [main] INFO com.zaxxer.hikari.HikariDataSource -- HikariPool-21 - Shutdown completed.
17:51:20.715 [main] INFO com.baomidou.dynamic.datasource.DynamicRoutingDataSource -- dynamic-datasource - add a datasource named [master] success
17:51:20.798 [main] INFO org.redisson.Version -- Redisson 4.6.1
17:51:20.801 [redisson-netty-65-1] INFO org.redisson.connection.ConnectionsHolder -- 1 connections initialized for 127.0.0.1/127.0.0.1:32906
17:51:20.801 [redisson-netty-65-2] INFO org.redisson.connection.ConnectionsHolder -- 1 connections initialized for 127.0.0.1/127.0.0.1:32906
17:51:20.812 [main] INFO com.zaxxer.hikari.HikariDataSource -- HikariPool-22 - Starting...
17:51:20.815 [main] INFO com.zaxxer.hikari.pool.HikariPool -- HikariPool-22 - Added connection com.mysql.cj.jdbc.ConnectionImpl@6f99d91f
17:51:20.815 [main] INFO com.zaxxer.hikari.HikariDataSource -- HikariPool-22 - Start completed.
17:51:20.906 [main] WARN org.namewta.notify.adapter.event.InAppCommittedPushListener -- 站内实时提示失败，messageId=9220001, reason=IllegalStateException
17:51:20.925 [main] INFO com.baomidou.dynamic.datasource.DynamicRoutingDataSource -- dynamic-datasource start closing ....
17:51:20.926 [main] INFO com.baomidou.dynamic.datasource.DynamicRoutingDataSource -- dynamic-datasource all closed success,bye
17:51:20.926 [main] INFO com.zaxxer.hikari.HikariDataSource -- HikariPool-22 - Shutdown initiated...
17:51:20.949 [main] INFO com.zaxxer.hikari.HikariDataSource -- HikariPool-22 - Shutdown completed.
17:51:20.951 [main] INFO com.baomidou.dynamic.datasource.DynamicRoutingDataSource -- dynamic-datasource - add a datasource named [master] success
17:51:21.047 [main] INFO org.redisson.Version -- Redisson 4.6.1
17:51:21.049 [redisson-netty-68-1] INFO org.redisson.connection.ConnectionsHolder -- 1 connections initialized for 127.0.0.1/127.0.0.1:32906
17:51:21.050 [redisson-netty-68-2] INFO org.redisson.connection.ConnectionsHolder -- 1 connections initialized for 127.0.0.1/127.0.0.1:32906
17:51:21.061 [main] INFO com.zaxxer.hikari.HikariDataSource -- HikariPool-23 - Starting...
17:51:21.064 [main] INFO com.zaxxer.hikari.pool.HikariPool -- HikariPool-23 - Added connection com.mysql.cj.jdbc.ConnectionImpl@6efa59d6
17:51:21.064 [main] INFO com.zaxxer.hikari.HikariDataSource -- HikariPool-23 - Start completed.
17:51:21.154 [main] INFO com.baomidou.dynamic.datasource.DynamicRoutingDataSource -- dynamic-datasource start closing ....
17:51:21.154 [main] INFO com.baomidou.dynamic.datasource.DynamicRoutingDataSource -- dynamic-datasource all closed success,bye
17:51:21.154 [main] INFO com.zaxxer.hikari.HikariDataSource -- HikariPool-23 - Shutdown initiated...
17:51:21.155 [main] INFO com.zaxxer.hikari.HikariDataSource -- HikariPool-23 - Shutdown completed.
17:51:21.157 [main] INFO com.baomidou.dynamic.datasource.DynamicRoutingDataSource -- dynamic-datasource - add a datasource named [master] success
17:51:21.263 [main] INFO org.redisson.Version -- Redisson 4.6.1
17:51:21.266 [redisson-netty-71-1] INFO org.redisson.connection.ConnectionsHolder -- 1 connections initialized for 127.0.0.1/127.0.0.1:32906
17:51:21.266 [redisson-netty-71-2] INFO org.redisson.connection.ConnectionsHolder -- 1 connections initialized for 127.0.0.1/127.0.0.1:32906
17:51:21.279 [main] INFO com.zaxxer.hikari.HikariDataSource -- HikariPool-24 - Starting...
17:51:21.283 [main] INFO com.zaxxer.hikari.pool.HikariPool -- HikariPool-24 - Added connection com.mysql.cj.jdbc.ConnectionImpl@58620d12
17:51:21.283 [main] INFO com.zaxxer.hikari.HikariDataSource -- HikariPool-24 - Start completed.
17:51:21.334 [main] WARN org.namewta.notify.adapter.event.InAppCommittedPushListener -- 站内实时提示失败，messageId=9220001, reason=IllegalStateException
17:51:21.354 [main] INFO com.baomidou.dynamic.datasource.DynamicRoutingDataSource -- dynamic-datasource start closing ....
17:51:21.354 [main] INFO com.baomidou.dynamic.datasource.DynamicRoutingDataSource -- dynamic-datasource all closed success,bye
17:51:21.354 [main] INFO com.zaxxer.hikari.HikariDataSource -- HikariPool-24 - Shutdown initiated...
17:51:21.355 [main] INFO com.zaxxer.hikari.HikariDataSource -- HikariPool-24 - Shutdown completed.
17:51:21.356 [main] INFO com.baomidou.dynamic.datasource.DynamicRoutingDataSource -- dynamic-datasource - add a datasource named [master] success
17:51:21.472 [main] INFO org.redisson.Version -- Redisson 4.6.1
17:51:21.478 [redisson-netty-74-2] INFO org.redisson.connection.ConnectionsHolder -- 1 connections initialized for 127.0.0.1/127.0.0.1:32906
17:51:21.478 [redisson-netty-74-1] INFO org.redisson.connection.ConnectionsHolder -- 1 connections initialized for 127.0.0.1/127.0.0.1:32906
17:51:21.496 [main] INFO com.zaxxer.hikari.HikariDataSource -- HikariPool-25 - Starting...
17:51:21.501 [main] INFO com.zaxxer.hikari.pool.HikariPool -- HikariPool-25 - Added connection com.mysql.cj.jdbc.ConnectionImpl@1b9e0eb0
17:51:21.502 [main] INFO com.zaxxer.hikari.HikariDataSource -- HikariPool-25 - Start completed.
17:51:21.568 [main] INFO com.baomidou.dynamic.datasource.DynamicRoutingDataSource -- dynamic-datasource start closing ....
17:51:21.568 [main] INFO com.baomidou.dynamic.datasource.DynamicRoutingDataSource -- dynamic-datasource all closed success,bye
17:51:21.568 [main] INFO com.zaxxer.hikari.HikariDataSource -- HikariPool-25 - Shutdown initiated...
17:51:21.569 [main] INFO com.zaxxer.hikari.HikariDataSource -- HikariPool-25 - Shutdown completed.
17:51:21.570 [main] INFO com.baomidou.dynamic.datasource.DynamicRoutingDataSource -- dynamic-datasource - add a datasource named [master] success
17:51:21.675 [main] INFO org.redisson.Version -- Redisson 4.6.1
17:51:21.680 [redisson-netty-77-2] INFO org.redisson.connection.ConnectionsHolder -- 1 connections initialized for 127.0.0.1/127.0.0.1:32906
17:51:21.680 [redisson-netty-77-1] INFO org.redisson.connection.ConnectionsHolder -- 1 connections initialized for 127.0.0.1/127.0.0.1:32906
17:51:21.709 [main] INFO com.zaxxer.hikari.HikariDataSource -- HikariPool-26 - Starting...
17:51:21.713 [main] INFO com.zaxxer.hikari.pool.HikariPool -- HikariPool-26 - Added connection com.mysql.cj.jdbc.ConnectionImpl@5ba1192c
17:51:21.714 [main] INFO com.zaxxer.hikari.HikariDataSource -- HikariPool-26 - Start completed.
17:51:21.773 [main] INFO com.baomidou.dynamic.datasource.DynamicRoutingDataSource -- dynamic-datasource start closing ....
17:51:21.773 [main] INFO com.baomidou.dynamic.datasource.DynamicRoutingDataSource -- dynamic-datasource all closed success,bye
17:51:21.776 [main] INFO com.zaxxer.hikari.HikariDataSource -- HikariPool-26 - Shutdown initiated...
17:51:21.777 [main] INFO com.zaxxer.hikari.HikariDataSource -- HikariPool-26 - Shutdown completed.
17:51:21.780 [main] INFO com.baomidou.dynamic.datasource.DynamicRoutingDataSource -- dynamic-datasource - add a datasource named [master] success
17:51:21.884 [main] INFO org.redisson.Version -- Redisson 4.6.1
17:51:21.888 [redisson-netty-80-1] INFO org.redisson.connection.ConnectionsHolder -- 1 connections initialized for 127.0.0.1/127.0.0.1:32906
17:51:21.888 [redisson-netty-80-2] INFO org.redisson.connection.ConnectionsHolder -- 1 connections initialized for 127.0.0.1/127.0.0.1:32906
17:51:21.901 [main] INFO com.zaxxer.hikari.HikariDataSource -- HikariPool-27 - Starting...
17:51:21.904 [main] INFO com.zaxxer.hikari.pool.HikariPool -- HikariPool-27 - Added connection com.mysql.cj.jdbc.ConnectionImpl@395a63a8
17:51:21.905 [main] INFO com.zaxxer.hikari.HikariDataSource -- HikariPool-27 - Start completed.
17:51:21.949 [main] INFO com.baomidou.dynamic.datasource.DynamicRoutingDataSource -- dynamic-datasource start closing ....
17:51:21.949 [main] INFO com.baomidou.dynamic.datasource.DynamicRoutingDataSource -- dynamic-datasource all closed success,bye
17:51:21.949 [main] INFO com.zaxxer.hikari.HikariDataSource -- HikariPool-27 - Shutdown initiated...
17:51:21.950 [main] INFO com.zaxxer.hikari.HikariDataSource -- HikariPool-27 - Shutdown completed.
17:51:21.953 [main] INFO com.baomidou.dynamic.datasource.DynamicRoutingDataSource -- dynamic-datasource - add a datasource named [master] success
17:51:22.055 [main] INFO org.redisson.Version -- Redisson 4.6.1
17:51:22.061 [redisson-netty-83-2] INFO org.redisson.connection.ConnectionsHolder -- 1 connections initialized for 127.0.0.1/127.0.0.1:32906
17:51:22.061 [redisson-netty-83-1] INFO org.redisson.connection.ConnectionsHolder -- 1 connections initialized for 127.0.0.1/127.0.0.1:32906
17:51:22.082 [main] INFO com.zaxxer.hikari.HikariDataSource -- HikariPool-28 - Starting...
17:51:22.087 [main] INFO com.zaxxer.hikari.pool.HikariPool -- HikariPool-28 - Added connection com.mysql.cj.jdbc.ConnectionImpl@58ae7fef
17:51:22.088 [main] INFO com.zaxxer.hikari.HikariDataSource -- HikariPool-28 - Start completed.
17:51:22.157 [main] INFO com.baomidou.dynamic.datasource.DynamicRoutingDataSource -- dynamic-datasource start closing ....
17:51:22.157 [main] INFO com.baomidou.dynamic.datasource.DynamicRoutingDataSource -- dynamic-datasource all closed success,bye
17:51:22.157 [main] INFO com.zaxxer.hikari.HikariDataSource -- HikariPool-28 - Shutdown initiated...
17:51:22.158 [main] INFO com.zaxxer.hikari.HikariDataSource -- HikariPool-28 - Shutdown completed.
17:51:22.160 [main] INFO com.baomidou.dynamic.datasource.DynamicRoutingDataSource -- dynamic-datasource - add a datasource named [master] success
17:51:22.279 [main] INFO org.redisson.Version -- Redisson 4.6.1
17:51:22.282 [redisson-netty-86-1] INFO org.redisson.connection.ConnectionsHolder -- 1 connections initialized for 127.0.0.1/127.0.0.1:32906
17:51:22.283 [redisson-netty-86-2] INFO org.redisson.connection.ConnectionsHolder -- 1 connections initialized for 127.0.0.1/127.0.0.1:32906
17:51:22.295 [main] INFO com.zaxxer.hikari.HikariDataSource -- HikariPool-29 - Starting...
17:51:22.299 [main] INFO com.zaxxer.hikari.pool.HikariPool -- HikariPool-29 - Added connection com.mysql.cj.jdbc.ConnectionImpl@41f43401
17:51:22.299 [main] INFO com.zaxxer.hikari.HikariDataSource -- HikariPool-29 - Start completed.
17:51:22.366 [main] INFO com.baomidou.dynamic.datasource.DynamicRoutingDataSource -- dynamic-datasource start closing ....
17:51:22.367 [main] INFO com.baomidou.dynamic.datasource.DynamicRoutingDataSource -- dynamic-datasource all closed success,bye
17:51:22.367 [main] INFO com.zaxxer.hikari.HikariDataSource -- HikariPool-29 - Shutdown initiated...
17:51:22.367 [main] INFO com.zaxxer.hikari.HikariDataSource -- HikariPool-29 - Shutdown completed.
17:51:22.369 [main] INFO com.baomidou.dynamic.datasource.DynamicRoutingDataSource -- dynamic-datasource - add a datasource named [master] success
17:51:22.475 [main] INFO org.redisson.Version -- Redisson 4.6.1
17:51:22.480 [redisson-netty-89-2] INFO org.redisson.connection.ConnectionsHolder -- 1 connections initialized for 127.0.0.1/127.0.0.1:32906
17:51:22.480 [redisson-netty-89-1] INFO org.redisson.connection.ConnectionsHolder -- 1 connections initialized for 127.0.0.1/127.0.0.1:32906
17:51:22.494 [main] INFO com.zaxxer.hikari.HikariDataSource -- HikariPool-30 - Starting...
17:51:22.497 [main] INFO com.zaxxer.hikari.pool.HikariPool -- HikariPool-30 - Added connection com.mysql.cj.jdbc.ConnectionImpl@266713d4
17:51:22.497 [main] INFO com.zaxxer.hikari.HikariDataSource -- HikariPool-30 - Start completed.
17:51:22.555 [main] INFO com.baomidou.dynamic.datasource.DynamicRoutingDataSource -- dynamic-datasource start closing ....
17:51:22.555 [main] INFO com.baomidou.dynamic.datasource.DynamicRoutingDataSource -- dynamic-datasource all closed success,bye
17:51:22.555 [main] INFO com.zaxxer.hikari.HikariDataSource -- HikariPool-30 - Shutdown initiated...
17:51:22.556 [main] INFO com.zaxxer.hikari.HikariDataSource -- HikariPool-30 - Shutdown completed.
17:51:22.557 [main] INFO com.baomidou.dynamic.datasource.DynamicRoutingDataSource -- dynamic-datasource - add a datasource named [master] success
17:51:22.665 [main] INFO org.redisson.Version -- Redisson 4.6.1
17:51:22.669 [redisson-netty-92-1] INFO org.redisson.connection.ConnectionsHolder -- 1 connections initialized for 127.0.0.1/127.0.0.1:32906
17:51:22.669 [redisson-netty-92-2] INFO org.redisson.connection.ConnectionsHolder -- 1 connections initialized for 127.0.0.1/127.0.0.1:32906
17:51:22.684 [main] INFO com.zaxxer.hikari.HikariDataSource -- HikariPool-31 - Starting...
17:51:22.688 [main] INFO com.zaxxer.hikari.pool.HikariPool -- HikariPool-31 - Added connection com.mysql.cj.jdbc.ConnectionImpl@51a6748f
17:51:22.688 [main] INFO com.zaxxer.hikari.HikariDataSource -- HikariPool-31 - Start completed.
17:51:22.753 [main] INFO com.baomidou.dynamic.datasource.DynamicRoutingDataSource -- dynamic-datasource start closing ....
17:51:22.753 [main] INFO com.baomidou.dynamic.datasource.DynamicRoutingDataSource -- dynamic-datasource all closed success,bye
17:51:22.753 [main] INFO com.zaxxer.hikari.HikariDataSource -- HikariPool-31 - Shutdown initiated...
17:51:22.754 [main] INFO com.zaxxer.hikari.HikariDataSource -- HikariPool-31 - Shutdown completed.
17:51:22.756 [main] INFO com.baomidou.dynamic.datasource.DynamicRoutingDataSource -- dynamic-datasource - add a datasource named [master] success
17:51:22.845 [main] INFO org.redisson.Version -- Redisson 4.6.1
17:51:22.848 [redisson-netty-95-1] INFO org.redisson.connection.ConnectionsHolder -- 1 connections initialized for 127.0.0.1/127.0.0.1:32906
17:51:22.849 [redisson-netty-95-2] INFO org.redisson.connection.ConnectionsHolder -- 1 connections initialized for 127.0.0.1/127.0.0.1:32906
17:51:22.860 [main] INFO com.zaxxer.hikari.HikariDataSource -- HikariPool-32 - Starting...
17:51:22.864 [main] INFO com.zaxxer.hikari.pool.HikariPool -- HikariPool-32 - Added connection com.mysql.cj.jdbc.ConnectionImpl@1ae22dcb
17:51:22.864 [main] INFO com.zaxxer.hikari.HikariDataSource -- HikariPool-32 - Start completed.
17:51:22.926 [main] INFO com.baomidou.dynamic.datasource.DynamicRoutingDataSource -- dynamic-datasource start closing ....
17:51:22.927 [main] INFO com.baomidou.dynamic.datasource.DynamicRoutingDataSource -- dynamic-datasource all closed success,bye
17:51:22.927 [main] INFO com.zaxxer.hikari.HikariDataSource -- HikariPool-32 - Shutdown initiated...
17:51:22.927 [main] INFO com.zaxxer.hikari.HikariDataSource -- HikariPool-32 - Shutdown completed.
17:51:22.930 [main] INFO com.baomidou.dynamic.datasource.DynamicRoutingDataSource -- dynamic-datasource - add a datasource named [master] success
17:51:23.030 [main] INFO org.redisson.Version -- Redisson 4.6.1
17:51:23.034 [redisson-netty-98-1] INFO org.redisson.connection.ConnectionsHolder -- 1 connections initialized for 127.0.0.1/127.0.0.1:32906
17:51:23.034 [redisson-netty-98-2] INFO org.redisson.connection.ConnectionsHolder -- 1 connections initialized for 127.0.0.1/127.0.0.1:32906
17:51:23.047 [main] INFO com.zaxxer.hikari.HikariDataSource -- HikariPool-33 - Starting...
17:51:23.050 [main] INFO com.zaxxer.hikari.pool.HikariPool -- HikariPool-33 - Added connection com.mysql.cj.jdbc.ConnectionImpl@2126cfaf
17:51:23.051 [main] INFO com.zaxxer.hikari.HikariDataSource -- HikariPool-33 - Start completed.
17:51:23.122 [main] INFO com.baomidou.dynamic.datasource.DynamicRoutingDataSource -- dynamic-datasource start closing ....
17:51:23.122 [main] INFO com.baomidou.dynamic.datasource.DynamicRoutingDataSource -- dynamic-datasource all closed success,bye
17:51:23.122 [main] INFO com.zaxxer.hikari.HikariDataSource -- HikariPool-33 - Shutdown initiated...
17:51:23.123 [main] INFO com.zaxxer.hikari.HikariDataSource -- HikariPool-33 - Shutdown completed.
17:51:23.124 [main] INFO com.baomidou.dynamic.datasource.DynamicRoutingDataSource -- dynamic-datasource - add a datasource named [master] success
17:51:23.233 [main] INFO org.redisson.Version -- Redisson 4.6.1
17:51:23.238 [redisson-netty-101-2] INFO org.redisson.connection.ConnectionsHolder -- 1 connections initialized for 127.0.0.1/127.0.0.1:32906
17:51:23.238 [redisson-netty-101-1] INFO org.redisson.connection.ConnectionsHolder -- 1 connections initialized for 127.0.0.1/127.0.0.1:32906
17:51:23.252 [main] INFO com.zaxxer.hikari.HikariDataSource -- HikariPool-34 - Starting...
17:51:23.256 [main] INFO com.zaxxer.hikari.pool.HikariPool -- HikariPool-34 - Added connection com.mysql.cj.jdbc.ConnectionImpl@4ea64421
17:51:23.256 [main] INFO com.zaxxer.hikari.HikariDataSource -- HikariPool-34 - Start completed.
17:51:23.314 [main] INFO com.baomidou.dynamic.datasource.DynamicRoutingDataSource -- dynamic-datasource start closing ....
17:51:23.314 [main] INFO com.baomidou.dynamic.datasource.DynamicRoutingDataSource -- dynamic-datasource all closed success,bye
17:51:23.314 [main] INFO com.zaxxer.hikari.HikariDataSource -- HikariPool-34 - Shutdown initiated...
17:51:23.314 [main] INFO com.zaxxer.hikari.HikariDataSource -- HikariPool-34 - Shutdown completed.
17:51:23.317 [main] INFO com.baomidou.dynamic.datasource.DynamicRoutingDataSource -- dynamic-datasource - add a datasource named [master] success
17:51:23.403 [main] INFO org.redisson.Version -- Redisson 4.6.1
17:51:23.406 [redisson-netty-104-1] INFO org.redisson.connection.ConnectionsHolder -- 1 connections initialized for 127.0.0.1/127.0.0.1:32906
17:51:23.406 [redisson-netty-104-2] INFO org.redisson.connection.ConnectionsHolder -- 1 connections initialized for 127.0.0.1/127.0.0.1:32906
17:51:23.415 [main] INFO com.zaxxer.hikari.HikariDataSource -- HikariPool-35 - Starting...
17:51:23.419 [main] INFO com.zaxxer.hikari.pool.HikariPool -- HikariPool-35 - Added connection com.mysql.cj.jdbc.ConnectionImpl@48a537f5
17:51:23.419 [main] INFO com.zaxxer.hikari.HikariDataSource -- HikariPool-35 - Start completed.
17:51:23.460 [main] WARN org.namewta.notify.adapter.event.InAppCommittedPushListener -- 站内实时提示失败，messageId=9220001, reason=IllegalStateException
17:51:23.475 [main] INFO com.baomidou.dynamic.datasource.DynamicRoutingDataSource -- dynamic-datasource start closing ....
17:51:23.475 [main] INFO com.baomidou.dynamic.datasource.DynamicRoutingDataSource -- dynamic-datasource all closed success,bye
17:51:23.475 [main] INFO com.zaxxer.hikari.HikariDataSource -- HikariPool-35 - Shutdown initiated...
17:51:23.475 [main] INFO com.zaxxer.hikari.HikariDataSource -- HikariPool-35 - Shutdown completed.
17:51:23.477 [main] INFO com.baomidou.dynamic.datasource.DynamicRoutingDataSource -- dynamic-datasource - add a datasource named [master] success
17:51:23.558 [main] INFO org.redisson.Version -- Redisson 4.6.1
17:51:23.561 [redisson-netty-107-1] INFO org.redisson.connection.ConnectionsHolder -- 1 connections initialized for 127.0.0.1/127.0.0.1:32906
17:51:23.561 [redisson-netty-107-2] INFO org.redisson.connection.ConnectionsHolder -- 1 connections initialized for 127.0.0.1/127.0.0.1:32906
17:51:23.572 [main] INFO com.zaxxer.hikari.HikariDataSource -- HikariPool-36 - Starting...
17:51:23.575 [main] INFO com.zaxxer.hikari.pool.HikariPool -- HikariPool-36 - Added connection com.mysql.cj.jdbc.ConnectionImpl@44e3ab52
17:51:23.575 [main] INFO com.zaxxer.hikari.HikariDataSource -- HikariPool-36 - Start completed.
17:51:23.629 [main] INFO com.baomidou.dynamic.datasource.DynamicRoutingDataSource -- dynamic-datasource start closing ....
17:51:23.629 [main] INFO com.baomidou.dynamic.datasource.DynamicRoutingDataSource -- dynamic-datasource all closed success,bye
17:51:23.629 [main] INFO com.zaxxer.hikari.HikariDataSource -- HikariPool-36 - Shutdown initiated...
17:51:23.630 [main] INFO com.zaxxer.hikari.HikariDataSource -- HikariPool-36 - Shutdown completed.
17:51:23.633 [main] INFO com.baomidou.dynamic.datasource.DynamicRoutingDataSource -- dynamic-datasource - add a datasource named [master] success
17:51:23.717 [main] INFO org.redisson.Version -- Redisson 4.6.1
17:51:23.719 [redisson-netty-110-1] INFO org.redisson.connection.ConnectionsHolder -- 1 connections initialized for 127.0.0.1/127.0.0.1:32906
17:51:23.720 [redisson-netty-110-2] INFO org.redisson.connection.ConnectionsHolder -- 1 connections initialized for 127.0.0.1/127.0.0.1:32906
17:51:23.730 [main] INFO com.zaxxer.hikari.HikariDataSource -- HikariPool-37 - Starting...
17:51:23.734 [main] INFO com.zaxxer.hikari.pool.HikariPool -- HikariPool-37 - Added connection com.mysql.cj.jdbc.ConnectionImpl@22173fe8
17:51:23.734 [main] INFO com.zaxxer.hikari.HikariDataSource -- HikariPool-37 - Start completed.
17:51:23.775 [main] WARN org.namewta.notify.adapter.event.InAppCommittedPushListener -- 站内实时提示失败，messageId=9220001, reason=IllegalStateException
17:51:23.789 [main] INFO com.baomidou.dynamic.datasource.DynamicRoutingDataSource -- dynamic-datasource start closing ....
17:51:23.789 [main] INFO com.baomidou.dynamic.datasource.DynamicRoutingDataSource -- dynamic-datasource all closed success,bye
17:51:23.789 [main] INFO com.zaxxer.hikari.HikariDataSource -- HikariPool-37 - Shutdown initiated...
17:51:23.790 [main] INFO com.zaxxer.hikari.HikariDataSource -- HikariPool-37 - Shutdown completed.
17:51:23.791 [main] INFO com.baomidou.dynamic.datasource.DynamicRoutingDataSource -- dynamic-datasource - add a datasource named [master] success
17:51:23.888 [main] INFO org.redisson.Version -- Redisson 4.6.1
17:51:23.892 [redisson-netty-113-1] INFO org.redisson.connection.ConnectionsHolder -- 1 connections initialized for 127.0.0.1/127.0.0.1:32906
17:51:23.893 [redisson-netty-113-2] INFO org.redisson.connection.ConnectionsHolder -- 1 connections initialized for 127.0.0.1/127.0.0.1:32906
17:51:23.906 [main] INFO com.zaxxer.hikari.HikariDataSource -- HikariPool-38 - Starting...
17:51:23.910 [main] INFO com.zaxxer.hikari.pool.HikariPool -- HikariPool-38 - Added connection com.mysql.cj.jdbc.ConnectionImpl@735c147f
17:51:23.910 [main] INFO com.zaxxer.hikari.HikariDataSource -- HikariPool-38 - Start completed.
17:51:23.959 [main] INFO com.baomidou.dynamic.datasource.DynamicRoutingDataSource -- dynamic-datasource start closing ....
17:51:23.959 [main] INFO com.baomidou.dynamic.datasource.DynamicRoutingDataSource -- dynamic-datasource all closed success,bye
17:51:23.959 [main] INFO com.zaxxer.hikari.HikariDataSource -- HikariPool-38 - Shutdown initiated...
17:51:23.960 [main] INFO com.zaxxer.hikari.HikariDataSource -- HikariPool-38 - Shutdown completed.
17:51:23.962 [main] INFO com.baomidou.dynamic.datasource.DynamicRoutingDataSource -- dynamic-datasource - add a datasource named [master] success
17:51:24.071 [main] INFO org.redisson.Version -- Redisson 4.6.1
17:51:24.074 [redisson-netty-116-2] INFO org.redisson.connection.ConnectionsHolder -- 1 connections initialized for 127.0.0.1/127.0.0.1:32906
17:51:24.074 [redisson-netty-116-1] INFO org.redisson.connection.ConnectionsHolder -- 1 connections initialized for 127.0.0.1/127.0.0.1:32906
17:51:24.085 [main] INFO com.zaxxer.hikari.HikariDataSource -- HikariPool-39 - Starting...
17:51:24.089 [main] INFO com.zaxxer.hikari.pool.HikariPool -- HikariPool-39 - Added connection com.mysql.cj.jdbc.ConnectionImpl@51251be3
17:51:24.089 [main] INFO com.zaxxer.hikari.HikariDataSource -- HikariPool-39 - Start completed.
17:51:24.130 [main] WARN org.namewta.notify.adapter.event.InAppCommittedPushListener -- 站内实时提示失败，messageId=9220001, reason=IllegalStateException
17:51:24.148 [main] INFO com.baomidou.dynamic.datasource.DynamicRoutingDataSource -- dynamic-datasource start closing ....
17:51:24.148 [main] INFO com.baomidou.dynamic.datasource.DynamicRoutingDataSource -- dynamic-datasource all closed success,bye
17:51:24.148 [main] INFO com.zaxxer.hikari.HikariDataSource -- HikariPool-39 - Shutdown initiated...
17:51:24.148 [main] INFO com.zaxxer.hikari.HikariDataSource -- HikariPool-39 - Shutdown completed.
17:51:24.150 [main] INFO com.baomidou.dynamic.datasource.DynamicRoutingDataSource -- dynamic-datasource - add a datasource named [master] success
17:51:24.251 [main] INFO org.redisson.Version -- Redisson 4.6.1
17:51:24.254 [redisson-netty-119-1] INFO org.redisson.connection.ConnectionsHolder -- 1 connections initialized for 127.0.0.1/127.0.0.1:32906
17:51:24.255 [redisson-netty-119-2] INFO org.redisson.connection.ConnectionsHolder -- 1 connections initialized for 127.0.0.1/127.0.0.1:32906
17:51:24.268 [main] INFO com.zaxxer.hikari.HikariDataSource -- HikariPool-40 - Starting...
17:51:24.271 [main] INFO com.zaxxer.hikari.pool.HikariPool -- HikariPool-40 - Added connection com.mysql.cj.jdbc.ConnectionImpl@3c2c5c75
17:51:24.271 [main] INFO com.zaxxer.hikari.HikariDataSource -- HikariPool-40 - Start completed.
17:51:24.324 [main] WARN org.namewta.notify.adapter.event.InAppCommittedPushListener -- 站内实时提示失败，messageId=9220001, reason=IllegalStateException
17:51:24.342 [main] INFO com.baomidou.dynamic.datasource.DynamicRoutingDataSource -- dynamic-datasource start closing ....
17:51:24.342 [main] INFO com.baomidou.dynamic.datasource.DynamicRoutingDataSource -- dynamic-datasource all closed success,bye
17:51:24.342 [main] INFO com.zaxxer.hikari.HikariDataSource -- HikariPool-40 - Shutdown initiated...
17:51:24.345 [main] INFO com.zaxxer.hikari.HikariDataSource -- HikariPool-40 - Shutdown completed.
17:51:24.347 [main] INFO com.baomidou.dynamic.datasource.DynamicRoutingDataSource -- dynamic-datasource - add a datasource named [master] success
17:51:24.438 [main] INFO org.redisson.Version -- Redisson 4.6.1
17:51:24.443 [redisson-netty-122-2] INFO org.redisson.connection.ConnectionsHolder -- 1 connections initialized for 127.0.0.1/127.0.0.1:32906
17:51:24.443 [redisson-netty-122-1] INFO org.redisson.connection.ConnectionsHolder -- 1 connections initialized for 127.0.0.1/127.0.0.1:32906
17:51:24.458 [main] INFO com.zaxxer.hikari.HikariDataSource -- HikariPool-41 - Starting...
17:51:24.461 [main] INFO com.zaxxer.hikari.pool.HikariPool -- HikariPool-41 - Added connection com.mysql.cj.jdbc.ConnectionImpl@661f4394
17:51:24.461 [main] INFO com.zaxxer.hikari.HikariDataSource -- HikariPool-41 - Start completed.
17:51:24.508 [main] WARN org.namewta.notify.adapter.event.InAppCommittedPushListener -- 站内实时提示失败，messageId=9220001, reason=IllegalStateException
17:51:24.526 [main] INFO com.baomidou.dynamic.datasource.DynamicRoutingDataSource -- dynamic-datasource start closing ....
17:51:24.526 [main] INFO com.baomidou.dynamic.datasource.DynamicRoutingDataSource -- dynamic-datasource all closed success,bye
17:51:24.526 [main] INFO com.zaxxer.hikari.HikariDataSource -- HikariPool-41 - Shutdown initiated...
17:51:24.527 [main] INFO com.zaxxer.hikari.HikariDataSource -- HikariPool-41 - Shutdown completed.
17:51:24.528 [main] INFO com.baomidou.dynamic.datasource.DynamicRoutingDataSource -- dynamic-datasource - add a datasource named [master] success
17:51:24.622 [main] INFO org.redisson.Version -- Redisson 4.6.1
17:51:24.626 [redisson-netty-125-2] INFO org.redisson.connection.ConnectionsHolder -- 1 connections initialized for 127.0.0.1/127.0.0.1:32906
17:51:24.626 [redisson-netty-125-1] INFO org.redisson.connection.ConnectionsHolder -- 1 connections initialized for 127.0.0.1/127.0.0.1:32906
17:51:24.637 [main] INFO com.zaxxer.hikari.HikariDataSource -- HikariPool-42 - Starting...
17:51:24.641 [main] INFO com.zaxxer.hikari.pool.HikariPool -- HikariPool-42 - Added connection com.mysql.cj.jdbc.ConnectionImpl@129908da
17:51:24.641 [main] INFO com.zaxxer.hikari.HikariDataSource -- HikariPool-42 - Start completed.
17:51:24.704 [main] INFO com.baomidou.dynamic.datasource.DynamicRoutingDataSource -- dynamic-datasource start closing ....
17:51:24.704 [main] INFO com.baomidou.dynamic.datasource.DynamicRoutingDataSource -- dynamic-datasource all closed success,bye
17:51:24.704 [main] INFO com.zaxxer.hikari.HikariDataSource -- HikariPool-42 - Shutdown initiated...
17:51:24.705 [main] INFO com.zaxxer.hikari.HikariDataSource -- HikariPool-42 - Shutdown completed.
17:51:24.708 [main] INFO com.baomidou.dynamic.datasource.DynamicRoutingDataSource -- dynamic-datasource - add a datasource named [master] success
17:51:24.799 [main] INFO org.redisson.Version -- Redisson 4.6.1
17:51:24.802 [redisson-netty-128-1] INFO org.redisson.connection.ConnectionsHolder -- 1 connections initialized for 127.0.0.1/127.0.0.1:32906
17:51:24.802 [redisson-netty-128-2] INFO org.redisson.connection.ConnectionsHolder -- 1 connections initialized for 127.0.0.1/127.0.0.1:32906
17:51:24.814 [main] INFO com.zaxxer.hikari.HikariDataSource -- HikariPool-43 - Starting...
17:51:24.818 [main] INFO com.zaxxer.hikari.pool.HikariPool -- HikariPool-43 - Added connection com.mysql.cj.jdbc.ConnectionImpl@106ec81e
17:51:24.818 [main] INFO com.zaxxer.hikari.HikariDataSource -- HikariPool-43 - Start completed.
17:51:24.858 [main] INFO com.baomidou.dynamic.datasource.DynamicRoutingDataSource -- dynamic-datasource start closing ....
17:51:24.858 [main] INFO com.baomidou.dynamic.datasource.DynamicRoutingDataSource -- dynamic-datasource all closed success,bye
17:51:24.858 [main] INFO com.zaxxer.hikari.HikariDataSource -- HikariPool-43 - Shutdown initiated...
17:51:24.859 [main] INFO com.zaxxer.hikari.HikariDataSource -- HikariPool-43 - Shutdown completed.
17:51:24.861 [main] INFO com.baomidou.dynamic.datasource.DynamicRoutingDataSource -- dynamic-datasource - add a datasource named [master] success
17:51:24.942 [main] INFO org.redisson.Version -- Redisson 4.6.1
17:51:24.945 [redisson-netty-131-2] INFO org.redisson.connection.ConnectionsHolder -- 1 connections initialized for 127.0.0.1/127.0.0.1:32906
17:51:24.945 [redisson-netty-131-1] INFO org.redisson.connection.ConnectionsHolder -- 1 connections initialized for 127.0.0.1/127.0.0.1:32906
17:51:24.956 [main] INFO com.zaxxer.hikari.HikariDataSource -- HikariPool-44 - Starting...
17:51:24.960 [main] INFO com.zaxxer.hikari.pool.HikariPool -- HikariPool-44 - Added connection com.mysql.cj.jdbc.ConnectionImpl@2d52d18e
17:51:24.960 [main] INFO com.zaxxer.hikari.HikariDataSource -- HikariPool-44 - Start completed.
17:51:24.997 [main] INFO com.baomidou.dynamic.datasource.DynamicRoutingDataSource -- dynamic-datasource start closing ....
17:51:24.997 [main] INFO com.baomidou.dynamic.datasource.DynamicRoutingDataSource -- dynamic-datasource all closed success,bye
17:51:24.997 [main] INFO com.zaxxer.hikari.HikariDataSource -- HikariPool-44 - Shutdown initiated...
17:51:24.998 [main] INFO com.zaxxer.hikari.HikariDataSource -- HikariPool-44 - Shutdown completed.
17:51:24.999 [main] INFO com.baomidou.dynamic.datasource.DynamicRoutingDataSource -- dynamic-datasource - add a datasource named [master] success
17:51:25.098 [main] INFO org.redisson.Version -- Redisson 4.6.1
17:51:25.103 [redisson-netty-134-1] INFO org.redisson.connection.ConnectionsHolder -- 1 connections initialized for 127.0.0.1/127.0.0.1:32906
17:51:25.103 [redisson-netty-134-2] INFO org.redisson.connection.ConnectionsHolder -- 1 connections initialized for 127.0.0.1/127.0.0.1:32906
17:51:25.116 [main] INFO com.zaxxer.hikari.HikariDataSource -- HikariPool-45 - Starting...
17:51:25.121 [main] INFO com.zaxxer.hikari.pool.HikariPool -- HikariPool-45 - Added connection com.mysql.cj.jdbc.ConnectionImpl@45d5c457
17:51:25.121 [main] INFO com.zaxxer.hikari.HikariDataSource -- HikariPool-45 - Start completed.
17:51:25.164 [main] INFO com.baomidou.dynamic.datasource.DynamicRoutingDataSource -- dynamic-datasource start closing ....
17:51:25.164 [main] INFO com.baomidou.dynamic.datasource.DynamicRoutingDataSource -- dynamic-datasource all closed success,bye
17:51:25.164 [main] INFO com.zaxxer.hikari.HikariDataSource -- HikariPool-45 - Shutdown initiated...
17:51:25.165 [main] INFO com.zaxxer.hikari.HikariDataSource -- HikariPool-45 - Shutdown completed.
17:51:25.167 [main] INFO com.baomidou.dynamic.datasource.DynamicRoutingDataSource -- dynamic-datasource - add a datasource named [master] success
17:51:25.261 [main] INFO org.redisson.Version -- Redisson 4.6.1
17:51:25.270 [redisson-netty-137-1] INFO org.redisson.connection.ConnectionsHolder -- 1 connections initialized for 127.0.0.1/127.0.0.1:32906
17:51:25.270 [redisson-netty-137-2] INFO org.redisson.connection.ConnectionsHolder -- 1 connections initialized for 127.0.0.1/127.0.0.1:32906
17:51:25.283 [main] INFO com.zaxxer.hikari.HikariDataSource -- HikariPool-46 - Starting...
17:51:25.286 [main] INFO com.zaxxer.hikari.pool.HikariPool -- HikariPool-46 - Added connection com.mysql.cj.jdbc.ConnectionImpl@9936615
17:51:25.287 [main] INFO com.zaxxer.hikari.HikariDataSource -- HikariPool-46 - Start completed.
17:51:25.325 [main] INFO com.baomidou.dynamic.datasource.DynamicRoutingDataSource -- dynamic-datasource start closing ....
17:51:25.325 [main] INFO com.baomidou.dynamic.datasource.DynamicRoutingDataSource -- dynamic-datasource all closed success,bye
17:51:25.325 [main] INFO com.zaxxer.hikari.HikariDataSource -- HikariPool-46 - Shutdown initiated...
17:51:25.326 [main] INFO com.zaxxer.hikari.HikariDataSource -- HikariPool-46 - Shutdown completed.
17:51:25.327 [main] INFO com.baomidou.dynamic.datasource.DynamicRoutingDataSource -- dynamic-datasource - add a datasource named [master] success
17:51:25.403 [main] INFO org.redisson.Version -- Redisson 4.6.1
17:51:25.407 [redisson-netty-140-2] INFO org.redisson.connection.ConnectionsHolder -- 1 connections initialized for 127.0.0.1/127.0.0.1:32906
17:51:25.407 [redisson-netty-140-1] INFO org.redisson.connection.ConnectionsHolder -- 1 connections initialized for 127.0.0.1/127.0.0.1:32906
17:51:25.416 [main] INFO com.zaxxer.hikari.HikariDataSource -- HikariPool-47 - Starting...
17:51:25.419 [main] INFO com.zaxxer.hikari.pool.HikariPool -- HikariPool-47 - Added connection com.mysql.cj.jdbc.ConnectionImpl@459b249a
17:51:25.419 [main] INFO com.zaxxer.hikari.HikariDataSource -- HikariPool-47 - Start completed.
17:51:25.448 [main] INFO com.baomidou.dynamic.datasource.DynamicRoutingDataSource -- dynamic-datasource start closing ....
17:51:25.448 [main] INFO com.baomidou.dynamic.datasource.DynamicRoutingDataSource -- dynamic-datasource all closed success,bye
17:51:25.448 [main] INFO com.zaxxer.hikari.HikariDataSource -- HikariPool-47 - Shutdown initiated...
17:51:25.448 [main] INFO com.zaxxer.hikari.HikariDataSource -- HikariPool-47 - Shutdown completed.
17:51:25.449 [main] INFO com.baomidou.dynamic.datasource.DynamicRoutingDataSource -- dynamic-datasource - add a datasource named [master] success
17:51:25.528 [main] INFO org.redisson.Version -- Redisson 4.6.1
17:51:25.531 [redisson-netty-143-1] INFO org.redisson.connection.ConnectionsHolder -- 1 connections initialized for 127.0.0.1/127.0.0.1:32906
17:51:25.531 [redisson-netty-143-2] INFO org.redisson.connection.ConnectionsHolder -- 1 connections initialized for 127.0.0.1/127.0.0.1:32906
17:51:25.540 [main] INFO com.zaxxer.hikari.HikariDataSource -- HikariPool-48 - Starting...
17:51:25.543 [main] INFO com.zaxxer.hikari.pool.HikariPool -- HikariPool-48 - Added connection com.mysql.cj.jdbc.ConnectionImpl@4c20892b
17:51:25.543 [main] INFO com.zaxxer.hikari.HikariDataSource -- HikariPool-48 - Start completed.
17:51:25.669 [main] INFO com.baomidou.dynamic.datasource.DynamicRoutingDataSource -- dynamic-datasource start closing ....
17:51:25.669 [main] INFO com.baomidou.dynamic.datasource.DynamicRoutingDataSource -- dynamic-datasource all closed success,bye
17:51:25.669 [main] INFO com.zaxxer.hikari.HikariDataSource -- HikariPool-48 - Shutdown initiated...
17:51:25.696 [main] INFO com.zaxxer.hikari.HikariDataSource -- HikariPool-48 - Shutdown completed.
17:51:25.697 [main] INFO com.baomidou.dynamic.datasource.DynamicRoutingDataSource -- dynamic-datasource - add a datasource named [master] success
17:51:25.776 [main] INFO org.redisson.Version -- Redisson 4.6.1
17:51:25.781 [redisson-netty-146-2] INFO org.redisson.connection.ConnectionsHolder -- 1 connections initialized for 127.0.0.1/127.0.0.1:32906
17:51:25.781 [redisson-netty-146-1] INFO org.redisson.connection.ConnectionsHolder -- 1 connections initialized for 127.0.0.1/127.0.0.1:32906
17:51:25.792 [main] INFO com.zaxxer.hikari.HikariDataSource -- HikariPool-49 - Starting...
17:51:25.796 [main] INFO com.zaxxer.hikari.pool.HikariPool -- HikariPool-49 - Added connection com.mysql.cj.jdbc.ConnectionImpl@7a1768bd
17:51:25.796 [main] INFO com.zaxxer.hikari.HikariDataSource -- HikariPool-49 - Start completed.
17:51:25.855 [main] INFO com.baomidou.dynamic.datasource.DynamicRoutingDataSource -- dynamic-datasource start closing ....
17:51:25.855 [main] INFO com.baomidou.dynamic.datasource.DynamicRoutingDataSource -- dynamic-datasource all closed success,bye
17:51:25.855 [main] INFO com.zaxxer.hikari.HikariDataSource -- HikariPool-49 - Shutdown initiated...
17:51:25.856 [main] INFO com.zaxxer.hikari.HikariDataSource -- HikariPool-49 - Shutdown completed.
17:51:25.857 [main] INFO com.baomidou.dynamic.datasource.DynamicRoutingDataSource -- dynamic-datasource - add a datasource named [master] success
17:51:25.930 [main] INFO org.redisson.Version -- Redisson 4.6.1
17:51:25.934 [redisson-netty-149-2] INFO org.redisson.connection.ConnectionsHolder -- 1 connections initialized for 127.0.0.1/127.0.0.1:32906
17:51:25.934 [redisson-netty-149-1] INFO org.redisson.connection.ConnectionsHolder -- 1 connections initialized for 127.0.0.1/127.0.0.1:32906
17:51:25.946 [main] INFO com.zaxxer.hikari.HikariDataSource -- HikariPool-50 - Starting...
17:51:25.949 [main] INFO com.zaxxer.hikari.pool.HikariPool -- HikariPool-50 - Added connection com.mysql.cj.jdbc.ConnectionImpl@5deec063
17:51:25.949 [main] INFO com.zaxxer.hikari.HikariDataSource -- HikariPool-50 - Start completed.
17:51:25.969 [main] INFO com.baomidou.dynamic.datasource.DynamicRoutingDataSource -- dynamic-datasource start closing ....
17:51:25.969 [main] INFO com.baomidou.dynamic.datasource.DynamicRoutingDataSource -- dynamic-datasource all closed success,bye
17:51:25.969 [main] INFO com.zaxxer.hikari.HikariDataSource -- HikariPool-50 - Shutdown initiated...
17:51:25.970 [main] INFO com.zaxxer.hikari.HikariDataSource -- HikariPool-50 - Shutdown completed.
17:51:25.971 [main] INFO com.baomidou.dynamic.datasource.DynamicRoutingDataSource -- dynamic-datasource - add a datasource named [master] success
17:51:26.049 [main] INFO org.redisson.Version -- Redisson 4.6.1
17:51:26.051 [redisson-netty-152-1] INFO org.redisson.connection.ConnectionsHolder -- 1 connections initialized for 127.0.0.1/127.0.0.1:32906
17:51:26.051 [redisson-netty-152-2] INFO org.redisson.connection.ConnectionsHolder -- 1 connections initialized for 127.0.0.1/127.0.0.1:32906
17:51:26.061 [main] INFO com.zaxxer.hikari.HikariDataSource -- HikariPool-51 - Starting...
17:51:26.063 [main] INFO com.zaxxer.hikari.pool.HikariPool -- HikariPool-51 - Added connection com.mysql.cj.jdbc.ConnectionImpl@77baac76
17:51:26.063 [main] INFO com.zaxxer.hikari.HikariDataSource -- HikariPool-51 - Start completed.
17:51:26.101 [main] INFO com.baomidou.dynamic.datasource.DynamicRoutingDataSource -- dynamic-datasource start closing ....
17:51:26.101 [main] INFO com.baomidou.dynamic.datasource.DynamicRoutingDataSource -- dynamic-datasource all closed success,bye
17:51:26.101 [main] INFO com.zaxxer.hikari.HikariDataSource -- HikariPool-51 - Shutdown initiated...
17:51:26.102 [main] INFO com.zaxxer.hikari.HikariDataSource -- HikariPool-51 - Shutdown completed.
17:51:26.103 [main] INFO com.baomidou.dynamic.datasource.DynamicRoutingDataSource -- dynamic-datasource - add a datasource named [master] success
17:51:26.173 [main] INFO org.redisson.Version -- Redisson 4.6.1
17:51:26.176 [redisson-netty-155-1] INFO org.redisson.connection.ConnectionsHolder -- 1 connections initialized for 127.0.0.1/127.0.0.1:32906
17:51:26.176 [redisson-netty-155-2] INFO org.redisson.connection.ConnectionsHolder -- 1 connections initialized for 127.0.0.1/127.0.0.1:32906
17:51:26.192 [main] INFO com.zaxxer.hikari.HikariDataSource -- HikariPool-52 - Starting...
17:51:26.195 [main] INFO com.zaxxer.hikari.pool.HikariPool -- HikariPool-52 - Added connection com.mysql.cj.jdbc.ConnectionImpl@78ac7a35
17:51:26.195 [main] INFO com.zaxxer.hikari.HikariDataSource -- HikariPool-52 - Start completed.
17:51:26.233 [main] INFO com.baomidou.dynamic.datasource.DynamicRoutingDataSource -- dynamic-datasource start closing ....
17:51:26.233 [main] INFO com.baomidou.dynamic.datasource.DynamicRoutingDataSource -- dynamic-datasource all closed success,bye
17:51:26.233 [main] INFO com.zaxxer.hikari.HikariDataSource -- HikariPool-52 - Shutdown initiated...
17:51:26.234 [main] INFO com.zaxxer.hikari.HikariDataSource -- HikariPool-52 - Shutdown completed.
17:51:26.235 [main] INFO com.baomidou.dynamic.datasource.DynamicRoutingDataSource -- dynamic-datasource - add a datasource named [master] success
17:51:26.308 [main] INFO org.redisson.Version -- Redisson 4.6.1
17:51:26.311 [redisson-netty-158-1] INFO org.redisson.connection.ConnectionsHolder -- 1 connections initialized for 127.0.0.1/127.0.0.1:32906
17:51:26.311 [redisson-netty-158-2] INFO org.redisson.connection.ConnectionsHolder -- 1 connections initialized for 127.0.0.1/127.0.0.1:32906
17:51:26.321 [main] INFO com.zaxxer.hikari.HikariDataSource -- HikariPool-53 - Starting...
17:51:26.324 [main] INFO com.zaxxer.hikari.pool.HikariPool -- HikariPool-53 - Added connection com.mysql.cj.jdbc.ConnectionImpl@3303e963
17:51:26.324 [main] INFO com.zaxxer.hikari.HikariDataSource -- HikariPool-53 - Start completed.
17:51:26.377 [main] INFO com.baomidou.dynamic.datasource.DynamicRoutingDataSource -- dynamic-datasource start closing ....
17:51:26.377 [main] INFO com.baomidou.dynamic.datasource.DynamicRoutingDataSource -- dynamic-datasource all closed success,bye
17:51:26.377 [main] INFO com.zaxxer.hikari.HikariDataSource -- HikariPool-53 - Shutdown initiated...
17:51:26.377 [main] INFO com.zaxxer.hikari.HikariDataSource -- HikariPool-53 - Shutdown completed.
17:51:26.379 [main] INFO com.baomidou.dynamic.datasource.DynamicRoutingDataSource -- dynamic-datasource - add a datasource named [master] success
17:51:26.469 [main] INFO org.redisson.Version -- Redisson 4.6.1
17:51:26.474 [redisson-netty-161-1] INFO org.redisson.connection.ConnectionsHolder -- 1 connections initialized for 127.0.0.1/127.0.0.1:32906
17:51:26.474 [redisson-netty-161-2] INFO org.redisson.connection.ConnectionsHolder -- 1 connections initialized for 127.0.0.1/127.0.0.1:32906
17:51:26.486 [main] INFO com.zaxxer.hikari.HikariDataSource -- HikariPool-54 - Starting...
17:51:26.490 [main] INFO com.zaxxer.hikari.pool.HikariPool -- HikariPool-54 - Added connection com.mysql.cj.jdbc.ConnectionImpl@7a1a5608
17:51:26.491 [main] INFO com.zaxxer.hikari.HikariDataSource -- HikariPool-54 - Start completed.
17:51:26.556 [main] INFO com.baomidou.dynamic.datasource.DynamicRoutingDataSource -- dynamic-datasource start closing ....
17:51:26.556 [main] INFO com.baomidou.dynamic.datasource.DynamicRoutingDataSource -- dynamic-datasource all closed success,bye
17:51:26.556 [main] INFO com.zaxxer.hikari.HikariDataSource -- HikariPool-54 - Shutdown initiated...
17:51:26.557 [main] INFO com.zaxxer.hikari.HikariDataSource -- HikariPool-54 - Shutdown completed.
17:51:26.558 [main] INFO com.baomidou.dynamic.datasource.DynamicRoutingDataSource -- dynamic-datasource - add a datasource named [master] success
17:51:26.639 [main] INFO org.redisson.Version -- Redisson 4.6.1
17:51:26.643 [redisson-netty-164-1] INFO org.redisson.connection.ConnectionsHolder -- 1 connections initialized for 127.0.0.1/127.0.0.1:32906
17:51:26.643 [redisson-netty-164-2] INFO org.redisson.connection.ConnectionsHolder -- 1 connections initialized for 127.0.0.1/127.0.0.1:32906
17:51:26.653 [main] INFO com.zaxxer.hikari.HikariDataSource -- HikariPool-55 - Starting...
17:51:26.656 [main] INFO com.zaxxer.hikari.pool.HikariPool -- HikariPool-55 - Added connection com.mysql.cj.jdbc.ConnectionImpl@73b0716f
17:51:26.656 [main] INFO com.zaxxer.hikari.HikariDataSource -- HikariPool-55 - Start completed.
17:51:30.033 [main] INFO com.baomidou.dynamic.datasource.DynamicRoutingDataSource -- dynamic-datasource start closing ....
17:51:30.033 [main] INFO com.baomidou.dynamic.datasource.DynamicRoutingDataSource -- dynamic-datasource all closed success,bye
17:51:30.033 [main] INFO com.zaxxer.hikari.HikariDataSource -- HikariPool-55 - Shutdown initiated...
17:51:30.034 [main] INFO com.zaxxer.hikari.HikariDataSource -- HikariPool-55 - Shutdown completed.
17:51:30.035 [main] INFO com.baomidou.dynamic.datasource.DynamicRoutingDataSource -- dynamic-datasource - add a datasource named [master] success
17:51:30.108 [main] INFO org.redisson.Version -- Redisson 4.6.1
17:51:30.113 [redisson-netty-167-2] INFO org.redisson.connection.ConnectionsHolder -- 1 connections initialized for 127.0.0.1/127.0.0.1:32906
17:51:30.112 [redisson-netty-167-1] INFO org.redisson.connection.ConnectionsHolder -- 1 connections initialized for 127.0.0.1/127.0.0.1:32906
17:51:30.125 [main] INFO com.zaxxer.hikari.HikariDataSource -- HikariPool-56 - Starting...
17:51:30.129 [main] INFO com.zaxxer.hikari.pool.HikariPool -- HikariPool-56 - Added connection com.mysql.cj.jdbc.ConnectionImpl@71e67a9b
17:51:30.129 [main] INFO com.zaxxer.hikari.HikariDataSource -- HikariPool-56 - Start completed.
17:51:30.246 [main] INFO com.baomidou.dynamic.datasource.DynamicRoutingDataSource -- dynamic-datasource start closing ....
17:51:30.247 [main] INFO com.baomidou.dynamic.datasource.DynamicRoutingDataSource -- dynamic-datasource all closed success,bye
17:51:30.247 [main] INFO com.zaxxer.hikari.HikariDataSource -- HikariPool-56 - Shutdown initiated...
17:51:30.262 [main] INFO com.zaxxer.hikari.HikariDataSource -- HikariPool-56 - Shutdown completed.
17:51:30.264 [main] INFO com.baomidou.dynamic.datasource.DynamicRoutingDataSource -- dynamic-datasource - add a datasource named [master] success
17:51:30.350 [main] INFO org.redisson.Version -- Redisson 4.6.1
17:51:30.354 [redisson-netty-170-1] INFO org.redisson.connection.ConnectionsHolder -- 1 connections initialized for 127.0.0.1/127.0.0.1:32906
17:51:30.354 [redisson-netty-170-2] INFO org.redisson.connection.ConnectionsHolder -- 1 connections initialized for 127.0.0.1/127.0.0.1:32906
17:51:30.368 [main] INFO com.zaxxer.hikari.HikariDataSource -- HikariPool-57 - Starting...
17:51:30.372 [main] INFO com.zaxxer.hikari.pool.HikariPool -- HikariPool-57 - Added connection com.mysql.cj.jdbc.ConnectionImpl@11a7e4fa
17:51:30.372 [main] INFO com.zaxxer.hikari.HikariDataSource -- HikariPool-57 - Start completed.
17:51:30.442 [main] INFO com.baomidou.dynamic.datasource.DynamicRoutingDataSource -- dynamic-datasource start closing ....
17:51:30.442 [main] INFO com.baomidou.dynamic.datasource.DynamicRoutingDataSource -- dynamic-datasource all closed success,bye
17:51:30.442 [main] INFO com.zaxxer.hikari.HikariDataSource -- HikariPool-57 - Shutdown initiated...
17:51:30.443 [main] INFO com.zaxxer.hikari.HikariDataSource -- HikariPool-57 - Shutdown completed.
17:51:30.445 [main] INFO com.baomidou.dynamic.datasource.DynamicRoutingDataSource -- dynamic-datasource - add a datasource named [master] success
17:51:30.536 [main] INFO org.redisson.Version -- Redisson 4.6.1
17:51:30.542 [redisson-netty-173-2] INFO org.redisson.connection.ConnectionsHolder -- 1 connections initialized for 127.0.0.1/127.0.0.1:32906
17:51:30.542 [redisson-netty-173-1] INFO org.redisson.connection.ConnectionsHolder -- 1 connections initialized for 127.0.0.1/127.0.0.1:32906
17:51:30.555 [main] INFO com.zaxxer.hikari.HikariDataSource -- HikariPool-58 - Starting...
17:51:30.559 [main] INFO com.zaxxer.hikari.pool.HikariPool -- HikariPool-58 - Added connection com.mysql.cj.jdbc.ConnectionImpl@30531135
17:51:30.559 [main] INFO com.zaxxer.hikari.HikariDataSource -- HikariPool-58 - Start completed.
17:51:30.624 [main] INFO com.baomidou.dynamic.datasource.DynamicRoutingDataSource -- dynamic-datasource start closing ....
17:51:30.624 [main] INFO com.baomidou.dynamic.datasource.DynamicRoutingDataSource -- dynamic-datasource all closed success,bye
17:51:30.624 [main] INFO com.zaxxer.hikari.HikariDataSource -- HikariPool-58 - Shutdown initiated...
17:51:30.625 [main] INFO com.zaxxer.hikari.HikariDataSource -- HikariPool-58 - Shutdown completed.
17:51:30.627 [main] INFO com.baomidou.dynamic.datasource.DynamicRoutingDataSource -- dynamic-datasource - add a datasource named [master] success
17:51:30.710 [main] INFO org.redisson.Version -- Redisson 4.6.1
17:51:30.715 [redisson-netty-176-1] INFO org.redisson.connection.ConnectionsHolder -- 1 connections initialized for 127.0.0.1/127.0.0.1:32906
17:51:30.715 [redisson-netty-176-2] INFO org.redisson.connection.ConnectionsHolder -- 1 connections initialized for 127.0.0.1/127.0.0.1:32906
17:51:30.728 [main] INFO com.zaxxer.hikari.HikariDataSource -- HikariPool-59 - Starting...
17:51:30.731 [main] INFO com.zaxxer.hikari.pool.HikariPool -- HikariPool-59 - Added connection com.mysql.cj.jdbc.ConnectionImpl@416240e0
17:51:30.731 [main] INFO com.zaxxer.hikari.HikariDataSource -- HikariPool-59 - Start completed.
17:51:30.827 [main] INFO com.baomidou.dynamic.datasource.DynamicRoutingDataSource -- dynamic-datasource start closing ....
17:51:30.827 [main] INFO com.baomidou.dynamic.datasource.DynamicRoutingDataSource -- dynamic-datasource all closed success,bye
17:51:30.827 [main] INFO com.zaxxer.hikari.HikariDataSource -- HikariPool-59 - Shutdown initiated...
17:51:30.828 [main] INFO com.zaxxer.hikari.HikariDataSource -- HikariPool-59 - Shutdown completed.
17:51:30.829 [main] INFO com.baomidou.dynamic.datasource.DynamicRoutingDataSource -- dynamic-datasource - add a datasource named [master] success
17:51:30.918 [main] INFO org.redisson.Version -- Redisson 4.6.1
17:51:30.921 [redisson-netty-179-2] INFO org.redisson.connection.ConnectionsHolder -- 1 connections initialized for 127.0.0.1/127.0.0.1:32906
17:51:30.921 [redisson-netty-179-1] INFO org.redisson.connection.ConnectionsHolder -- 1 connections initialized for 127.0.0.1/127.0.0.1:32906
17:51:30.932 [main] INFO com.zaxxer.hikari.HikariDataSource -- HikariPool-60 - Starting...
17:51:30.936 [main] INFO com.zaxxer.hikari.pool.HikariPool -- HikariPool-60 - Added connection com.mysql.cj.jdbc.ConnectionImpl@1a1f0a6b
17:51:30.936 [main] INFO com.zaxxer.hikari.HikariDataSource -- HikariPool-60 - Start completed.
17:51:30.968 [main] INFO com.baomidou.dynamic.datasource.DynamicRoutingDataSource -- dynamic-datasource start closing ....
17:51:30.968 [main] INFO com.baomidou.dynamic.datasource.DynamicRoutingDataSource -- dynamic-datasource all closed success,bye
17:51:30.968 [main] INFO com.zaxxer.hikari.HikariDataSource -- HikariPool-60 - Shutdown initiated...
17:51:30.968 [main] INFO com.zaxxer.hikari.HikariDataSource -- HikariPool-60 - Shutdown completed.
17:51:30.970 [main] INFO com.baomidou.dynamic.datasource.DynamicRoutingDataSource -- dynamic-datasource - add a datasource named [master] success
17:51:31.054 [main] INFO org.redisson.Version -- Redisson 4.6.1
17:51:31.057 [redisson-netty-182-1] INFO org.redisson.connection.ConnectionsHolder -- 1 connections initialized for 127.0.0.1/127.0.0.1:32906
17:51:31.058 [redisson-netty-182-2] INFO org.redisson.connection.ConnectionsHolder -- 1 connections initialized for 127.0.0.1/127.0.0.1:32906
17:51:31.069 [main] INFO com.zaxxer.hikari.HikariDataSource -- HikariPool-61 - Starting...
17:51:31.073 [main] INFO com.zaxxer.hikari.pool.HikariPool -- HikariPool-61 - Added connection com.mysql.cj.jdbc.ConnectionImpl@75a000d8
17:51:31.073 [main] INFO com.zaxxer.hikari.HikariDataSource -- HikariPool-61 - Start completed.
17:51:31.117 [main] INFO com.baomidou.dynamic.datasource.DynamicRoutingDataSource -- dynamic-datasource start closing ....
17:51:31.117 [main] INFO com.baomidou.dynamic.datasource.DynamicRoutingDataSource -- dynamic-datasource all closed success,bye
17:51:31.117 [main] INFO com.zaxxer.hikari.HikariDataSource -- HikariPool-61 - Shutdown initiated...
17:51:31.117 [main] INFO com.zaxxer.hikari.HikariDataSource -- HikariPool-61 - Shutdown completed.
17:51:31.119 [main] INFO com.baomidou.dynamic.datasource.DynamicRoutingDataSource -- dynamic-datasource - add a datasource named [master] success
17:51:31.203 [main] INFO org.redisson.Version -- Redisson 4.6.1
17:51:31.206 [redisson-netty-185-1] INFO org.redisson.connection.ConnectionsHolder -- 1 connections initialized for 127.0.0.1/127.0.0.1:32906
17:51:31.206 [redisson-netty-185-2] INFO org.redisson.connection.ConnectionsHolder -- 1 connections initialized for 127.0.0.1/127.0.0.1:32906
17:51:31.215 [main] INFO com.zaxxer.hikari.HikariDataSource -- HikariPool-62 - Starting...
17:51:31.219 [main] INFO com.zaxxer.hikari.pool.HikariPool -- HikariPool-62 - Added connection com.mysql.cj.jdbc.ConnectionImpl@30dea49b
17:51:31.220 [main] INFO com.zaxxer.hikari.HikariDataSource -- HikariPool-62 - Start completed.
17:51:31.249 [main] INFO org.eclipse.jetty.server.Server -- jetty-12.1.10; built: 2026-05-31T04:45:52.925Z; git: 986024525891c2c20ff08c58ba300dc3b9847586; jvm 21.0.12.1+1-LTS
17:51:31.251 [main] INFO org.eclipse.jetty.server.handler.ContextHandler -- Started oeje11s.ServletContextHandler@228061c0{ROOT,/,b=null,a=AVAILABLE,h=oeje11s.ServletHandler@48492142{STARTED}}
17:51:31.251 [main] INFO org.eclipse.jetty.server.handler.ContextHandler.ROOT -- Initializing Spring DispatcherServlet 'org.springframework.web.servlet.DispatcherServlet-59f1e099'
17:51:31.251 [main] INFO org.springframework.web.servlet.DispatcherServlet -- Initializing Servlet 'org.springframework.web.servlet.DispatcherServlet-59f1e099'
17:51:31.252 [main] INFO org.springframework.web.servlet.DispatcherServlet -- Completed initialization in 0 ms
17:51:31.252 [main] INFO org.eclipse.jetty.ee11.servlet.ServletContextHandler -- Started oeje11s.ServletContextHandler@228061c0{ROOT,/,b=null,a=AVAILABLE,h=oeje11s.ServletHandler@48492142{STARTED}}
17:51:31.253 [main] INFO org.eclipse.jetty.server.AbstractConnector -- Started oejs.ServerConnector@3b1c8384{HTTP/1.1, (http/1.1)}{localhost:37863}
17:51:31.253 [main] INFO org.eclipse.jetty.server.Server -- Started oejs.Server@5a28a17{STARTING}[12.1.10,sto=0] @3ms
17:51:31.308 [qtp135358498-483] WARN org.springframework.web.servlet.mvc.support.DefaultHandlerExceptionResolver -- Resolved [org.springframework.web.HttpMediaTypeNotSupportedException: Content-Type 'text/plain' is not supported]
17:51:31.334 [main] INFO org.eclipse.jetty.server.Server -- Stopped oejs.Server@5a28a17{STOPPING}[12.1.10,sto=0]
17:51:31.338 [main] INFO org.eclipse.jetty.server.AbstractConnector -- Stopped oejs.ServerConnector@3b1c8384{HTTP/1.1, (http/1.1)}{localhost:0}
17:51:31.339 [main] INFO org.eclipse.jetty.server.handler.ContextHandler.ROOT -- Destroying Spring FrameworkServlet 'org.springframework.web.servlet.DispatcherServlet-59f1e099'
17:51:31.339 [main] INFO org.eclipse.jetty.ee11.servlet.ServletContextHandler -- Stopped oeje11s.ServletContextHandler@228061c0{ROOT,/,b=null,a=AVAILABLE,h=oeje11s.ServletHandler@48492142{STOPPED}}
17:51:31.356 [main] INFO com.baomidou.dynamic.datasource.DynamicRoutingDataSource -- dynamic-datasource start closing ....
17:51:31.357 [main] INFO com.baomidou.dynamic.datasource.DynamicRoutingDataSource -- dynamic-datasource all closed success,bye
17:51:31.357 [main] INFO com.zaxxer.hikari.HikariDataSource -- HikariPool-62 - Shutdown initiated...
17:51:31.389 [main] INFO com.zaxxer.hikari.HikariDataSource -- HikariPool-62 - Shutdown completed.
17:51:31.391 [main] INFO com.baomidou.dynamic.datasource.DynamicRoutingDataSource -- dynamic-datasource - add a datasource named [master] success
17:51:31.464 [main] INFO org.redisson.Version -- Redisson 4.6.1
17:51:31.468 [redisson-netty-188-2] INFO org.redisson.connection.ConnectionsHolder -- 1 connections initialized for 127.0.0.1/127.0.0.1:32906
17:51:31.468 [redisson-netty-188-1] INFO org.redisson.connection.ConnectionsHolder -- 1 connections initialized for 127.0.0.1/127.0.0.1:32906
17:51:31.480 [main] INFO com.zaxxer.hikari.HikariDataSource -- HikariPool-63 - Starting...
17:51:31.484 [main] INFO com.zaxxer.hikari.pool.HikariPool -- HikariPool-63 - Added connection com.mysql.cj.jdbc.ConnectionImpl@6754e06b
17:51:31.484 [main] INFO com.zaxxer.hikari.HikariDataSource -- HikariPool-63 - Start completed.
17:51:31.513 [main] INFO com.baomidou.dynamic.datasource.DynamicRoutingDataSource -- dynamic-datasource start closing ....
17:51:31.513 [main] INFO com.baomidou.dynamic.datasource.DynamicRoutingDataSource -- dynamic-datasource all closed success,bye
17:51:31.513 [main] INFO com.zaxxer.hikari.HikariDataSource -- HikariPool-63 - Shutdown initiated...
17:51:31.513 [main] INFO com.zaxxer.hikari.HikariDataSource -- HikariPool-63 - Shutdown completed.
17:51:31.514 [main] INFO com.baomidou.dynamic.datasource.DynamicRoutingDataSource -- dynamic-datasource - add a datasource named [master] success
17:51:31.601 [main] INFO org.redisson.Version -- Redisson 4.6.1
17:51:31.604 [redisson-netty-191-1] INFO org.redisson.connection.ConnectionsHolder -- 1 connections initialized for 127.0.0.1/127.0.0.1:32906
17:51:31.604 [redisson-netty-191-2] INFO org.redisson.connection.ConnectionsHolder -- 1 connections initialized for 127.0.0.1/127.0.0.1:32906
17:51:31.614 [main] INFO com.zaxxer.hikari.HikariDataSource -- HikariPool-64 - Starting...
17:51:31.617 [main] INFO com.zaxxer.hikari.pool.HikariPool -- HikariPool-64 - Added connection com.mysql.cj.jdbc.ConnectionImpl@19ce4eed
17:51:31.617 [main] INFO com.zaxxer.hikari.HikariDataSource -- HikariPool-64 - Start completed.
17:51:31.660 [main] WARN org.namewta.notify.adapter.event.InAppCommittedPushListener -- 站内实时提示失败，messageId=9220001, reason=IllegalStateException
17:51:31.676 [main] INFO com.baomidou.dynamic.datasource.DynamicRoutingDataSource -- dynamic-datasource start closing ....
17:51:31.677 [main] INFO com.baomidou.dynamic.datasource.DynamicRoutingDataSource -- dynamic-datasource all closed success,bye
17:51:31.677 [main] INFO com.zaxxer.hikari.HikariDataSource -- HikariPool-64 - Shutdown initiated...
17:51:31.677 [main] INFO com.zaxxer.hikari.HikariDataSource -- HikariPool-64 - Shutdown completed.
17:51:31.679 [main] INFO com.baomidou.dynamic.datasource.DynamicRoutingDataSource -- dynamic-datasource - add a datasource named [master] success
17:51:31.759 [main] INFO org.redisson.Version -- Redisson 4.6.1
17:51:31.762 [redisson-netty-194-1] INFO org.redisson.connection.ConnectionsHolder -- 1 connections initialized for 127.0.0.1/127.0.0.1:32906
17:51:31.762 [redisson-netty-194-2] INFO org.redisson.connection.ConnectionsHolder -- 1 connections initialized for 127.0.0.1/127.0.0.1:32906
17:51:31.771 [main] INFO com.zaxxer.hikari.HikariDataSource -- HikariPool-65 - Starting...
17:51:31.774 [main] INFO com.zaxxer.hikari.pool.HikariPool -- HikariPool-65 - Added connection com.mysql.cj.jdbc.ConnectionImpl@5a84e9e1
17:51:31.774 [main] INFO com.zaxxer.hikari.HikariDataSource -- HikariPool-65 - Start completed.
17:51:31.814 [main] INFO com.baomidou.dynamic.datasource.DynamicRoutingDataSource -- dynamic-datasource start closing ....
17:51:31.814 [main] INFO com.baomidou.dynamic.datasource.DynamicRoutingDataSource -- dynamic-datasource all closed success,bye
17:51:31.814 [main] INFO com.zaxxer.hikari.HikariDataSource -- HikariPool-65 - Shutdown initiated...
17:51:31.814 [main] INFO com.zaxxer.hikari.HikariDataSource -- HikariPool-65 - Shutdown completed.
17:51:31.815 [main] INFO com.baomidou.dynamic.datasource.DynamicRoutingDataSource -- dynamic-datasource - add a datasource named [master] success
17:51:31.885 [main] INFO org.redisson.Version -- Redisson 4.6.1
17:51:31.887 [redisson-netty-197-1] INFO org.redisson.connection.ConnectionsHolder -- 1 connections initialized for 127.0.0.1/127.0.0.1:32906
17:51:31.887 [redisson-netty-197-2] INFO org.redisson.connection.ConnectionsHolder -- 1 connections initialized for 127.0.0.1/127.0.0.1:32906
17:51:31.896 [main] INFO com.zaxxer.hikari.HikariDataSource -- HikariPool-66 - Starting...
17:51:31.899 [main] INFO com.zaxxer.hikari.pool.HikariPool -- HikariPool-66 - Added connection com.mysql.cj.jdbc.ConnectionImpl@59e31648
17:51:31.899 [main] INFO com.zaxxer.hikari.HikariDataSource -- HikariPool-66 - Start completed.
17:51:31.925 [main] INFO com.baomidou.dynamic.datasource.DynamicRoutingDataSource -- dynamic-datasource start closing ....
17:51:31.925 [main] INFO com.baomidou.dynamic.datasource.DynamicRoutingDataSource -- dynamic-datasource all closed success,bye
17:51:31.925 [main] INFO com.zaxxer.hikari.HikariDataSource -- HikariPool-66 - Shutdown initiated...
17:51:31.926 [main] INFO com.zaxxer.hikari.HikariDataSource -- HikariPool-66 - Shutdown completed.
[INFO] Tests run: 66, Failures: 0, Errors: 0, Skipped: 0, Time elapsed: 24.54 s -- in org.namewta.test.notify.NotifyAtomicResultIntegrationTest
Picked up JAVA_TOOL_OPTIONS: -Xms128m -Xmx1536m
[INFO] Running org.namewta.test.notify.NotifyManualRetryIntegrationTest
17:51:32.726 [main] INFO com.baomidou.dynamic.datasource.DynamicRoutingDataSource -- dynamic-datasource - add a datasource named [master] success
17:51:33.319 [main] INFO org.redisson.Version -- Redisson 4.6.1
17:51:33.582 [redisson-netty-1-2] INFO org.redisson.connection.ConnectionsHolder -- 1 connections initialized for 127.0.0.1/127.0.0.1:32906
17:51:33.582 [redisson-netty-1-1] INFO org.redisson.connection.ConnectionsHolder -- 1 connections initialized for 127.0.0.1/127.0.0.1:32906
Mockito is currently self-attaching to enable the inline-mock-maker. This will no longer work in future releases of the JDK. Please add Mockito as an agent to your build as described in Mockito's documentation: https://javadoc.io/doc/org.mockito/mockito-core/latest/org.mockito/org/mockito/Mockito.html#0.3
OpenJDK 64-Bit Server VM warning: Sharing is only supported for boot loader classes because bootstrap classpath has been appended
WARNING: A Java agent has been loaded dynamically (/root/.m2/repository/net/bytebuddy/byte-buddy-agent/1.18.10/byte-buddy-agent-1.18.10.jar)
WARNING: If a serviceability tool is in use, please run with -XX:+EnableDynamicAgentLoading to hide this warning
WARNING: If a serviceability tool is not in use, please run with -Djdk.instrument.traceUsage for more information
WARNING: Dynamic loading of agents will be disallowed by default in a future release
17:51:34.812 [main] INFO com.zaxxer.hikari.HikariDataSource -- HikariPool-1 - Starting...
17:51:35.076 [main] INFO com.zaxxer.hikari.pool.HikariPool -- HikariPool-1 - Added connection com.mysql.cj.jdbc.ConnectionImpl@25ea068e
17:51:35.078 [main] INFO com.zaxxer.hikari.HikariDataSource -- HikariPool-1 - Start completed.
17:51:35.562 [main] INFO com.baomidou.dynamic.datasource.DynamicRoutingDataSource -- dynamic-datasource start closing ....
17:51:35.564 [main] INFO com.baomidou.dynamic.datasource.DynamicRoutingDataSource -- dynamic-datasource all closed success,bye
17:51:35.564 [main] INFO com.zaxxer.hikari.HikariDataSource -- HikariPool-1 - Shutdown initiated...
17:51:35.568 [main] INFO com.zaxxer.hikari.HikariDataSource -- HikariPool-1 - Shutdown completed.
17:51:35.578 [main] INFO com.baomidou.dynamic.datasource.DynamicRoutingDataSource -- dynamic-datasource - add a datasource named [master] success
17:51:35.783 [main] INFO org.redisson.Version -- Redisson 4.6.1
17:51:35.788 [redisson-netty-5-2] INFO org.redisson.connection.ConnectionsHolder -- 1 connections initialized for 127.0.0.1/127.0.0.1:32906
17:51:35.788 [redisson-netty-5-1] INFO org.redisson.connection.ConnectionsHolder -- 1 connections initialized for 127.0.0.1/127.0.0.1:32906
17:51:35.817 [main] INFO com.zaxxer.hikari.HikariDataSource -- HikariPool-2 - Starting...
17:51:35.825 [main] INFO com.zaxxer.hikari.pool.HikariPool -- HikariPool-2 - Added connection com.mysql.cj.jdbc.ConnectionImpl@7c6ab057
17:51:35.825 [main] INFO com.zaxxer.hikari.HikariDataSource -- HikariPool-2 - Start completed.
17:51:35.966 [main] INFO com.baomidou.dynamic.datasource.DynamicRoutingDataSource -- dynamic-datasource start closing ....
17:51:35.966 [main] INFO com.baomidou.dynamic.datasource.DynamicRoutingDataSource -- dynamic-datasource all closed success,bye
17:51:35.966 [main] INFO com.zaxxer.hikari.HikariDataSource -- HikariPool-2 - Shutdown initiated...
17:51:35.996 [main] INFO com.zaxxer.hikari.HikariDataSource -- HikariPool-2 - Shutdown completed.
17:51:35.999 [main] INFO com.baomidou.dynamic.datasource.DynamicRoutingDataSource -- dynamic-datasource - add a datasource named [master] success
17:51:36.162 [main] INFO org.redisson.Version -- Redisson 4.6.1
17:51:36.166 [redisson-netty-8-1] INFO org.redisson.connection.ConnectionsHolder -- 1 connections initialized for 127.0.0.1/127.0.0.1:32906
17:51:36.166 [redisson-netty-8-2] INFO org.redisson.connection.ConnectionsHolder -- 1 connections initialized for 127.0.0.1/127.0.0.1:32906
17:51:36.187 [main] INFO com.zaxxer.hikari.HikariDataSource -- HikariPool-3 - Starting...
17:51:36.191 [main] INFO com.zaxxer.hikari.pool.HikariPool -- HikariPool-3 - Added connection com.mysql.cj.jdbc.ConnectionImpl@2cd2c764
17:51:36.191 [main] INFO com.zaxxer.hikari.HikariDataSource -- HikariPool-3 - Start completed.
17:51:36.668 [main] INFO com.baomidou.dynamic.datasource.DynamicRoutingDataSource -- dynamic-datasource start closing ....
17:51:36.669 [main] INFO com.baomidou.dynamic.datasource.DynamicRoutingDataSource -- dynamic-datasource all closed success,bye
17:51:36.669 [main] INFO com.zaxxer.hikari.HikariDataSource -- HikariPool-3 - Shutdown initiated...
17:51:36.670 [main] INFO com.zaxxer.hikari.HikariDataSource -- HikariPool-3 - Shutdown completed.
17:51:36.673 [main] INFO com.baomidou.dynamic.datasource.DynamicRoutingDataSource -- dynamic-datasource - add a datasource named [master] success
17:51:36.860 [main] INFO org.redisson.Version -- Redisson 4.6.1
17:51:36.866 [redisson-netty-11-2] INFO org.redisson.connection.ConnectionsHolder -- 1 connections initialized for 127.0.0.1/127.0.0.1:32906
17:51:36.866 [redisson-netty-11-1] INFO org.redisson.connection.ConnectionsHolder -- 1 connections initialized for 127.0.0.1/127.0.0.1:32906
17:51:36.887 [main] INFO com.zaxxer.hikari.HikariDataSource -- HikariPool-4 - Starting...
17:51:36.892 [main] INFO com.zaxxer.hikari.pool.HikariPool -- HikariPool-4 - Added connection com.mysql.cj.jdbc.ConnectionImpl@2be208db
17:51:36.892 [main] INFO com.zaxxer.hikari.HikariDataSource -- HikariPool-4 - Start completed.
17:51:37.088 [main] INFO com.baomidou.dynamic.datasource.DynamicRoutingDataSource -- dynamic-datasource start closing ....
17:51:37.089 [main] INFO com.baomidou.dynamic.datasource.DynamicRoutingDataSource -- dynamic-datasource all closed success,bye
17:51:37.089 [main] INFO com.zaxxer.hikari.HikariDataSource -- HikariPool-4 - Shutdown initiated...
17:51:37.099 [main] INFO com.zaxxer.hikari.HikariDataSource -- HikariPool-4 - Shutdown completed.
17:51:37.101 [main] INFO com.baomidou.dynamic.datasource.DynamicRoutingDataSource -- dynamic-datasource - add a datasource named [master] success
17:51:37.238 [main] INFO org.redisson.Version -- Redisson 4.6.1
17:51:37.244 [redisson-netty-14-2] INFO org.redisson.connection.ConnectionsHolder -- 1 connections initialized for 127.0.0.1/127.0.0.1:32906
17:51:37.244 [redisson-netty-14-1] INFO org.redisson.connection.ConnectionsHolder -- 1 connections initialized for 127.0.0.1/127.0.0.1:32906
17:51:37.265 [main] INFO com.zaxxer.hikari.HikariDataSource -- HikariPool-5 - Starting...
17:51:37.273 [main] INFO com.zaxxer.hikari.pool.HikariPool -- HikariPool-5 - Added connection com.mysql.cj.jdbc.ConnectionImpl@464017f5
17:51:37.274 [main] INFO com.zaxxer.hikari.HikariDataSource -- HikariPool-5 - Start completed.
17:51:37.362 [main] INFO com.baomidou.dynamic.datasource.DynamicRoutingDataSource -- dynamic-datasource start closing ....
17:51:37.362 [main] INFO com.baomidou.dynamic.datasource.DynamicRoutingDataSource -- dynamic-datasource all closed success,bye
17:51:37.362 [main] INFO com.zaxxer.hikari.HikariDataSource -- HikariPool-5 - Shutdown initiated...
17:51:37.363 [main] INFO com.zaxxer.hikari.HikariDataSource -- HikariPool-5 - Shutdown completed.
17:51:37.365 [main] INFO com.baomidou.dynamic.datasource.DynamicRoutingDataSource -- dynamic-datasource - add a datasource named [master] success
17:51:37.488 [main] INFO org.redisson.Version -- Redisson 4.6.1
17:51:37.491 [redisson-netty-17-2] INFO org.redisson.connection.ConnectionsHolder -- 1 connections initialized for 127.0.0.1/127.0.0.1:32906
17:51:37.491 [redisson-netty-17-1] INFO org.redisson.connection.ConnectionsHolder -- 1 connections initialized for 127.0.0.1/127.0.0.1:32906
17:51:37.506 [main] INFO com.zaxxer.hikari.HikariDataSource -- HikariPool-6 - Starting...
17:51:37.510 [main] INFO com.zaxxer.hikari.pool.HikariPool -- HikariPool-6 - Added connection com.mysql.cj.jdbc.ConnectionImpl@5f63a6f2
17:51:37.510 [main] INFO com.zaxxer.hikari.HikariDataSource -- HikariPool-6 - Start completed.
17:51:37.588 [main] INFO com.baomidou.dynamic.datasource.DynamicRoutingDataSource -- dynamic-datasource start closing ....
17:51:37.588 [main] INFO com.baomidou.dynamic.datasource.DynamicRoutingDataSource -- dynamic-datasource all closed success,bye
17:51:37.588 [main] INFO com.zaxxer.hikari.HikariDataSource -- HikariPool-6 - Shutdown initiated...
17:51:37.589 [main] INFO com.zaxxer.hikari.HikariDataSource -- HikariPool-6 - Shutdown completed.
17:51:37.591 [main] INFO com.baomidou.dynamic.datasource.DynamicRoutingDataSource -- dynamic-datasource - add a datasource named [master] success
17:51:37.696 [main] INFO org.redisson.Version -- Redisson 4.6.1
17:51:37.699 [redisson-netty-20-2] INFO org.redisson.connection.ConnectionsHolder -- 1 connections initialized for 127.0.0.1/127.0.0.1:32906
17:51:37.699 [redisson-netty-20-1] INFO org.redisson.connection.ConnectionsHolder -- 1 connections initialized for 127.0.0.1/127.0.0.1:32906
17:51:37.715 [main] INFO com.zaxxer.hikari.HikariDataSource -- HikariPool-7 - Starting...
17:51:37.719 [main] INFO com.zaxxer.hikari.pool.HikariPool -- HikariPool-7 - Added connection com.mysql.cj.jdbc.ConnectionImpl@17796f47
17:51:37.719 [main] INFO com.zaxxer.hikari.HikariDataSource -- HikariPool-7 - Start completed.
17:51:37.827 [main] WARN org.namewta.notify.adapter.event.InAppCommittedPushListener -- 站内实时提示失败，messageId=9380049, reason=IllegalStateException
17:51:37.860 [main] INFO com.baomidou.dynamic.datasource.DynamicRoutingDataSource -- dynamic-datasource start closing ....
17:51:37.860 [main] INFO com.baomidou.dynamic.datasource.DynamicRoutingDataSource -- dynamic-datasource all closed success,bye
17:51:37.860 [main] INFO com.zaxxer.hikari.HikariDataSource -- HikariPool-7 - Shutdown initiated...
17:51:37.887 [main] INFO com.zaxxer.hikari.HikariDataSource -- HikariPool-7 - Shutdown completed.
17:51:37.889 [main] INFO com.baomidou.dynamic.datasource.DynamicRoutingDataSource -- dynamic-datasource - add a datasource named [master] success
17:51:38.015 [main] INFO org.redisson.Version -- Redisson 4.6.1
17:51:38.022 [redisson-netty-23-2] INFO org.redisson.connection.ConnectionsHolder -- 1 connections initialized for 127.0.0.1/127.0.0.1:32906
17:51:38.022 [redisson-netty-23-1] INFO org.redisson.connection.ConnectionsHolder -- 1 connections initialized for 127.0.0.1/127.0.0.1:32906
17:51:38.039 [main] INFO com.zaxxer.hikari.HikariDataSource -- HikariPool-8 - Starting...
17:51:38.043 [main] INFO com.zaxxer.hikari.pool.HikariPool -- HikariPool-8 - Added connection com.mysql.cj.jdbc.ConnectionImpl@58f05266
17:51:38.043 [main] INFO com.zaxxer.hikari.HikariDataSource -- HikariPool-8 - Start completed.
17:51:38.097 [main] INFO com.baomidou.dynamic.datasource.DynamicRoutingDataSource -- dynamic-datasource start closing ....
17:51:38.097 [main] INFO com.baomidou.dynamic.datasource.DynamicRoutingDataSource -- dynamic-datasource all closed success,bye
17:51:38.097 [main] INFO com.zaxxer.hikari.HikariDataSource -- HikariPool-8 - Shutdown initiated...
17:51:38.098 [main] INFO com.zaxxer.hikari.HikariDataSource -- HikariPool-8 - Shutdown completed.
17:51:38.100 [main] INFO com.baomidou.dynamic.datasource.DynamicRoutingDataSource -- dynamic-datasource - add a datasource named [master] success
17:51:38.200 [main] INFO org.redisson.Version -- Redisson 4.6.1
17:51:38.203 [redisson-netty-26-1] INFO org.redisson.connection.ConnectionsHolder -- 1 connections initialized for 127.0.0.1/127.0.0.1:32906
17:51:38.203 [redisson-netty-26-2] INFO org.redisson.connection.ConnectionsHolder -- 1 connections initialized for 127.0.0.1/127.0.0.1:32906
17:51:38.217 [main] INFO com.zaxxer.hikari.HikariDataSource -- HikariPool-9 - Starting...
17:51:38.221 [main] INFO com.zaxxer.hikari.pool.HikariPool -- HikariPool-9 - Added connection com.mysql.cj.jdbc.ConnectionImpl@3e94a6f6
17:51:38.221 [main] INFO com.zaxxer.hikari.HikariDataSource -- HikariPool-9 - Start completed.
17:51:38.366 [main] INFO com.baomidou.dynamic.datasource.DynamicRoutingDataSource -- dynamic-datasource start closing ....
17:51:38.366 [main] INFO com.baomidou.dynamic.datasource.DynamicRoutingDataSource -- dynamic-datasource all closed success,bye
17:51:38.366 [main] INFO com.zaxxer.hikari.HikariDataSource -- HikariPool-9 - Shutdown initiated...
17:51:38.388 [main] INFO com.zaxxer.hikari.HikariDataSource -- HikariPool-9 - Shutdown completed.
17:51:38.390 [main] INFO com.baomidou.dynamic.datasource.DynamicRoutingDataSource -- dynamic-datasource - add a datasource named [master] success
17:51:38.494 [main] INFO org.redisson.Version -- Redisson 4.6.1
17:51:38.498 [redisson-netty-29-1] INFO org.redisson.connection.ConnectionsHolder -- 1 connections initialized for 127.0.0.1/127.0.0.1:32906
17:51:38.498 [redisson-netty-29-2] INFO org.redisson.connection.ConnectionsHolder -- 1 connections initialized for 127.0.0.1/127.0.0.1:32906
17:51:38.519 [main] INFO com.zaxxer.hikari.HikariDataSource -- HikariPool-10 - Starting...
17:51:38.524 [main] INFO com.zaxxer.hikari.pool.HikariPool -- HikariPool-10 - Added connection com.mysql.cj.jdbc.ConnectionImpl@12dcfa6a
17:51:38.524 [main] INFO com.zaxxer.hikari.HikariDataSource -- HikariPool-10 - Start completed.
17:51:38.608 [main] WARN org.namewta.notify.adapter.event.InAppCommittedPushListener -- 站内实时提示失败，messageId=9380062, reason=IllegalStateException
17:51:38.636 [main] INFO com.baomidou.dynamic.datasource.DynamicRoutingDataSource -- dynamic-datasource start closing ....
17:51:38.636 [main] INFO com.baomidou.dynamic.datasource.DynamicRoutingDataSource -- dynamic-datasource all closed success,bye
17:51:38.636 [main] INFO com.zaxxer.hikari.HikariDataSource -- HikariPool-10 - Shutdown initiated...
17:51:38.658 [main] INFO com.zaxxer.hikari.HikariDataSource -- HikariPool-10 - Shutdown completed.
17:51:38.660 [main] INFO com.baomidou.dynamic.datasource.DynamicRoutingDataSource -- dynamic-datasource - add a datasource named [master] success
17:51:38.769 [main] INFO org.redisson.Version -- Redisson 4.6.1
17:51:38.773 [redisson-netty-32-1] INFO org.redisson.connection.ConnectionsHolder -- 1 connections initialized for 127.0.0.1/127.0.0.1:32906
17:51:38.773 [redisson-netty-32-2] INFO org.redisson.connection.ConnectionsHolder -- 1 connections initialized for 127.0.0.1/127.0.0.1:32906
17:51:38.787 [main] INFO com.zaxxer.hikari.HikariDataSource -- HikariPool-11 - Starting...
17:51:38.790 [main] INFO com.zaxxer.hikari.pool.HikariPool -- HikariPool-11 - Added connection com.mysql.cj.jdbc.ConnectionImpl@23e95661
17:51:38.791 [main] INFO com.zaxxer.hikari.HikariDataSource -- HikariPool-11 - Start completed.
17:51:38.870 [main] INFO com.baomidou.dynamic.datasource.DynamicRoutingDataSource -- dynamic-datasource start closing ....
17:51:38.870 [main] INFO com.baomidou.dynamic.datasource.DynamicRoutingDataSource -- dynamic-datasource all closed success,bye
17:51:38.870 [main] INFO com.zaxxer.hikari.HikariDataSource -- HikariPool-11 - Shutdown initiated...
17:51:38.871 [main] INFO com.zaxxer.hikari.HikariDataSource -- HikariPool-11 - Shutdown completed.
17:51:38.873 [main] INFO com.baomidou.dynamic.datasource.DynamicRoutingDataSource -- dynamic-datasource - add a datasource named [master] success
17:51:38.977 [main] INFO org.redisson.Version -- Redisson 4.6.1
17:51:38.981 [redisson-netty-35-1] INFO org.redisson.connection.ConnectionsHolder -- 1 connections initialized for 127.0.0.1/127.0.0.1:32906
17:51:38.981 [redisson-netty-35-2] INFO org.redisson.connection.ConnectionsHolder -- 1 connections initialized for 127.0.0.1/127.0.0.1:32906
17:51:38.999 [main] INFO com.zaxxer.hikari.HikariDataSource -- HikariPool-12 - Starting...
17:51:39.004 [main] INFO com.zaxxer.hikari.pool.HikariPool -- HikariPool-12 - Added connection com.mysql.cj.jdbc.ConnectionImpl@446d7669
17:51:39.004 [main] INFO com.zaxxer.hikari.HikariDataSource -- HikariPool-12 - Start completed.
17:51:39.090 [main] INFO com.baomidou.dynamic.datasource.DynamicRoutingDataSource -- dynamic-datasource start closing ....
17:51:39.090 [main] INFO com.baomidou.dynamic.datasource.DynamicRoutingDataSource -- dynamic-datasource all closed success,bye
17:51:39.090 [main] INFO com.zaxxer.hikari.HikariDataSource -- HikariPool-12 - Shutdown initiated...
17:51:39.091 [main] INFO com.zaxxer.hikari.HikariDataSource -- HikariPool-12 - Shutdown completed.
17:51:39.093 [main] INFO com.baomidou.dynamic.datasource.DynamicRoutingDataSource -- dynamic-datasource - add a datasource named [master] success
17:51:39.199 [main] INFO org.redisson.Version -- Redisson 4.6.1
17:51:39.202 [redisson-netty-38-1] INFO org.redisson.connection.ConnectionsHolder -- 1 connections initialized for 127.0.0.1/127.0.0.1:32906
17:51:39.202 [redisson-netty-38-2] INFO org.redisson.connection.ConnectionsHolder -- 1 connections initialized for 127.0.0.1/127.0.0.1:32906
17:51:39.215 [main] INFO com.zaxxer.hikari.HikariDataSource -- HikariPool-13 - Starting...
17:51:39.219 [main] INFO com.zaxxer.hikari.pool.HikariPool -- HikariPool-13 - Added connection com.mysql.cj.jdbc.ConnectionImpl@41e5038a
17:51:39.219 [main] INFO com.zaxxer.hikari.HikariDataSource -- HikariPool-13 - Start completed.
17:51:39.292 [main] INFO com.baomidou.dynamic.datasource.DynamicRoutingDataSource -- dynamic-datasource start closing ....
17:51:39.292 [main] INFO com.baomidou.dynamic.datasource.DynamicRoutingDataSource -- dynamic-datasource all closed success,bye
17:51:39.292 [main] INFO com.zaxxer.hikari.HikariDataSource -- HikariPool-13 - Shutdown initiated...
17:51:39.293 [main] INFO com.zaxxer.hikari.HikariDataSource -- HikariPool-13 - Shutdown completed.
[INFO] Tests run: 13, Failures: 0, Errors: 0, Skipped: 0, Time elapsed: 6.710 s -- in org.namewta.test.notify.NotifyManualRetryIntegrationTest
[INFO] 
[INFO] Results:
[INFO] 
[INFO] Tests run: 135, Failures: 0, Errors: 0, Skipped: 0
[INFO] 
[INFO] ------------------------------------------------------------------------
[INFO] Reactor Summary for WTA-Plus 6.0.0:
[INFO] 
[INFO] WTA-Plus ........................................... SUCCESS [  0.199 s]
[INFO] wta-common ......................................... SUCCESS [  0.064 s]
[INFO] wta-common-core .................................... SUCCESS [  0.600 s]
[INFO] wta-common-doc ..................................... SUCCESS [  0.167 s]
[INFO] wta-common-json .................................... SUCCESS [  0.098 s]
[INFO] wta-common-redis ................................... SUCCESS [  0.187 s]
[INFO] wta-common-social .................................. SUCCESS [  0.063 s]
[INFO] wta-common-nacos ................................... SUCCESS [  0.099 s]
[INFO] wta-common-notify .................................. SUCCESS [  0.069 s]
[INFO] wta-common-mail .................................... SUCCESS [  0.062 s]
[INFO] wta-common-mcp ..................................... SUCCESS [  0.087 s]
[INFO] wta-api ............................................ SUCCESS [  0.045 s]
[INFO] wta-common-satoken ................................. SUCCESS [  0.056 s]
[INFO] wta-common-openapi ................................. SUCCESS [  0.076 s]
[INFO] wta-common-mybatis ................................. SUCCESS [  0.149 s]
[INFO] wta-common-translation ............................. SUCCESS [  0.041 s]
[INFO] wta-common-oss ..................................... SUCCESS [  0.085 s]
[INFO] wta-common-log ..................................... SUCCESS [  0.054 s]
[INFO] wta-common-excel ................................... SUCCESS [  0.070 s]
[INFO] wta-common-sms ..................................... SUCCESS [  0.058 s]
[INFO] wta-common-security ................................ SUCCESS [  0.039 s]
[INFO] wta-common-web ..................................... SUCCESS [  0.108 s]
[INFO] wta-common-sensitive ............................... SUCCESS [  0.034 s]
[INFO] wta-common-encrypt ................................. SUCCESS [  0.044 s]
[INFO] wta-common-push .................................... SUCCESS [  0.065 s]
[INFO] wta-modules ........................................ SUCCESS [  0.025 s]
[INFO] wta-system ......................................... SUCCESS [  0.095 s]
[INFO] wta-third .......................................... SUCCESS [  0.065 s]
[INFO] wta-notify ......................................... SUCCESS [  2.042 s]
[INFO] wta-sso ............................................ SUCCESS [  0.074 s]
[INFO] wta-common-job ..................................... SUCCESS [  0.062 s]
[INFO] wta-job ............................................ SUCCESS [  0.036 s]
[INFO] wta-common-ai ...................................... SUCCESS [  0.030 s]
[INFO] wta-ai ............................................. SUCCESS [  0.030 s]
[INFO] wta-common-richtext ................................ SUCCESS [  0.055 s]
[INFO] wta-common-elasticsearch ........................... SUCCESS [  0.046 s]
[INFO] wta-common-mqtt .................................... SUCCESS [  0.036 s]
[INFO] wta-demo ........................................... SUCCESS [  0.084 s]
[INFO] wta-common-liteflow ................................ SUCCESS [  0.060 s]
[INFO] wta-workflow ....................................... SUCCESS [  0.083 s]
[INFO] wta-profile ........................................ SUCCESS [  0.027 s]
[INFO] wta-profile-person ................................. SUCCESS [  1.394 s]
[INFO] wta-profile-enterprise ............................. SUCCESS [  1.034 s]
[INFO] wta-admin .......................................... SUCCESS [01:14 min]
[INFO] ------------------------------------------------------------------------
[INFO] BUILD SUCCESS
[INFO] ------------------------------------------------------------------------
[INFO] Total time:  01:23 min
[INFO] Finished at: 2026-09-23T17:51:39-04:00
[INFO] ------------------------------------------------------------------------
