[INFO] Scanning for projects...
[INFO] ------------------------------------------------------------------------
[INFO] Reactor Build Order:
[INFO] 
[INFO] WTA-Plus                                                           [pom]
[INFO] wta-common                                                         [pom]
[INFO] wta-common-core                                                    [jar]
[INFO] wta-common-doc                                                     [jar]
[INFO] wta-common-json                                                    [jar]
[INFO] wta-common-redis                                                   [jar]
[INFO] wta-common-social                                                  [jar]
[INFO] wta-common-nacos                                                   [jar]
[INFO] wta-common-notify                                                  [jar]
[INFO] wta-common-mail                                                    [jar]
[INFO] wta-common-mcp                                                     [jar]
[INFO] wta-api                                                            [jar]
[INFO] wta-common-satoken                                                 [jar]
[INFO] wta-common-openapi                                                 [jar]
[INFO] wta-common-mybatis                                                 [jar]
[INFO] wta-common-translation                                             [jar]
[INFO] wta-common-oss                                                     [jar]
[INFO] wta-common-log                                                     [jar]
[INFO] wta-common-excel                                                   [jar]
[INFO] wta-common-sms                                                     [jar]
[INFO] wta-common-security                                                [jar]
[INFO] wta-common-web                                                     [jar]
[INFO] wta-common-sensitive                                               [jar]
[INFO] wta-common-encrypt                                                 [jar]
[INFO] wta-common-push                                                    [jar]
[INFO] wta-modules                                                        [pom]
[INFO] wta-system                                                         [jar]
[INFO] wta-third                                                          [jar]
[INFO] wta-notify                                                         [jar]
[INFO] wta-sso                                                            [jar]
[INFO] wta-common-job                                                     [jar]
[INFO] wta-job                                                            [jar]
[INFO] wta-common-ai                                                      [jar]
[INFO] wta-ai                                                             [jar]
[INFO] wta-common-richtext                                                [jar]
[INFO] wta-common-elasticsearch                                           [jar]
[INFO] wta-common-mqtt                                                    [jar]
[INFO] wta-demo                                                           [jar]
[INFO] wta-common-liteflow                                                [jar]
[INFO] wta-workflow                                                       [jar]
[INFO] wta-profile                                                        [pom]
[INFO] wta-profile-person                                                 [jar]
[INFO] wta-profile-enterprise                                             [jar]
[INFO] wta-admin                                                          [jar]
[INFO] 
[INFO] ----------------------< org.namewta:wta-vue-plus >----------------------
[INFO] Building WTA-Plus 6.0.0                                           [1/44]
[INFO]   from pom.xml
[INFO] --------------------------------[ pom ]---------------------------------
[INFO] 
[INFO] --- flatten:1.7.3:flatten (flatten) @ wta-vue-plus ---
[INFO] Generating flattened POM of project org.namewta:wta-vue-plus:pom:6.0.0...
[INFO] 
[INFO] -----------------------< org.namewta:wta-common >-----------------------
[INFO] Building wta-common 6.0.0                                         [2/44]
[INFO]   from wta-common/pom.xml
[INFO] --------------------------------[ pom ]---------------------------------
[INFO] 
[INFO] --- flatten:1.7.3:flatten (flatten) @ wta-common ---
[INFO] Generating flattened POM of project org.namewta:wta-common:pom:6.0.0...
[INFO] 
[INFO] --------------------< org.namewta:wta-common-core >---------------------
[INFO] Building wta-common-core 6.0.0                                    [3/44]
[INFO]   from wta-common/wta-common-core/pom.xml
[INFO] --------------------------------[ jar ]---------------------------------
[INFO] 
[INFO] --- resources:3.3.1:resources (default-resources) @ wta-common-core ---
[INFO] Copying 1 resource from src/main/resources to target/classes
[INFO] Copying 0 resource from src/main/resources to target/classes
[INFO] 
[INFO] --- flatten:1.7.3:flatten (flatten) @ wta-common-core ---
[INFO] Generating flattened POM of project org.namewta:wta-common-core:jar:6.0.0...
[INFO] 
[INFO] --- compiler:3.15.0:compile (default-compile) @ wta-common-core ---
[INFO] Nothing to compile - all classes are up to date.
[INFO] 
[INFO] --- resources:3.3.1:testResources (default-testResources) @ wta-common-core ---
[INFO] skip non existing resourceDirectory /srv/WTA-plus/backend/wta-common/wta-common-core/src/test/resources
[INFO] 
[INFO] --- compiler:3.15.0:testCompile (default-testCompile) @ wta-common-core ---
[INFO] Nothing to compile - all classes are up to date.
[INFO] 
[INFO] --- surefire:3.5.5:test (default-test) @ wta-common-core ---
[INFO] 
[INFO] ---------------------< org.namewta:wta-common-doc >---------------------
[INFO] Building wta-common-doc 6.0.0                                     [4/44]
[INFO]   from wta-common/wta-common-doc/pom.xml
[INFO] --------------------------------[ jar ]---------------------------------
[INFO] 
[INFO] --- resources:3.3.1:resources (default-resources) @ wta-common-doc ---
[INFO] Copying 1 resource from src/main/resources to target/classes
[INFO] Copying 0 resource from src/main/resources to target/classes
[INFO] 
[INFO] --- flatten:1.7.3:flatten (flatten) @ wta-common-doc ---
[INFO] Generating flattened POM of project org.namewta:wta-common-doc:jar:6.0.0...
[INFO] 
[INFO] --- compiler:3.15.0:compile (default-compile) @ wta-common-doc ---
[INFO] Nothing to compile - all classes are up to date.
[INFO] 
[INFO] --- resources:3.3.1:testResources (default-testResources) @ wta-common-doc ---
[INFO] skip non existing resourceDirectory /srv/WTA-plus/backend/wta-common/wta-common-doc/src/test/resources
[INFO] 
[INFO] --- compiler:3.15.0:testCompile (default-testCompile) @ wta-common-doc ---
[INFO] No sources to compile
[INFO] 
[INFO] --- surefire:3.5.5:test (default-test) @ wta-common-doc ---
[INFO] No tests to run.
[INFO] 
[INFO] --------------------< org.namewta:wta-common-json >---------------------
[INFO] Building wta-common-json 6.0.0                                    [5/44]
[INFO]   from wta-common/wta-common-json/pom.xml
[INFO] --------------------------------[ jar ]---------------------------------
[INFO] 
[INFO] --- resources:3.3.1:resources (default-resources) @ wta-common-json ---
[INFO] Copying 1 resource from src/main/resources to target/classes
[INFO] Copying 0 resource from src/main/resources to target/classes
[INFO] 
[INFO] --- flatten:1.7.3:flatten (flatten) @ wta-common-json ---
[INFO] Generating flattened POM of project org.namewta:wta-common-json:jar:6.0.0...
[INFO] 
[INFO] --- compiler:3.15.0:compile (default-compile) @ wta-common-json ---
[INFO] Nothing to compile - all classes are up to date.
[INFO] 
[INFO] --- resources:3.3.1:testResources (default-testResources) @ wta-common-json ---
[INFO] skip non existing resourceDirectory /srv/WTA-plus/backend/wta-common/wta-common-json/src/test/resources
[INFO] 
[INFO] --- compiler:3.15.0:testCompile (default-testCompile) @ wta-common-json ---
[INFO] Nothing to compile - all classes are up to date.
[INFO] 
[INFO] --- surefire:3.5.5:test (default-test) @ wta-common-json ---
[INFO] 
[INFO] --------------------< org.namewta:wta-common-redis >--------------------
[INFO] Building wta-common-redis 6.0.0                                   [6/44]
[INFO]   from wta-common/wta-common-redis/pom.xml
[INFO] --------------------------------[ jar ]---------------------------------
[INFO] 
[INFO] --- resources:3.3.1:resources (default-resources) @ wta-common-redis ---
[INFO] Copying 2 resources from src/main/resources to target/classes
[INFO] Copying 0 resource from src/main/resources to target/classes
[INFO] 
[INFO] --- flatten:1.7.3:flatten (flatten) @ wta-common-redis ---
[INFO] Generating flattened POM of project org.namewta:wta-common-redis:jar:6.0.0...
[INFO] 
[INFO] --- compiler:3.15.0:compile (default-compile) @ wta-common-redis ---
[INFO] Nothing to compile - all classes are up to date.
[INFO] 
[INFO] --- resources:3.3.1:testResources (default-testResources) @ wta-common-redis ---
[INFO] skip non existing resourceDirectory /srv/WTA-plus/backend/wta-common/wta-common-redis/src/test/resources
[INFO] 
[INFO] --- compiler:3.15.0:testCompile (default-testCompile) @ wta-common-redis ---
[INFO] Nothing to compile - all classes are up to date.
[INFO] 
[INFO] --- surefire:3.5.5:test (default-test) @ wta-common-redis ---
[INFO] 
[INFO] -------------------< org.namewta:wta-common-social >--------------------
[INFO] Building wta-common-social 6.0.0                                  [7/44]
[INFO]   from wta-common/wta-common-social/pom.xml
[INFO] --------------------------------[ jar ]---------------------------------
[INFO] 
[INFO] --- resources:3.3.1:resources (default-resources) @ wta-common-social ---
[INFO] Copying 1 resource from src/main/resources to target/classes
[INFO] Copying 0 resource from src/main/resources to target/classes
[INFO] 
[INFO] --- flatten:1.7.3:flatten (flatten) @ wta-common-social ---
[INFO] Generating flattened POM of project org.namewta:wta-common-social:jar:6.0.0...
[INFO] 
[INFO] --- compiler:3.15.0:compile (default-compile) @ wta-common-social ---
[INFO] Nothing to compile - all classes are up to date.
[INFO] 
[INFO] --- resources:3.3.1:testResources (default-testResources) @ wta-common-social ---
[INFO] skip non existing resourceDirectory /srv/WTA-plus/backend/wta-common/wta-common-social/src/test/resources
[INFO] 
[INFO] --- compiler:3.15.0:testCompile (default-testCompile) @ wta-common-social ---
[INFO] No sources to compile
[INFO] 
[INFO] --- surefire:3.5.5:test (default-test) @ wta-common-social ---
[INFO] No tests to run.
[INFO] 
[INFO] --------------------< org.namewta:wta-common-nacos >--------------------
[INFO] Building wta-common-nacos 6.0.0                                   [8/44]
[INFO]   from wta-common/wta-common-nacos/pom.xml
[INFO] --------------------------------[ jar ]---------------------------------
[INFO] 
[INFO] --- resources:3.3.1:resources (default-resources) @ wta-common-nacos ---
[INFO] Copying 2 resources from src/main/resources to target/classes
[INFO] Copying 0 resource from src/main/resources to target/classes
[INFO] 
[INFO] --- flatten:1.7.3:flatten (flatten) @ wta-common-nacos ---
[INFO] Generating flattened POM of project org.namewta:wta-common-nacos:jar:6.0.0...
[INFO] 
[INFO] --- compiler:3.15.0:compile (default-compile) @ wta-common-nacos ---
[INFO] Nothing to compile - all classes are up to date.
[INFO] 
[INFO] --- resources:3.3.1:testResources (default-testResources) @ wta-common-nacos ---
[INFO] skip non existing resourceDirectory /srv/WTA-plus/backend/wta-common/wta-common-nacos/src/test/resources
[INFO] 
[INFO] --- compiler:3.15.0:testCompile (default-testCompile) @ wta-common-nacos ---
[INFO] Nothing to compile - all classes are up to date.
[INFO] 
[INFO] --- surefire:3.5.5:test (default-test) @ wta-common-nacos ---
[INFO] 
[INFO] -------------------< org.namewta:wta-common-notify >--------------------
[INFO] Building wta-common-notify 6.0.0                                  [9/44]
[INFO]   from wta-common/wta-common-notify/pom.xml
[INFO] --------------------------------[ jar ]---------------------------------
[INFO] 
[INFO] --- resources:3.3.1:resources (default-resources) @ wta-common-notify ---
[INFO] Copying 1 resource from src/main/resources to target/classes
[INFO] Copying 0 resource from src/main/resources to target/classes
[INFO] 
[INFO] --- flatten:1.7.3:flatten (flatten) @ wta-common-notify ---
[INFO] Generating flattened POM of project org.namewta:wta-common-notify:jar:6.0.0...
[INFO] 
[INFO] --- compiler:3.15.0:compile (default-compile) @ wta-common-notify ---
[INFO] Nothing to compile - all classes are up to date.
[INFO] 
[INFO] --- resources:3.3.1:testResources (default-testResources) @ wta-common-notify ---
[INFO] skip non existing resourceDirectory /srv/WTA-plus/backend/wta-common/wta-common-notify/src/test/resources
[INFO] 
[INFO] --- compiler:3.15.0:testCompile (default-testCompile) @ wta-common-notify ---
[INFO] No sources to compile
[INFO] 
[INFO] --- surefire:3.5.5:test (default-test) @ wta-common-notify ---
[INFO] No tests to run.
[INFO] 
[INFO] --------------------< org.namewta:wta-common-mail >---------------------
[INFO] Building wta-common-mail 6.0.0                                   [10/44]
[INFO]   from wta-common/wta-common-mail/pom.xml
[INFO] --------------------------------[ jar ]---------------------------------
[INFO] 
[INFO] --- resources:3.3.1:resources (default-resources) @ wta-common-mail ---
[INFO] Copying 1 resource from src/main/resources to target/classes
[INFO] Copying 0 resource from src/main/resources to target/classes
[INFO] 
[INFO] --- flatten:1.7.3:flatten (flatten) @ wta-common-mail ---
[INFO] Generating flattened POM of project org.namewta:wta-common-mail:jar:6.0.0...
[INFO] 
[INFO] --- compiler:3.15.0:compile (default-compile) @ wta-common-mail ---
[INFO] Nothing to compile - all classes are up to date.
[INFO] 
[INFO] --- resources:3.3.1:testResources (default-testResources) @ wta-common-mail ---
[INFO] skip non existing resourceDirectory /srv/WTA-plus/backend/wta-common/wta-common-mail/src/test/resources
[INFO] 
[INFO] --- compiler:3.15.0:testCompile (default-testCompile) @ wta-common-mail ---
[INFO] No sources to compile
[INFO] 
[INFO] --- surefire:3.5.5:test (default-test) @ wta-common-mail ---
[INFO] No tests to run.
[INFO] 
[INFO] ---------------------< org.namewta:wta-common-mcp >---------------------
[INFO] Building wta-common-mcp 6.0.0                                    [11/44]
[INFO]   from wta-common/wta-common-mcp/pom.xml
[INFO] --------------------------------[ jar ]---------------------------------
[INFO] 
[INFO] --- resources:3.3.1:resources (default-resources) @ wta-common-mcp ---
[INFO] Copying 1 resource from src/main/resources to target/classes
[INFO] Copying 0 resource from src/main/resources to target/classes
[INFO] 
[INFO] --- flatten:1.7.3:flatten (flatten) @ wta-common-mcp ---
[INFO] Generating flattened POM of project org.namewta:wta-common-mcp:jar:6.0.0...
[INFO] 
[INFO] --- compiler:3.15.0:compile (default-compile) @ wta-common-mcp ---
[INFO] Nothing to compile - all classes are up to date.
[INFO] 
[INFO] --- resources:3.3.1:testResources (default-testResources) @ wta-common-mcp ---
[INFO] skip non existing resourceDirectory /srv/WTA-plus/backend/wta-common/wta-common-mcp/src/test/resources
[INFO] 
[INFO] --- compiler:3.15.0:testCompile (default-testCompile) @ wta-common-mcp ---
[INFO] No sources to compile
[INFO] 
[INFO] --- surefire:3.5.5:test (default-test) @ wta-common-mcp ---
[INFO] No tests to run.
[INFO] 
[INFO] ------------------------< org.namewta:wta-api >-------------------------
[INFO] Building wta-api 6.0.0                                           [12/44]
[INFO]   from wta-api/pom.xml
[INFO] --------------------------------[ jar ]---------------------------------
[INFO] 
[INFO] --- resources:3.3.1:resources (default-resources) @ wta-api ---
[INFO] skip non existing resourceDirectory /srv/WTA-plus/backend/wta-api/src/main/resources
[INFO] skip non existing resourceDirectory /srv/WTA-plus/backend/wta-api/src/main/resources
[INFO] 
[INFO] --- flatten:1.7.3:flatten (flatten) @ wta-api ---
[INFO] Generating flattened POM of project org.namewta:wta-api:jar:6.0.0...
[INFO] 
[INFO] --- compiler:3.15.0:compile (default-compile) @ wta-api ---
[INFO] Nothing to compile - all classes are up to date.
[INFO] 
[INFO] --- resources:3.3.1:testResources (default-testResources) @ wta-api ---
[INFO] skip non existing resourceDirectory /srv/WTA-plus/backend/wta-api/src/test/resources
[INFO] 
[INFO] --- compiler:3.15.0:testCompile (default-testCompile) @ wta-api ---
[INFO] No sources to compile
[INFO] 
[INFO] --- surefire:3.5.5:test (default-test) @ wta-api ---
[INFO] No tests to run.
[INFO] 
[INFO] -------------------< org.namewta:wta-common-satoken >-------------------
[INFO] Building wta-common-satoken 6.0.0                                [13/44]
[INFO]   from wta-common/wta-common-satoken/pom.xml
[INFO] --------------------------------[ jar ]---------------------------------
[INFO] 
[INFO] --- resources:3.3.1:resources (default-resources) @ wta-common-satoken ---
[INFO] Copying 2 resources from src/main/resources to target/classes
[INFO] Copying 0 resource from src/main/resources to target/classes
[INFO] 
[INFO] --- flatten:1.7.3:flatten (flatten) @ wta-common-satoken ---
[INFO] Generating flattened POM of project org.namewta:wta-common-satoken:jar:6.0.0...
[INFO] 
[INFO] --- compiler:3.15.0:compile (default-compile) @ wta-common-satoken ---
[INFO] Nothing to compile - all classes are up to date.
[INFO] 
[INFO] --- resources:3.3.1:testResources (default-testResources) @ wta-common-satoken ---
[INFO] skip non existing resourceDirectory /srv/WTA-plus/backend/wta-common/wta-common-satoken/src/test/resources
[INFO] 
[INFO] --- compiler:3.15.0:testCompile (default-testCompile) @ wta-common-satoken ---
[INFO] No sources to compile
[INFO] 
[INFO] --- surefire:3.5.5:test (default-test) @ wta-common-satoken ---
[INFO] No tests to run.
[INFO] 
[INFO] -------------------< org.namewta:wta-common-openapi >-------------------
[INFO] Building wta-common-openapi 6.0.0                                [14/44]
[INFO]   from wta-common/wta-common-openapi/pom.xml
[INFO] --------------------------------[ jar ]---------------------------------
[INFO] 
[INFO] --- resources:3.3.1:resources (default-resources) @ wta-common-openapi ---
[INFO] Copying 1 resource from src/main/resources to target/classes
[INFO] Copying 0 resource from src/main/resources to target/classes
[INFO] 
[INFO] --- flatten:1.7.3:flatten (flatten) @ wta-common-openapi ---
[INFO] Generating flattened POM of project org.namewta:wta-common-openapi:jar:6.0.0...
[INFO] 
[INFO] --- compiler:3.15.0:compile (default-compile) @ wta-common-openapi ---
[INFO] Nothing to compile - all classes are up to date.
[INFO] 
[INFO] --- resources:3.3.1:testResources (default-testResources) @ wta-common-openapi ---
[INFO] skip non existing resourceDirectory /srv/WTA-plus/backend/wta-common/wta-common-openapi/src/test/resources
[INFO] 
[INFO] --- compiler:3.15.0:testCompile (default-testCompile) @ wta-common-openapi ---
[INFO] Nothing to compile - all classes are up to date.
[INFO] 
[INFO] --- surefire:3.5.5:test (default-test) @ wta-common-openapi ---
[INFO] 
[INFO] -------------------< org.namewta:wta-common-mybatis >-------------------
[INFO] Building wta-common-mybatis 6.0.0                                [15/44]
[INFO]   from wta-common/wta-common-mybatis/pom.xml
[INFO] --------------------------------[ jar ]---------------------------------
[INFO] 
[INFO] --- resources:3.3.1:resources (default-resources) @ wta-common-mybatis ---
[INFO] Copying 2 resources from src/main/resources to target/classes
[INFO] Copying 0 resource from src/main/resources to target/classes
[INFO] 
[INFO] --- flatten:1.7.3:flatten (flatten) @ wta-common-mybatis ---
[INFO] Generating flattened POM of project org.namewta:wta-common-mybatis:jar:6.0.0...
[INFO] 
[INFO] --- compiler:3.15.0:compile (default-compile) @ wta-common-mybatis ---
[INFO] Nothing to compile - all classes are up to date.
[INFO] 
[INFO] --- resources:3.3.1:testResources (default-testResources) @ wta-common-mybatis ---
[INFO] skip non existing resourceDirectory /srv/WTA-plus/backend/wta-common/wta-common-mybatis/src/test/resources
[INFO] 
[INFO] --- compiler:3.15.0:testCompile (default-testCompile) @ wta-common-mybatis ---
[INFO] No sources to compile
[INFO] 
[INFO] --- surefire:3.5.5:test (default-test) @ wta-common-mybatis ---
[INFO] No tests to run.
[INFO] 
[INFO] -----------------< org.namewta:wta-common-translation >-----------------
[INFO] Building wta-common-translation 6.0.0                            [16/44]
[INFO]   from wta-common/wta-common-translation/pom.xml
[INFO] --------------------------------[ jar ]---------------------------------
[INFO] 
[INFO] --- resources:3.3.1:resources (default-resources) @ wta-common-translation ---
[INFO] Copying 1 resource from src/main/resources to target/classes
[INFO] Copying 0 resource from src/main/resources to target/classes
[INFO] 
[INFO] --- flatten:1.7.3:flatten (flatten) @ wta-common-translation ---
[INFO] Generating flattened POM of project org.namewta:wta-common-translation:jar:6.0.0...
[INFO] 
[INFO] --- compiler:3.15.0:compile (default-compile) @ wta-common-translation ---
[INFO] Nothing to compile - all classes are up to date.
[INFO] 
[INFO] --- resources:3.3.1:testResources (default-testResources) @ wta-common-translation ---
[INFO] skip non existing resourceDirectory /srv/WTA-plus/backend/wta-common/wta-common-translation/src/test/resources
[INFO] 
[INFO] --- compiler:3.15.0:testCompile (default-testCompile) @ wta-common-translation ---
[INFO] No sources to compile
[INFO] 
[INFO] --- surefire:3.5.5:test (default-test) @ wta-common-translation ---
[INFO] No tests to run.
[INFO] 
[INFO] ---------------------< org.namewta:wta-common-oss >---------------------
[INFO] Building wta-common-oss 6.0.0                                    [17/44]
[INFO]   from wta-common/wta-common-oss/pom.xml
[INFO] --------------------------------[ jar ]---------------------------------
[INFO] 
[INFO] --- resources:3.3.1:resources (default-resources) @ wta-common-oss ---
[INFO] skip non existing resourceDirectory /srv/WTA-plus/backend/wta-common/wta-common-oss/src/main/resources
[INFO] skip non existing resourceDirectory /srv/WTA-plus/backend/wta-common/wta-common-oss/src/main/resources
[INFO] 
[INFO] --- flatten:1.7.3:flatten (flatten) @ wta-common-oss ---
[INFO] Generating flattened POM of project org.namewta:wta-common-oss:jar:6.0.0...
[INFO] 
[INFO] --- compiler:3.15.0:compile (default-compile) @ wta-common-oss ---
[INFO] Nothing to compile - all classes are up to date.
[INFO] 
[INFO] --- resources:3.3.1:testResources (default-testResources) @ wta-common-oss ---
[INFO] skip non existing resourceDirectory /srv/WTA-plus/backend/wta-common/wta-common-oss/src/test/resources
[INFO] 
[INFO] --- compiler:3.15.0:testCompile (default-testCompile) @ wta-common-oss ---
[INFO] No sources to compile
[INFO] 
[INFO] --- surefire:3.5.5:test (default-test) @ wta-common-oss ---
[INFO] No tests to run.
[INFO] 
[INFO] ---------------------< org.namewta:wta-common-log >---------------------
[INFO] Building wta-common-log 6.0.0                                    [18/44]
[INFO]   from wta-common/wta-common-log/pom.xml
[INFO] --------------------------------[ jar ]---------------------------------
[INFO] 
[INFO] --- resources:3.3.1:resources (default-resources) @ wta-common-log ---
[INFO] Copying 1 resource from src/main/resources to target/classes
[INFO] Copying 0 resource from src/main/resources to target/classes
[INFO] 
[INFO] --- flatten:1.7.3:flatten (flatten) @ wta-common-log ---
[INFO] Generating flattened POM of project org.namewta:wta-common-log:jar:6.0.0...
[INFO] 
[INFO] --- compiler:3.15.0:compile (default-compile) @ wta-common-log ---
[INFO] Nothing to compile - all classes are up to date.
[INFO] 
[INFO] --- resources:3.3.1:testResources (default-testResources) @ wta-common-log ---
[INFO] skip non existing resourceDirectory /srv/WTA-plus/backend/wta-common/wta-common-log/src/test/resources
[INFO] 
[INFO] --- compiler:3.15.0:testCompile (default-testCompile) @ wta-common-log ---
[INFO] Nothing to compile - all classes are up to date.
[INFO] 
[INFO] --- surefire:3.5.5:test (default-test) @ wta-common-log ---
[INFO] 
[INFO] --------------------< org.namewta:wta-common-excel >--------------------
[INFO] Building wta-common-excel 6.0.0                                  [19/44]
[INFO]   from wta-common/wta-common-excel/pom.xml
[INFO] --------------------------------[ jar ]---------------------------------
[INFO] 
[INFO] --- resources:3.3.1:resources (default-resources) @ wta-common-excel ---
[INFO] skip non existing resourceDirectory /srv/WTA-plus/backend/wta-common/wta-common-excel/src/main/resources
[INFO] skip non existing resourceDirectory /srv/WTA-plus/backend/wta-common/wta-common-excel/src/main/resources
[INFO] 
[INFO] --- flatten:1.7.3:flatten (flatten) @ wta-common-excel ---
[INFO] Generating flattened POM of project org.namewta:wta-common-excel:jar:6.0.0...
[INFO] 
[INFO] --- compiler:3.15.0:compile (default-compile) @ wta-common-excel ---
[INFO] Nothing to compile - all classes are up to date.
[INFO] 
[INFO] --- resources:3.3.1:testResources (default-testResources) @ wta-common-excel ---
[INFO] skip non existing resourceDirectory /srv/WTA-plus/backend/wta-common/wta-common-excel/src/test/resources
[INFO] 
[INFO] --- compiler:3.15.0:testCompile (default-testCompile) @ wta-common-excel ---
[INFO] No sources to compile
[INFO] 
[INFO] --- surefire:3.5.5:test (default-test) @ wta-common-excel ---
[INFO] No tests to run.
[INFO] 
[INFO] ---------------------< org.namewta:wta-common-sms >---------------------
[INFO] Building wta-common-sms 6.0.0                                    [20/44]
[INFO]   from wta-common/wta-common-sms/pom.xml
[INFO] --------------------------------[ jar ]---------------------------------
[INFO] 
[INFO] --- resources:3.3.1:resources (default-resources) @ wta-common-sms ---
[INFO] Copying 1 resource from src/main/resources to target/classes
[INFO] Copying 0 resource from src/main/resources to target/classes
[INFO] 
[INFO] --- flatten:1.7.3:flatten (flatten) @ wta-common-sms ---
[INFO] Generating flattened POM of project org.namewta:wta-common-sms:jar:6.0.0...
[INFO] 
[INFO] --- compiler:3.15.0:compile (default-compile) @ wta-common-sms ---
[INFO] Nothing to compile - all classes are up to date.
[INFO] 
[INFO] --- resources:3.3.1:testResources (default-testResources) @ wta-common-sms ---
[INFO] skip non existing resourceDirectory /srv/WTA-plus/backend/wta-common/wta-common-sms/src/test/resources
[INFO] 
[INFO] --- compiler:3.15.0:testCompile (default-testCompile) @ wta-common-sms ---
[INFO] Nothing to compile - all classes are up to date.
[INFO] 
[INFO] --- surefire:3.5.5:test (default-test) @ wta-common-sms ---
[INFO] 
[INFO] ------------------< org.namewta:wta-common-security >-------------------
[INFO] Building wta-common-security 6.0.0                               [21/44]
[INFO]   from wta-common/wta-common-security/pom.xml
[INFO] --------------------------------[ jar ]---------------------------------
[INFO] 
[INFO] --- resources:3.3.1:resources (default-resources) @ wta-common-security ---
[INFO] Copying 1 resource from src/main/resources to target/classes
[INFO] Copying 0 resource from src/main/resources to target/classes
[INFO] 
[INFO] --- flatten:1.7.3:flatten (flatten) @ wta-common-security ---
[INFO] Generating flattened POM of project org.namewta:wta-common-security:jar:6.0.0...
[INFO] 
[INFO] --- compiler:3.15.0:compile (default-compile) @ wta-common-security ---
[INFO] Nothing to compile - all classes are up to date.
[INFO] 
[INFO] --- resources:3.3.1:testResources (default-testResources) @ wta-common-security ---
[INFO] skip non existing resourceDirectory /srv/WTA-plus/backend/wta-common/wta-common-security/src/test/resources
[INFO] 
[INFO] --- compiler:3.15.0:testCompile (default-testCompile) @ wta-common-security ---
[INFO] No sources to compile
[INFO] 
[INFO] --- surefire:3.5.5:test (default-test) @ wta-common-security ---
[INFO] No tests to run.
[INFO] 
[INFO] ---------------------< org.namewta:wta-common-web >---------------------
[INFO] Building wta-common-web 6.0.0                                    [22/44]
[INFO]   from wta-common/wta-common-web/pom.xml
[INFO] --------------------------------[ jar ]---------------------------------
[INFO] 
[INFO] --- resources:3.3.1:resources (default-resources) @ wta-common-web ---
[INFO] Copying 1 resource from src/main/resources to target/classes
[INFO] Copying 0 resource from src/main/resources to target/classes
[INFO] 
[INFO] --- flatten:1.7.3:flatten (flatten) @ wta-common-web ---
[INFO] Generating flattened POM of project org.namewta:wta-common-web:jar:6.0.0...
[INFO] 
[INFO] --- compiler:3.15.0:compile (default-compile) @ wta-common-web ---
[INFO] Nothing to compile - all classes are up to date.
[INFO] 
[INFO] --- resources:3.3.1:testResources (default-testResources) @ wta-common-web ---
[INFO] skip non existing resourceDirectory /srv/WTA-plus/backend/wta-common/wta-common-web/src/test/resources
[INFO] 
[INFO] --- compiler:3.15.0:testCompile (default-testCompile) @ wta-common-web ---
[INFO] Nothing to compile - all classes are up to date.
[INFO] 
[INFO] --- surefire:3.5.5:test (default-test) @ wta-common-web ---
[INFO] 
[INFO] ------------------< org.namewta:wta-common-sensitive >------------------
[INFO] Building wta-common-sensitive 6.0.0                              [23/44]
[INFO]   from wta-common/wta-common-sensitive/pom.xml
[INFO] --------------------------------[ jar ]---------------------------------
[INFO] 
[INFO] --- resources:3.3.1:resources (default-resources) @ wta-common-sensitive ---
[INFO] Copying 1 resource from src/main/resources to target/classes
[INFO] Copying 0 resource from src/main/resources to target/classes
[INFO] 
[INFO] --- flatten:1.7.3:flatten (flatten) @ wta-common-sensitive ---
[INFO] Generating flattened POM of project org.namewta:wta-common-sensitive:jar:6.0.0...
[INFO] 
[INFO] --- compiler:3.15.0:compile (default-compile) @ wta-common-sensitive ---
[INFO] Nothing to compile - all classes are up to date.
[INFO] 
[INFO] --- resources:3.3.1:testResources (default-testResources) @ wta-common-sensitive ---
[INFO] skip non existing resourceDirectory /srv/WTA-plus/backend/wta-common/wta-common-sensitive/src/test/resources
[INFO] 
[INFO] --- compiler:3.15.0:testCompile (default-testCompile) @ wta-common-sensitive ---
[INFO] No sources to compile
[INFO] 
[INFO] --- surefire:3.5.5:test (default-test) @ wta-common-sensitive ---
[INFO] No tests to run.
[INFO] 
[INFO] -------------------< org.namewta:wta-common-encrypt >-------------------
[INFO] Building wta-common-encrypt 6.0.0                                [24/44]
[INFO]   from wta-common/wta-common-encrypt/pom.xml
[INFO] --------------------------------[ jar ]---------------------------------
[INFO] 
[INFO] --- resources:3.3.1:resources (default-resources) @ wta-common-encrypt ---
[INFO] Copying 1 resource from src/main/resources to target/classes
[INFO] Copying 0 resource from src/main/resources to target/classes
[INFO] 
[INFO] --- flatten:1.7.3:flatten (flatten) @ wta-common-encrypt ---
[INFO] Generating flattened POM of project org.namewta:wta-common-encrypt:jar:6.0.0...
[INFO] 
[INFO] --- compiler:3.15.0:compile (default-compile) @ wta-common-encrypt ---
[INFO] Nothing to compile - all classes are up to date.
[INFO] 
[INFO] --- resources:3.3.1:testResources (default-testResources) @ wta-common-encrypt ---
[INFO] skip non existing resourceDirectory /srv/WTA-plus/backend/wta-common/wta-common-encrypt/src/test/resources
[INFO] 
[INFO] --- compiler:3.15.0:testCompile (default-testCompile) @ wta-common-encrypt ---
[INFO] No sources to compile
[INFO] 
[INFO] --- surefire:3.5.5:test (default-test) @ wta-common-encrypt ---
[INFO] No tests to run.
[INFO] 
[INFO] --------------------< org.namewta:wta-common-push >---------------------
[INFO] Building wta-common-push 6.0.0                                   [25/44]
[INFO]   from wta-common/wta-common-push/pom.xml
[INFO] --------------------------------[ jar ]---------------------------------
[INFO] 
[INFO] --- resources:3.3.1:resources (default-resources) @ wta-common-push ---
[INFO] Copying 1 resource from src/main/resources to target/classes
[INFO] Copying 0 resource from src/main/resources to target/classes
[INFO] 
[INFO] --- flatten:1.7.3:flatten (flatten) @ wta-common-push ---
[INFO] Generating flattened POM of project org.namewta:wta-common-push:jar:6.0.0...
[INFO] 
[INFO] --- compiler:3.15.0:compile (default-compile) @ wta-common-push ---
[INFO] Nothing to compile - all classes are up to date.
[INFO] 
[INFO] --- resources:3.3.1:testResources (default-testResources) @ wta-common-push ---
[INFO] skip non existing resourceDirectory /srv/WTA-plus/backend/wta-common/wta-common-push/src/test/resources
[INFO] 
[INFO] --- compiler:3.15.0:testCompile (default-testCompile) @ wta-common-push ---
[INFO] Nothing to compile - all classes are up to date.
[INFO] 
[INFO] --- surefire:3.5.5:test (default-test) @ wta-common-push ---
[INFO] 
[INFO] ----------------------< org.namewta:wta-modules >-----------------------
[INFO] Building wta-modules 6.0.0                                       [26/44]
[INFO]   from wta-modules/pom.xml
[INFO] --------------------------------[ pom ]---------------------------------
[INFO] 
[INFO] --- flatten:1.7.3:flatten (flatten) @ wta-modules ---
[INFO] Generating flattened POM of project org.namewta:wta-modules:pom:6.0.0...
[INFO] 
[INFO] -----------------------< org.namewta:wta-system >-----------------------
[INFO] Building wta-system 6.0.0                                        [27/44]
[INFO]   from wta-modules/wta-system/pom.xml
[INFO] --------------------------------[ jar ]---------------------------------
[INFO] 
[INFO] --- resources:3.3.1:resources (default-resources) @ wta-system ---
[INFO] Copying 23 resources from src/main/resources to target/classes
[INFO] Copying 0 resource from src/main/resources to target/classes
[INFO] 
[INFO] --- flatten:1.7.3:flatten (flatten) @ wta-system ---
[INFO] Generating flattened POM of project org.namewta:wta-system:jar:6.0.0...
[INFO] 
[INFO] --- compiler:3.15.0:compile (default-compile) @ wta-system ---
[INFO] Nothing to compile - all classes are up to date.
[INFO] 
[INFO] --- resources:3.3.1:testResources (default-testResources) @ wta-system ---
[INFO] skip non existing resourceDirectory /srv/WTA-plus/backend/wta-modules/wta-system/src/test/resources
[INFO] 
[INFO] --- compiler:3.15.0:testCompile (default-testCompile) @ wta-system ---
[INFO] Nothing to compile - all classes are up to date.
[INFO] 
[INFO] --- surefire:3.5.5:test (default-test) @ wta-system ---
[INFO] 
[INFO] -----------------------< org.namewta:wta-third >------------------------
[INFO] Building wta-third 6.0.0                                         [28/44]
[INFO]   from wta-modules/wta-third/pom.xml
[INFO] --------------------------------[ jar ]---------------------------------
[INFO] 
[INFO] --- resources:3.3.1:resources (default-resources) @ wta-third ---
[INFO] Copying 1 resource from src/main/resources to target/classes
[INFO] Copying 0 resource from src/main/resources to target/classes
[INFO] 
[INFO] --- flatten:1.7.3:flatten (flatten) @ wta-third ---
[INFO] Generating flattened POM of project org.namewta:wta-third:jar:6.0.0...
[INFO] 
[INFO] --- compiler:3.15.0:compile (default-compile) @ wta-third ---
[INFO] Nothing to compile - all classes are up to date.
[INFO] 
[INFO] --- resources:3.3.1:testResources (default-testResources) @ wta-third ---
[INFO] skip non existing resourceDirectory /srv/WTA-plus/backend/wta-modules/wta-third/src/test/resources
[INFO] 
[INFO] --- compiler:3.15.0:testCompile (default-testCompile) @ wta-third ---
[INFO] Nothing to compile - all classes are up to date.
[INFO] 
[INFO] --- surefire:3.5.5:test (default-test) @ wta-third ---
[INFO] 
[INFO] -----------------------< org.namewta:wta-notify >-----------------------
[INFO] Building wta-notify 6.0.0                                        [29/44]
[INFO]   from wta-modules/wta-notify/pom.xml
[INFO] --------------------------------[ jar ]---------------------------------
[INFO] 
[INFO] --- resources:3.3.1:resources (default-resources) @ wta-notify ---
[INFO] Copying 4 resources from src/main/resources to target/classes
[INFO] Copying 0 resource from src/main/resources to target/classes
[INFO] 
[INFO] --- flatten:1.7.3:flatten (flatten) @ wta-notify ---
[INFO] Generating flattened POM of project org.namewta:wta-notify:jar:6.0.0...
[INFO] 
[INFO] --- compiler:3.15.0:compile (default-compile) @ wta-notify ---
[INFO] Nothing to compile - all classes are up to date.
[INFO] 
[INFO] --- resources:3.3.1:testResources (default-testResources) @ wta-notify ---
[INFO] skip non existing resourceDirectory /srv/WTA-plus/backend/wta-modules/wta-notify/src/test/resources
[INFO] 
[INFO] --- compiler:3.15.0:testCompile (default-testCompile) @ wta-notify ---
[INFO] Recompiling the module because of changed source code.
[INFO] Compiling 23 source files with javac [debug release 21] to target/test-classes
[INFO] /srv/WTA-plus/backend/wta-modules/wta-notify/src/test/java/org/namewta/notify/support/outbox/NotifyOutboxWakeRedisGate.java: /srv/WTA-plus/backend/wta-modules/wta-notify/src/test/java/org/namewta/notify/support/outbox/NotifyOutboxWakeRedisGate.java uses or overrides a deprecated API.
[INFO] /srv/WTA-plus/backend/wta-modules/wta-notify/src/test/java/org/namewta/notify/support/outbox/NotifyOutboxWakeRedisGate.java: Recompile with -Xlint:deprecation for details.
[INFO] /srv/WTA-plus/backend/wta-modules/wta-notify/src/test/java/org/namewta/notify/adapter/provider/Sms4jReceiptTest.java: Some input files use unchecked or unsafe operations.
[INFO] /srv/WTA-plus/backend/wta-modules/wta-notify/src/test/java/org/namewta/notify/adapter/provider/Sms4jReceiptTest.java: Recompile with -Xlint:unchecked for details.
[INFO] 
[INFO] --- surefire:3.5.5:test (default-test) @ wta-notify ---
[INFO] 
[INFO] ------------------------< org.namewta:wta-sso >-------------------------
[INFO] Building wta-sso 6.0.0                                           [30/44]
[INFO]   from wta-modules/wta-sso/pom.xml
[INFO] --------------------------------[ jar ]---------------------------------
[INFO] 
[INFO] --- resources:3.3.1:resources (default-resources) @ wta-sso ---
[INFO] Copying 1 resource from src/main/resources to target/classes
[INFO] Copying 0 resource from src/main/resources to target/classes
[INFO] 
[INFO] --- flatten:1.7.3:flatten (flatten) @ wta-sso ---
[INFO] Generating flattened POM of project org.namewta:wta-sso:jar:6.0.0...
[INFO] 
[INFO] --- compiler:3.15.0:compile (default-compile) @ wta-sso ---
[INFO] Nothing to compile - all classes are up to date.
[INFO] 
[INFO] --- resources:3.3.1:testResources (default-testResources) @ wta-sso ---
[INFO] skip non existing resourceDirectory /srv/WTA-plus/backend/wta-modules/wta-sso/src/test/resources
[INFO] 
[INFO] --- compiler:3.15.0:testCompile (default-testCompile) @ wta-sso ---
[INFO] Nothing to compile - all classes are up to date.
[INFO] 
[INFO] --- surefire:3.5.5:test (default-test) @ wta-sso ---
[INFO] 
[INFO] ---------------------< org.namewta:wta-common-job >---------------------
[INFO] Building wta-common-job 6.0.0                                    [31/44]
[INFO]   from wta-common/wta-common-job/pom.xml
[INFO] --------------------------------[ jar ]---------------------------------
[INFO] 
[INFO] --- resources:3.3.1:resources (default-resources) @ wta-common-job ---
[INFO] Copying 1 resource from src/main/resources to target/classes
[INFO] Copying 0 resource from src/main/resources to target/classes
[INFO] 
[INFO] --- flatten:1.7.3:flatten (flatten) @ wta-common-job ---
[INFO] Generating flattened POM of project org.namewta:wta-common-job:jar:6.0.0...
[INFO] 
[INFO] --- compiler:3.15.0:compile (default-compile) @ wta-common-job ---
[INFO] Nothing to compile - all classes are up to date.
[INFO] 
[INFO] --- resources:3.3.1:testResources (default-testResources) @ wta-common-job ---
[INFO] skip non existing resourceDirectory /srv/WTA-plus/backend/wta-common/wta-common-job/src/test/resources
[INFO] 
[INFO] --- compiler:3.15.0:testCompile (default-testCompile) @ wta-common-job ---
[INFO] No sources to compile
[INFO] 
[INFO] --- surefire:3.5.5:test (default-test) @ wta-common-job ---
[INFO] No tests to run.
[INFO] 
[INFO] ------------------------< org.namewta:wta-job >-------------------------
[INFO] Building wta-job 6.0.0                                           [32/44]
[INFO]   from wta-modules/wta-job/pom.xml
[INFO] --------------------------------[ jar ]---------------------------------
[INFO] 
[INFO] --- resources:3.3.1:resources (default-resources) @ wta-job ---
[INFO] skip non existing resourceDirectory /srv/WTA-plus/backend/wta-modules/wta-job/src/main/resources
[INFO] skip non existing resourceDirectory /srv/WTA-plus/backend/wta-modules/wta-job/src/main/resources
[INFO] 
[INFO] --- flatten:1.7.3:flatten (flatten) @ wta-job ---
[INFO] Generating flattened POM of project org.namewta:wta-job:jar:6.0.0...
[INFO] 
[INFO] --- compiler:3.15.0:compile (default-compile) @ wta-job ---
[INFO] Nothing to compile - all classes are up to date.
[INFO] 
[INFO] --- resources:3.3.1:testResources (default-testResources) @ wta-job ---
[INFO] skip non existing resourceDirectory /srv/WTA-plus/backend/wta-modules/wta-job/src/test/resources
[INFO] 
[INFO] --- compiler:3.15.0:testCompile (default-testCompile) @ wta-job ---
[INFO] No sources to compile
[INFO] 
[INFO] --- surefire:3.5.5:test (default-test) @ wta-job ---
[INFO] No tests to run.
[INFO] 
[INFO] ---------------------< org.namewta:wta-common-ai >----------------------
[INFO] Building wta-common-ai 6.0.0                                     [33/44]
[INFO]   from wta-common/wta-common-ai/pom.xml
[INFO] --------------------------------[ jar ]---------------------------------
[INFO] 
[INFO] --- resources:3.3.1:resources (default-resources) @ wta-common-ai ---
[INFO] Copying 0 resource from src/main/resources to target/classes
[INFO] Copying 0 resource from src/main/resources to target/classes
[INFO] 
[INFO] --- flatten:1.7.3:flatten (flatten) @ wta-common-ai ---
[INFO] Generating flattened POM of project org.namewta:wta-common-ai:jar:6.0.0...
[INFO] 
[INFO] --- compiler:3.15.0:compile (default-compile) @ wta-common-ai ---
[INFO] Nothing to compile - all classes are up to date.
[INFO] 
[INFO] --- resources:3.3.1:testResources (default-testResources) @ wta-common-ai ---
[INFO] skip non existing resourceDirectory /srv/WTA-plus/backend/wta-common/wta-common-ai/src/test/resources
[INFO] 
[INFO] --- compiler:3.15.0:testCompile (default-testCompile) @ wta-common-ai ---
[INFO] No sources to compile
[INFO] 
[INFO] --- surefire:3.5.5:test (default-test) @ wta-common-ai ---
[INFO] No tests to run.
[INFO] 
[INFO] -------------------------< org.namewta:wta-ai >-------------------------
[INFO] Building wta-ai 6.0.0                                            [34/44]
[INFO]   from wta-modules/wta-ai/pom.xml
[INFO] --------------------------------[ jar ]---------------------------------
[INFO] 
[INFO] --- resources:3.3.1:resources (default-resources) @ wta-ai ---
[INFO] skip non existing resourceDirectory /srv/WTA-plus/backend/wta-modules/wta-ai/src/main/resources
[INFO] skip non existing resourceDirectory /srv/WTA-plus/backend/wta-modules/wta-ai/src/main/resources
[INFO] 
[INFO] --- flatten:1.7.3:flatten (flatten) @ wta-ai ---
[INFO] Generating flattened POM of project org.namewta:wta-ai:jar:6.0.0...
[INFO] 
[INFO] --- compiler:3.15.0:compile (default-compile) @ wta-ai ---
[INFO] Nothing to compile - all classes are up to date.
[INFO] 
[INFO] --- resources:3.3.1:testResources (default-testResources) @ wta-ai ---
[INFO] skip non existing resourceDirectory /srv/WTA-plus/backend/wta-modules/wta-ai/src/test/resources
[INFO] 
[INFO] --- compiler:3.15.0:testCompile (default-testCompile) @ wta-ai ---
[INFO] No sources to compile
[INFO] 
[INFO] --- surefire:3.5.5:test (default-test) @ wta-ai ---
[INFO] No tests to run.
[INFO] 
[INFO] ------------------< org.namewta:wta-common-richtext >-------------------
[INFO] Building wta-common-richtext 6.0.0                               [35/44]
[INFO]   from wta-common/wta-common-richtext/pom.xml
[INFO] --------------------------------[ jar ]---------------------------------
[INFO] 
[INFO] --- resources:3.3.1:resources (default-resources) @ wta-common-richtext ---
[INFO] skip non existing resourceDirectory /srv/WTA-plus/backend/wta-common/wta-common-richtext/src/main/resources
[INFO] skip non existing resourceDirectory /srv/WTA-plus/backend/wta-common/wta-common-richtext/src/main/resources
[INFO] 
[INFO] --- flatten:1.7.3:flatten (flatten) @ wta-common-richtext ---
[INFO] Generating flattened POM of project org.namewta:wta-common-richtext:jar:6.0.0...
[INFO] 
[INFO] --- compiler:3.15.0:compile (default-compile) @ wta-common-richtext ---
[INFO] Nothing to compile - all classes are up to date.
[INFO] 
[INFO] --- resources:3.3.1:testResources (default-testResources) @ wta-common-richtext ---
[INFO] skip non existing resourceDirectory /srv/WTA-plus/backend/wta-common/wta-common-richtext/src/test/resources
[INFO] 
[INFO] --- compiler:3.15.0:testCompile (default-testCompile) @ wta-common-richtext ---
[INFO] Nothing to compile - all classes are up to date.
[INFO] 
[INFO] --- surefire:3.5.5:test (default-test) @ wta-common-richtext ---
[INFO] 
[INFO] ----------------< org.namewta:wta-common-elasticsearch >----------------
[INFO] Building wta-common-elasticsearch 6.0.0                          [36/44]
[INFO]   from wta-common/wta-common-elasticsearch/pom.xml
[INFO] --------------------------------[ jar ]---------------------------------
[INFO] 
[INFO] --- resources:3.3.1:resources (default-resources) @ wta-common-elasticsearch ---
[INFO] Copying 2 resources from src/main/resources to target/classes
[INFO] Copying 0 resource from src/main/resources to target/classes
[INFO] 
[INFO] --- flatten:1.7.3:flatten (flatten) @ wta-common-elasticsearch ---
[INFO] Generating flattened POM of project org.namewta:wta-common-elasticsearch:jar:6.0.0...
[INFO] 
[INFO] --- compiler:3.15.0:compile (default-compile) @ wta-common-elasticsearch ---
[INFO] Nothing to compile - all classes are up to date.
[INFO] 
[INFO] --- resources:3.3.1:testResources (default-testResources) @ wta-common-elasticsearch ---
[INFO] skip non existing resourceDirectory /srv/WTA-plus/backend/wta-common/wta-common-elasticsearch/src/test/resources
[INFO] 
[INFO] --- compiler:3.15.0:testCompile (default-testCompile) @ wta-common-elasticsearch ---
[INFO] No sources to compile
[INFO] 
[INFO] --- surefire:3.5.5:test (default-test) @ wta-common-elasticsearch ---
[INFO] No tests to run.
[INFO] 
[INFO] --------------------< org.namewta:wta-common-mqtt >---------------------
[INFO] Building wta-common-mqtt 6.0.0                                   [37/44]
[INFO]   from wta-common/wta-common-mqtt/pom.xml
[INFO] --------------------------------[ jar ]---------------------------------
[INFO] 
[INFO] --- resources:3.3.1:resources (default-resources) @ wta-common-mqtt ---
[INFO] Copying 1 resource from src/main/resources to target/classes
[INFO] Copying 0 resource from src/main/resources to target/classes
[INFO] 
[INFO] --- flatten:1.7.3:flatten (flatten) @ wta-common-mqtt ---
[INFO] Generating flattened POM of project org.namewta:wta-common-mqtt:jar:6.0.0...
[INFO] 
[INFO] --- compiler:3.15.0:compile (default-compile) @ wta-common-mqtt ---
[INFO] Nothing to compile - all classes are up to date.
[INFO] 
[INFO] --- resources:3.3.1:testResources (default-testResources) @ wta-common-mqtt ---
[INFO] skip non existing resourceDirectory /srv/WTA-plus/backend/wta-common/wta-common-mqtt/src/test/resources
[INFO] 
[INFO] --- compiler:3.15.0:testCompile (default-testCompile) @ wta-common-mqtt ---
[INFO] No sources to compile
[INFO] 
[INFO] --- surefire:3.5.5:test (default-test) @ wta-common-mqtt ---
[INFO] No tests to run.
[INFO] 
[INFO] ------------------------< org.namewta:wta-demo >------------------------
[INFO] Building wta-demo 6.0.0                                          [38/44]
[INFO]   from wta-modules/wta-demo/pom.xml
[INFO] --------------------------------[ jar ]---------------------------------
[INFO] 
[INFO] --- resources:3.3.1:resources (default-resources) @ wta-demo ---
[INFO] Copying 6 resources from src/main/resources to target/classes
[INFO] Copying 0 resource from src/main/resources to target/classes
[INFO] 
[INFO] --- flatten:1.7.3:flatten (flatten) @ wta-demo ---
[INFO] Generating flattened POM of project org.namewta:wta-demo:jar:6.0.0...
[INFO] 
[INFO] --- compiler:3.15.0:compile (default-compile) @ wta-demo ---
[INFO] Nothing to compile - all classes are up to date.
[INFO] 
[INFO] --- resources:3.3.1:testResources (default-testResources) @ wta-demo ---
[INFO] skip non existing resourceDirectory /srv/WTA-plus/backend/wta-modules/wta-demo/src/test/resources
[INFO] 
[INFO] --- compiler:3.15.0:testCompile (default-testCompile) @ wta-demo ---
[INFO] Nothing to compile - all classes are up to date.
[INFO] 
[INFO] --- surefire:3.5.5:test (default-test) @ wta-demo ---
[INFO] 
[INFO] ------------------< org.namewta:wta-common-liteflow >-------------------
[INFO] Building wta-common-liteflow 6.0.0                               [39/44]
[INFO]   from wta-common/wta-common-liteflow/pom.xml
[INFO] --------------------------------[ jar ]---------------------------------
[INFO] 
[INFO] --- resources:3.3.1:resources (default-resources) @ wta-common-liteflow ---
[INFO] Copying 1 resource from src/main/resources to target/classes
[INFO] Copying 0 resource from src/main/resources to target/classes
[INFO] 
[INFO] --- flatten:1.7.3:flatten (flatten) @ wta-common-liteflow ---
[INFO] Generating flattened POM of project org.namewta:wta-common-liteflow:jar:6.0.0...
[INFO] 
[INFO] --- compiler:3.15.0:compile (default-compile) @ wta-common-liteflow ---
[INFO] Nothing to compile - all classes are up to date.
[INFO] 
[INFO] --- resources:3.3.1:testResources (default-testResources) @ wta-common-liteflow ---
[INFO] skip non existing resourceDirectory /srv/WTA-plus/backend/wta-common/wta-common-liteflow/src/test/resources
[INFO] 
[INFO] --- compiler:3.15.0:testCompile (default-testCompile) @ wta-common-liteflow ---
[INFO] No sources to compile
[INFO] 
[INFO] --- surefire:3.5.5:test (default-test) @ wta-common-liteflow ---
[INFO] No tests to run.
[INFO] 
[INFO] ----------------------< org.namewta:wta-workflow >----------------------
[INFO] Building wta-workflow 6.0.0                                      [40/44]
[INFO]   from wta-modules/wta-workflow/pom.xml
[INFO] --------------------------------[ jar ]---------------------------------
[INFO] 
[INFO] --- resources:3.3.1:resources (default-resources) @ wta-workflow ---
[INFO] Copying 11 resources from src/main/resources to target/classes
[INFO] Copying 0 resource from src/main/resources to target/classes
[INFO] 
[INFO] --- flatten:1.7.3:flatten (flatten) @ wta-workflow ---
[INFO] Generating flattened POM of project org.namewta:wta-workflow:jar:6.0.0...
[INFO] 
[INFO] --- compiler:3.15.0:compile (default-compile) @ wta-workflow ---
[INFO] Nothing to compile - all classes are up to date.
[INFO] 
[INFO] --- resources:3.3.1:testResources (default-testResources) @ wta-workflow ---
[INFO] skip non existing resourceDirectory /srv/WTA-plus/backend/wta-modules/wta-workflow/src/test/resources
[INFO] 
[INFO] --- compiler:3.15.0:testCompile (default-testCompile) @ wta-workflow ---
[INFO] No sources to compile
[INFO] 
[INFO] --- surefire:3.5.5:test (default-test) @ wta-workflow ---
[INFO] No tests to run.
[INFO] 
[INFO] ----------------------< org.namewta:wta-profile >-----------------------
[INFO] Building wta-profile 6.0.0                                       [41/44]
[INFO]   from wta-modules/wta-profile/pom.xml
[INFO] --------------------------------[ pom ]---------------------------------
[INFO] 
[INFO] --- flatten:1.7.3:flatten (flatten) @ wta-profile ---
[INFO] Generating flattened POM of project org.namewta:wta-profile:pom:6.0.0...
[INFO] 
[INFO] -------------------< org.namewta:wta-profile-person >-------------------
[INFO] Building wta-profile-person 6.0.0                                [42/44]
[INFO]   from wta-modules/wta-profile/wta-profile-person/pom.xml
[INFO] --------------------------------[ jar ]---------------------------------
[INFO] 
[INFO] --- resources:3.3.1:resources (default-resources) @ wta-profile-person ---
[INFO] Copying 6 resources from src/main/resources to target/classes
[INFO] Copying 0 resource from src/main/resources to target/classes
[INFO] 
[INFO] --- flatten:1.7.3:flatten (flatten) @ wta-profile-person ---
[INFO] Generating flattened POM of project org.namewta:wta-profile-person:jar:6.0.0...
[INFO] 
[INFO] --- compiler:3.15.0:compile (default-compile) @ wta-profile-person ---
[INFO] Nothing to compile - all classes are up to date.
[INFO] 
[INFO] --- resources:3.3.1:testResources (default-testResources) @ wta-profile-person ---
[INFO] skip non existing resourceDirectory /srv/WTA-plus/backend/wta-modules/wta-profile/wta-profile-person/src/test/resources
[INFO] 
[INFO] --- compiler:3.15.0:testCompile (default-testCompile) @ wta-profile-person ---
[INFO] Recompiling the module because of changed source code.
[INFO] Compiling 38 source files with javac [debug release 21] to target/test-classes
[INFO] /srv/WTA-plus/backend/wta-modules/wta-profile/wta-profile-person/src/test/java/org/namewta/profile/person/controller/admin/PersonAdminHttpContractTest.java: Some input files use unchecked or unsafe operations.
[INFO] /srv/WTA-plus/backend/wta-modules/wta-profile/wta-profile-person/src/test/java/org/namewta/profile/person/controller/admin/PersonAdminHttpContractTest.java: Recompile with -Xlint:unchecked for details.
[INFO] 
[INFO] --- surefire:3.5.5:test (default-test) @ wta-profile-person ---
[INFO] 
[INFO] -----------------< org.namewta:wta-profile-enterprise >-----------------
[INFO] Building wta-profile-enterprise 6.0.0                            [43/44]
[INFO]   from wta-modules/wta-profile/wta-profile-enterprise/pom.xml
[INFO] --------------------------------[ jar ]---------------------------------
[INFO] 
[INFO] --- resources:3.3.1:resources (default-resources) @ wta-profile-enterprise ---
[INFO] Copying 4 resources from src/main/resources to target/classes
[INFO] Copying 0 resource from src/main/resources to target/classes
[INFO] 
[INFO] --- flatten:1.7.3:flatten (flatten) @ wta-profile-enterprise ---
[INFO] Generating flattened POM of project org.namewta:wta-profile-enterprise:jar:6.0.0...
[INFO] 
[INFO] --- compiler:3.15.0:compile (default-compile) @ wta-profile-enterprise ---
[INFO] Nothing to compile - all classes are up to date.
[INFO] 
[INFO] --- resources:3.3.1:testResources (default-testResources) @ wta-profile-enterprise ---
[INFO] skip non existing resourceDirectory /srv/WTA-plus/backend/wta-modules/wta-profile/wta-profile-enterprise/src/test/resources
[INFO] 
[INFO] --- compiler:3.15.0:testCompile (default-testCompile) @ wta-profile-enterprise ---
[INFO] Recompiling the module because of changed source code.
[INFO] Compiling 31 source files with javac [debug release 21] to target/test-classes
[INFO] /srv/WTA-plus/backend/wta-modules/wta-profile/wta-profile-enterprise/src/test/java/org/namewta/profile/enterprise/service/impl/EnterpriseTransferMySqlRedisE2ETest.java: Some input files use or override a deprecated API.
[INFO] /srv/WTA-plus/backend/wta-modules/wta-profile/wta-profile-enterprise/src/test/java/org/namewta/profile/enterprise/service/impl/EnterpriseTransferMySqlRedisE2ETest.java: Recompile with -Xlint:deprecation for details.
[INFO] /srv/WTA-plus/backend/wta-modules/wta-profile/wta-profile-enterprise/src/test/java/org/namewta/profile/enterprise/controller/admin/EnterpriseAdminHttpContractTest.java: Some input files use unchecked or unsafe operations.
[INFO] /srv/WTA-plus/backend/wta-modules/wta-profile/wta-profile-enterprise/src/test/java/org/namewta/profile/enterprise/controller/admin/EnterpriseAdminHttpContractTest.java: Recompile with -Xlint:unchecked for details.
[INFO] 
[INFO] --- surefire:3.5.5:test (default-test) @ wta-profile-enterprise ---
[INFO] 
[INFO] -----------------------< org.namewta:wta-admin >------------------------
[INFO] Building wta-admin 6.0.0                                         [44/44]
[INFO]   from wta-admin/pom.xml
[INFO] --------------------------------[ jar ]---------------------------------
[INFO] 
[INFO] --- resources:3.3.1:resources (default-resources) @ wta-admin ---
[INFO] Copying 9 resources from src/main/resources to target/classes
[INFO] Copying 4 resources from src/main/resources to target/classes
[INFO] 
[INFO] --- flatten:1.7.3:flatten (flatten) @ wta-admin ---
[INFO] Generating flattened POM of project org.namewta:wta-admin:jar:6.0.0...
[INFO] 
[INFO] --- compiler:3.15.0:compile (default-compile) @ wta-admin ---
[INFO] Nothing to compile - all classes are up to date.
[INFO] 
[INFO] --- resources:3.3.1:testResources (default-testResources) @ wta-admin ---
[INFO] Copying 2 resources from src/test/resources to target/test-classes
[INFO] 
[INFO] --- compiler:3.15.0:testCompile (default-testCompile) @ wta-admin ---
[INFO] Recompiling the module because of changed source code.
[INFO] Compiling 160 source files with javac [debug release 21] to target/test-classes
[INFO] /srv/WTA-plus/backend/wta-admin/src/test/java/org/namewta/common/redis/cache/ThirdRedisIntegrationTest.java: Some input files use or override a deprecated API.
[INFO] /srv/WTA-plus/backend/wta-admin/src/test/java/org/namewta/common/redis/cache/ThirdRedisIntegrationTest.java: Recompile with -Xlint:deprecation for details.
[INFO] /srv/WTA-plus/backend/wta-admin/src/test/java/org/namewta/test/notify/NotifyDeadlineIntegrationTest.java: Some input files use unchecked or unsafe operations.
[INFO] /srv/WTA-plus/backend/wta-admin/src/test/java/org/namewta/test/notify/NotifyDeadlineIntegrationTest.java: Recompile with -Xlint:unchecked for details.
[INFO] 
[INFO] --- surefire:3.5.5:test (default-test) @ wta-admin ---
[INFO] Using auto detected provider org.apache.maven.surefire.junitplatform.JUnitPlatformProvider
[INFO] 
[INFO] -------------------------------------------------------
[INFO]  T E S T S
[INFO] -------------------------------------------------------
[INFO] Running org.namewta.test.notify.NotifyDeadlineIntegrationTest
10:46:12.396 [main] INFO com.baomidou.dynamic.datasource.DynamicRoutingDataSource -- dynamic-datasource - add a datasource named [master] success
10:46:13.118 [main] INFO org.redisson.Version -- Redisson 4.6.1
10:46:13.602 [redisson-netty-1-2] INFO org.redisson.connection.ConnectionsHolder -- 1 connections initialized for 127.0.0.1/127.0.0.1:32831
10:46:13.602 [redisson-netty-1-1] INFO org.redisson.connection.ConnectionsHolder -- 1 connections initialized for 127.0.0.1/127.0.0.1:32831
Mockito is currently self-attaching to enable the inline-mock-maker. This will no longer work in future releases of the JDK. Please add Mockito as an agent to your build as described in Mockito's documentation: https://javadoc.io/doc/org.mockito/mockito-core/latest/org.mockito/org/mockito/Mockito.html#0.3
OpenJDK 64-Bit Server VM warning: Sharing is only supported for boot loader classes because bootstrap classpath has been appended
WARNING: A Java agent has been loaded dynamically (/root/.m2/repository/net/bytebuddy/byte-buddy-agent/1.18.10/byte-buddy-agent-1.18.10.jar)
WARNING: If a serviceability tool is in use, please run with -XX:+EnableDynamicAgentLoading to hide this warning
WARNING: If a serviceability tool is not in use, please run with -Djdk.instrument.traceUsage for more information
WARNING: Dynamic loading of agents will be disallowed by default in a future release
10:46:15.334 [main] INFO com.zaxxer.hikari.HikariDataSource -- HikariPool-1 - Starting...
10:46:15.825 [main] INFO com.zaxxer.hikari.pool.HikariPool -- HikariPool-1 - Added connection com.mysql.cj.jdbc.ConnectionImpl@41bdaa81
10:46:15.827 [main] INFO com.zaxxer.hikari.HikariDataSource -- HikariPool-1 - Start completed.
10:46:16.540 [main] INFO com.baomidou.dynamic.datasource.DynamicRoutingDataSource -- dynamic-datasource start closing ....
10:46:16.543 [main] INFO com.baomidou.dynamic.datasource.DynamicRoutingDataSource -- dynamic-datasource all closed success,bye
10:46:16.543 [main] INFO com.zaxxer.hikari.HikariDataSource -- HikariPool-1 - Shutdown initiated...
10:46:16.548 [main] INFO com.zaxxer.hikari.HikariDataSource -- HikariPool-1 - Shutdown completed.
10:46:16.562 [main] INFO com.baomidou.dynamic.datasource.DynamicRoutingDataSource -- dynamic-datasource - add a datasource named [master] success
10:46:16.836 [main] INFO org.redisson.Version -- Redisson 4.6.1
10:46:16.843 [redisson-netty-5-1] INFO org.redisson.connection.ConnectionsHolder -- 1 connections initialized for 127.0.0.1/127.0.0.1:32831
10:46:16.844 [redisson-netty-5-2] INFO org.redisson.connection.ConnectionsHolder -- 1 connections initialized for 127.0.0.1/127.0.0.1:32831
10:46:16.878 [main] INFO com.zaxxer.hikari.HikariDataSource -- HikariPool-2 - Starting...
10:46:16.887 [main] INFO com.zaxxer.hikari.pool.HikariPool -- HikariPool-2 - Added connection com.mysql.cj.jdbc.ConnectionImpl@742dbac8
10:46:16.887 [main] INFO com.zaxxer.hikari.HikariDataSource -- HikariPool-2 - Start completed.
10:46:16.979 [main] INFO com.baomidou.dynamic.datasource.DynamicRoutingDataSource -- dynamic-datasource start closing ....
10:46:16.979 [main] INFO com.baomidou.dynamic.datasource.DynamicRoutingDataSource -- dynamic-datasource all closed success,bye
10:46:16.979 [main] INFO com.zaxxer.hikari.HikariDataSource -- HikariPool-2 - Shutdown initiated...
10:46:16.980 [main] INFO com.zaxxer.hikari.HikariDataSource -- HikariPool-2 - Shutdown completed.
10:46:16.984 [main] INFO com.baomidou.dynamic.datasource.DynamicRoutingDataSource -- dynamic-datasource - add a datasource named [master] success
10:46:17.260 [main] INFO org.redisson.Version -- Redisson 4.6.1
10:46:17.267 [redisson-netty-8-1] INFO org.redisson.connection.ConnectionsHolder -- 1 connections initialized for 127.0.0.1/127.0.0.1:32831
10:46:17.267 [redisson-netty-8-2] INFO org.redisson.connection.ConnectionsHolder -- 1 connections initialized for 127.0.0.1/127.0.0.1:32831
10:46:17.303 [main] INFO com.zaxxer.hikari.HikariDataSource -- HikariPool-3 - Starting...
10:46:17.308 [main] INFO com.zaxxer.hikari.pool.HikariPool -- HikariPool-3 - Added connection com.mysql.cj.jdbc.ConnectionImpl@77648321
10:46:17.308 [main] INFO com.zaxxer.hikari.HikariDataSource -- HikariPool-3 - Start completed.
10:46:17.503 [main] INFO com.baomidou.dynamic.datasource.DynamicRoutingDataSource -- dynamic-datasource start closing ....
10:46:17.504 [main] INFO com.baomidou.dynamic.datasource.DynamicRoutingDataSource -- dynamic-datasource all closed success,bye
10:46:17.504 [main] INFO com.zaxxer.hikari.HikariDataSource -- HikariPool-3 - Shutdown initiated...
10:46:17.523 [main] INFO com.zaxxer.hikari.HikariDataSource -- HikariPool-3 - Shutdown completed.
10:46:17.530 [main] INFO com.baomidou.dynamic.datasource.DynamicRoutingDataSource -- dynamic-datasource - add a datasource named [master] success
10:46:17.707 [main] INFO org.redisson.Version -- Redisson 4.6.1
10:46:17.712 [redisson-netty-11-1] INFO org.redisson.connection.ConnectionsHolder -- 1 connections initialized for 127.0.0.1/127.0.0.1:32831
10:46:17.714 [redisson-netty-11-2] INFO org.redisson.connection.ConnectionsHolder -- 1 connections initialized for 127.0.0.1/127.0.0.1:32831
10:46:17.738 [main] INFO com.zaxxer.hikari.HikariDataSource -- HikariPool-4 - Starting...
10:46:17.745 [main] INFO com.zaxxer.hikari.pool.HikariPool -- HikariPool-4 - Added connection com.mysql.cj.jdbc.ConnectionImpl@7683d632
10:46:17.745 [main] INFO com.zaxxer.hikari.HikariDataSource -- HikariPool-4 - Start completed.
10:46:17.919 [main] INFO com.baomidou.dynamic.datasource.DynamicRoutingDataSource -- dynamic-datasource start closing ....
10:46:17.920 [main] INFO com.baomidou.dynamic.datasource.DynamicRoutingDataSource -- dynamic-datasource all closed success,bye
10:46:17.920 [main] INFO com.zaxxer.hikari.HikariDataSource -- HikariPool-4 - Shutdown initiated...
10:46:17.946 [main] INFO com.zaxxer.hikari.HikariDataSource -- HikariPool-4 - Shutdown completed.
10:46:17.948 [main] INFO com.baomidou.dynamic.datasource.DynamicRoutingDataSource -- dynamic-datasource - add a datasource named [master] success
10:46:18.108 [main] INFO org.redisson.Version -- Redisson 4.6.1
10:46:18.112 [redisson-netty-14-1] INFO org.redisson.connection.ConnectionsHolder -- 1 connections initialized for 127.0.0.1/127.0.0.1:32831
10:46:18.112 [redisson-netty-14-2] INFO org.redisson.connection.ConnectionsHolder -- 1 connections initialized for 127.0.0.1/127.0.0.1:32831
10:46:18.137 [main] INFO com.zaxxer.hikari.HikariDataSource -- HikariPool-5 - Starting...
10:46:18.141 [main] INFO com.zaxxer.hikari.pool.HikariPool -- HikariPool-5 - Added connection com.mysql.cj.jdbc.ConnectionImpl@74ed7111
10:46:18.141 [main] INFO com.zaxxer.hikari.HikariDataSource -- HikariPool-5 - Start completed.
10:46:18.239 [main] INFO com.baomidou.dynamic.datasource.DynamicRoutingDataSource -- dynamic-datasource start closing ....
10:46:18.240 [main] INFO com.baomidou.dynamic.datasource.DynamicRoutingDataSource -- dynamic-datasource all closed success,bye
10:46:18.240 [main] INFO com.zaxxer.hikari.HikariDataSource -- HikariPool-5 - Shutdown initiated...
10:46:18.240 [main] INFO com.zaxxer.hikari.HikariDataSource -- HikariPool-5 - Shutdown completed.
10:46:18.243 [main] INFO com.baomidou.dynamic.datasource.DynamicRoutingDataSource -- dynamic-datasource - add a datasource named [master] success
10:46:18.381 [main] INFO org.redisson.Version -- Redisson 4.6.1
10:46:18.386 [redisson-netty-17-2] INFO org.redisson.connection.ConnectionsHolder -- 1 connections initialized for 127.0.0.1/127.0.0.1:32831
10:46:18.386 [redisson-netty-17-1] INFO org.redisson.connection.ConnectionsHolder -- 1 connections initialized for 127.0.0.1/127.0.0.1:32831
10:46:18.407 [main] INFO com.zaxxer.hikari.HikariDataSource -- HikariPool-6 - Starting...
10:46:18.412 [main] INFO com.zaxxer.hikari.pool.HikariPool -- HikariPool-6 - Added connection com.mysql.cj.jdbc.ConnectionImpl@4246f904
10:46:18.413 [main] INFO com.zaxxer.hikari.HikariDataSource -- HikariPool-6 - Start completed.
10:46:18.466 [main] INFO com.baomidou.dynamic.datasource.DynamicRoutingDataSource -- dynamic-datasource start closing ....
10:46:18.466 [main] INFO com.baomidou.dynamic.datasource.DynamicRoutingDataSource -- dynamic-datasource all closed success,bye
10:46:18.466 [main] INFO com.zaxxer.hikari.HikariDataSource -- HikariPool-6 - Shutdown initiated...
10:46:18.467 [main] INFO com.zaxxer.hikari.HikariDataSource -- HikariPool-6 - Shutdown completed.
10:46:18.469 [main] INFO com.baomidou.dynamic.datasource.DynamicRoutingDataSource -- dynamic-datasource - add a datasource named [master] success
10:46:18.590 [main] INFO org.redisson.Version -- Redisson 4.6.1
10:46:18.596 [redisson-netty-20-1] INFO org.redisson.connection.ConnectionsHolder -- 1 connections initialized for 127.0.0.1/127.0.0.1:32831
10:46:18.597 [redisson-netty-20-2] INFO org.redisson.connection.ConnectionsHolder -- 1 connections initialized for 127.0.0.1/127.0.0.1:32831
10:46:18.616 [main] INFO com.zaxxer.hikari.HikariDataSource -- HikariPool-7 - Starting...
10:46:18.621 [main] INFO com.zaxxer.hikari.pool.HikariPool -- HikariPool-7 - Added connection com.mysql.cj.jdbc.ConnectionImpl@6195ce27
10:46:18.622 [main] INFO com.zaxxer.hikari.HikariDataSource -- HikariPool-7 - Start completed.
10:46:18.754 [main] INFO com.baomidou.dynamic.datasource.DynamicRoutingDataSource -- dynamic-datasource start closing ....
10:46:18.754 [main] INFO com.baomidou.dynamic.datasource.DynamicRoutingDataSource -- dynamic-datasource all closed success,bye
10:46:18.754 [main] INFO com.zaxxer.hikari.HikariDataSource -- HikariPool-7 - Shutdown initiated...
10:46:18.758 [main] INFO com.zaxxer.hikari.HikariDataSource -- HikariPool-7 - Shutdown completed.
10:46:18.764 [main] INFO com.baomidou.dynamic.datasource.DynamicRoutingDataSource -- dynamic-datasource - add a datasource named [master] success
10:46:18.893 [main] INFO org.redisson.Version -- Redisson 4.6.1
10:46:18.902 [redisson-netty-23-1] INFO org.redisson.connection.ConnectionsHolder -- 1 connections initialized for 127.0.0.1/127.0.0.1:32831
10:46:18.903 [redisson-netty-23-2] INFO org.redisson.connection.ConnectionsHolder -- 1 connections initialized for 127.0.0.1/127.0.0.1:32831
10:46:18.925 [main] INFO com.zaxxer.hikari.HikariDataSource -- HikariPool-8 - Starting...
10:46:18.930 [main] INFO com.zaxxer.hikari.pool.HikariPool -- HikariPool-8 - Added connection com.mysql.cj.jdbc.ConnectionImpl@4d25943d
10:46:18.931 [main] INFO com.zaxxer.hikari.HikariDataSource -- HikariPool-8 - Start completed.
10:46:19.070 [main] INFO com.baomidou.dynamic.datasource.DynamicRoutingDataSource -- dynamic-datasource start closing ....
10:46:19.070 [main] INFO com.baomidou.dynamic.datasource.DynamicRoutingDataSource -- dynamic-datasource all closed success,bye
10:46:19.070 [main] INFO com.zaxxer.hikari.HikariDataSource -- HikariPool-8 - Shutdown initiated...
10:46:19.105 [main] INFO com.zaxxer.hikari.HikariDataSource -- HikariPool-8 - Shutdown completed.
10:46:19.107 [main] INFO com.baomidou.dynamic.datasource.DynamicRoutingDataSource -- dynamic-datasource - add a datasource named [master] success
10:46:19.229 [main] INFO org.redisson.Version -- Redisson 4.6.1
10:46:19.234 [redisson-netty-26-1] INFO org.redisson.connection.ConnectionsHolder -- 1 connections initialized for 127.0.0.1/127.0.0.1:32831
10:46:19.235 [redisson-netty-26-2] INFO org.redisson.connection.ConnectionsHolder -- 1 connections initialized for 127.0.0.1/127.0.0.1:32831
10:46:19.256 [main] INFO com.zaxxer.hikari.HikariDataSource -- HikariPool-9 - Starting...
10:46:19.260 [main] INFO com.zaxxer.hikari.pool.HikariPool -- HikariPool-9 - Added connection com.mysql.cj.jdbc.ConnectionImpl@4c0989f7
10:46:19.260 [main] INFO com.zaxxer.hikari.HikariDataSource -- HikariPool-9 - Start completed.
10:46:19.360 [main] INFO com.baomidou.dynamic.datasource.DynamicRoutingDataSource -- dynamic-datasource start closing ....
10:46:19.361 [main] INFO com.baomidou.dynamic.datasource.DynamicRoutingDataSource -- dynamic-datasource all closed success,bye
10:46:19.361 [main] INFO com.zaxxer.hikari.HikariDataSource -- HikariPool-9 - Shutdown initiated...
10:46:19.400 [main] INFO com.zaxxer.hikari.HikariDataSource -- HikariPool-9 - Shutdown completed.
10:46:19.402 [main] INFO com.baomidou.dynamic.datasource.DynamicRoutingDataSource -- dynamic-datasource - add a datasource named [master] success
10:46:19.530 [main] INFO org.redisson.Version -- Redisson 4.6.1
10:46:19.536 [redisson-netty-29-1] INFO org.redisson.connection.ConnectionsHolder -- 1 connections initialized for 127.0.0.1/127.0.0.1:32831
10:46:19.538 [redisson-netty-29-2] INFO org.redisson.connection.ConnectionsHolder -- 1 connections initialized for 127.0.0.1/127.0.0.1:32831
10:46:19.557 [main] INFO com.zaxxer.hikari.HikariDataSource -- HikariPool-10 - Starting...
10:46:19.562 [main] INFO com.zaxxer.hikari.pool.HikariPool -- HikariPool-10 - Added connection com.mysql.cj.jdbc.ConnectionImpl@12d24c43
10:46:19.563 [main] INFO com.zaxxer.hikari.HikariDataSource -- HikariPool-10 - Start completed.
10:46:19.692 [main] INFO com.baomidou.dynamic.datasource.DynamicRoutingDataSource -- dynamic-datasource start closing ....
10:46:19.692 [main] INFO com.baomidou.dynamic.datasource.DynamicRoutingDataSource -- dynamic-datasource all closed success,bye
10:46:19.692 [main] INFO com.zaxxer.hikari.HikariDataSource -- HikariPool-10 - Shutdown initiated...
10:46:19.700 [main] INFO com.zaxxer.hikari.HikariDataSource -- HikariPool-10 - Shutdown completed.
10:46:19.702 [main] INFO com.baomidou.dynamic.datasource.DynamicRoutingDataSource -- dynamic-datasource - add a datasource named [master] success
10:46:19.878 [main] INFO org.redisson.Version -- Redisson 4.6.1
10:46:19.884 [redisson-netty-32-1] INFO org.redisson.connection.ConnectionsHolder -- 1 connections initialized for 127.0.0.1/127.0.0.1:32831
10:46:19.884 [redisson-netty-32-2] INFO org.redisson.connection.ConnectionsHolder -- 1 connections initialized for 127.0.0.1/127.0.0.1:32831
10:46:19.917 [main] INFO com.zaxxer.hikari.HikariDataSource -- HikariPool-11 - Starting...
10:46:19.923 [main] INFO com.zaxxer.hikari.pool.HikariPool -- HikariPool-11 - Added connection com.mysql.cj.jdbc.ConnectionImpl@7d29fc6
10:46:19.923 [main] INFO com.zaxxer.hikari.HikariDataSource -- HikariPool-11 - Start completed.
10:46:20.011 [main] INFO com.baomidou.dynamic.datasource.DynamicRoutingDataSource -- dynamic-datasource start closing ....
10:46:20.011 [main] INFO com.baomidou.dynamic.datasource.DynamicRoutingDataSource -- dynamic-datasource all closed success,bye
10:46:20.011 [main] INFO com.zaxxer.hikari.HikariDataSource -- HikariPool-11 - Shutdown initiated...
10:46:20.012 [main] INFO com.zaxxer.hikari.HikariDataSource -- HikariPool-11 - Shutdown completed.
10:46:20.014 [main] INFO com.baomidou.dynamic.datasource.DynamicRoutingDataSource -- dynamic-datasource - add a datasource named [master] success
10:46:20.129 [main] INFO org.redisson.Version -- Redisson 4.6.1
10:46:20.136 [redisson-netty-35-1] INFO org.redisson.connection.ConnectionsHolder -- 1 connections initialized for 127.0.0.1/127.0.0.1:32831
10:46:20.137 [redisson-netty-35-2] INFO org.redisson.connection.ConnectionsHolder -- 1 connections initialized for 127.0.0.1/127.0.0.1:32831
10:46:20.155 [main] INFO com.zaxxer.hikari.HikariDataSource -- HikariPool-12 - Starting...
10:46:20.159 [main] INFO com.zaxxer.hikari.pool.HikariPool -- HikariPool-12 - Added connection com.mysql.cj.jdbc.ConnectionImpl@1a2b23f2
10:46:20.160 [main] INFO com.zaxxer.hikari.HikariDataSource -- HikariPool-12 - Start completed.
10:46:20.232 [main] INFO com.baomidou.dynamic.datasource.DynamicRoutingDataSource -- dynamic-datasource start closing ....
10:46:20.232 [main] INFO com.baomidou.dynamic.datasource.DynamicRoutingDataSource -- dynamic-datasource all closed success,bye
10:46:20.232 [main] INFO com.zaxxer.hikari.HikariDataSource -- HikariPool-12 - Shutdown initiated...
10:46:20.233 [main] INFO com.zaxxer.hikari.HikariDataSource -- HikariPool-12 - Shutdown completed.
10:46:20.235 [main] INFO com.baomidou.dynamic.datasource.DynamicRoutingDataSource -- dynamic-datasource - add a datasource named [master] success
10:46:20.339 [main] INFO org.redisson.Version -- Redisson 4.6.1
10:46:20.343 [redisson-netty-38-1] INFO org.redisson.connection.ConnectionsHolder -- 1 connections initialized for 127.0.0.1/127.0.0.1:32831
10:46:20.343 [redisson-netty-38-2] INFO org.redisson.connection.ConnectionsHolder -- 1 connections initialized for 127.0.0.1/127.0.0.1:32831
10:46:20.365 [main] INFO com.zaxxer.hikari.HikariDataSource -- HikariPool-13 - Starting...
10:46:20.368 [main] INFO com.zaxxer.hikari.pool.HikariPool -- HikariPool-13 - Added connection com.mysql.cj.jdbc.ConnectionImpl@4c2057c6
10:46:20.368 [main] INFO com.zaxxer.hikari.HikariDataSource -- HikariPool-13 - Start completed.
10:46:20.475 [main] INFO com.baomidou.dynamic.datasource.DynamicRoutingDataSource -- dynamic-datasource start closing ....
10:46:20.476 [main] INFO com.baomidou.dynamic.datasource.DynamicRoutingDataSource -- dynamic-datasource all closed success,bye
10:46:20.476 [main] INFO com.zaxxer.hikari.HikariDataSource -- HikariPool-13 - Shutdown initiated...
10:46:20.504 [main] INFO com.zaxxer.hikari.HikariDataSource -- HikariPool-13 - Shutdown completed.
10:46:20.507 [main] INFO com.baomidou.dynamic.datasource.DynamicRoutingDataSource -- dynamic-datasource - add a datasource named [master] success
10:46:20.609 [main] INFO org.redisson.Version -- Redisson 4.6.1
10:46:20.613 [redisson-netty-41-1] INFO org.redisson.connection.ConnectionsHolder -- 1 connections initialized for 127.0.0.1/127.0.0.1:32831
10:46:20.616 [redisson-netty-41-2] INFO org.redisson.connection.ConnectionsHolder -- 1 connections initialized for 127.0.0.1/127.0.0.1:32831
10:46:20.632 [main] INFO com.zaxxer.hikari.HikariDataSource -- HikariPool-14 - Starting...
10:46:20.636 [main] INFO com.zaxxer.hikari.pool.HikariPool -- HikariPool-14 - Added connection com.mysql.cj.jdbc.ConnectionImpl@59b5251d
10:46:20.637 [main] INFO com.zaxxer.hikari.HikariDataSource -- HikariPool-14 - Start completed.
10:46:20.702 [main] INFO com.baomidou.dynamic.datasource.DynamicRoutingDataSource -- dynamic-datasource start closing ....
10:46:20.703 [main] INFO com.baomidou.dynamic.datasource.DynamicRoutingDataSource -- dynamic-datasource all closed success,bye
10:46:20.703 [main] INFO com.zaxxer.hikari.HikariDataSource -- HikariPool-14 - Shutdown initiated...
10:46:20.704 [main] INFO com.zaxxer.hikari.HikariDataSource -- HikariPool-14 - Shutdown completed.
10:46:20.706 [main] INFO com.baomidou.dynamic.datasource.DynamicRoutingDataSource -- dynamic-datasource - add a datasource named [master] success
10:46:20.800 [main] INFO org.redisson.Version -- Redisson 4.6.1
10:46:20.804 [redisson-netty-44-1] INFO org.redisson.connection.ConnectionsHolder -- 1 connections initialized for 127.0.0.1/127.0.0.1:32831
10:46:20.804 [redisson-netty-44-2] INFO org.redisson.connection.ConnectionsHolder -- 1 connections initialized for 127.0.0.1/127.0.0.1:32831
10:46:20.822 [main] INFO com.zaxxer.hikari.HikariDataSource -- HikariPool-15 - Starting...
10:46:20.827 [main] INFO com.zaxxer.hikari.pool.HikariPool -- HikariPool-15 - Added connection com.mysql.cj.jdbc.ConnectionImpl@5e16e521
10:46:20.827 [main] INFO com.zaxxer.hikari.HikariDataSource -- HikariPool-15 - Start completed.
10:46:21.189 [main] INFO com.baomidou.dynamic.datasource.DynamicRoutingDataSource -- dynamic-datasource start closing ....
10:46:21.189 [main] INFO com.baomidou.dynamic.datasource.DynamicRoutingDataSource -- dynamic-datasource all closed success,bye
10:46:21.189 [main] INFO com.zaxxer.hikari.HikariDataSource -- HikariPool-15 - Shutdown initiated...
10:46:21.190 [main] INFO com.zaxxer.hikari.HikariDataSource -- HikariPool-15 - Shutdown completed.
[INFO] Tests run: 15, Failures: 0, Errors: 0, Skipped: 0, Time elapsed: 8.959 s -- in org.namewta.test.notify.NotifyDeadlineIntegrationTest
[INFO] Running org.namewta.test.notify.NotifyWakeIntegrationTest
10:46:22.566 [main] INFO com.baomidou.dynamic.datasource.DynamicRoutingDataSource -- dynamic-datasource - add a datasource named [master] success
10:46:23.344 [main] INFO org.redisson.Version -- Redisson 4.6.1
10:46:23.813 [redisson-netty-1-1] INFO org.redisson.connection.ConnectionsHolder -- 1 connections initialized for 127.0.0.1/127.0.0.1:32831
10:46:23.813 [redisson-netty-1-2] INFO org.redisson.connection.ConnectionsHolder -- 1 connections initialized for 127.0.0.1/127.0.0.1:32831
Mockito is currently self-attaching to enable the inline-mock-maker. This will no longer work in future releases of the JDK. Please add Mockito as an agent to your build as described in Mockito's documentation: https://javadoc.io/doc/org.mockito/mockito-core/latest/org.mockito/org/mockito/Mockito.html#0.3
OpenJDK 64-Bit Server VM warning: Sharing is only supported for boot loader classes because bootstrap classpath has been appended
WARNING: A Java agent has been loaded dynamically (/root/.m2/repository/net/bytebuddy/byte-buddy-agent/1.18.10/byte-buddy-agent-1.18.10.jar)
WARNING: If a serviceability tool is in use, please run with -XX:+EnableDynamicAgentLoading to hide this warning
WARNING: If a serviceability tool is not in use, please run with -Djdk.instrument.traceUsage for more information
WARNING: Dynamic loading of agents will be disallowed by default in a future release
10:46:25.498 [main] INFO com.zaxxer.hikari.HikariDataSource -- HikariPool-1 - Starting...
10:46:25.819 [main] INFO com.zaxxer.hikari.pool.HikariPool -- HikariPool-1 - Added connection com.mysql.cj.jdbc.ConnectionImpl@7538cfe6
10:46:25.822 [main] INFO com.zaxxer.hikari.HikariDataSource -- HikariPool-1 - Start completed.
10:46:25.864 [main] INFO org.redisson.Version -- Redisson 4.6.1
10:46:25.874 [redisson-netty-5-1] INFO org.redisson.connection.ConnectionsHolder -- 1 connections initialized for 127.0.0.1/127.0.0.1:32831
10:46:25.874 [redisson-netty-5-2] INFO org.redisson.connection.ConnectionsHolder -- 1 connections initialized for 127.0.0.1/127.0.0.1:32831
10:46:26.447 [redisson-6-1] INFO org.namewta.notify.adapter.worker.NotifyOutboxWorker -- notify outbox drain trigger=WAKE claimed=0 batches=1
10:46:26.561 [redisson-6-2] INFO org.namewta.notify.adapter.worker.NotifyOutboxWorker -- notify outbox drain trigger=WAKE claimed=0 batches=1
10:46:26.565 [redisson-6-2] INFO org.namewta.notify.adapter.worker.NotifyOutboxWorker -- notify outbox drain trigger=WAKE claimed=0 batches=1
10:46:26.569 [redisson-6-2] INFO org.namewta.notify.adapter.worker.NotifyOutboxWorker -- notify outbox drain trigger=WAKE claimed=0 batches=1
10:46:26.574 [redisson-6-2] INFO org.namewta.notify.adapter.worker.NotifyOutboxWorker -- notify outbox drain trigger=WAKE claimed=0 batches=1
10:46:26.578 [redisson-6-2] INFO org.namewta.notify.adapter.worker.NotifyOutboxWorker -- notify outbox drain trigger=WAKE claimed=0 batches=1
10:46:26.581 [redisson-6-2] INFO org.namewta.notify.adapter.worker.NotifyOutboxWorker -- notify outbox drain trigger=WAKE claimed=0 batches=1
10:46:26.585 [redisson-6-2] INFO org.namewta.notify.adapter.worker.NotifyOutboxWorker -- notify outbox drain trigger=WAKE claimed=0 batches=1
10:46:26.590 [redisson-6-2] INFO org.namewta.notify.adapter.worker.NotifyOutboxWorker -- notify outbox drain trigger=WAKE claimed=0 batches=1
10:46:26.594 [redisson-6-2] INFO org.namewta.notify.adapter.worker.NotifyOutboxWorker -- notify outbox drain trigger=WAKE claimed=0 batches=1
10:46:26.600 [redisson-6-2] INFO org.namewta.notify.adapter.worker.NotifyOutboxWorker -- notify outbox drain trigger=WAKE claimed=0 batches=1
10:46:26.604 [redisson-6-2] INFO org.namewta.notify.adapter.worker.NotifyOutboxWorker -- notify outbox drain trigger=WAKE claimed=0 batches=1
10:46:26.608 [redisson-6-2] INFO org.namewta.notify.adapter.worker.NotifyOutboxWorker -- notify outbox drain trigger=WAKE claimed=0 batches=1
10:46:26.612 [redisson-6-2] INFO org.namewta.notify.adapter.worker.NotifyOutboxWorker -- notify outbox drain trigger=WAKE claimed=0 batches=1
10:46:26.616 [redisson-6-2] INFO org.namewta.notify.adapter.worker.NotifyOutboxWorker -- notify outbox drain trigger=WAKE claimed=0 batches=1
10:46:26.620 [redisson-6-2] INFO org.namewta.notify.adapter.worker.NotifyOutboxWorker -- notify outbox drain trigger=WAKE claimed=0 batches=1
10:46:26.624 [redisson-6-2] INFO org.namewta.notify.adapter.worker.NotifyOutboxWorker -- notify outbox drain trigger=WAKE claimed=0 batches=1
10:46:26.629 [redisson-6-2] INFO org.namewta.notify.adapter.worker.NotifyOutboxWorker -- notify outbox drain trigger=WAKE claimed=0 batches=1
10:46:26.635 [redisson-6-2] INFO org.namewta.notify.adapter.worker.NotifyOutboxWorker -- notify outbox drain trigger=WAKE claimed=0 batches=1
10:46:26.639 [redisson-6-2] INFO org.namewta.notify.adapter.worker.NotifyOutboxWorker -- notify outbox drain trigger=WAKE claimed=0 batches=1
10:46:26.644 [redisson-6-2] INFO org.namewta.notify.adapter.worker.NotifyOutboxWorker -- notify outbox drain trigger=WAKE claimed=0 batches=1
10:46:26.648 [redisson-6-2] INFO org.namewta.notify.adapter.worker.NotifyOutboxWorker -- notify outbox drain trigger=WAKE claimed=0 batches=1
10:46:26.653 [redisson-6-2] INFO org.namewta.notify.adapter.worker.NotifyOutboxWorker -- notify outbox drain trigger=WAKE claimed=0 batches=1
10:46:26.657 [redisson-6-2] INFO org.namewta.notify.adapter.worker.NotifyOutboxWorker -- notify outbox drain trigger=WAKE claimed=0 batches=1
10:46:26.663 [redisson-6-2] INFO org.namewta.notify.adapter.worker.NotifyOutboxWorker -- notify outbox drain trigger=WAKE claimed=0 batches=1
10:46:26.667 [redisson-6-2] INFO org.namewta.notify.adapter.worker.NotifyOutboxWorker -- notify outbox drain trigger=WAKE claimed=0 batches=1
10:46:26.670 [redisson-6-2] INFO org.namewta.notify.adapter.worker.NotifyOutboxWorker -- notify outbox drain trigger=WAKE claimed=0 batches=1
10:46:26.673 [redisson-6-2] INFO org.namewta.notify.adapter.worker.NotifyOutboxWorker -- notify outbox drain trigger=WAKE claimed=0 batches=1
10:46:26.678 [redisson-6-2] INFO org.namewta.notify.adapter.worker.NotifyOutboxWorker -- notify outbox drain trigger=WAKE claimed=0 batches=1
10:46:26.682 [redisson-6-2] INFO org.namewta.notify.adapter.worker.NotifyOutboxWorker -- notify outbox drain trigger=WAKE claimed=0 batches=1
10:46:26.686 [redisson-6-2] INFO org.namewta.notify.adapter.worker.NotifyOutboxWorker -- notify outbox drain trigger=WAKE claimed=0 batches=1
10:46:26.690 [redisson-6-2] INFO org.namewta.notify.adapter.worker.NotifyOutboxWorker -- notify outbox drain trigger=WAKE claimed=0 batches=1
10:46:26.692 [redisson-3-1] WARN org.namewta.notify.adapter.event.InAppCommittedPushListener -- 站内实时提示失败，messageId=2102771576585711617, reason=IllegalStateException
10:46:26.693 [redisson-6-2] INFO org.namewta.notify.adapter.worker.NotifyOutboxWorker -- notify outbox drain trigger=WAKE claimed=0 batches=1
10:46:26.697 [redisson-6-2] INFO org.namewta.notify.adapter.worker.NotifyOutboxWorker -- notify outbox drain trigger=WAKE claimed=0 batches=1
10:46:26.699 [redisson-3-1] INFO org.namewta.notify.adapter.worker.NotifyOutboxWorker -- notify outbox drain trigger=WAKE claimed=1 batches=2
10:46:26.701 [redisson-6-2] INFO org.namewta.notify.adapter.worker.NotifyOutboxWorker -- notify outbox drain trigger=WAKE claimed=0 batches=1
10:46:26.702 [redisson-3-1] INFO org.namewta.notify.adapter.worker.NotifyOutboxWorker -- notify outbox drain trigger=WAKE claimed=0 batches=1
10:46:26.704 [redisson-3-1] INFO org.namewta.notify.adapter.worker.NotifyOutboxWorker -- notify outbox drain trigger=WAKE claimed=0 batches=1
10:46:26.705 [redisson-6-2] INFO org.namewta.notify.adapter.worker.NotifyOutboxWorker -- notify outbox drain trigger=WAKE claimed=0 batches=1
10:46:26.707 [redisson-3-1] INFO org.namewta.notify.adapter.worker.NotifyOutboxWorker -- notify outbox drain trigger=WAKE claimed=0 batches=1
10:46:26.708 [redisson-6-2] INFO org.namewta.notify.adapter.worker.NotifyOutboxWorker -- notify outbox drain trigger=WAKE claimed=0 batches=1
10:46:26.711 [redisson-3-1] INFO org.namewta.notify.adapter.worker.NotifyOutboxWorker -- notify outbox drain trigger=WAKE claimed=0 batches=1
10:46:26.713 [redisson-6-2] INFO org.namewta.notify.adapter.worker.NotifyOutboxWorker -- notify outbox drain trigger=WAKE claimed=0 batches=1
10:46:26.715 [redisson-3-1] INFO org.namewta.notify.adapter.worker.NotifyOutboxWorker -- notify outbox drain trigger=WAKE claimed=0 batches=1
10:46:26.717 [redisson-6-2] INFO org.namewta.notify.adapter.worker.NotifyOutboxWorker -- notify outbox drain trigger=WAKE claimed=0 batches=1
10:46:26.718 [redisson-3-1] INFO org.namewta.notify.adapter.worker.NotifyOutboxWorker -- notify outbox drain trigger=WAKE claimed=0 batches=1
10:46:26.722 [redisson-6-2] INFO org.namewta.notify.adapter.worker.NotifyOutboxWorker -- notify outbox drain trigger=WAKE claimed=0 batches=1
10:46:26.722 [redisson-3-1] INFO org.namewta.notify.adapter.worker.NotifyOutboxWorker -- notify outbox drain trigger=WAKE claimed=0 batches=1
10:46:26.726 [redisson-6-2] INFO org.namewta.notify.adapter.worker.NotifyOutboxWorker -- notify outbox drain trigger=WAKE claimed=0 batches=1
10:46:26.726 [redisson-3-1] INFO org.namewta.notify.adapter.worker.NotifyOutboxWorker -- notify outbox drain trigger=WAKE claimed=0 batches=1
10:46:26.730 [redisson-3-1] INFO org.namewta.notify.adapter.worker.NotifyOutboxWorker -- notify outbox drain trigger=WAKE claimed=0 batches=1
10:46:26.730 [redisson-6-2] INFO org.namewta.notify.adapter.worker.NotifyOutboxWorker -- notify outbox drain trigger=WAKE claimed=0 batches=1
10:46:26.734 [redisson-3-1] INFO org.namewta.notify.adapter.worker.NotifyOutboxWorker -- notify outbox drain trigger=WAKE claimed=0 batches=1
10:46:26.735 [redisson-6-2] INFO org.namewta.notify.adapter.worker.NotifyOutboxWorker -- notify outbox drain trigger=WAKE claimed=0 batches=1
10:46:26.739 [redisson-3-1] INFO org.namewta.notify.adapter.worker.NotifyOutboxWorker -- notify outbox drain trigger=WAKE claimed=0 batches=1
10:46:26.740 [redisson-6-2] INFO org.namewta.notify.adapter.worker.NotifyOutboxWorker -- notify outbox drain trigger=WAKE claimed=0 batches=1
10:46:26.743 [redisson-3-1] INFO org.namewta.notify.adapter.worker.NotifyOutboxWorker -- notify outbox drain trigger=WAKE claimed=0 batches=1
10:46:26.745 [redisson-6-2] INFO org.namewta.notify.adapter.worker.NotifyOutboxWorker -- notify outbox drain trigger=WAKE claimed=0 batches=1
10:46:26.748 [redisson-3-1] INFO org.namewta.notify.adapter.worker.NotifyOutboxWorker -- notify outbox drain trigger=WAKE claimed=0 batches=1
10:46:26.748 [redisson-6-2] INFO org.namewta.notify.adapter.worker.NotifyOutboxWorker -- notify outbox drain trigger=WAKE claimed=0 batches=1
10:46:26.751 [redisson-3-1] INFO org.namewta.notify.adapter.worker.NotifyOutboxWorker -- notify outbox drain trigger=WAKE claimed=0 batches=1
10:46:26.753 [redisson-6-2] INFO org.namewta.notify.adapter.worker.NotifyOutboxWorker -- notify outbox drain trigger=WAKE claimed=0 batches=1
10:46:26.757 [redisson-3-1] INFO org.namewta.notify.adapter.worker.NotifyOutboxWorker -- notify outbox drain trigger=WAKE claimed=0 batches=1
10:46:26.760 [redisson-6-2] INFO org.namewta.notify.adapter.worker.NotifyOutboxWorker -- notify outbox drain trigger=WAKE claimed=0 batches=1
10:46:26.894 [main] WARN org.namewta.notify.adapter.event.InAppCommittedPushListener -- 站内实时提示失败，messageId=2102771579291037698, reason=IllegalStateException
10:46:26.897 [main] INFO org.namewta.notify.adapter.worker.NotifyOutboxWorker -- notify outbox drain trigger=POLL claimed=1 batches=2
10:46:27.176 [main] WARN org.namewta.notify.adapter.event.NotifyOutboxWakePublisher -- notify outbox cross-process wake publish failed, outboxId=2102771579920183298, reason=TimeoutException, fallback poll remains
10:46:28.278 [main] WARN org.namewta.notify.adapter.event.InAppCommittedPushListener -- 站内实时提示失败，messageId=2102771579882434562, reason=IllegalStateException
10:46:28.284 [main] INFO org.namewta.notify.adapter.worker.NotifyOutboxWorker -- notify outbox drain trigger=POLL claimed=1 batches=2
T-28: commitMs=442, firstProviderMs=560, pausedRedisCommitMs=272, scenarios=slow-provider,wake-storm,lost-wake,redis-timeout,poll-recovery
10:46:28.362 [main] INFO com.baomidou.dynamic.datasource.DynamicRoutingDataSource -- dynamic-datasource start closing ....
10:46:28.364 [main] INFO com.baomidou.dynamic.datasource.DynamicRoutingDataSource -- dynamic-datasource all closed success,bye
10:46:28.365 [main] INFO com.zaxxer.hikari.HikariDataSource -- HikariPool-1 - Shutdown initiated...
10:46:28.371 [main] INFO com.zaxxer.hikari.HikariDataSource -- HikariPool-1 - Shutdown completed.
[INFO] Tests run: 1, Failures: 0, Errors: 0, Skipped: 0, Time elapsed: 6.128 s -- in org.namewta.test.notify.NotifyWakeIntegrationTest
[INFO] Running org.namewta.test.notify.NotifySmsDispatchIntegrationTest
10:46:29.545 [main] INFO org.redisson.Version -- Redisson 4.6.1
10:46:29.877 [redisson-netty-1-2] INFO org.redisson.connection.ConnectionsHolder -- 1 connections initialized for 127.0.0.1/127.0.0.1:32831
10:46:29.877 [redisson-netty-1-1] INFO org.redisson.connection.ConnectionsHolder -- 1 connections initialized for 127.0.0.1/127.0.0.1:32831
10:46:30.219 [main] INFO com.baomidou.dynamic.datasource.DynamicRoutingDataSource -- dynamic-datasource - add a datasource named [master] success
10:46:31.170 [main] INFO com.zaxxer.hikari.HikariDataSource -- HikariPool-1 - Starting...
10:46:31.513 [main] INFO com.zaxxer.hikari.pool.HikariPool -- HikariPool-1 - Added connection com.mysql.cj.jdbc.ConnectionImpl@1de5cc88
10:46:31.515 [main] INFO com.zaxxer.hikari.HikariDataSource -- HikariPool-1 - Start completed.
10:46:32.168 [main] INFO com.baomidou.dynamic.datasource.DynamicRoutingDataSource -- dynamic-datasource start closing ....
10:46:32.171 [main] INFO com.zaxxer.hikari.HikariDataSource -- HikariPool-1 - Shutdown initiated...
10:46:32.178 [main] INFO com.zaxxer.hikari.HikariDataSource -- HikariPool-1 - Shutdown completed.
10:46:32.178 [main] INFO com.baomidou.dynamic.datasource.destroyer.DefaultDataSourceDestroyer -- dynamic-datasource close the datasource named [master] success,
10:46:32.178 [main] INFO com.baomidou.dynamic.datasource.DynamicRoutingDataSource -- dynamic-datasource all closed success,bye
10:46:32.189 [main] INFO com.baomidou.dynamic.datasource.DynamicRoutingDataSource -- dynamic-datasource - add a datasource named [master] success
10:46:32.411 [main] INFO com.zaxxer.hikari.HikariDataSource -- HikariPool-2 - Starting...
10:46:32.417 [main] INFO com.zaxxer.hikari.pool.HikariPool -- HikariPool-2 - Added connection com.mysql.cj.jdbc.ConnectionImpl@39acd1f1
10:46:32.417 [main] INFO com.zaxxer.hikari.HikariDataSource -- HikariPool-2 - Start completed.
10:46:32.574 [main] INFO com.baomidou.dynamic.datasource.DynamicRoutingDataSource -- dynamic-datasource start closing ....
10:46:32.574 [main] INFO com.zaxxer.hikari.HikariDataSource -- HikariPool-2 - Shutdown initiated...
10:46:32.594 [main] INFO com.zaxxer.hikari.HikariDataSource -- HikariPool-2 - Shutdown completed.
10:46:32.596 [main] INFO com.baomidou.dynamic.datasource.destroyer.DefaultDataSourceDestroyer -- dynamic-datasource close the datasource named [master] success,
10:46:32.596 [main] INFO com.baomidou.dynamic.datasource.DynamicRoutingDataSource -- dynamic-datasource all closed success,bye
10:46:32.598 [main] INFO com.baomidou.dynamic.datasource.DynamicRoutingDataSource -- dynamic-datasource - add a datasource named [master] success
10:46:32.768 [main] INFO com.zaxxer.hikari.HikariDataSource -- HikariPool-3 - Starting...
10:46:32.774 [main] INFO com.zaxxer.hikari.pool.HikariPool -- HikariPool-3 - Added connection com.mysql.cj.jdbc.ConnectionImpl@11f3400c
10:46:32.774 [main] INFO com.zaxxer.hikari.HikariDataSource -- HikariPool-3 - Start completed.
10:46:32.902 [main] INFO com.baomidou.dynamic.datasource.DynamicRoutingDataSource -- dynamic-datasource start closing ....
10:46:32.902 [main] INFO com.zaxxer.hikari.HikariDataSource -- HikariPool-3 - Shutdown initiated...
10:46:32.909 [main] INFO com.zaxxer.hikari.HikariDataSource -- HikariPool-3 - Shutdown completed.
10:46:32.909 [main] INFO com.baomidou.dynamic.datasource.destroyer.DefaultDataSourceDestroyer -- dynamic-datasource close the datasource named [master] success,
10:46:32.909 [main] INFO com.baomidou.dynamic.datasource.DynamicRoutingDataSource -- dynamic-datasource all closed success,bye
10:46:32.912 [main] INFO com.baomidou.dynamic.datasource.DynamicRoutingDataSource -- dynamic-datasource - add a datasource named [master] success
10:46:33.085 [main] INFO com.zaxxer.hikari.HikariDataSource -- HikariPool-4 - Starting...
10:46:33.094 [main] INFO com.zaxxer.hikari.pool.HikariPool -- HikariPool-4 - Added connection com.mysql.cj.jdbc.ConnectionImpl@25464154
10:46:33.094 [main] INFO com.zaxxer.hikari.HikariDataSource -- HikariPool-4 - Start completed.
10:46:33.245 [main] INFO com.baomidou.dynamic.datasource.DynamicRoutingDataSource -- dynamic-datasource start closing ....
10:46:33.245 [main] INFO com.zaxxer.hikari.HikariDataSource -- HikariPool-4 - Shutdown initiated...
10:46:33.267 [main] INFO com.zaxxer.hikari.HikariDataSource -- HikariPool-4 - Shutdown completed.
10:46:33.268 [main] INFO com.baomidou.dynamic.datasource.destroyer.DefaultDataSourceDestroyer -- dynamic-datasource close the datasource named [master] success,
10:46:33.268 [main] INFO com.baomidou.dynamic.datasource.DynamicRoutingDataSource -- dynamic-datasource all closed success,bye
10:46:33.270 [main] INFO com.baomidou.dynamic.datasource.DynamicRoutingDataSource -- dynamic-datasource - add a datasource named [master] success
10:46:33.484 [main] INFO com.zaxxer.hikari.HikariDataSource -- HikariPool-5 - Starting...
10:46:33.490 [main] INFO com.zaxxer.hikari.pool.HikariPool -- HikariPool-5 - Added connection com.mysql.cj.jdbc.ConnectionImpl@1fa98a22
10:46:33.490 [main] INFO com.zaxxer.hikari.HikariDataSource -- HikariPool-5 - Start completed.
10:46:33.764 [main] INFO com.baomidou.dynamic.datasource.DynamicRoutingDataSource -- dynamic-datasource start closing ....
10:46:33.764 [main] INFO com.zaxxer.hikari.HikariDataSource -- HikariPool-5 - Shutdown initiated...
10:46:33.769 [main] INFO com.zaxxer.hikari.HikariDataSource -- HikariPool-5 - Shutdown completed.
10:46:33.769 [main] INFO com.baomidou.dynamic.datasource.destroyer.DefaultDataSourceDestroyer -- dynamic-datasource close the datasource named [master] success,
10:46:33.769 [main] INFO com.baomidou.dynamic.datasource.DynamicRoutingDataSource -- dynamic-datasource all closed success,bye
10:46:33.772 [main] INFO com.baomidou.dynamic.datasource.DynamicRoutingDataSource -- dynamic-datasource - add a datasource named [master] success
10:46:33.947 [main] INFO com.zaxxer.hikari.HikariDataSource -- HikariPool-6 - Starting...
10:46:33.953 [main] INFO com.zaxxer.hikari.pool.HikariPool -- HikariPool-6 - Added connection com.mysql.cj.jdbc.ConnectionImpl@1b19712f
10:46:33.954 [main] INFO com.zaxxer.hikari.HikariDataSource -- HikariPool-6 - Start completed.
10:46:34.266 [main] INFO com.baomidou.dynamic.datasource.DynamicRoutingDataSource -- dynamic-datasource start closing ....
10:46:34.267 [main] INFO com.zaxxer.hikari.HikariDataSource -- HikariPool-6 - Shutdown initiated...
10:46:34.268 [main] INFO com.zaxxer.hikari.HikariDataSource -- HikariPool-6 - Shutdown completed.
10:46:34.269 [main] INFO com.baomidou.dynamic.datasource.destroyer.DefaultDataSourceDestroyer -- dynamic-datasource close the datasource named [master] success,
10:46:34.269 [main] INFO com.baomidou.dynamic.datasource.DynamicRoutingDataSource -- dynamic-datasource all closed success,bye
10:46:34.281 [main] INFO com.baomidou.dynamic.datasource.DynamicRoutingDataSource -- dynamic-datasource - add a datasource named [master] success
10:46:34.505 [main] INFO com.zaxxer.hikari.HikariDataSource -- HikariPool-7 - Starting...
10:46:34.512 [main] INFO com.zaxxer.hikari.pool.HikariPool -- HikariPool-7 - Added connection com.mysql.cj.jdbc.ConnectionImpl@432a6a69
10:46:34.513 [main] INFO com.zaxxer.hikari.HikariDataSource -- HikariPool-7 - Start completed.
10:46:34.672 [main] INFO com.baomidou.dynamic.datasource.DynamicRoutingDataSource -- dynamic-datasource start closing ....
10:46:34.673 [main] INFO com.zaxxer.hikari.HikariDataSource -- HikariPool-7 - Shutdown initiated...
10:46:34.688 [main] INFO com.zaxxer.hikari.HikariDataSource -- HikariPool-7 - Shutdown completed.
10:46:34.688 [main] INFO com.baomidou.dynamic.datasource.destroyer.DefaultDataSourceDestroyer -- dynamic-datasource close the datasource named [master] success,
10:46:34.688 [main] INFO com.baomidou.dynamic.datasource.DynamicRoutingDataSource -- dynamic-datasource all closed success,bye
10:46:34.691 [main] INFO com.baomidou.dynamic.datasource.DynamicRoutingDataSource -- dynamic-datasource - add a datasource named [master] success
10:46:34.835 [main] INFO com.zaxxer.hikari.HikariDataSource -- HikariPool-8 - Starting...
10:46:34.840 [main] INFO com.zaxxer.hikari.pool.HikariPool -- HikariPool-8 - Added connection com.mysql.cj.jdbc.ConnectionImpl@4119346d
10:46:34.840 [main] INFO com.zaxxer.hikari.HikariDataSource -- HikariPool-8 - Start completed.
10:46:34.871 [main] INFO com.baomidou.dynamic.datasource.DynamicRoutingDataSource -- dynamic-datasource start closing ....
10:46:34.871 [main] INFO com.zaxxer.hikari.HikariDataSource -- HikariPool-8 - Shutdown initiated...
10:46:34.872 [main] INFO com.zaxxer.hikari.HikariDataSource -- HikariPool-8 - Shutdown completed.
10:46:34.872 [main] INFO com.baomidou.dynamic.datasource.destroyer.DefaultDataSourceDestroyer -- dynamic-datasource close the datasource named [master] success,
10:46:34.872 [main] INFO com.baomidou.dynamic.datasource.DynamicRoutingDataSource -- dynamic-datasource all closed success,bye
10:46:34.874 [main] INFO com.baomidou.dynamic.datasource.DynamicRoutingDataSource -- dynamic-datasource - add a datasource named [master] success
10:46:34.987 [main] INFO com.zaxxer.hikari.HikariDataSource -- HikariPool-9 - Starting...
10:46:34.991 [main] INFO com.zaxxer.hikari.pool.HikariPool -- HikariPool-9 - Added connection com.mysql.cj.jdbc.ConnectionImpl@4e10a320
10:46:34.991 [main] INFO com.zaxxer.hikari.HikariDataSource -- HikariPool-9 - Start completed.
Mockito is currently self-attaching to enable the inline-mock-maker. This will no longer work in future releases of the JDK. Please add Mockito as an agent to your build as described in Mockito's documentation: https://javadoc.io/doc/org.mockito/mockito-core/latest/org.mockito/org/mockito/Mockito.html#0.3
OpenJDK 64-Bit Server VM warning: Sharing is only supported for boot loader classes because bootstrap classpath has been appended
WARNING: A Java agent has been loaded dynamically (/root/.m2/repository/net/bytebuddy/byte-buddy-agent/1.18.10/byte-buddy-agent-1.18.10.jar)
WARNING: If a serviceability tool is in use, please run with -XX:+EnableDynamicAgentLoading to hide this warning
WARNING: If a serviceability tool is not in use, please run with -Djdk.instrument.traceUsage for more information
WARNING: Dynamic loading of agents will be disallowed by default in a future release
10:46:36.448 [main] INFO com.baomidou.dynamic.datasource.DynamicRoutingDataSource -- dynamic-datasource start closing ....
10:46:36.448 [main] INFO com.zaxxer.hikari.HikariDataSource -- HikariPool-9 - Shutdown initiated...
10:46:36.452 [main] INFO com.zaxxer.hikari.HikariDataSource -- HikariPool-9 - Shutdown completed.
10:46:36.452 [main] INFO com.baomidou.dynamic.datasource.destroyer.DefaultDataSourceDestroyer -- dynamic-datasource close the datasource named [master] success,
10:46:36.452 [main] INFO com.baomidou.dynamic.datasource.DynamicRoutingDataSource -- dynamic-datasource all closed success,bye
10:46:36.456 [main] INFO com.baomidou.dynamic.datasource.DynamicRoutingDataSource -- dynamic-datasource - add a datasource named [master] success
10:46:36.745 [main] INFO com.zaxxer.hikari.HikariDataSource -- HikariPool-10 - Starting...
10:46:36.750 [main] INFO com.zaxxer.hikari.pool.HikariPool -- HikariPool-10 - Added connection com.mysql.cj.jdbc.ConnectionImpl@30adae45
10:46:36.751 [main] INFO com.zaxxer.hikari.HikariDataSource -- HikariPool-10 - Start completed.
10:46:36.982 [main] INFO com.baomidou.dynamic.datasource.DynamicRoutingDataSource -- dynamic-datasource start closing ....
10:46:36.982 [main] INFO com.zaxxer.hikari.HikariDataSource -- HikariPool-10 - Shutdown initiated...
10:46:36.993 [main] INFO com.zaxxer.hikari.HikariDataSource -- HikariPool-10 - Shutdown completed.
10:46:36.994 [main] INFO com.baomidou.dynamic.datasource.destroyer.DefaultDataSourceDestroyer -- dynamic-datasource close the datasource named [master] success,
10:46:36.994 [main] INFO com.baomidou.dynamic.datasource.DynamicRoutingDataSource -- dynamic-datasource all closed success,bye
[INFO] Tests run: 10, Failures: 0, Errors: 0, Skipped: 0, Time elapsed: 7.705 s -- in org.namewta.test.notify.NotifySmsDispatchIntegrationTest
[INFO] Running org.namewta.test.notify.NotifySupportedModeIntegrationTest
10:46:38.276 [main] INFO com.baomidou.dynamic.datasource.DynamicRoutingDataSource -- dynamic-datasource - add a datasource named [master] success
10:46:39.080 [main] INFO org.redisson.Version -- Redisson 4.6.1
10:46:39.482 [redisson-netty-1-1] INFO org.redisson.connection.ConnectionsHolder -- 1 connections initialized for 127.0.0.1/127.0.0.1:32831
10:46:39.483 [redisson-netty-1-2] INFO org.redisson.connection.ConnectionsHolder -- 1 connections initialized for 127.0.0.1/127.0.0.1:32831
Mockito is currently self-attaching to enable the inline-mock-maker. This will no longer work in future releases of the JDK. Please add Mockito as an agent to your build as described in Mockito's documentation: https://javadoc.io/doc/org.mockito/mockito-core/latest/org.mockito/org/mockito/Mockito.html#0.3
OpenJDK 64-Bit Server VM warning: Sharing is only supported for boot loader classes because bootstrap classpath has been appended
WARNING: A Java agent has been loaded dynamically (/root/.m2/repository/net/bytebuddy/byte-buddy-agent/1.18.10/byte-buddy-agent-1.18.10.jar)
WARNING: If a serviceability tool is in use, please run with -XX:+EnableDynamicAgentLoading to hide this warning
WARNING: If a serviceability tool is not in use, please run with -Djdk.instrument.traceUsage for more information
WARNING: Dynamic loading of agents will be disallowed by default in a future release
10:46:41.187 [main] INFO com.zaxxer.hikari.HikariDataSource -- HikariPool-1 - Starting...
10:46:41.521 [main] INFO com.zaxxer.hikari.pool.HikariPool -- HikariPool-1 - Added connection com.mysql.cj.jdbc.ConnectionImpl@16944b58
10:46:41.524 [main] INFO com.zaxxer.hikari.HikariDataSource -- HikariPool-1 - Start completed.
10:46:41.789 [main] INFO com.baomidou.dynamic.datasource.DynamicRoutingDataSource -- dynamic-datasource start closing ....
10:46:41.791 [main] INFO com.baomidou.dynamic.datasource.DynamicRoutingDataSource -- dynamic-datasource all closed success,bye
10:46:41.791 [main] INFO com.zaxxer.hikari.HikariDataSource -- HikariPool-1 - Shutdown initiated...
10:46:41.809 [main] INFO com.zaxxer.hikari.HikariDataSource -- HikariPool-1 - Shutdown completed.
10:46:41.821 [main] INFO com.baomidou.dynamic.datasource.DynamicRoutingDataSource -- dynamic-datasource - add a datasource named [master] success
10:46:42.088 [main] INFO org.redisson.Version -- Redisson 4.6.1
10:46:42.093 [redisson-netty-5-1] INFO org.redisson.connection.ConnectionsHolder -- 1 connections initialized for 127.0.0.1/127.0.0.1:32831
10:46:42.094 [redisson-netty-5-2] INFO org.redisson.connection.ConnectionsHolder -- 1 connections initialized for 127.0.0.1/127.0.0.1:32831
10:46:42.123 [main] INFO com.zaxxer.hikari.HikariDataSource -- HikariPool-2 - Starting...
10:46:42.127 [main] INFO com.zaxxer.hikari.pool.HikariPool -- HikariPool-2 - Added connection com.mysql.cj.jdbc.ConnectionImpl@5296f00c
10:46:42.127 [main] INFO com.zaxxer.hikari.HikariDataSource -- HikariPool-2 - Start completed.
10:46:42.513 [main] INFO com.baomidou.dynamic.datasource.DynamicRoutingDataSource -- dynamic-datasource start closing ....
10:46:42.514 [main] INFO com.baomidou.dynamic.datasource.DynamicRoutingDataSource -- dynamic-datasource all closed success,bye
10:46:42.514 [main] INFO com.zaxxer.hikari.HikariDataSource -- HikariPool-2 - Shutdown initiated...
10:46:42.524 [main] INFO com.zaxxer.hikari.HikariDataSource -- HikariPool-2 - Shutdown completed.
10:46:42.528 [main] INFO com.baomidou.dynamic.datasource.DynamicRoutingDataSource -- dynamic-datasource - add a datasource named [master] success
10:46:42.757 [main] INFO org.redisson.Version -- Redisson 4.6.1
10:46:42.761 [redisson-netty-8-1] INFO org.redisson.connection.ConnectionsHolder -- 1 connections initialized for 127.0.0.1/127.0.0.1:32831
10:46:42.764 [redisson-netty-8-2] INFO org.redisson.connection.ConnectionsHolder -- 1 connections initialized for 127.0.0.1/127.0.0.1:32831
10:46:42.803 [main] INFO com.zaxxer.hikari.HikariDataSource -- HikariPool-3 - Starting...
10:46:42.810 [main] INFO com.zaxxer.hikari.pool.HikariPool -- HikariPool-3 - Added connection com.mysql.cj.jdbc.ConnectionImpl@35f35c59
10:46:42.810 [main] INFO com.zaxxer.hikari.HikariDataSource -- HikariPool-3 - Start completed.
10:46:42.973 [main] INFO com.baomidou.dynamic.datasource.DynamicRoutingDataSource -- dynamic-datasource start closing ....
10:46:42.974 [main] INFO com.baomidou.dynamic.datasource.DynamicRoutingDataSource -- dynamic-datasource all closed success,bye
10:46:42.974 [main] INFO com.zaxxer.hikari.HikariDataSource -- HikariPool-3 - Shutdown initiated...
10:46:42.982 [main] INFO com.zaxxer.hikari.HikariDataSource -- HikariPool-3 - Shutdown completed.
10:46:42.984 [main] INFO com.baomidou.dynamic.datasource.DynamicRoutingDataSource -- dynamic-datasource - add a datasource named [master] success
10:46:43.189 [main] INFO org.redisson.Version -- Redisson 4.6.1
10:46:43.193 [redisson-netty-11-1] INFO org.redisson.connection.ConnectionsHolder -- 1 connections initialized for 127.0.0.1/127.0.0.1:32831
10:46:43.193 [redisson-netty-11-2] INFO org.redisson.connection.ConnectionsHolder -- 1 connections initialized for 127.0.0.1/127.0.0.1:32831
10:46:43.224 [main] INFO com.zaxxer.hikari.HikariDataSource -- HikariPool-4 - Starting...
10:46:43.228 [main] INFO com.zaxxer.hikari.pool.HikariPool -- HikariPool-4 - Added connection com.mysql.cj.jdbc.ConnectionImpl@12811f95
10:46:43.228 [main] INFO com.zaxxer.hikari.HikariDataSource -- HikariPool-4 - Start completed.
____ ____    ___ ____ _  _ ____ _  _ 
[__  |__| __  |  |  | |_/  |___ |\ | 
___] |  |     |  |__| | \_ |___ | \| 
https://sa-token.cc (v1.45.0)
10:46:44.247 [main] INFO org.hibernate.validator.internal.util.Version -- HV000001: Hibernate Validator 9.1.0.Final
10:46:44.910 [main] INFO org.eclipse.jetty.server.Server -- jetty-12.1.10; built: 2026-05-31T04:45:52.925Z; git: 986024525891c2c20ff08c58ba300dc3b9847586; jvm 21.0.12.1+1-LTS
10:46:44.960 [main] INFO org.eclipse.jetty.server.handler.ContextHandler -- Started oeje11s.ServletContextHandler@608f79a8{ROOT,/,b=null,a=AVAILABLE,h=oeje11s.ServletHandler@77e2a5d3{STARTED}}
10:46:44.968 [main] INFO org.eclipse.jetty.server.handler.ContextHandler.ROOT -- Initializing Spring DispatcherServlet 'org.springframework.web.servlet.DispatcherServlet-66d62c59'
10:46:44.968 [main] INFO org.springframework.web.servlet.DispatcherServlet -- Initializing Servlet 'org.springframework.web.servlet.DispatcherServlet-66d62c59'
10:46:44.970 [main] INFO org.springframework.web.servlet.DispatcherServlet -- Completed initialization in 2 ms
10:46:44.970 [main] INFO org.eclipse.jetty.ee11.servlet.ServletContextHandler -- Started oeje11s.ServletContextHandler@608f79a8{ROOT,/,b=null,a=AVAILABLE,h=oeje11s.ServletHandler@77e2a5d3{STARTED}}
10:46:44.997 [main] INFO org.eclipse.jetty.server.AbstractConnector -- Started oejs.ServerConnector@2b6d9650{HTTP/1.1, (http/1.1)}{localhost:37845}
10:46:44.998 [main] INFO org.eclipse.jetty.server.Server -- Started oejs.Server@55448710{STARTING}[12.1.10,sto=0] @94ms
10:46:45.760 [qtp412192112-69] ERROR org.namewta.common.web.handler.GlobalExceptionHandler -- 请求地址'/notify/notification', 参数解析失败: org.springframework.http.converter.HttpMessageNotReadableException
10:46:45.782 [main] INFO org.eclipse.jetty.server.Server -- Stopped oejs.Server@55448710{STOPPING}[12.1.10,sto=0]
10:46:45.787 [main] INFO org.eclipse.jetty.server.AbstractConnector -- Stopped oejs.ServerConnector@2b6d9650{HTTP/1.1, (http/1.1)}{localhost:0}
10:46:45.788 [main] INFO org.eclipse.jetty.server.handler.ContextHandler.ROOT -- Destroying Spring FrameworkServlet 'org.springframework.web.servlet.DispatcherServlet-66d62c59'
10:46:45.790 [main] INFO org.eclipse.jetty.ee11.servlet.ServletContextHandler -- Stopped oeje11s.ServletContextHandler@608f79a8{ROOT,/,b=null,a=AVAILABLE,h=oeje11s.ServletHandler@77e2a5d3{STOPPED}}
____ ____    ___ ____ _  _ ____ _  _ 
[__  |__| __  |  |  | |_/  |___ |\ | 
___] |  |     |  |__| | \_ |___ | \| 
https://sa-token.cc (v1.45.0)
10:46:45.840 [main] INFO com.baomidou.dynamic.datasource.DynamicRoutingDataSource -- dynamic-datasource start closing ....
10:46:45.840 [main] INFO com.baomidou.dynamic.datasource.DynamicRoutingDataSource -- dynamic-datasource all closed success,bye
10:46:45.840 [main] INFO com.zaxxer.hikari.HikariDataSource -- HikariPool-4 - Shutdown initiated...
10:46:45.841 [main] INFO com.zaxxer.hikari.HikariDataSource -- HikariPool-4 - Shutdown completed.
10:46:45.905 [main] INFO com.baomidou.dynamic.datasource.DynamicRoutingDataSource -- dynamic-datasource - add a datasource named [master] success
10:46:46.128 [main] INFO org.redisson.Version -- Redisson 4.6.1
10:46:46.136 [redisson-netty-14-1] INFO org.redisson.connection.ConnectionsHolder -- 1 connections initialized for 127.0.0.1/127.0.0.1:32831
10:46:46.136 [redisson-netty-14-2] INFO org.redisson.connection.ConnectionsHolder -- 1 connections initialized for 127.0.0.1/127.0.0.1:32831
10:46:46.164 [main] INFO com.zaxxer.hikari.HikariDataSource -- HikariPool-5 - Starting...
10:46:46.171 [main] INFO com.zaxxer.hikari.pool.HikariPool -- HikariPool-5 - Added connection com.mysql.cj.jdbc.ConnectionImpl@5dce3e82
10:46:46.171 [main] INFO com.zaxxer.hikari.HikariDataSource -- HikariPool-5 - Start completed.
10:46:46.307 [main] INFO com.baomidou.dynamic.datasource.DynamicRoutingDataSource -- dynamic-datasource start closing ....
10:46:46.307 [main] INFO com.baomidou.dynamic.datasource.DynamicRoutingDataSource -- dynamic-datasource all closed success,bye
10:46:46.307 [main] INFO com.zaxxer.hikari.HikariDataSource -- HikariPool-5 - Shutdown initiated...
10:46:46.312 [main] INFO com.zaxxer.hikari.HikariDataSource -- HikariPool-5 - Shutdown completed.
10:46:46.318 [main] INFO com.baomidou.dynamic.datasource.DynamicRoutingDataSource -- dynamic-datasource - add a datasource named [master] success
10:46:46.458 [main] INFO org.redisson.Version -- Redisson 4.6.1
10:46:46.462 [redisson-netty-17-1] INFO org.redisson.connection.ConnectionsHolder -- 1 connections initialized for 127.0.0.1/127.0.0.1:32831
10:46:46.463 [redisson-netty-17-2] INFO org.redisson.connection.ConnectionsHolder -- 1 connections initialized for 127.0.0.1/127.0.0.1:32831
10:46:46.486 [main] INFO com.zaxxer.hikari.HikariDataSource -- HikariPool-6 - Starting...
10:46:46.492 [main] INFO com.zaxxer.hikari.pool.HikariPool -- HikariPool-6 - Added connection com.mysql.cj.jdbc.ConnectionImpl@62371858
10:46:46.492 [main] INFO com.zaxxer.hikari.HikariDataSource -- HikariPool-6 - Start completed.
10:46:46.607 [main] INFO com.baomidou.dynamic.datasource.DynamicRoutingDataSource -- dynamic-datasource start closing ....
10:46:46.607 [main] INFO com.baomidou.dynamic.datasource.DynamicRoutingDataSource -- dynamic-datasource all closed success,bye
10:46:46.607 [main] INFO com.zaxxer.hikari.HikariDataSource -- HikariPool-6 - Shutdown initiated...
10:46:46.629 [main] INFO com.zaxxer.hikari.HikariDataSource -- HikariPool-6 - Shutdown completed.
10:46:46.632 [main] INFO com.baomidou.dynamic.datasource.DynamicRoutingDataSource -- dynamic-datasource - add a datasource named [master] success
10:46:46.784 [main] INFO org.redisson.Version -- Redisson 4.6.1
10:46:46.798 [redisson-netty-20-1] INFO org.redisson.connection.ConnectionsHolder -- 1 connections initialized for 127.0.0.1/127.0.0.1:32831
10:46:46.801 [redisson-netty-20-2] INFO org.redisson.connection.ConnectionsHolder -- 1 connections initialized for 127.0.0.1/127.0.0.1:32831
10:46:46.823 [main] INFO com.zaxxer.hikari.HikariDataSource -- HikariPool-7 - Starting...
10:46:46.829 [main] INFO com.zaxxer.hikari.pool.HikariPool -- HikariPool-7 - Added connection com.mysql.cj.jdbc.ConnectionImpl@6193340e
10:46:46.830 [main] INFO com.zaxxer.hikari.HikariDataSource -- HikariPool-7 - Start completed.
10:46:46.932 [main] INFO com.baomidou.dynamic.datasource.DynamicRoutingDataSource -- dynamic-datasource start closing ....
10:46:46.932 [main] INFO com.baomidou.dynamic.datasource.DynamicRoutingDataSource -- dynamic-datasource all closed success,bye
10:46:46.932 [main] INFO com.zaxxer.hikari.HikariDataSource -- HikariPool-7 - Shutdown initiated...
10:46:46.967 [main] INFO com.zaxxer.hikari.HikariDataSource -- HikariPool-7 - Shutdown completed.
10:46:46.971 [main] INFO com.baomidou.dynamic.datasource.DynamicRoutingDataSource -- dynamic-datasource - add a datasource named [master] success
10:46:47.096 [main] INFO org.redisson.Version -- Redisson 4.6.1
10:46:47.100 [redisson-netty-23-1] INFO org.redisson.connection.ConnectionsHolder -- 1 connections initialized for 127.0.0.1/127.0.0.1:32831
10:46:47.100 [redisson-netty-23-2] INFO org.redisson.connection.ConnectionsHolder -- 1 connections initialized for 127.0.0.1/127.0.0.1:32831
10:46:47.122 [main] INFO com.zaxxer.hikari.HikariDataSource -- HikariPool-8 - Starting...
10:46:47.126 [main] INFO com.zaxxer.hikari.pool.HikariPool -- HikariPool-8 - Added connection com.mysql.cj.jdbc.ConnectionImpl@4c19b0a8
10:46:47.126 [main] INFO com.zaxxer.hikari.HikariDataSource -- HikariPool-8 - Start completed.
10:46:47.196 [main] INFO com.baomidou.dynamic.datasource.DynamicRoutingDataSource -- dynamic-datasource start closing ....
10:46:47.197 [main] INFO com.baomidou.dynamic.datasource.DynamicRoutingDataSource -- dynamic-datasource all closed success,bye
10:46:47.197 [main] INFO com.zaxxer.hikari.HikariDataSource -- HikariPool-8 - Shutdown initiated...
10:46:47.197 [main] INFO com.zaxxer.hikari.HikariDataSource -- HikariPool-8 - Shutdown completed.
10:46:47.200 [main] INFO com.baomidou.dynamic.datasource.DynamicRoutingDataSource -- dynamic-datasource - add a datasource named [master] success
10:46:47.328 [main] INFO org.redisson.Version -- Redisson 4.6.1
10:46:47.333 [redisson-netty-26-1] INFO org.redisson.connection.ConnectionsHolder -- 1 connections initialized for 127.0.0.1/127.0.0.1:32831
10:46:47.333 [redisson-netty-26-2] INFO org.redisson.connection.ConnectionsHolder -- 1 connections initialized for 127.0.0.1/127.0.0.1:32831
10:46:47.350 [main] INFO com.zaxxer.hikari.HikariDataSource -- HikariPool-9 - Starting...
10:46:47.355 [main] INFO com.zaxxer.hikari.pool.HikariPool -- HikariPool-9 - Added connection com.mysql.cj.jdbc.ConnectionImpl@649a76c1
10:46:47.356 [main] INFO com.zaxxer.hikari.HikariDataSource -- HikariPool-9 - Start completed.
10:46:47.414 [main] INFO com.baomidou.dynamic.datasource.DynamicRoutingDataSource -- dynamic-datasource start closing ....
10:46:47.414 [main] INFO com.baomidou.dynamic.datasource.DynamicRoutingDataSource -- dynamic-datasource all closed success,bye
10:46:47.414 [main] INFO com.zaxxer.hikari.HikariDataSource -- HikariPool-9 - Shutdown initiated...
10:46:47.415 [main] INFO com.zaxxer.hikari.HikariDataSource -- HikariPool-9 - Shutdown completed.
10:46:47.417 [main] INFO com.baomidou.dynamic.datasource.DynamicRoutingDataSource -- dynamic-datasource - add a datasource named [master] success
10:46:47.535 [main] INFO org.redisson.Version -- Redisson 4.6.1
10:46:47.541 [redisson-netty-29-2] INFO org.redisson.connection.ConnectionsHolder -- 1 connections initialized for 127.0.0.1/127.0.0.1:32831
10:46:47.541 [redisson-netty-29-1] INFO org.redisson.connection.ConnectionsHolder -- 1 connections initialized for 127.0.0.1/127.0.0.1:32831
10:46:47.560 [main] INFO com.zaxxer.hikari.HikariDataSource -- HikariPool-10 - Starting...
10:46:47.569 [main] INFO com.zaxxer.hikari.pool.HikariPool -- HikariPool-10 - Added connection com.mysql.cj.jdbc.ConnectionImpl@69c00140
10:46:47.569 [main] INFO com.zaxxer.hikari.HikariDataSource -- HikariPool-10 - Start completed.
10:46:47.639 [main] INFO com.baomidou.dynamic.datasource.DynamicRoutingDataSource -- dynamic-datasource start closing ....
10:46:47.640 [main] INFO com.baomidou.dynamic.datasource.DynamicRoutingDataSource -- dynamic-datasource all closed success,bye
10:46:47.640 [main] INFO com.zaxxer.hikari.HikariDataSource -- HikariPool-10 - Shutdown initiated...
10:46:47.640 [main] INFO com.zaxxer.hikari.HikariDataSource -- HikariPool-10 - Shutdown completed.
10:46:47.643 [main] INFO com.baomidou.dynamic.datasource.DynamicRoutingDataSource -- dynamic-datasource - add a datasource named [master] success
10:46:47.759 [main] INFO org.redisson.Version -- Redisson 4.6.1
10:46:47.775 [redisson-netty-32-1] INFO org.redisson.connection.ConnectionsHolder -- 1 connections initialized for 127.0.0.1/127.0.0.1:32831
10:46:47.781 [redisson-netty-32-2] INFO org.redisson.connection.ConnectionsHolder -- 1 connections initialized for 127.0.0.1/127.0.0.1:32831
10:46:47.799 [main] INFO com.zaxxer.hikari.HikariDataSource -- HikariPool-11 - Starting...
10:46:47.805 [main] INFO com.zaxxer.hikari.pool.HikariPool -- HikariPool-11 - Added connection com.mysql.cj.jdbc.ConnectionImpl@6a844
10:46:47.805 [main] INFO com.zaxxer.hikari.HikariDataSource -- HikariPool-11 - Start completed.
10:46:47.900 [main] INFO com.baomidou.dynamic.datasource.DynamicRoutingDataSource -- dynamic-datasource start closing ....
10:46:47.900 [main] INFO com.baomidou.dynamic.datasource.DynamicRoutingDataSource -- dynamic-datasource all closed success,bye
10:46:47.900 [main] INFO com.zaxxer.hikari.HikariDataSource -- HikariPool-11 - Shutdown initiated...
10:46:47.901 [main] INFO com.zaxxer.hikari.HikariDataSource -- HikariPool-11 - Shutdown completed.
10:46:47.904 [main] INFO com.baomidou.dynamic.datasource.DynamicRoutingDataSource -- dynamic-datasource - add a datasource named [master] success
10:46:48.013 [main] INFO org.redisson.Version -- Redisson 4.6.1
10:46:48.017 [redisson-netty-35-1] INFO org.redisson.connection.ConnectionsHolder -- 1 connections initialized for 127.0.0.1/127.0.0.1:32831
10:46:48.017 [redisson-netty-35-2] INFO org.redisson.connection.ConnectionsHolder -- 1 connections initialized for 127.0.0.1/127.0.0.1:32831
10:46:48.038 [main] INFO com.zaxxer.hikari.HikariDataSource -- HikariPool-12 - Starting...
10:46:48.043 [main] INFO com.zaxxer.hikari.pool.HikariPool -- HikariPool-12 - Added connection com.mysql.cj.jdbc.ConnectionImpl@754fa706
10:46:48.043 [main] INFO com.zaxxer.hikari.HikariDataSource -- HikariPool-12 - Start completed.
10:46:48.157 [main] INFO com.baomidou.dynamic.datasource.DynamicRoutingDataSource -- dynamic-datasource start closing ....
10:46:48.157 [main] INFO com.baomidou.dynamic.datasource.DynamicRoutingDataSource -- dynamic-datasource all closed success,bye
10:46:48.157 [main] INFO com.zaxxer.hikari.HikariDataSource -- HikariPool-12 - Shutdown initiated...
10:46:48.180 [main] INFO com.zaxxer.hikari.HikariDataSource -- HikariPool-12 - Shutdown completed.
10:46:48.182 [main] INFO com.baomidou.dynamic.datasource.DynamicRoutingDataSource -- dynamic-datasource - add a datasource named [master] success
10:46:48.338 [main] INFO org.redisson.Version -- Redisson 4.6.1
10:46:48.346 [redisson-netty-38-1] INFO org.redisson.connection.ConnectionsHolder -- 1 connections initialized for 127.0.0.1/127.0.0.1:32831
10:46:48.347 [redisson-netty-38-2] INFO org.redisson.connection.ConnectionsHolder -- 1 connections initialized for 127.0.0.1/127.0.0.1:32831
10:46:48.374 [main] INFO com.zaxxer.hikari.HikariDataSource -- HikariPool-13 - Starting...
10:46:48.380 [main] INFO com.zaxxer.hikari.pool.HikariPool -- HikariPool-13 - Added connection com.mysql.cj.jdbc.ConnectionImpl@2ed4e0e9
10:46:48.381 [main] INFO com.zaxxer.hikari.HikariDataSource -- HikariPool-13 - Start completed.
10:46:48.843 [main] INFO com.baomidou.dynamic.datasource.DynamicRoutingDataSource -- dynamic-datasource start closing ....
10:46:48.844 [main] INFO com.baomidou.dynamic.datasource.DynamicRoutingDataSource -- dynamic-datasource all closed success,bye
10:46:48.844 [main] INFO com.zaxxer.hikari.HikariDataSource -- HikariPool-13 - Shutdown initiated...
10:46:48.847 [main] INFO com.zaxxer.hikari.HikariDataSource -- HikariPool-13 - Shutdown completed.
10:46:48.850 [main] INFO com.baomidou.dynamic.datasource.DynamicRoutingDataSource -- dynamic-datasource - add a datasource named [master] success
10:46:49.107 [main] INFO org.redisson.Version -- Redisson 4.6.1
10:46:49.113 [redisson-netty-41-1] INFO org.redisson.connection.ConnectionsHolder -- 1 connections initialized for 127.0.0.1/127.0.0.1:32831
10:46:49.113 [redisson-netty-41-2] INFO org.redisson.connection.ConnectionsHolder -- 1 connections initialized for 127.0.0.1/127.0.0.1:32831
10:46:49.141 [main] INFO com.zaxxer.hikari.HikariDataSource -- HikariPool-14 - Starting...
10:46:49.149 [main] INFO com.zaxxer.hikari.pool.HikariPool -- HikariPool-14 - Added connection com.mysql.cj.jdbc.ConnectionImpl@5e3c8272
10:46:49.149 [main] INFO com.zaxxer.hikari.HikariDataSource -- HikariPool-14 - Start completed.
10:46:49.312 [main] INFO com.baomidou.dynamic.datasource.DynamicRoutingDataSource -- dynamic-datasource start closing ....
10:46:49.313 [main] INFO com.baomidou.dynamic.datasource.DynamicRoutingDataSource -- dynamic-datasource all closed success,bye
10:46:49.313 [main] INFO com.zaxxer.hikari.HikariDataSource -- HikariPool-14 - Shutdown initiated...
10:46:49.326 [main] INFO com.zaxxer.hikari.HikariDataSource -- HikariPool-14 - Shutdown completed.
10:46:49.329 [main] INFO com.baomidou.dynamic.datasource.DynamicRoutingDataSource -- dynamic-datasource - add a datasource named [master] success
10:46:49.481 [main] INFO org.redisson.Version -- Redisson 4.6.1
10:46:49.484 [redisson-netty-44-1] INFO org.redisson.connection.ConnectionsHolder -- 1 connections initialized for 127.0.0.1/127.0.0.1:32831
10:46:49.485 [redisson-netty-44-2] INFO org.redisson.connection.ConnectionsHolder -- 1 connections initialized for 127.0.0.1/127.0.0.1:32831
10:46:49.506 [main] INFO com.zaxxer.hikari.HikariDataSource -- HikariPool-15 - Starting...
10:46:49.516 [main] INFO com.zaxxer.hikari.pool.HikariPool -- HikariPool-15 - Added connection com.mysql.cj.jdbc.ConnectionImpl@7a0ba5f0
10:46:49.516 [main] INFO com.zaxxer.hikari.HikariDataSource -- HikariPool-15 - Start completed.
10:46:49.585 [main] INFO com.baomidou.dynamic.datasource.DynamicRoutingDataSource -- dynamic-datasource start closing ....
10:46:49.585 [main] INFO com.baomidou.dynamic.datasource.DynamicRoutingDataSource -- dynamic-datasource all closed success,bye
10:46:49.585 [main] INFO com.zaxxer.hikari.HikariDataSource -- HikariPool-15 - Shutdown initiated...
10:46:49.586 [main] INFO com.zaxxer.hikari.HikariDataSource -- HikariPool-15 - Shutdown completed.
10:46:49.591 [main] INFO com.baomidou.dynamic.datasource.DynamicRoutingDataSource -- dynamic-datasource - add a datasource named [master] success
10:46:49.732 [main] INFO org.redisson.Version -- Redisson 4.6.1
10:46:49.736 [redisson-netty-47-2] INFO org.redisson.connection.ConnectionsHolder -- 1 connections initialized for 127.0.0.1/127.0.0.1:32831
10:46:49.736 [redisson-netty-47-1] INFO org.redisson.connection.ConnectionsHolder -- 1 connections initialized for 127.0.0.1/127.0.0.1:32831
10:46:49.753 [main] INFO com.zaxxer.hikari.HikariDataSource -- HikariPool-16 - Starting...
10:46:49.761 [main] INFO com.zaxxer.hikari.pool.HikariPool -- HikariPool-16 - Added connection com.mysql.cj.jdbc.ConnectionImpl@95e8df8
10:46:49.761 [main] INFO com.zaxxer.hikari.HikariDataSource -- HikariPool-16 - Start completed.
10:46:49.851 [main] INFO com.baomidou.dynamic.datasource.DynamicRoutingDataSource -- dynamic-datasource start closing ....
10:46:49.852 [main] INFO com.baomidou.dynamic.datasource.DynamicRoutingDataSource -- dynamic-datasource all closed success,bye
10:46:49.852 [main] INFO com.zaxxer.hikari.HikariDataSource -- HikariPool-16 - Shutdown initiated...
10:46:49.852 [main] INFO com.zaxxer.hikari.HikariDataSource -- HikariPool-16 - Shutdown completed.
10:46:49.854 [main] INFO com.baomidou.dynamic.datasource.DynamicRoutingDataSource -- dynamic-datasource - add a datasource named [master] success
10:46:49.947 [main] INFO org.redisson.Version -- Redisson 4.6.1
10:46:49.951 [redisson-netty-50-2] INFO org.redisson.connection.ConnectionsHolder -- 1 connections initialized for 127.0.0.1/127.0.0.1:32831
10:46:49.951 [redisson-netty-50-1] INFO org.redisson.connection.ConnectionsHolder -- 1 connections initialized for 127.0.0.1/127.0.0.1:32831
10:46:49.968 [main] INFO com.zaxxer.hikari.HikariDataSource -- HikariPool-17 - Starting...
10:46:49.975 [main] INFO com.zaxxer.hikari.pool.HikariPool -- HikariPool-17 - Added connection com.mysql.cj.jdbc.ConnectionImpl@5b751bab
10:46:49.975 [main] INFO com.zaxxer.hikari.HikariDataSource -- HikariPool-17 - Start completed.
10:46:50.042 [main] INFO com.baomidou.dynamic.datasource.DynamicRoutingDataSource -- dynamic-datasource start closing ....
10:46:50.042 [main] INFO com.baomidou.dynamic.datasource.DynamicRoutingDataSource -- dynamic-datasource all closed success,bye
10:46:50.042 [main] INFO com.zaxxer.hikari.HikariDataSource -- HikariPool-17 - Shutdown initiated...
10:46:50.043 [main] INFO com.zaxxer.hikari.HikariDataSource -- HikariPool-17 - Shutdown completed.
10:46:50.045 [main] INFO com.baomidou.dynamic.datasource.DynamicRoutingDataSource -- dynamic-datasource - add a datasource named [master] success
10:46:50.150 [main] INFO org.redisson.Version -- Redisson 4.6.1
10:46:50.155 [redisson-netty-53-1] INFO org.redisson.connection.ConnectionsHolder -- 1 connections initialized for 127.0.0.1/127.0.0.1:32831
10:46:50.155 [redisson-netty-53-2] INFO org.redisson.connection.ConnectionsHolder -- 1 connections initialized for 127.0.0.1/127.0.0.1:32831
10:46:50.175 [main] INFO com.zaxxer.hikari.HikariDataSource -- HikariPool-18 - Starting...
10:46:50.182 [main] INFO com.zaxxer.hikari.pool.HikariPool -- HikariPool-18 - Added connection com.mysql.cj.jdbc.ConnectionImpl@1f406a62
10:46:50.183 [main] INFO com.zaxxer.hikari.HikariDataSource -- HikariPool-18 - Start completed.
10:46:50.212 [main] INFO org.springframework.mock.web.MockServletContext -- Initializing Spring TestDispatcherServlet ''
10:46:50.212 [main] INFO org.springframework.test.web.servlet.TestDispatcherServlet -- Initializing Servlet ''
10:46:50.212 [main] INFO org.springframework.test.web.servlet.TestDispatcherServlet -- Completed initialization in 0 ms
10:46:50.235 [main] WARN org.springframework.web.servlet.mvc.support.DefaultHandlerExceptionResolver -- Resolved [org.springframework.http.converter.HttpMessageNotReadableException: JSON parse error: Cannot deserialize value of type `org.namewta.notify.api.NotificationMode` from String "SYNC": not one of the values accepted for Enum class: [ASYNC]]
10:46:50.264 [main] INFO com.baomidou.dynamic.datasource.DynamicRoutingDataSource -- dynamic-datasource start closing ....
10:46:50.265 [main] INFO com.baomidou.dynamic.datasource.DynamicRoutingDataSource -- dynamic-datasource all closed success,bye
10:46:50.265 [main] INFO com.zaxxer.hikari.HikariDataSource -- HikariPool-18 - Shutdown initiated...
10:46:50.265 [main] INFO com.zaxxer.hikari.HikariDataSource -- HikariPool-18 - Shutdown completed.
10:46:50.267 [main] INFO com.baomidou.dynamic.datasource.DynamicRoutingDataSource -- dynamic-datasource - add a datasource named [master] success
10:46:50.375 [main] INFO org.redisson.Version -- Redisson 4.6.1
10:46:50.380 [redisson-netty-56-1] INFO org.redisson.connection.ConnectionsHolder -- 1 connections initialized for 127.0.0.1/127.0.0.1:32831
10:46:50.381 [redisson-netty-56-2] INFO org.redisson.connection.ConnectionsHolder -- 1 connections initialized for 127.0.0.1/127.0.0.1:32831
10:46:50.398 [main] INFO com.zaxxer.hikari.HikariDataSource -- HikariPool-19 - Starting...
10:46:50.403 [main] INFO com.zaxxer.hikari.pool.HikariPool -- HikariPool-19 - Added connection com.mysql.cj.jdbc.ConnectionImpl@53b464b9
10:46:50.403 [main] INFO com.zaxxer.hikari.HikariDataSource -- HikariPool-19 - Start completed.
10:46:50.490 [main] INFO com.baomidou.dynamic.datasource.DynamicRoutingDataSource -- dynamic-datasource start closing ....
10:46:50.490 [main] INFO com.baomidou.dynamic.datasource.DynamicRoutingDataSource -- dynamic-datasource all closed success,bye
10:46:50.490 [main] INFO com.zaxxer.hikari.HikariDataSource -- HikariPool-19 - Shutdown initiated...
10:46:50.492 [main] INFO com.zaxxer.hikari.HikariDataSource -- HikariPool-19 - Shutdown completed.
[ERROR] Tests run: 19, Failures: 1, Errors: 0, Skipped: 0, Time elapsed: 12.40 s <<< FAILURE! -- in org.namewta.test.notify.NotifySupportedModeIntegrationTest
[ERROR] org.namewta.test.notify.NotifySupportedModeIntegrationTest.loopbackHttpEnforcesSubmitPermissionAndSupportedValuesBeforeAnyWrite -- Time elapsed: 2.863 s <<< FAILURE!
org.opentest4j.AssertionFailedError: 

expected: 200
 but was: 400
	at org.namewta.test.notify.NotifySupportedModeIntegrationTest.loopbackHttpEnforcesSubmitPermissionAndSupportedValuesBeforeAnyWrite(NotifySupportedModeIntegrationTest.java:309)

[INFO] Running org.namewta.test.notify.EnterpriseQueuedNotificationIntegrationTest
10:46:51.581 [main] INFO com.baomidou.dynamic.datasource.DynamicRoutingDataSource -- dynamic-datasource - add a datasource named [master] success
10:46:52.373 [main] INFO org.redisson.Version -- Redisson 4.6.1
10:46:52.736 [redisson-netty-1-1] INFO org.redisson.connection.ConnectionsHolder -- 1 connections initialized for 127.0.0.1/127.0.0.1:32831
10:46:52.738 [redisson-netty-1-2] INFO org.redisson.connection.ConnectionsHolder -- 1 connections initialized for 127.0.0.1/127.0.0.1:32831
Mockito is currently self-attaching to enable the inline-mock-maker. This will no longer work in future releases of the JDK. Please add Mockito as an agent to your build as described in Mockito's documentation: https://javadoc.io/doc/org.mockito/mockito-core/latest/org.mockito/org/mockito/Mockito.html#0.3
OpenJDK 64-Bit Server VM warning: Sharing is only supported for boot loader classes because bootstrap classpath has been appended
WARNING: A Java agent has been loaded dynamically (/root/.m2/repository/net/bytebuddy/byte-buddy-agent/1.18.10/byte-buddy-agent-1.18.10.jar)
WARNING: If a serviceability tool is in use, please run with -XX:+EnableDynamicAgentLoading to hide this warning
WARNING: If a serviceability tool is not in use, please run with -Djdk.instrument.traceUsage for more information
WARNING: Dynamic loading of agents will be disallowed by default in a future release
10:46:54.309 [main] INFO com.zaxxer.hikari.HikariDataSource -- HikariPool-1 - Starting...
10:46:54.719 [main] INFO com.zaxxer.hikari.pool.HikariPool -- HikariPool-1 - Added connection com.mysql.cj.jdbc.ConnectionImpl@355493bf
10:46:54.722 [main] INFO com.zaxxer.hikari.HikariDataSource -- HikariPool-1 - Start completed.
10:46:55.833 [main] INFO org.namewta.notify.adapter.worker.NotifyOutboxWorker -- notify outbox drain trigger=POLL claimed=1 batches=2
10:46:56.314 [main] INFO org.namewta.notify.adapter.worker.NotifyOutboxWorker -- notify outbox drain trigger=POLL claimed=1 batches=2
10:46:56.594 [main] INFO com.baomidou.dynamic.datasource.DynamicRoutingDataSource -- dynamic-datasource start closing ....
10:46:56.598 [main] INFO com.baomidou.dynamic.datasource.DynamicRoutingDataSource -- dynamic-datasource all closed success,bye
10:46:56.598 [main] INFO com.zaxxer.hikari.HikariDataSource -- HikariPool-1 - Shutdown initiated...
10:46:56.607 [main] INFO com.zaxxer.hikari.HikariDataSource -- HikariPool-1 - Shutdown completed.
10:46:56.619 [main] INFO com.baomidou.dynamic.datasource.DynamicRoutingDataSource -- dynamic-datasource - add a datasource named [master] success
10:46:56.857 [main] INFO org.redisson.Version -- Redisson 4.6.1
10:46:56.864 [redisson-netty-5-2] INFO org.redisson.connection.ConnectionsHolder -- 1 connections initialized for 127.0.0.1/127.0.0.1:32831
10:46:56.864 [redisson-netty-5-1] INFO org.redisson.connection.ConnectionsHolder -- 1 connections initialized for 127.0.0.1/127.0.0.1:32831
10:46:56.895 [main] INFO com.zaxxer.hikari.HikariDataSource -- HikariPool-2 - Starting...
10:46:56.902 [main] INFO com.zaxxer.hikari.pool.HikariPool -- HikariPool-2 - Added connection com.mysql.cj.jdbc.ConnectionImpl@1ddb6abb
10:46:56.902 [main] INFO com.zaxxer.hikari.HikariDataSource -- HikariPool-2 - Start completed.
10:46:57.200 [main] INFO org.namewta.notify.adapter.worker.NotifyOutboxWorker -- notify outbox drain trigger=POLL claimed=1 batches=2
10:46:57.397 [main] INFO com.baomidou.dynamic.datasource.DynamicRoutingDataSource -- dynamic-datasource start closing ....
10:46:57.397 [main] INFO com.baomidou.dynamic.datasource.DynamicRoutingDataSource -- dynamic-datasource all closed success,bye
10:46:57.398 [main] INFO com.zaxxer.hikari.HikariDataSource -- HikariPool-2 - Shutdown initiated...
10:46:57.403 [main] INFO com.zaxxer.hikari.HikariDataSource -- HikariPool-2 - Shutdown completed.
10:46:57.406 [main] INFO com.baomidou.dynamic.datasource.DynamicRoutingDataSource -- dynamic-datasource - add a datasource named [master] success
10:46:57.643 [main] INFO org.redisson.Version -- Redisson 4.6.1
10:46:57.649 [redisson-netty-8-1] INFO org.redisson.connection.ConnectionsHolder -- 1 connections initialized for 127.0.0.1/127.0.0.1:32831
10:46:57.650 [redisson-netty-8-2] INFO org.redisson.connection.ConnectionsHolder -- 1 connections initialized for 127.0.0.1/127.0.0.1:32831
10:46:57.674 [main] INFO com.zaxxer.hikari.HikariDataSource -- HikariPool-3 - Starting...
10:46:57.680 [main] INFO com.zaxxer.hikari.pool.HikariPool -- HikariPool-3 - Added connection com.mysql.cj.jdbc.ConnectionImpl@2f7d8a7c
10:46:57.680 [main] INFO com.zaxxer.hikari.HikariDataSource -- HikariPool-3 - Start completed.
10:46:57.900 [main] INFO com.baomidou.dynamic.datasource.DynamicRoutingDataSource -- dynamic-datasource start closing ....
10:46:57.900 [main] INFO com.baomidou.dynamic.datasource.DynamicRoutingDataSource -- dynamic-datasource all closed success,bye
10:46:57.901 [main] INFO com.zaxxer.hikari.HikariDataSource -- HikariPool-3 - Shutdown initiated...
10:46:57.922 [main] INFO com.zaxxer.hikari.HikariDataSource -- HikariPool-3 - Shutdown completed.
10:46:57.926 [main] INFO com.baomidou.dynamic.datasource.DynamicRoutingDataSource -- dynamic-datasource - add a datasource named [master] success
10:46:58.130 [main] INFO org.redisson.Version -- Redisson 4.6.1
10:46:58.136 [redisson-netty-11-1] INFO org.redisson.connection.ConnectionsHolder -- 1 connections initialized for 127.0.0.1/127.0.0.1:32831
10:46:58.136 [redisson-netty-11-2] INFO org.redisson.connection.ConnectionsHolder -- 1 connections initialized for 127.0.0.1/127.0.0.1:32831
10:46:58.167 [main] INFO com.zaxxer.hikari.HikariDataSource -- HikariPool-4 - Starting...
10:46:58.175 [main] INFO com.zaxxer.hikari.pool.HikariPool -- HikariPool-4 - Added connection com.mysql.cj.jdbc.ConnectionImpl@703947bd
10:46:58.175 [main] INFO com.zaxxer.hikari.HikariDataSource -- HikariPool-4 - Start completed.
10:46:58.434 [main] INFO org.namewta.notify.adapter.worker.NotifyOutboxWorker -- notify outbox drain trigger=POLL claimed=1 batches=2
10:46:58.606 [main] INFO com.baomidou.dynamic.datasource.DynamicRoutingDataSource -- dynamic-datasource start closing ....
10:46:58.606 [main] INFO com.baomidou.dynamic.datasource.DynamicRoutingDataSource -- dynamic-datasource all closed success,bye
10:46:58.606 [main] INFO com.zaxxer.hikari.HikariDataSource -- HikariPool-4 - Shutdown initiated...
10:46:58.607 [main] INFO com.zaxxer.hikari.HikariDataSource -- HikariPool-4 - Shutdown completed.
10:46:58.610 [main] INFO com.baomidou.dynamic.datasource.DynamicRoutingDataSource -- dynamic-datasource - add a datasource named [master] success
10:46:58.736 [main] INFO org.redisson.Version -- Redisson 4.6.1
10:46:58.741 [redisson-netty-14-1] INFO org.redisson.connection.ConnectionsHolder -- 1 connections initialized for 127.0.0.1/127.0.0.1:32831
10:46:58.741 [redisson-netty-14-2] INFO org.redisson.connection.ConnectionsHolder -- 1 connections initialized for 127.0.0.1/127.0.0.1:32831
10:46:58.761 [main] INFO com.zaxxer.hikari.HikariDataSource -- HikariPool-5 - Starting...
10:46:58.768 [main] INFO com.zaxxer.hikari.pool.HikariPool -- HikariPool-5 - Added connection com.mysql.cj.jdbc.ConnectionImpl@350ede1
10:46:58.768 [main] INFO com.zaxxer.hikari.HikariDataSource -- HikariPool-5 - Start completed.
10:46:58.966 [main] INFO org.namewta.notify.adapter.worker.NotifyOutboxWorker -- notify outbox drain trigger=POLL claimed=1 batches=2
10:46:59.024 [main] INFO com.baomidou.dynamic.datasource.DynamicRoutingDataSource -- dynamic-datasource start closing ....
10:46:59.024 [main] INFO com.baomidou.dynamic.datasource.DynamicRoutingDataSource -- dynamic-datasource all closed success,bye
10:46:59.024 [main] INFO com.zaxxer.hikari.HikariDataSource -- HikariPool-5 - Shutdown initiated...
10:46:59.041 [main] INFO com.zaxxer.hikari.HikariDataSource -- HikariPool-5 - Shutdown completed.
10:46:59.044 [main] INFO com.baomidou.dynamic.datasource.DynamicRoutingDataSource -- dynamic-datasource - add a datasource named [master] success
10:46:59.178 [main] INFO org.redisson.Version -- Redisson 4.6.1
10:46:59.182 [redisson-netty-17-1] INFO org.redisson.connection.ConnectionsHolder -- 1 connections initialized for 127.0.0.1/127.0.0.1:32831
10:46:59.183 [redisson-netty-17-2] INFO org.redisson.connection.ConnectionsHolder -- 1 connections initialized for 127.0.0.1/127.0.0.1:32831
10:46:59.200 [main] INFO com.zaxxer.hikari.HikariDataSource -- HikariPool-6 - Starting...
10:46:59.210 [main] INFO com.zaxxer.hikari.pool.HikariPool -- HikariPool-6 - Added connection com.mysql.cj.jdbc.ConnectionImpl@25bd68ea
10:46:59.210 [main] INFO com.zaxxer.hikari.HikariDataSource -- HikariPool-6 - Start completed.
10:46:59.410 [main] INFO org.namewta.notify.adapter.worker.NotifyOutboxWorker -- notify outbox drain trigger=POLL claimed=1 batches=2
10:46:59.557 [main] INFO com.baomidou.dynamic.datasource.DynamicRoutingDataSource -- dynamic-datasource start closing ....
10:46:59.558 [main] INFO com.baomidou.dynamic.datasource.DynamicRoutingDataSource -- dynamic-datasource all closed success,bye
10:46:59.558 [main] INFO com.zaxxer.hikari.HikariDataSource -- HikariPool-6 - Shutdown initiated...
10:46:59.559 [main] INFO com.zaxxer.hikari.HikariDataSource -- HikariPool-6 - Shutdown completed.
10:46:59.561 [main] INFO com.baomidou.dynamic.datasource.DynamicRoutingDataSource -- dynamic-datasource - add a datasource named [master] success
10:46:59.720 [main] INFO org.redisson.Version -- Redisson 4.6.1
10:46:59.725 [redisson-netty-20-1] INFO org.redisson.connection.ConnectionsHolder -- 1 connections initialized for 127.0.0.1/127.0.0.1:32831
10:46:59.730 [redisson-netty-20-2] INFO org.redisson.connection.ConnectionsHolder -- 1 connections initialized for 127.0.0.1/127.0.0.1:32831
10:46:59.760 [main] INFO com.zaxxer.hikari.HikariDataSource -- HikariPool-7 - Starting...
10:46:59.765 [main] INFO com.zaxxer.hikari.pool.HikariPool -- HikariPool-7 - Added connection com.mysql.cj.jdbc.ConnectionImpl@487f025
10:46:59.766 [main] INFO com.zaxxer.hikari.HikariDataSource -- HikariPool-7 - Start completed.
10:47:00.179 [main] INFO org.namewta.notify.adapter.worker.NotifyOutboxWorker -- notify outbox drain trigger=POLL claimed=2 batches=2
10:47:00.395 [main] INFO com.baomidou.dynamic.datasource.DynamicRoutingDataSource -- dynamic-datasource start closing ....
10:47:00.396 [main] INFO com.baomidou.dynamic.datasource.DynamicRoutingDataSource -- dynamic-datasource all closed success,bye
10:47:00.396 [main] INFO com.zaxxer.hikari.HikariDataSource -- HikariPool-7 - Shutdown initiated...
10:47:00.397 [main] INFO com.zaxxer.hikari.HikariDataSource -- HikariPool-7 - Shutdown completed.
10:47:00.400 [main] INFO com.baomidou.dynamic.datasource.DynamicRoutingDataSource -- dynamic-datasource - add a datasource named [master] success
10:47:00.530 [main] INFO org.redisson.Version -- Redisson 4.6.1
10:47:00.537 [redisson-netty-23-1] INFO org.redisson.connection.ConnectionsHolder -- 1 connections initialized for 127.0.0.1/127.0.0.1:32831
10:47:00.537 [redisson-netty-23-2] INFO org.redisson.connection.ConnectionsHolder -- 1 connections initialized for 127.0.0.1/127.0.0.1:32831
10:47:00.558 [main] INFO com.zaxxer.hikari.HikariDataSource -- HikariPool-8 - Starting...
10:47:00.564 [main] INFO com.zaxxer.hikari.pool.HikariPool -- HikariPool-8 - Added connection com.mysql.cj.jdbc.ConnectionImpl@3bbc8c82
10:47:00.565 [main] INFO com.zaxxer.hikari.HikariDataSource -- HikariPool-8 - Start completed.
10:47:01.027 [main] INFO com.baomidou.dynamic.datasource.DynamicRoutingDataSource -- dynamic-datasource start closing ....
10:47:01.027 [main] INFO com.baomidou.dynamic.datasource.DynamicRoutingDataSource -- dynamic-datasource all closed success,bye
10:47:01.027 [main] INFO com.zaxxer.hikari.HikariDataSource -- HikariPool-8 - Shutdown initiated...
10:47:01.032 [main] INFO com.zaxxer.hikari.HikariDataSource -- HikariPool-8 - Shutdown completed.
[INFO] Tests run: 8, Failures: 0, Errors: 0, Skipped: 0, Time elapsed: 9.647 s -- in org.namewta.test.notify.EnterpriseQueuedNotificationIntegrationTest
[INFO] Running org.namewta.test.notify.idempotency.RedisNotifyIdempotencyStoreIntegrationTest
10:47:02.088 [main] INFO org.redisson.Version -- Redisson 4.6.1
10:47:02.398 [redisson-netty-1-4] INFO org.redisson.connection.ConnectionsHolder -- 1 connections initialized for 127.0.0.1/127.0.0.1:32831
10:47:02.506 [redisson-netty-1-19] INFO org.redisson.connection.ConnectionsHolder -- 24 connections initialized for 127.0.0.1/127.0.0.1:32831
10:47:03.090 [main] INFO org.redisson.Version -- Redisson 4.6.1
10:47:03.098 [redisson-netty-5-4] INFO org.redisson.connection.ConnectionsHolder -- 1 connections initialized for 127.0.0.1/127.0.0.1:32831
10:47:03.177 [redisson-netty-5-19] INFO org.redisson.connection.ConnectionsHolder -- 24 connections initialized for 127.0.0.1/127.0.0.1:32831
10:47:03.387 [main] INFO org.redisson.Version -- Redisson 4.6.1
10:47:03.417 [redisson-netty-8-4] INFO org.redisson.connection.ConnectionsHolder -- 1 connections initialized for 127.0.0.1/127.0.0.1:32831
10:47:03.527 [redisson-netty-8-19] INFO org.redisson.connection.ConnectionsHolder -- 24 connections initialized for 127.0.0.1/127.0.0.1:32831
[INFO] Tests run: 3, Failures: 0, Errors: 0, Skipped: 0, Time elapsed: 1.736 s -- in org.namewta.test.notify.idempotency.RedisNotifyIdempotencyStoreIntegrationTest
[INFO] Running org.namewta.test.notify.NotifyAtomicResultIntegrationTest
10:47:04.911 [main] INFO com.baomidou.dynamic.datasource.DynamicRoutingDataSource -- dynamic-datasource - add a datasource named [master] success
10:47:05.689 [main] INFO org.redisson.Version -- Redisson 4.6.1
10:47:06.106 [redisson-netty-1-1] INFO org.redisson.connection.ConnectionsHolder -- 1 connections initialized for 127.0.0.1/127.0.0.1:32831
10:47:06.107 [redisson-netty-1-2] INFO org.redisson.connection.ConnectionsHolder -- 1 connections initialized for 127.0.0.1/127.0.0.1:32831
Mockito is currently self-attaching to enable the inline-mock-maker. This will no longer work in future releases of the JDK. Please add Mockito as an agent to your build as described in Mockito's documentation: https://javadoc.io/doc/org.mockito/mockito-core/latest/org.mockito/org/mockito/Mockito.html#0.3
WARNING: A Java agent has been loaded dynamically (/root/.m2/repository/net/bytebuddy/byte-buddy-agent/1.18.10/byte-buddy-agent-1.18.10.jar)
WARNING: If a serviceability tool is in use, please run with -XX:+EnableDynamicAgentLoading to hide this warning
WARNING: If a serviceability tool is not in use, please run with -Djdk.instrument.traceUsage for more information
WARNING: Dynamic loading of agents will be disallowed by default in a future release
OpenJDK 64-Bit Server VM warning: Sharing is only supported for boot loader classes because bootstrap classpath has been appended
10:47:07.769 [main] INFO com.zaxxer.hikari.HikariDataSource -- HikariPool-1 - Starting...
10:47:08.107 [main] INFO com.zaxxer.hikari.pool.HikariPool -- HikariPool-1 - Added connection com.mysql.cj.jdbc.ConnectionImpl@49b9ba6a
10:47:08.109 [main] INFO com.zaxxer.hikari.HikariDataSource -- HikariPool-1 - Start completed.
10:47:08.742 [main] INFO com.baomidou.dynamic.datasource.DynamicRoutingDataSource -- dynamic-datasource start closing ....
10:47:08.745 [main] INFO com.baomidou.dynamic.datasource.DynamicRoutingDataSource -- dynamic-datasource all closed success,bye
10:47:08.745 [main] INFO com.zaxxer.hikari.HikariDataSource -- HikariPool-1 - Shutdown initiated...
10:47:08.753 [main] INFO com.zaxxer.hikari.HikariDataSource -- HikariPool-1 - Shutdown completed.
10:47:08.766 [main] INFO com.baomidou.dynamic.datasource.DynamicRoutingDataSource -- dynamic-datasource - add a datasource named [master] success
10:47:09.062 [main] INFO org.redisson.Version -- Redisson 4.6.1
10:47:09.069 [redisson-netty-5-2] INFO org.redisson.connection.ConnectionsHolder -- 1 connections initialized for 127.0.0.1/127.0.0.1:32831
10:47:09.069 [redisson-netty-5-1] INFO org.redisson.connection.ConnectionsHolder -- 1 connections initialized for 127.0.0.1/127.0.0.1:32831
10:47:09.121 [main] INFO com.zaxxer.hikari.HikariDataSource -- HikariPool-2 - Starting...
10:47:09.127 [main] INFO com.zaxxer.hikari.pool.HikariPool -- HikariPool-2 - Added connection com.mysql.cj.jdbc.ConnectionImpl@1d3e5a05
10:47:09.128 [main] INFO com.zaxxer.hikari.HikariDataSource -- HikariPool-2 - Start completed.
10:47:09.411 [main] INFO com.baomidou.dynamic.datasource.DynamicRoutingDataSource -- dynamic-datasource start closing ....
10:47:09.412 [main] INFO com.baomidou.dynamic.datasource.DynamicRoutingDataSource -- dynamic-datasource all closed success,bye
10:47:09.412 [main] INFO com.zaxxer.hikari.HikariDataSource -- HikariPool-2 - Shutdown initiated...
10:47:09.449 [main] INFO com.zaxxer.hikari.HikariDataSource -- HikariPool-2 - Shutdown completed.
10:47:09.453 [main] INFO com.baomidou.dynamic.datasource.DynamicRoutingDataSource -- dynamic-datasource - add a datasource named [master] success
10:47:09.740 [main] INFO org.redisson.Version -- Redisson 4.6.1
10:47:09.745 [redisson-netty-8-1] INFO org.redisson.connection.ConnectionsHolder -- 1 connections initialized for 127.0.0.1/127.0.0.1:32831
10:47:09.745 [redisson-netty-8-2] INFO org.redisson.connection.ConnectionsHolder -- 1 connections initialized for 127.0.0.1/127.0.0.1:32831
10:47:09.772 [main] INFO com.zaxxer.hikari.HikariDataSource -- HikariPool-3 - Starting...
10:47:09.781 [main] INFO com.zaxxer.hikari.pool.HikariPool -- HikariPool-3 - Added connection com.mysql.cj.jdbc.ConnectionImpl@75d402d4
10:47:09.781 [main] INFO com.zaxxer.hikari.HikariDataSource -- HikariPool-3 - Start completed.
10:47:10.026 [pool-3-thread-2] WARN org.namewta.notify.adapter.event.InAppCommittedPushListener -- 站内实时提示失败，messageId=9220001, reason=IllegalStateException
10:47:10.063 [pool-3-thread-1] WARN org.namewta.notify.adapter.event.InAppCommittedPushListener -- 站内实时提示失败，messageId=9220001, reason=IllegalStateException
10:47:10.145 [main] INFO com.baomidou.dynamic.datasource.DynamicRoutingDataSource -- dynamic-datasource start closing ....
10:47:10.145 [main] INFO com.baomidou.dynamic.datasource.DynamicRoutingDataSource -- dynamic-datasource all closed success,bye
10:47:10.145 [main] INFO com.zaxxer.hikari.HikariDataSource -- HikariPool-3 - Shutdown initiated...
10:47:10.146 [main] INFO com.zaxxer.hikari.HikariDataSource -- HikariPool-3 - Shutdown completed.
10:47:10.150 [main] INFO com.baomidou.dynamic.datasource.DynamicRoutingDataSource -- dynamic-datasource - add a datasource named [master] success
10:47:10.317 [main] INFO org.redisson.Version -- Redisson 4.6.1
10:47:10.322 [redisson-netty-11-1] INFO org.redisson.connection.ConnectionsHolder -- 1 connections initialized for 127.0.0.1/127.0.0.1:32831
10:47:10.323 [redisson-netty-11-2] INFO org.redisson.connection.ConnectionsHolder -- 1 connections initialized for 127.0.0.1/127.0.0.1:32831
10:47:10.354 [main] INFO com.zaxxer.hikari.HikariDataSource -- HikariPool-4 - Starting...
10:47:10.362 [main] INFO com.zaxxer.hikari.pool.HikariPool -- HikariPool-4 - Added connection com.mysql.cj.jdbc.ConnectionImpl@5b4b6f3b
10:47:10.363 [main] INFO com.zaxxer.hikari.HikariDataSource -- HikariPool-4 - Start completed.
10:47:10.724 [main] INFO com.baomidou.dynamic.datasource.DynamicRoutingDataSource -- dynamic-datasource start closing ....
10:47:10.724 [main] INFO com.baomidou.dynamic.datasource.DynamicRoutingDataSource -- dynamic-datasource all closed success,bye
10:47:10.724 [main] INFO com.zaxxer.hikari.HikariDataSource -- HikariPool-4 - Shutdown initiated...
10:47:10.726 [main] INFO com.zaxxer.hikari.HikariDataSource -- HikariPool-4 - Shutdown completed.
10:47:10.793 [main] INFO com.baomidou.dynamic.datasource.DynamicRoutingDataSource -- dynamic-datasource - add a datasource named [master] success
10:47:10.954 [main] INFO org.redisson.Version -- Redisson 4.6.1
10:47:10.962 [redisson-netty-14-2] INFO org.redisson.connection.ConnectionsHolder -- 1 connections initialized for 127.0.0.1/127.0.0.1:32831
10:47:10.962 [redisson-netty-14-1] INFO org.redisson.connection.ConnectionsHolder -- 1 connections initialized for 127.0.0.1/127.0.0.1:32831
10:47:10.983 [main] INFO com.zaxxer.hikari.HikariDataSource -- HikariPool-5 - Starting...
10:47:10.989 [main] INFO com.zaxxer.hikari.pool.HikariPool -- HikariPool-5 - Added connection com.mysql.cj.jdbc.ConnectionImpl@5cf39df6
10:47:10.989 [main] INFO com.zaxxer.hikari.HikariDataSource -- HikariPool-5 - Start completed.
10:47:11.052 [main] WARN com.zaxxer.hikari.pool.ProxyConnection -- HikariPool-5 - Connection com.mysql.cj.jdbc.ConnectionImpl@5cf39df6 marked as broken because of SQLSTATE(08S01), ErrorCode(0)
com.mysql.cj.jdbc.exceptions.CommunicationsException: Communications link failure

The last packet successfully received from the server was 9 milliseconds ago. The last packet sent successfully to the server was 9 milliseconds ago.
	at com.mysql.cj.jdbc.exceptions.SQLError.createCommunicationsException(SQLError.java:165)
	at com.mysql.cj.jdbc.exceptions.SQLExceptionsMapping.translateException(SQLExceptionsMapping.java:55)
	at com.mysql.cj.jdbc.ConnectionImpl.commit(ConnectionImpl.java:814)
	at com.zaxxer.hikari.pool.ProxyConnection.commit(ProxyConnection.java:378)
	at com.zaxxer.hikari.pool.HikariProxyConnection.commit(HikariProxyConnection.java)
	at java.base/jdk.internal.reflect.DirectMethodHandleAccessor.invoke(DirectMethodHandleAccessor.java:103)
	at java.base/java.lang.reflect.Method.invoke(Method.java:580)
	at org.namewta.test.notify.NotifyAtomicResultIntegrationTest$1.lambda$getConnection$0(NotifyAtomicResultIntegrationTest.java:118)
	at jdk.proxy2/jdk.proxy2.$Proxy131.commit(Unknown Source)
	at com.baomidou.dynamic.datasource.tx.ConnectionProxy.notify(ConnectionProxy.java:62)
	at com.baomidou.dynamic.datasource.tx.ConnectionFactory.notify(ConnectionFactory.java:153)
	at com.baomidou.dynamic.datasource.tx.LocalTxUtil.commit(LocalTxUtil.java:91)
	at com.baomidou.dynamic.datasource.tx.TransactionalTemplate.doExecute(TransactionalTemplate.java:126)
	at com.baomidou.dynamic.datasource.tx.TransactionalTemplate.execute(TransactionalTemplate.java:94)
	at com.baomidou.dynamic.datasource.aop.DynamicLocalTransactionInterceptor.invoke(DynamicLocalTransactionInterceptor.java:59)
	at org.springframework.aop.framework.ReflectiveMethodInvocation.proceed(ReflectiveMethodInvocation.java:179)
	at org.springframework.aop.framework.CglibAopProxy$DynamicAdvisedInterceptor.intercept(CglibAopProxy.java:719)
	at org.namewta.notify.usecase.ProviderCallbackUseCase$$SpringCGLIB$$5.confirm(<generated>)
	at org.namewta.test.notify.NotifyAtomicResultIntegrationTest.lambda$nativeReceiptCommitFailureCanRetrySameInternalIdentity$57(NotifyAtomicResultIntegrationTest.java:1156)
	at org.assertj.core.api.ThrowableAssert.catchThrowable(ThrowableAssert.java:66)
	at org.assertj.core.api.AssertionsForClassTypes.catchThrowable(AssertionsForClassTypes.java:908)
	at org.assertj.core.api.Assertions.catchThrowable(Assertions.java:1476)
	at org.assertj.core.api.Assertions.assertThatThrownBy(Assertions.java:1319)
	at org.namewta.test.notify.NotifyAtomicResultIntegrationTest.nativeReceiptCommitFailureCanRetrySameInternalIdentity(NotifyAtomicResultIntegrationTest.java:1156)
	at java.base/jdk.internal.reflect.DirectMethodHandleAccessor.invoke(DirectMethodHandleAccessor.java:103)
	at java.base/java.lang.reflect.Method.invoke(Method.java:580)
	at org.junit.platform.commons.util.ReflectionUtils.invokeMethod(ReflectionUtils.java:701)
	at org.junit.platform.commons.support.ReflectionSupport.invokeMethod(ReflectionSupport.java:502)
	at org.junit.jupiter.engine.support.MethodReflectionUtils.invoke(MethodReflectionUtils.java:45)
	at org.junit.jupiter.engine.execution.MethodInvocation.proceed(MethodInvocation.java:61)
	at org.junit.jupiter.engine.execution.InvocationInterceptorChain$ValidatingInvocation.proceed(InvocationInterceptorChain.java:124)
	at org.junit.jupiter.engine.extension.TimeoutExtension.intercept(TimeoutExtension.java:163)
	at org.junit.jupiter.engine.extension.TimeoutExtension.interceptTestableMethod(TimeoutExtension.java:148)
	at org.junit.jupiter.engine.extension.TimeoutExtension.interceptTestTemplateMethod(TimeoutExtension.java:94)
	at org.junit.jupiter.engine.execution.InterceptingExecutableInvoker$ReflectiveInterceptorCall.lambda$ofVoidMethod$0(InterceptingExecutableInvoker.java:123)
	at org.junit.jupiter.engine.execution.InterceptingExecutableInvoker.lambda$invoke$0(InterceptingExecutableInvoker.java:105)
	at org.junit.jupiter.engine.execution.InvocationInterceptorChain$InterceptedInvocation.proceed(InvocationInterceptorChain.java:99)
	at org.junit.jupiter.engine.execution.InvocationInterceptorChain.proceed(InvocationInterceptorChain.java:66)
	at org.junit.jupiter.engine.execution.InvocationInterceptorChain.chainAndInvoke(InvocationInterceptorChain.java:47)
	at org.junit.jupiter.engine.execution.InvocationInterceptorChain.invoke(InvocationInterceptorChain.java:39)
	at org.junit.jupiter.engine.execution.InterceptingExecutableInvoker.invoke(InterceptingExecutableInvoker.java:104)
	at org.junit.jupiter.engine.execution.InterceptingExecutableInvoker.invoke(InterceptingExecutableInvoker.java:98)
	at org.junit.jupiter.engine.execution.InterceptingExecutableInvoker.invokeVoid(InterceptingExecutableInvoker.java:71)
	at org.junit.jupiter.engine.descriptor.TestMethodTestDescriptor.lambda$invokeTestMethod$0(TestMethodTestDescriptor.java:219)
	at org.junit.platform.engine.support.hierarchical.ThrowableCollector.execute(ThrowableCollector.java:74)
	at org.junit.jupiter.engine.descriptor.TestMethodTestDescriptor.invokeTestMethod(TestMethodTestDescriptor.java:215)
	at org.junit.jupiter.engine.descriptor.TestMethodTestDescriptor.execute(TestMethodTestDescriptor.java:157)
	at org.junit.jupiter.engine.descriptor.TestMethodTestDescriptor.execute(TestMethodTestDescriptor.java:70)
	at org.junit.platform.engine.support.hierarchical.NodeTestTask.lambda$executeRecursively$2(NodeTestTask.java:176)
	at org.junit.platform.engine.support.hierarchical.ThrowableCollector.execute(ThrowableCollector.java:74)
	at org.junit.platform.engine.support.hierarchical.NodeTestTask.lambda$executeRecursively$1(NodeTestTask.java:166)
	at org.junit.platform.engine.support.hierarchical.Node.around(Node.java:138)
	at org.junit.platform.engine.support.hierarchical.NodeTestTask.lambda$executeRecursively$0(NodeTestTask.java:164)
	at org.junit.platform.engine.support.hierarchical.ThrowableCollector.execute(ThrowableCollector.java:74)
	at org.junit.platform.engine.support.hierarchical.NodeTestTask.executeRecursively(NodeTestTask.java:163)
	at org.junit.platform.engine.support.hierarchical.NodeTestTask.execute(NodeTestTask.java:116)
	at org.junit.platform.engine.support.hierarchical.SameThreadHierarchicalTestExecutorService.submit(SameThreadHierarchicalTestExecutorService.java:36)
	at org.junit.platform.engine.support.hierarchical.NodeTestTask$DefaultDynamicTestExecutor.execute(NodeTestTask.java:268)
	at org.junit.platform.engine.support.hierarchical.NodeTestTask$DefaultDynamicTestExecutor.execute(NodeTestTask.java:246)
	at org.junit.jupiter.engine.descriptor.TemplateExecutor.execute(TemplateExecutor.java:96)
	at org.junit.jupiter.engine.descriptor.TemplateExecutor.lambda$executeForProvider$1(TemplateExecutor.java:59)
	at java.base/java.util.Optional.ifPresent(Optional.java:178)
	at org.junit.jupiter.engine.descriptor.TemplateExecutor.lambda$executeForProvider$0(TemplateExecutor.java:59)
	at java.base/java.util.stream.ForEachOps$ForEachOp$OfRef.accept(ForEachOps.java:184)
	at java.base/java.util.stream.ReferencePipeline$3$1.accept(ReferencePipeline.java:197)
	at java.base/java.util.stream.ForEachOps$ForEachOp$OfRef.accept(ForEachOps.java:184)
	at java.base/java.util.ArrayList$ArrayListSpliterator.forEachRemaining(ArrayList.java:1708)
	at java.base/java.util.stream.ReferencePipeline$Head.forEach(ReferencePipeline.java:762)
	at java.base/java.util.stream.ReferencePipeline$7$1.accept(ReferencePipeline.java:276)
	at java.base/java.util.ArrayList$ArrayListSpliterator.forEachRemaining(ArrayList.java:1708)
	at java.base/java.util.stream.AbstractPipeline.copyInto(AbstractPipeline.java:509)
	at java.base/java.util.stream.AbstractPipeline.wrapAndCopyInto(AbstractPipeline.java:499)
	at java.base/java.util.stream.ForEachOps$ForEachOp.evaluateSequential(ForEachOps.java:151)
	at java.base/java.util.stream.ForEachOps$ForEachOp$OfRef.evaluateSequential(ForEachOps.java:174)
	at java.base/java.util.stream.AbstractPipeline.evaluate(AbstractPipeline.java:234)
	at java.base/java.util.stream.ReferencePipeline.forEach(ReferencePipeline.java:596)
	at java.base/java.util.stream.ReferencePipeline$7$1.accept(ReferencePipeline.java:276)
	at java.base/java.util.stream.ReferencePipeline$3$1.accept(ReferencePipeline.java:197)
	at java.base/java.util.stream.ReferencePipeline$3$1.accept(ReferencePipeline.java:197)
	at java.base/java.util.stream.ReferencePipeline$3$1.accept(ReferencePipeline.java:197)
	at java.base/java.util.AbstractList$RandomAccessSpliterator.forEachRemaining(AbstractList.java:722)
	at java.base/java.util.stream.AbstractPipeline.copyInto(AbstractPipeline.java:509)
	at java.base/java.util.stream.AbstractPipeline.wrapAndCopyInto(AbstractPipeline.java:499)
	at java.base/java.util.stream.ForEachOps$ForEachOp.evaluateSequential(ForEachOps.java:151)
	at java.base/java.util.stream.ForEachOps$ForEachOp$OfRef.evaluateSequential(ForEachOps.java:174)
	at java.base/java.util.stream.AbstractPipeline.evaluate(AbstractPipeline.java:234)
	at java.base/java.util.stream.ReferencePipeline.forEach(ReferencePipeline.java:596)
	at org.junit.jupiter.engine.descriptor.TemplateExecutor.executeForProvider(TemplateExecutor.java:57)
	at org.junit.jupiter.engine.descriptor.TemplateExecutor.execute(TemplateExecutor.java:46)
	at org.junit.jupiter.engine.descriptor.TestTemplateTestDescriptor.execute(TestTemplateTestDescriptor.java:112)
	at org.junit.jupiter.engine.descriptor.TestTemplateTestDescriptor.execute(TestTemplateTestDescriptor.java:40)
	at org.junit.platform.engine.support.hierarchical.NodeTestTask.lambda$executeRecursively$2(NodeTestTask.java:176)
	at org.junit.platform.engine.support.hierarchical.ThrowableCollector.execute(ThrowableCollector.java:74)
	at org.junit.platform.engine.support.hierarchical.NodeTestTask.lambda$executeRecursively$1(NodeTestTask.java:166)
	at org.junit.platform.engine.support.hierarchical.Node.around(Node.java:138)
	at org.junit.platform.engine.support.hierarchical.NodeTestTask.lambda$executeRecursively$0(NodeTestTask.java:164)
	at org.junit.platform.engine.support.hierarchical.ThrowableCollector.execute(ThrowableCollector.java:74)
	at org.junit.platform.engine.support.hierarchical.NodeTestTask.executeRecursively(NodeTestTask.java:163)
	at org.junit.platform.engine.support.hierarchical.NodeTestTask.execute(NodeTestTask.java:116)
	at java.base/java.util.ArrayList.forEach(ArrayList.java:1596)
	at org.junit.platform.engine.support.hierarchical.SameThreadHierarchicalTestExecutorService.invokeAll(SameThreadHierarchicalTestExecutorService.java:42)
	at org.junit.platform.engine.support.hierarchical.NodeTestTask.lambda$executeRecursively$2(NodeTestTask.java:180)
	at org.junit.platform.engine.support.hierarchical.ThrowableCollector.execute(ThrowableCollector.java:74)
	at org.junit.platform.engine.support.hierarchical.NodeTestTask.lambda$executeRecursively$1(NodeTestTask.java:166)
	at org.junit.platform.engine.support.hierarchical.Node.around(Node.java:138)
	at org.junit.platform.engine.support.hierarchical.NodeTestTask.lambda$executeRecursively$0(NodeTestTask.java:164)
	at org.junit.platform.engine.support.hierarchical.ThrowableCollector.execute(ThrowableCollector.java:74)
	at org.junit.platform.engine.support.hierarchical.NodeTestTask.executeRecursively(NodeTestTask.java:163)
	at org.junit.platform.engine.support.hierarchical.NodeTestTask.execute(NodeTestTask.java:116)
	at java.base/java.util.ArrayList.forEach(ArrayList.java:1596)
	at org.junit.platform.engine.support.hierarchical.SameThreadHierarchicalTestExecutorService.invokeAll(SameThreadHierarchicalTestExecutorService.java:42)
	at org.junit.platform.engine.support.hierarchical.NodeTestTask.lambda$executeRecursively$2(NodeTestTask.java:180)
	at org.junit.platform.engine.support.hierarchical.ThrowableCollector.execute(ThrowableCollector.java:74)
	at org.junit.platform.engine.support.hierarchical.NodeTestTask.lambda$executeRecursively$1(NodeTestTask.java:166)
	at org.junit.platform.engine.support.hierarchical.Node.around(Node.java:138)
	at org.junit.platform.engine.support.hierarchical.NodeTestTask.lambda$executeRecursively$0(NodeTestTask.java:164)
	at org.junit.platform.engine.support.hierarchical.ThrowableCollector.execute(ThrowableCollector.java:74)
	at org.junit.platform.engine.support.hierarchical.NodeTestTask.executeRecursively(NodeTestTask.java:163)
	at org.junit.platform.engine.support.hierarchical.NodeTestTask.execute(NodeTestTask.java:116)
	at org.junit.platform.engine.support.hierarchical.SameThreadHierarchicalTestExecutorService.submit(SameThreadHierarchicalTestExecutorService.java:36)
	at org.junit.platform.engine.support.hierarchical.HierarchicalTestExecutor.execute(HierarchicalTestExecutor.java:52)
	at org.junit.platform.engine.support.hierarchical.HierarchicalTestEngine.execute(HierarchicalTestEngine.java:58)
	at org.junit.platform.launcher.core.EngineExecutionOrchestrator.executeEngine(EngineExecutionOrchestrator.java:246)
	at org.junit.platform.launcher.core.EngineExecutionOrchestrator.failOrExecuteEngine(EngineExecutionOrchestrator.java:218)
	at org.junit.platform.launcher.core.EngineExecutionOrchestrator.execute(EngineExecutionOrchestrator.java:179)
	at org.junit.platform.launcher.core.EngineExecutionOrchestrator.execute(EngineExecutionOrchestrator.java:108)
	at org.junit.platform.launcher.core.EngineExecutionOrchestrator.lambda$execute$0(EngineExecutionOrchestrator.java:66)
	at org.junit.platform.launcher.core.EngineExecutionOrchestrator.withInterceptedStreams(EngineExecutionOrchestrator.java:157)
	at org.junit.platform.launcher.core.EngineExecutionOrchestrator.execute(EngineExecutionOrchestrator.java:65)
	at org.junit.platform.launcher.core.DefaultLauncher.execute(DefaultLauncher.java:125)
	at org.junit.platform.launcher.core.DefaultLauncher.execute(DefaultLauncher.java:114)
	at org.junit.platform.launcher.core.DelegatingLauncher.execute(DelegatingLauncher.java:58)
	at org.junit.platform.launcher.core.InterceptingLauncher.lambda$execute$2(InterceptingLauncher.java:57)
	at org.junit.platform.launcher.core.ClasspathAlignmentCheckingLauncherInterceptor.intercept(ClasspathAlignmentCheckingLauncherInterceptor.java:25)
	at org.junit.platform.launcher.core.InterceptingLauncher.execute(InterceptingLauncher.java:56)
	at org.junit.platform.launcher.core.DelegatingLauncher.execute(DelegatingLauncher.java:58)
	at java.base/jdk.internal.reflect.DirectMethodHandleAccessor.invoke(DirectMethodHandleAccessor.java:103)
	at java.base/java.lang.reflect.Method.invoke(Method.java:580)
	at org.apache.maven.surefire.api.util.ReflectionUtils.invokeMethodWithArray(ReflectionUtils.java:125)
	at org.apache.maven.surefire.junitplatform.LauncherAdapter.executeWithCancellationToken(LauncherAdapter.java:68)
	at org.apache.maven.surefire.junitplatform.LauncherAdapter.execute(LauncherAdapter.java:54)
	at org.apache.maven.surefire.junitplatform.JUnitPlatformProvider.execute(JUnitPlatformProvider.java:203)
	at org.apache.maven.surefire.junitplatform.JUnitPlatformProvider.invokeAllTests(JUnitPlatformProvider.java:168)
	at org.apache.maven.surefire.junitplatform.JUnitPlatformProvider.invoke(JUnitPlatformProvider.java:134)
	at org.apache.maven.surefire.booter.ForkedBooter.runSuitesInProcess(ForkedBooter.java:385)
	at org.apache.maven.surefire.booter.ForkedBooter.execute(ForkedBooter.java:162)
	at org.apache.maven.surefire.booter.ForkedBooter.run(ForkedBooter.java:507)
	at org.apache.maven.surefire.booter.ForkedBooter.main(ForkedBooter.java:495)
Caused by: com.mysql.cj.exceptions.CJCommunicationsException: Communications link failure

The last packet successfully received from the server was 9 milliseconds ago. The last packet sent successfully to the server was 9 milliseconds ago.
	at java.base/jdk.internal.reflect.DirectConstructorHandleAccessor.newInstance(DirectConstructorHandleAccessor.java:62)
	at java.base/java.lang.reflect.Constructor.newInstanceWithCaller(Constructor.java:502)
	at java.base/java.lang.reflect.Constructor.newInstance(Constructor.java:486)
	at com.mysql.cj.exceptions.ExceptionFactory.createException(ExceptionFactory.java:52)
	at com.mysql.cj.exceptions.ExceptionFactory.createException(ExceptionFactory.java:95)
	at com.mysql.cj.exceptions.ExceptionFactory.createException(ExceptionFactory.java:140)
	at com.mysql.cj.exceptions.ExceptionFactory.createCommunicationsException(ExceptionFactory.java:156)
	at com.mysql.cj.protocol.a.NativeProtocol.readMessage(NativeProtocol.java:590)
	at com.mysql.cj.protocol.a.NativeProtocol.checkErrorMessage(NativeProtocol.java:767)
	at com.mysql.cj.protocol.a.NativeProtocol.sendCommand(NativeProtocol.java:706)
	at com.mysql.cj.protocol.a.NativeProtocol.sendQueryPacket(NativeProtocol.java:938)
	at com.mysql.cj.NativeSession.execSQL(NativeSession.java:817)
	at com.mysql.cj.jdbc.ConnectionImpl.commit(ConnectionImpl.java:794)
	... 145 common frames omitted
Caused by: java.io.EOFException: Can not read response from server. Expected to read 4 bytes, read 0 bytes before connection was unexpectedly lost.
	at com.mysql.cj.protocol.FullReadInputStream.readFully(FullReadInputStream.java:58)
	at com.mysql.cj.protocol.a.SimplePacketReader.readHeaderLocal(SimplePacketReader.java:72)
	at com.mysql.cj.protocol.a.SimplePacketReader.readHeader(SimplePacketReader.java:54)
	at com.mysql.cj.protocol.a.SimplePacketReader.readHeader(SimplePacketReader.java:36)
	at com.mysql.cj.protocol.a.TimeTrackingPacketReader.readHeader(TimeTrackingPacketReader.java:43)
	at com.mysql.cj.protocol.a.TimeTrackingPacketReader.readHeader(TimeTrackingPacketReader.java:32)
	at com.mysql.cj.protocol.a.MultiPacketReader.readHeader(MultiPacketReader.java:45)
	at com.mysql.cj.protocol.a.MultiPacketReader.readHeader(MultiPacketReader.java:35)
	at com.mysql.cj.protocol.a.NativeProtocol.readMessage(NativeProtocol.java:584)
	... 150 common frames omitted
10:47:11.056 [main] ERROR com.baomidou.dynamic.datasource.tx.ConnectionProxy -- Communications link failure

The last packet successfully received from the server was 9 milliseconds ago. The last packet sent successfully to the server was 9 milliseconds ago.
com.mysql.cj.jdbc.exceptions.CommunicationsException: Communications link failure

The last packet successfully received from the server was 9 milliseconds ago. The last packet sent successfully to the server was 9 milliseconds ago.
	at com.mysql.cj.jdbc.exceptions.SQLError.createCommunicationsException(SQLError.java:165)
	at com.mysql.cj.jdbc.exceptions.SQLExceptionsMapping.translateException(SQLExceptionsMapping.java:55)
	at com.mysql.cj.jdbc.ConnectionImpl.commit(ConnectionImpl.java:814)
	at com.zaxxer.hikari.pool.ProxyConnection.commit(ProxyConnection.java:378)
	at com.zaxxer.hikari.pool.HikariProxyConnection.commit(HikariProxyConnection.java)
	at java.base/jdk.internal.reflect.DirectMethodHandleAccessor.invoke(DirectMethodHandleAccessor.java:103)
	at java.base/java.lang.reflect.Method.invoke(Method.java:580)
	at org.namewta.test.notify.NotifyAtomicResultIntegrationTest$1.lambda$getConnection$0(NotifyAtomicResultIntegrationTest.java:118)
	at jdk.proxy2/jdk.proxy2.$Proxy131.commit(Unknown Source)
	at com.baomidou.dynamic.datasource.tx.ConnectionProxy.notify(ConnectionProxy.java:62)
	at com.baomidou.dynamic.datasource.tx.ConnectionFactory.notify(ConnectionFactory.java:153)
	at com.baomidou.dynamic.datasource.tx.LocalTxUtil.commit(LocalTxUtil.java:91)
	at com.baomidou.dynamic.datasource.tx.TransactionalTemplate.doExecute(TransactionalTemplate.java:126)
	at com.baomidou.dynamic.datasource.tx.TransactionalTemplate.execute(TransactionalTemplate.java:94)
	at com.baomidou.dynamic.datasource.aop.DynamicLocalTransactionInterceptor.invoke(DynamicLocalTransactionInterceptor.java:59)
	at org.springframework.aop.framework.ReflectiveMethodInvocation.proceed(ReflectiveMethodInvocation.java:179)
	at org.springframework.aop.framework.CglibAopProxy$DynamicAdvisedInterceptor.intercept(CglibAopProxy.java:719)
	at org.namewta.notify.usecase.ProviderCallbackUseCase$$SpringCGLIB$$5.confirm(<generated>)
	at org.namewta.test.notify.NotifyAtomicResultIntegrationTest.lambda$nativeReceiptCommitFailureCanRetrySameInternalIdentity$57(NotifyAtomicResultIntegrationTest.java:1156)
	at org.assertj.core.api.ThrowableAssert.catchThrowable(ThrowableAssert.java:66)
	at org.assertj.core.api.AssertionsForClassTypes.catchThrowable(AssertionsForClassTypes.java:908)
	at org.assertj.core.api.Assertions.catchThrowable(Assertions.java:1476)
	at org.assertj.core.api.Assertions.assertThatThrownBy(Assertions.java:1319)
	at org.namewta.test.notify.NotifyAtomicResultIntegrationTest.nativeReceiptCommitFailureCanRetrySameInternalIdentity(NotifyAtomicResultIntegrationTest.java:1156)
	at java.base/jdk.internal.reflect.DirectMethodHandleAccessor.invoke(DirectMethodHandleAccessor.java:103)
	at java.base/java.lang.reflect.Method.invoke(Method.java:580)
	at org.junit.platform.commons.util.ReflectionUtils.invokeMethod(ReflectionUtils.java:701)
	at org.junit.platform.commons.support.ReflectionSupport.invokeMethod(ReflectionSupport.java:502)
	at org.junit.jupiter.engine.support.MethodReflectionUtils.invoke(MethodReflectionUtils.java:45)
	at org.junit.jupiter.engine.execution.MethodInvocation.proceed(MethodInvocation.java:61)
	at org.junit.jupiter.engine.execution.InvocationInterceptorChain$ValidatingInvocation.proceed(InvocationInterceptorChain.java:124)
	at org.junit.jupiter.engine.extension.TimeoutExtension.intercept(TimeoutExtension.java:163)
	at org.junit.jupiter.engine.extension.TimeoutExtension.interceptTestableMethod(TimeoutExtension.java:148)
	at org.junit.jupiter.engine.extension.TimeoutExtension.interceptTestTemplateMethod(TimeoutExtension.java:94)
	at org.junit.jupiter.engine.execution.InterceptingExecutableInvoker$ReflectiveInterceptorCall.lambda$ofVoidMethod$0(InterceptingExecutableInvoker.java:123)
	at org.junit.jupiter.engine.execution.InterceptingExecutableInvoker.lambda$invoke$0(InterceptingExecutableInvoker.java:105)
	at org.junit.jupiter.engine.execution.InvocationInterceptorChain$InterceptedInvocation.proceed(InvocationInterceptorChain.java:99)
	at org.junit.jupiter.engine.execution.InvocationInterceptorChain.proceed(InvocationInterceptorChain.java:66)
	at org.junit.jupiter.engine.execution.InvocationInterceptorChain.chainAndInvoke(InvocationInterceptorChain.java:47)
	at org.junit.jupiter.engine.execution.InvocationInterceptorChain.invoke(InvocationInterceptorChain.java:39)
	at org.junit.jupiter.engine.execution.InterceptingExecutableInvoker.invoke(InterceptingExecutableInvoker.java:104)
	at org.junit.jupiter.engine.execution.InterceptingExecutableInvoker.invoke(InterceptingExecutableInvoker.java:98)
	at org.junit.jupiter.engine.execution.InterceptingExecutableInvoker.invokeVoid(InterceptingExecutableInvoker.java:71)
	at org.junit.jupiter.engine.descriptor.TestMethodTestDescriptor.lambda$invokeTestMethod$0(TestMethodTestDescriptor.java:219)
	at org.junit.platform.engine.support.hierarchical.ThrowableCollector.execute(ThrowableCollector.java:74)
	at org.junit.jupiter.engine.descriptor.TestMethodTestDescriptor.invokeTestMethod(TestMethodTestDescriptor.java:215)
	at org.junit.jupiter.engine.descriptor.TestMethodTestDescriptor.execute(TestMethodTestDescriptor.java:157)
	at org.junit.jupiter.engine.descriptor.TestMethodTestDescriptor.execute(TestMethodTestDescriptor.java:70)
	at org.junit.platform.engine.support.hierarchical.NodeTestTask.lambda$executeRecursively$2(NodeTestTask.java:176)
	at org.junit.platform.engine.support.hierarchical.ThrowableCollector.execute(ThrowableCollector.java:74)
	at org.junit.platform.engine.support.hierarchical.NodeTestTask.lambda$executeRecursively$1(NodeTestTask.java:166)
	at org.junit.platform.engine.support.hierarchical.Node.around(Node.java:138)
	at org.junit.platform.engine.support.hierarchical.NodeTestTask.lambda$executeRecursively$0(NodeTestTask.java:164)
	at org.junit.platform.engine.support.hierarchical.ThrowableCollector.execute(ThrowableCollector.java:74)
	at org.junit.platform.engine.support.hierarchical.NodeTestTask.executeRecursively(NodeTestTask.java:163)
	at org.junit.platform.engine.support.hierarchical.NodeTestTask.execute(NodeTestTask.java:116)
	at org.junit.platform.engine.support.hierarchical.SameThreadHierarchicalTestExecutorService.submit(SameThreadHierarchicalTestExecutorService.java:36)
	at org.junit.platform.engine.support.hierarchical.NodeTestTask$DefaultDynamicTestExecutor.execute(NodeTestTask.java:268)
	at org.junit.platform.engine.support.hierarchical.NodeTestTask$DefaultDynamicTestExecutor.execute(NodeTestTask.java:246)
	at org.junit.jupiter.engine.descriptor.TemplateExecutor.execute(TemplateExecutor.java:96)
	at org.junit.jupiter.engine.descriptor.TemplateExecutor.lambda$executeForProvider$1(TemplateExecutor.java:59)
	at java.base/java.util.Optional.ifPresent(Optional.java:178)
	at org.junit.jupiter.engine.descriptor.TemplateExecutor.lambda$executeForProvider$0(TemplateExecutor.java:59)
	at java.base/java.util.stream.ForEachOps$ForEachOp$OfRef.accept(ForEachOps.java:184)
	at java.base/java.util.stream.ReferencePipeline$3$1.accept(ReferencePipeline.java:197)
	at java.base/java.util.stream.ForEachOps$ForEachOp$OfRef.accept(ForEachOps.java:184)
	at java.base/java.util.ArrayList$ArrayListSpliterator.forEachRemaining(ArrayList.java:1708)
	at java.base/java.util.stream.ReferencePipeline$Head.forEach(ReferencePipeline.java:762)
	at java.base/java.util.stream.ReferencePipeline$7$1.accept(ReferencePipeline.java:276)
	at java.base/java.util.ArrayList$ArrayListSpliterator.forEachRemaining(ArrayList.java:1708)
	at java.base/java.util.stream.AbstractPipeline.copyInto(AbstractPipeline.java:509)
	at java.base/java.util.stream.AbstractPipeline.wrapAndCopyInto(AbstractPipeline.java:499)
	at java.base/java.util.stream.ForEachOps$ForEachOp.evaluateSequential(ForEachOps.java:151)
	at java.base/java.util.stream.ForEachOps$ForEachOp$OfRef.evaluateSequential(ForEachOps.java:174)
	at java.base/java.util.stream.AbstractPipeline.evaluate(AbstractPipeline.java:234)
	at java.base/java.util.stream.ReferencePipeline.forEach(ReferencePipeline.java:596)
	at java.base/java.util.stream.ReferencePipeline$7$1.accept(ReferencePipeline.java:276)
	at java.base/java.util.stream.ReferencePipeline$3$1.accept(ReferencePipeline.java:197)
	at java.base/java.util.stream.ReferencePipeline$3$1.accept(ReferencePipeline.java:197)
	at java.base/java.util.stream.ReferencePipeline$3$1.accept(ReferencePipeline.java:197)
	at java.base/java.util.AbstractList$RandomAccessSpliterator.forEachRemaining(AbstractList.java:722)
	at java.base/java.util.stream.AbstractPipeline.copyInto(AbstractPipeline.java:509)
	at java.base/java.util.stream.AbstractPipeline.wrapAndCopyInto(AbstractPipeline.java:499)
	at java.base/java.util.stream.ForEachOps$ForEachOp.evaluateSequential(ForEachOps.java:151)
	at java.base/java.util.stream.ForEachOps$ForEachOp$OfRef.evaluateSequential(ForEachOps.java:174)
	at java.base/java.util.stream.AbstractPipeline.evaluate(AbstractPipeline.java:234)
	at java.base/java.util.stream.ReferencePipeline.forEach(ReferencePipeline.java:596)
	at org.junit.jupiter.engine.descriptor.TemplateExecutor.executeForProvider(TemplateExecutor.java:57)
	at org.junit.jupiter.engine.descriptor.TemplateExecutor.execute(TemplateExecutor.java:46)
	at org.junit.jupiter.engine.descriptor.TestTemplateTestDescriptor.execute(TestTemplateTestDescriptor.java:112)
	at org.junit.jupiter.engine.descriptor.TestTemplateTestDescriptor.execute(TestTemplateTestDescriptor.java:40)
	at org.junit.platform.engine.support.hierarchical.NodeTestTask.lambda$executeRecursively$2(NodeTestTask.java:176)
	at org.junit.platform.engine.support.hierarchical.ThrowableCollector.execute(ThrowableCollector.java:74)
	at org.junit.platform.engine.support.hierarchical.NodeTestTask.lambda$executeRecursively$1(NodeTestTask.java:166)
	at org.junit.platform.engine.support.hierarchical.Node.around(Node.java:138)
	at org.junit.platform.engine.support.hierarchical.NodeTestTask.lambda$executeRecursively$0(NodeTestTask.java:164)
	at org.junit.platform.engine.support.hierarchical.ThrowableCollector.execute(ThrowableCollector.java:74)
	at org.junit.platform.engine.support.hierarchical.NodeTestTask.executeRecursively(NodeTestTask.java:163)
	at org.junit.platform.engine.support.hierarchical.NodeTestTask.execute(NodeTestTask.java:116)
	at java.base/java.util.ArrayList.forEach(ArrayList.java:1596)
	at org.junit.platform.engine.support.hierarchical.SameThreadHierarchicalTestExecutorService.invokeAll(SameThreadHierarchicalTestExecutorService.java:42)
	at org.junit.platform.engine.support.hierarchical.NodeTestTask.lambda$executeRecursively$2(NodeTestTask.java:180)
	at org.junit.platform.engine.support.hierarchical.ThrowableCollector.execute(ThrowableCollector.java:74)
	at org.junit.platform.engine.support.hierarchical.NodeTestTask.lambda$executeRecursively$1(NodeTestTask.java:166)
	at org.junit.platform.engine.support.hierarchical.Node.around(Node.java:138)
	at org.junit.platform.engine.support.hierarchical.NodeTestTask.lambda$executeRecursively$0(NodeTestTask.java:164)
	at org.junit.platform.engine.support.hierarchical.ThrowableCollector.execute(ThrowableCollector.java:74)
	at org.junit.platform.engine.support.hierarchical.NodeTestTask.executeRecursively(NodeTestTask.java:163)
	at org.junit.platform.engine.support.hierarchical.NodeTestTask.execute(NodeTestTask.java:116)
	at java.base/java.util.ArrayList.forEach(ArrayList.java:1596)
	at org.junit.platform.engine.support.hierarchical.SameThreadHierarchicalTestExecutorService.invokeAll(SameThreadHierarchicalTestExecutorService.java:42)
	at org.junit.platform.engine.support.hierarchical.NodeTestTask.lambda$executeRecursively$2(NodeTestTask.java:180)
	at org.junit.platform.engine.support.hierarchical.ThrowableCollector.execute(ThrowableCollector.java:74)
	at org.junit.platform.engine.support.hierarchical.NodeTestTask.lambda$executeRecursively$1(NodeTestTask.java:166)
	at org.junit.platform.engine.support.hierarchical.Node.around(Node.java:138)
	at org.junit.platform.engine.support.hierarchical.NodeTestTask.lambda$executeRecursively$0(NodeTestTask.java:164)
	at org.junit.platform.engine.support.hierarchical.ThrowableCollector.execute(ThrowableCollector.java:74)
	at org.junit.platform.engine.support.hierarchical.NodeTestTask.executeRecursively(NodeTestTask.java:163)
	at org.junit.platform.engine.support.hierarchical.NodeTestTask.execute(NodeTestTask.java:116)
	at org.junit.platform.engine.support.hierarchical.SameThreadHierarchicalTestExecutorService.submit(SameThreadHierarchicalTestExecutorService.java:36)
	at org.junit.platform.engine.support.hierarchical.HierarchicalTestExecutor.execute(HierarchicalTestExecutor.java:52)
	at org.junit.platform.engine.support.hierarchical.HierarchicalTestEngine.execute(HierarchicalTestEngine.java:58)
	at org.junit.platform.launcher.core.EngineExecutionOrchestrator.executeEngine(EngineExecutionOrchestrator.java:246)
	at org.junit.platform.launcher.core.EngineExecutionOrchestrator.failOrExecuteEngine(EngineExecutionOrchestrator.java:218)
	at org.junit.platform.launcher.core.EngineExecutionOrchestrator.execute(EngineExecutionOrchestrator.java:179)
	at org.junit.platform.launcher.core.EngineExecutionOrchestrator.execute(EngineExecutionOrchestrator.java:108)
	at org.junit.platform.launcher.core.EngineExecutionOrchestrator.lambda$execute$0(EngineExecutionOrchestrator.java:66)
	at org.junit.platform.launcher.core.EngineExecutionOrchestrator.withInterceptedStreams(EngineExecutionOrchestrator.java:157)
	at org.junit.platform.launcher.core.EngineExecutionOrchestrator.execute(EngineExecutionOrchestrator.java:65)
	at org.junit.platform.launcher.core.DefaultLauncher.execute(DefaultLauncher.java:125)
	at org.junit.platform.launcher.core.DefaultLauncher.execute(DefaultLauncher.java:114)
	at org.junit.platform.launcher.core.DelegatingLauncher.execute(DelegatingLauncher.java:58)
	at org.junit.platform.launcher.core.InterceptingLauncher.lambda$execute$2(InterceptingLauncher.java:57)
	at org.junit.platform.launcher.core.ClasspathAlignmentCheckingLauncherInterceptor.intercept(ClasspathAlignmentCheckingLauncherInterceptor.java:25)
	at org.junit.platform.launcher.core.InterceptingLauncher.execute(InterceptingLauncher.java:56)
	at org.junit.platform.launcher.core.DelegatingLauncher.execute(DelegatingLauncher.java:58)
	at java.base/jdk.internal.reflect.DirectMethodHandleAccessor.invoke(DirectMethodHandleAccessor.java:103)
	at java.base/java.lang.reflect.Method.invoke(Method.java:580)
	at org.apache.maven.surefire.api.util.ReflectionUtils.invokeMethodWithArray(ReflectionUtils.java:125)
	at org.apache.maven.surefire.junitplatform.LauncherAdapter.executeWithCancellationToken(LauncherAdapter.java:68)
	at org.apache.maven.surefire.junitplatform.LauncherAdapter.execute(LauncherAdapter.java:54)
	at org.apache.maven.surefire.junitplatform.JUnitPlatformProvider.execute(JUnitPlatformProvider.java:203)
	at org.apache.maven.surefire.junitplatform.JUnitPlatformProvider.invokeAllTests(JUnitPlatformProvider.java:168)
	at org.apache.maven.surefire.junitplatform.JUnitPlatformProvider.invoke(JUnitPlatformProvider.java:134)
	at org.apache.maven.surefire.booter.ForkedBooter.runSuitesInProcess(ForkedBooter.java:385)
	at org.apache.maven.surefire.booter.ForkedBooter.execute(ForkedBooter.java:162)
	at org.apache.maven.surefire.booter.ForkedBooter.run(ForkedBooter.java:507)
	at org.apache.maven.surefire.booter.ForkedBooter.main(ForkedBooter.java:495)
Caused by: com.mysql.cj.exceptions.CJCommunicationsException: Communications link failure

The last packet successfully received from the server was 9 milliseconds ago. The last packet sent successfully to the server was 9 milliseconds ago.
	at java.base/jdk.internal.reflect.DirectConstructorHandleAccessor.newInstance(DirectConstructorHandleAccessor.java:62)
	at java.base/java.lang.reflect.Constructor.newInstanceWithCaller(Constructor.java:502)
	at java.base/java.lang.reflect.Constructor.newInstance(Constructor.java:486)
	at com.mysql.cj.exceptions.ExceptionFactory.createException(ExceptionFactory.java:52)
	at com.mysql.cj.exceptions.ExceptionFactory.createException(ExceptionFactory.java:95)
	at com.mysql.cj.exceptions.ExceptionFactory.createException(ExceptionFactory.java:140)
	at com.mysql.cj.exceptions.ExceptionFactory.createCommunicationsException(ExceptionFactory.java:156)
	at com.mysql.cj.protocol.a.NativeProtocol.readMessage(NativeProtocol.java:590)
	at com.mysql.cj.protocol.a.NativeProtocol.checkErrorMessage(NativeProtocol.java:767)
	at com.mysql.cj.protocol.a.NativeProtocol.sendCommand(NativeProtocol.java:706)
	at com.mysql.cj.protocol.a.NativeProtocol.sendQueryPacket(NativeProtocol.java:938)
	at com.mysql.cj.NativeSession.execSQL(NativeSession.java:817)
	at com.mysql.cj.jdbc.ConnectionImpl.commit(ConnectionImpl.java:794)
	... 145 common frames omitted
Caused by: java.io.EOFException: Can not read response from server. Expected to read 4 bytes, read 0 bytes before connection was unexpectedly lost.
	at com.mysql.cj.protocol.FullReadInputStream.readFully(FullReadInputStream.java:58)
	at com.mysql.cj.protocol.a.SimplePacketReader.readHeaderLocal(SimplePacketReader.java:72)
	at com.mysql.cj.protocol.a.SimplePacketReader.readHeader(SimplePacketReader.java:54)
	at com.mysql.cj.protocol.a.SimplePacketReader.readHeader(SimplePacketReader.java:36)
	at com.mysql.cj.protocol.a.TimeTrackingPacketReader.readHeader(TimeTrackingPacketReader.java:43)
	at com.mysql.cj.protocol.a.TimeTrackingPacketReader.readHeader(TimeTrackingPacketReader.java:32)
	at com.mysql.cj.protocol.a.MultiPacketReader.readHeader(MultiPacketReader.java:45)
	at com.mysql.cj.protocol.a.MultiPacketReader.readHeader(MultiPacketReader.java:35)
	at com.mysql.cj.protocol.a.NativeProtocol.readMessage(NativeProtocol.java:584)
	... 150 common frames omitted
10:47:11.111 [main] INFO com.baomidou.dynamic.datasource.DynamicRoutingDataSource -- dynamic-datasource start closing ....
10:47:11.111 [main] INFO com.baomidou.dynamic.datasource.DynamicRoutingDataSource -- dynamic-datasource all closed success,bye
10:47:11.111 [main] INFO com.zaxxer.hikari.HikariDataSource -- HikariPool-5 - Shutdown initiated...
10:47:11.144 [main] INFO com.zaxxer.hikari.HikariDataSource -- HikariPool-5 - Shutdown completed.
10:47:11.148 [main] INFO com.baomidou.dynamic.datasource.DynamicRoutingDataSource -- dynamic-datasource - add a datasource named [master] success
10:47:11.305 [main] INFO org.redisson.Version -- Redisson 4.6.1
10:47:11.313 [redisson-netty-17-1] INFO org.redisson.connection.ConnectionsHolder -- 1 connections initialized for 127.0.0.1/127.0.0.1:32831
10:47:11.313 [redisson-netty-17-2] INFO org.redisson.connection.ConnectionsHolder -- 1 connections initialized for 127.0.0.1/127.0.0.1:32831
10:47:11.337 [main] INFO com.zaxxer.hikari.HikariDataSource -- HikariPool-6 - Starting...
10:47:11.346 [main] INFO com.zaxxer.hikari.pool.HikariPool -- HikariPool-6 - Added connection com.mysql.cj.jdbc.ConnectionImpl@247877f3
10:47:11.347 [main] INFO com.zaxxer.hikari.HikariDataSource -- HikariPool-6 - Start completed.
10:47:11.392 [main] ERROR com.baomidou.dynamic.datasource.tx.ConnectionProxy -- owned lost commit acknowledgement
java.sql.SQLRecoverableException: owned lost commit acknowledgement
	at org.namewta.test.notify.NotifyAtomicResultIntegrationTest$1.lambda$getConnection$0(NotifyAtomicResultIntegrationTest.java:115)
	at jdk.proxy2/jdk.proxy2.$Proxy131.commit(Unknown Source)
	at com.baomidou.dynamic.datasource.tx.ConnectionProxy.notify(ConnectionProxy.java:62)
	at com.baomidou.dynamic.datasource.tx.ConnectionFactory.notify(ConnectionFactory.java:153)
	at com.baomidou.dynamic.datasource.tx.LocalTxUtil.commit(LocalTxUtil.java:91)
	at com.baomidou.dynamic.datasource.tx.TransactionalTemplate.doExecute(TransactionalTemplate.java:126)
	at com.baomidou.dynamic.datasource.tx.TransactionalTemplate.execute(TransactionalTemplate.java:94)
	at com.baomidou.dynamic.datasource.aop.DynamicLocalTransactionInterceptor.invoke(DynamicLocalTransactionInterceptor.java:59)
	at org.springframework.aop.framework.ReflectiveMethodInvocation.proceed(ReflectiveMethodInvocation.java:179)
	at org.springframework.aop.framework.CglibAopProxy$DynamicAdvisedInterceptor.intercept(CglibAopProxy.java:719)
	at org.namewta.notify.usecase.ProviderCallbackUseCase$$SpringCGLIB$$6.confirm(<generated>)
	at org.namewta.test.notify.NotifyAtomicResultIntegrationTest.lambda$nativeReceiptCommitFailureCanRetrySameInternalIdentity$57(NotifyAtomicResultIntegrationTest.java:1156)
	at org.assertj.core.api.ThrowableAssert.catchThrowable(ThrowableAssert.java:66)
	at org.assertj.core.api.AssertionsForClassTypes.catchThrowable(AssertionsForClassTypes.java:908)
	at org.assertj.core.api.Assertions.catchThrowable(Assertions.java:1476)
	at org.assertj.core.api.Assertions.assertThatThrownBy(Assertions.java:1319)
	at org.namewta.test.notify.NotifyAtomicResultIntegrationTest.nativeReceiptCommitFailureCanRetrySameInternalIdentity(NotifyAtomicResultIntegrationTest.java:1156)
	at java.base/jdk.internal.reflect.DirectMethodHandleAccessor.invoke(DirectMethodHandleAccessor.java:103)
	at java.base/java.lang.reflect.Method.invoke(Method.java:580)
	at org.junit.platform.commons.util.ReflectionUtils.invokeMethod(ReflectionUtils.java:701)
	at org.junit.platform.commons.support.ReflectionSupport.invokeMethod(ReflectionSupport.java:502)
	at org.junit.jupiter.engine.support.MethodReflectionUtils.invoke(MethodReflectionUtils.java:45)
	at org.junit.jupiter.engine.execution.MethodInvocation.proceed(MethodInvocation.java:61)
	at org.junit.jupiter.engine.execution.InvocationInterceptorChain$ValidatingInvocation.proceed(InvocationInterceptorChain.java:124)
	at org.junit.jupiter.engine.extension.TimeoutExtension.intercept(TimeoutExtension.java:163)
	at org.junit.jupiter.engine.extension.TimeoutExtension.interceptTestableMethod(TimeoutExtension.java:148)
	at org.junit.jupiter.engine.extension.TimeoutExtension.interceptTestTemplateMethod(TimeoutExtension.java:94)
	at org.junit.jupiter.engine.execution.InterceptingExecutableInvoker$ReflectiveInterceptorCall.lambda$ofVoidMethod$0(InterceptingExecutableInvoker.java:123)
	at org.junit.jupiter.engine.execution.InterceptingExecutableInvoker.lambda$invoke$0(InterceptingExecutableInvoker.java:105)
	at org.junit.jupiter.engine.execution.InvocationInterceptorChain$InterceptedInvocation.proceed(InvocationInterceptorChain.java:99)
	at org.junit.jupiter.engine.execution.InvocationInterceptorChain.proceed(InvocationInterceptorChain.java:66)
	at org.junit.jupiter.engine.execution.InvocationInterceptorChain.chainAndInvoke(InvocationInterceptorChain.java:47)
	at org.junit.jupiter.engine.execution.InvocationInterceptorChain.invoke(InvocationInterceptorChain.java:39)
	at org.junit.jupiter.engine.execution.InterceptingExecutableInvoker.invoke(InterceptingExecutableInvoker.java:104)
	at org.junit.jupiter.engine.execution.InterceptingExecutableInvoker.invoke(InterceptingExecutableInvoker.java:98)
	at org.junit.jupiter.engine.execution.InterceptingExecutableInvoker.invokeVoid(InterceptingExecutableInvoker.java:71)
	at org.junit.jupiter.engine.descriptor.TestMethodTestDescriptor.lambda$invokeTestMethod$0(TestMethodTestDescriptor.java:219)
	at org.junit.platform.engine.support.hierarchical.ThrowableCollector.execute(ThrowableCollector.java:74)
	at org.junit.jupiter.engine.descriptor.TestMethodTestDescriptor.invokeTestMethod(TestMethodTestDescriptor.java:215)
	at org.junit.jupiter.engine.descriptor.TestMethodTestDescriptor.execute(TestMethodTestDescriptor.java:157)
	at org.junit.jupiter.engine.descriptor.TestMethodTestDescriptor.execute(TestMethodTestDescriptor.java:70)
	at org.junit.platform.engine.support.hierarchical.NodeTestTask.lambda$executeRecursively$2(NodeTestTask.java:176)
	at org.junit.platform.engine.support.hierarchical.ThrowableCollector.execute(ThrowableCollector.java:74)
	at org.junit.platform.engine.support.hierarchical.NodeTestTask.lambda$executeRecursively$1(NodeTestTask.java:166)
	at org.junit.platform.engine.support.hierarchical.Node.around(Node.java:138)
	at org.junit.platform.engine.support.hierarchical.NodeTestTask.lambda$executeRecursively$0(NodeTestTask.java:164)
	at org.junit.platform.engine.support.hierarchical.ThrowableCollector.execute(ThrowableCollector.java:74)
	at org.junit.platform.engine.support.hierarchical.NodeTestTask.executeRecursively(NodeTestTask.java:163)
	at org.junit.platform.engine.support.hierarchical.NodeTestTask.execute(NodeTestTask.java:116)
	at org.junit.platform.engine.support.hierarchical.SameThreadHierarchicalTestExecutorService.submit(SameThreadHierarchicalTestExecutorService.java:36)
	at org.junit.platform.engine.support.hierarchical.NodeTestTask$DefaultDynamicTestExecutor.execute(NodeTestTask.java:268)
	at org.junit.platform.engine.support.hierarchical.NodeTestTask$DefaultDynamicTestExecutor.execute(NodeTestTask.java:246)
	at org.junit.jupiter.engine.descriptor.TemplateExecutor.execute(TemplateExecutor.java:96)
	at org.junit.jupiter.engine.descriptor.TemplateExecutor.lambda$executeForProvider$1(TemplateExecutor.java:59)
	at java.base/java.util.Optional.ifPresent(Optional.java:178)
	at org.junit.jupiter.engine.descriptor.TemplateExecutor.lambda$executeForProvider$0(TemplateExecutor.java:59)
	at java.base/java.util.stream.ForEachOps$ForEachOp$OfRef.accept(ForEachOps.java:184)
	at java.base/java.util.stream.ReferencePipeline$3$1.accept(ReferencePipeline.java:197)
	at java.base/java.util.stream.ForEachOps$ForEachOp$OfRef.accept(ForEachOps.java:184)
	at java.base/java.util.ArrayList$ArrayListSpliterator.forEachRemaining(ArrayList.java:1708)
	at java.base/java.util.stream.ReferencePipeline$Head.forEach(ReferencePipeline.java:762)
	at java.base/java.util.stream.ReferencePipeline$7$1.accept(ReferencePipeline.java:276)
	at java.base/java.util.ArrayList$ArrayListSpliterator.forEachRemaining(ArrayList.java:1708)
	at java.base/java.util.stream.AbstractPipeline.copyInto(AbstractPipeline.java:509)
	at java.base/java.util.stream.AbstractPipeline.wrapAndCopyInto(AbstractPipeline.java:499)
	at java.base/java.util.stream.ForEachOps$ForEachOp.evaluateSequential(ForEachOps.java:151)
	at java.base/java.util.stream.ForEachOps$ForEachOp$OfRef.evaluateSequential(ForEachOps.java:174)
	at java.base/java.util.stream.AbstractPipeline.evaluate(AbstractPipeline.java:234)
	at java.base/java.util.stream.ReferencePipeline.forEach(ReferencePipeline.java:596)
	at java.base/java.util.stream.ReferencePipeline$7$1.accept(ReferencePipeline.java:276)
	at java.base/java.util.stream.ReferencePipeline$3$1.accept(ReferencePipeline.java:197)
	at java.base/java.util.stream.ReferencePipeline$3$1.accept(ReferencePipeline.java:197)
	at java.base/java.util.stream.ReferencePipeline$3$1.accept(ReferencePipeline.java:197)
	at java.base/java.util.AbstractList$RandomAccessSpliterator.forEachRemaining(AbstractList.java:722)
	at java.base/java.util.stream.AbstractPipeline.copyInto(AbstractPipeline.java:509)
	at java.base/java.util.stream.AbstractPipeline.wrapAndCopyInto(AbstractPipeline.java:499)
	at java.base/java.util.stream.ForEachOps$ForEachOp.evaluateSequential(ForEachOps.java:151)
	at java.base/java.util.stream.ForEachOps$ForEachOp$OfRef.evaluateSequential(ForEachOps.java:174)
	at java.base/java.util.stream.AbstractPipeline.evaluate(AbstractPipeline.java:234)
	at java.base/java.util.stream.ReferencePipeline.forEach(ReferencePipeline.java:596)
	at org.junit.jupiter.engine.descriptor.TemplateExecutor.executeForProvider(TemplateExecutor.java:57)
	at org.junit.jupiter.engine.descriptor.TemplateExecutor.execute(TemplateExecutor.java:46)
	at org.junit.jupiter.engine.descriptor.TestTemplateTestDescriptor.execute(TestTemplateTestDescriptor.java:112)
	at org.junit.jupiter.engine.descriptor.TestTemplateTestDescriptor.execute(TestTemplateTestDescriptor.java:40)
	at org.junit.platform.engine.support.hierarchical.NodeTestTask.lambda$executeRecursively$2(NodeTestTask.java:176)
	at org.junit.platform.engine.support.hierarchical.ThrowableCollector.execute(ThrowableCollector.java:74)
	at org.junit.platform.engine.support.hierarchical.NodeTestTask.lambda$executeRecursively$1(NodeTestTask.java:166)
	at org.junit.platform.engine.support.hierarchical.Node.around(Node.java:138)
	at org.junit.platform.engine.support.hierarchical.NodeTestTask.lambda$executeRecursively$0(NodeTestTask.java:164)
	at org.junit.platform.engine.support.hierarchical.ThrowableCollector.execute(ThrowableCollector.java:74)
	at org.junit.platform.engine.support.hierarchical.NodeTestTask.executeRecursively(NodeTestTask.java:163)
	at org.junit.platform.engine.support.hierarchical.NodeTestTask.execute(NodeTestTask.java:116)
	at java.base/java.util.ArrayList.forEach(ArrayList.java:1596)
	at org.junit.platform.engine.support.hierarchical.SameThreadHierarchicalTestExecutorService.invokeAll(SameThreadHierarchicalTestExecutorService.java:42)
	at org.junit.platform.engine.support.hierarchical.NodeTestTask.lambda$executeRecursively$2(NodeTestTask.java:180)
	at org.junit.platform.engine.support.hierarchical.ThrowableCollector.execute(ThrowableCollector.java:74)
	at org.junit.platform.engine.support.hierarchical.NodeTestTask.lambda$executeRecursively$1(NodeTestTask.java:166)
	at org.junit.platform.engine.support.hierarchical.Node.around(Node.java:138)
	at org.junit.platform.engine.support.hierarchical.NodeTestTask.lambda$executeRecursively$0(NodeTestTask.java:164)
	at org.junit.platform.engine.support.hierarchical.ThrowableCollector.execute(ThrowableCollector.java:74)
	at org.junit.platform.engine.support.hierarchical.NodeTestTask.executeRecursively(NodeTestTask.java:163)
	at org.junit.platform.engine.support.hierarchical.NodeTestTask.execute(NodeTestTask.java:116)
	at java.base/java.util.ArrayList.forEach(ArrayList.java:1596)
	at org.junit.platform.engine.support.hierarchical.SameThreadHierarchicalTestExecutorService.invokeAll(SameThreadHierarchicalTestExecutorService.java:42)
	at org.junit.platform.engine.support.hierarchical.NodeTestTask.lambda$executeRecursively$2(NodeTestTask.java:180)
	at org.junit.platform.engine.support.hierarchical.ThrowableCollector.execute(ThrowableCollector.java:74)
	at org.junit.platform.engine.support.hierarchical.NodeTestTask.lambda$executeRecursively$1(NodeTestTask.java:166)
	at org.junit.platform.engine.support.hierarchical.Node.around(Node.java:138)
	at org.junit.platform.engine.support.hierarchical.NodeTestTask.lambda$executeRecursively$0(NodeTestTask.java:164)
	at org.junit.platform.engine.support.hierarchical.ThrowableCollector.execute(ThrowableCollector.java:74)
	at org.junit.platform.engine.support.hierarchical.NodeTestTask.executeRecursively(NodeTestTask.java:163)
	at org.junit.platform.engine.support.hierarchical.NodeTestTask.execute(NodeTestTask.java:116)
	at org.junit.platform.engine.support.hierarchical.SameThreadHierarchicalTestExecutorService.submit(SameThreadHierarchicalTestExecutorService.java:36)
	at org.junit.platform.engine.support.hierarchical.HierarchicalTestExecutor.execute(HierarchicalTestExecutor.java:52)
	at org.junit.platform.engine.support.hierarchical.HierarchicalTestEngine.execute(HierarchicalTestEngine.java:58)
	at org.junit.platform.launcher.core.EngineExecutionOrchestrator.executeEngine(EngineExecutionOrchestrator.java:246)
	at org.junit.platform.launcher.core.EngineExecutionOrchestrator.failOrExecuteEngine(EngineExecutionOrchestrator.java:218)
	at org.junit.platform.launcher.core.EngineExecutionOrchestrator.execute(EngineExecutionOrchestrator.java:179)
	at org.junit.platform.launcher.core.EngineExecutionOrchestrator.execute(EngineExecutionOrchestrator.java:108)
	at org.junit.platform.launcher.core.EngineExecutionOrchestrator.lambda$execute$0(EngineExecutionOrchestrator.java:66)
	at org.junit.platform.launcher.core.EngineExecutionOrchestrator.withInterceptedStreams(EngineExecutionOrchestrator.java:157)
	at org.junit.platform.launcher.core.EngineExecutionOrchestrator.execute(EngineExecutionOrchestrator.java:65)
	at org.junit.platform.launcher.core.DefaultLauncher.execute(DefaultLauncher.java:125)
	at org.junit.platform.launcher.core.DefaultLauncher.execute(DefaultLauncher.java:114)
	at org.junit.platform.launcher.core.DelegatingLauncher.execute(DelegatingLauncher.java:58)
	at org.junit.platform.launcher.core.InterceptingLauncher.lambda$execute$2(InterceptingLauncher.java:57)
	at org.junit.platform.launcher.core.ClasspathAlignmentCheckingLauncherInterceptor.intercept(ClasspathAlignmentCheckingLauncherInterceptor.java:25)
	at org.junit.platform.launcher.core.InterceptingLauncher.execute(InterceptingLauncher.java:56)
	at org.junit.platform.launcher.core.DelegatingLauncher.execute(DelegatingLauncher.java:58)
	at java.base/jdk.internal.reflect.DirectMethodHandleAccessor.invoke(DirectMethodHandleAccessor.java:103)
	at java.base/java.lang.reflect.Method.invoke(Method.java:580)
	at org.apache.maven.surefire.api.util.ReflectionUtils.invokeMethodWithArray(ReflectionUtils.java:125)
	at org.apache.maven.surefire.junitplatform.LauncherAdapter.executeWithCancellationToken(LauncherAdapter.java:68)
	at org.apache.maven.surefire.junitplatform.LauncherAdapter.execute(LauncherAdapter.java:54)
	at org.apache.maven.surefire.junitplatform.JUnitPlatformProvider.execute(JUnitPlatformProvider.java:203)
	at org.apache.maven.surefire.junitplatform.JUnitPlatformProvider.invokeAllTests(JUnitPlatformProvider.java:168)
	at org.apache.maven.surefire.junitplatform.JUnitPlatformProvider.invoke(JUnitPlatformProvider.java:134)
	at org.apache.maven.surefire.booter.ForkedBooter.runSuitesInProcess(ForkedBooter.java:385)
	at org.apache.maven.surefire.booter.ForkedBooter.execute(ForkedBooter.java:162)
	at org.apache.maven.surefire.booter.ForkedBooter.run(ForkedBooter.java:507)
	at org.apache.maven.surefire.booter.ForkedBooter.main(ForkedBooter.java:495)
10:47:11.430 [main] INFO com.baomidou.dynamic.datasource.DynamicRoutingDataSource -- dynamic-datasource start closing ....
10:47:11.430 [main] INFO com.baomidou.dynamic.datasource.DynamicRoutingDataSource -- dynamic-datasource all closed success,bye
10:47:11.431 [main] INFO com.zaxxer.hikari.HikariDataSource -- HikariPool-6 - Shutdown initiated...
10:47:11.432 [main] INFO com.zaxxer.hikari.HikariDataSource -- HikariPool-6 - Shutdown completed.
10:47:11.436 [main] INFO com.baomidou.dynamic.datasource.DynamicRoutingDataSource -- dynamic-datasource - add a datasource named [master] success
10:47:11.642 [main] INFO org.redisson.Version -- Redisson 4.6.1
10:47:11.649 [redisson-netty-20-1] INFO org.redisson.connection.ConnectionsHolder -- 1 connections initialized for 127.0.0.1/127.0.0.1:32831
10:47:11.649 [redisson-netty-20-2] INFO org.redisson.connection.ConnectionsHolder -- 1 connections initialized for 127.0.0.1/127.0.0.1:32831
10:47:11.678 [main] INFO com.zaxxer.hikari.HikariDataSource -- HikariPool-7 - Starting...
10:47:11.684 [main] INFO com.zaxxer.hikari.pool.HikariPool -- HikariPool-7 - Added connection com.mysql.cj.jdbc.ConnectionImpl@522221e1
10:47:11.684 [main] INFO com.zaxxer.hikari.HikariDataSource -- HikariPool-7 - Start completed.
10:47:11.888 [main] INFO com.baomidou.dynamic.datasource.DynamicRoutingDataSource -- dynamic-datasource start closing ....
10:47:11.889 [main] INFO com.baomidou.dynamic.datasource.DynamicRoutingDataSource -- dynamic-datasource all closed success,bye
10:47:11.889 [main] INFO com.zaxxer.hikari.HikariDataSource -- HikariPool-7 - Shutdown initiated...
10:47:11.900 [main] INFO com.zaxxer.hikari.HikariDataSource -- HikariPool-7 - Shutdown completed.
10:47:11.902 [main] INFO com.baomidou.dynamic.datasource.DynamicRoutingDataSource -- dynamic-datasource - add a datasource named [master] success
10:47:12.066 [main] INFO org.redisson.Version -- Redisson 4.6.1
10:47:12.071 [redisson-netty-23-1] INFO org.redisson.connection.ConnectionsHolder -- 1 connections initialized for 127.0.0.1/127.0.0.1:32831
10:47:12.072 [redisson-netty-23-2] INFO org.redisson.connection.ConnectionsHolder -- 1 connections initialized for 127.0.0.1/127.0.0.1:32831
10:47:12.095 [main] INFO com.zaxxer.hikari.HikariDataSource -- HikariPool-8 - Starting...
10:47:12.102 [main] INFO com.zaxxer.hikari.pool.HikariPool -- HikariPool-8 - Added connection com.mysql.cj.jdbc.ConnectionImpl@174e5929
10:47:12.103 [main] INFO com.zaxxer.hikari.HikariDataSource -- HikariPool-8 - Start completed.
10:47:12.774 [main] INFO org.hibernate.validator.internal.util.Version -- HV000001: Hibernate Validator 9.1.0.Final
10:47:13.278 [main] INFO org.eclipse.jetty.server.Server -- jetty-12.1.10; built: 2026-05-31T04:45:52.925Z; git: 986024525891c2c20ff08c58ba300dc3b9847586; jvm 21.0.12.1+1-LTS
10:47:13.305 [main] INFO org.eclipse.jetty.server.handler.ContextHandler -- Started oeje11s.ServletContextHandler@30f74965{ROOT,/,b=null,a=AVAILABLE,h=oeje11s.ServletHandler@65c75870{STARTED}}
10:47:13.311 [main] INFO org.eclipse.jetty.server.handler.ContextHandler.ROOT -- Initializing Spring DispatcherServlet 'org.springframework.web.servlet.DispatcherServlet-7ce09850'
10:47:13.312 [main] INFO org.springframework.web.servlet.DispatcherServlet -- Initializing Servlet 'org.springframework.web.servlet.DispatcherServlet-7ce09850'
10:47:13.314 [main] INFO org.springframework.web.servlet.DispatcherServlet -- Completed initialization in 2 ms
10:47:13.314 [main] INFO org.eclipse.jetty.ee11.servlet.ServletContextHandler -- Started oeje11s.ServletContextHandler@30f74965{ROOT,/,b=null,a=AVAILABLE,h=oeje11s.ServletHandler@65c75870{STARTED}}
10:47:13.324 [main] INFO org.eclipse.jetty.server.AbstractConnector -- Started oejs.ServerConnector@6a8a54f5{HTTP/1.1, (http/1.1)}{localhost:39091}
10:47:13.325 [main] INFO org.eclipse.jetty.server.Server -- Started oejs.Server@ddd0e97{STARTING}[12.1.10,sto=0] @51ms
10:47:13.695 [main] INFO org.eclipse.jetty.server.Server -- Stopped oejs.Server@ddd0e97{STOPPING}[12.1.10,sto=0]
10:47:13.698 [main] INFO org.eclipse.jetty.server.AbstractConnector -- Stopped oejs.ServerConnector@6a8a54f5{HTTP/1.1, (http/1.1)}{localhost:0}
10:47:13.699 [main] INFO org.eclipse.jetty.server.handler.ContextHandler.ROOT -- Destroying Spring FrameworkServlet 'org.springframework.web.servlet.DispatcherServlet-7ce09850'
10:47:13.701 [main] INFO org.eclipse.jetty.ee11.servlet.ServletContextHandler -- Stopped oeje11s.ServletContextHandler@30f74965{ROOT,/,b=null,a=AVAILABLE,h=oeje11s.ServletHandler@65c75870{STOPPED}}
10:47:13.725 [main] INFO com.baomidou.dynamic.datasource.DynamicRoutingDataSource -- dynamic-datasource start closing ....
10:47:13.725 [main] INFO com.baomidou.dynamic.datasource.DynamicRoutingDataSource -- dynamic-datasource all closed success,bye
10:47:13.725 [main] INFO com.zaxxer.hikari.HikariDataSource -- HikariPool-8 - Shutdown initiated...
10:47:13.730 [main] INFO com.zaxxer.hikari.HikariDataSource -- HikariPool-8 - Shutdown completed.
10:47:13.732 [main] INFO com.baomidou.dynamic.datasource.DynamicRoutingDataSource -- dynamic-datasource - add a datasource named [master] success
10:47:13.889 [main] INFO org.redisson.Version -- Redisson 4.6.1
10:47:13.894 [redisson-netty-26-1] INFO org.redisson.connection.ConnectionsHolder -- 1 connections initialized for 127.0.0.1/127.0.0.1:32831
10:47:13.896 [redisson-netty-26-2] INFO org.redisson.connection.ConnectionsHolder -- 1 connections initialized for 127.0.0.1/127.0.0.1:32831
10:47:13.922 [main] INFO com.zaxxer.hikari.HikariDataSource -- HikariPool-9 - Starting...
10:47:13.927 [main] INFO com.zaxxer.hikari.pool.HikariPool -- HikariPool-9 - Added connection com.mysql.cj.jdbc.ConnectionImpl@7ce87db5
10:47:13.927 [main] INFO com.zaxxer.hikari.HikariDataSource -- HikariPool-9 - Start completed.
10:47:14.089 [main] INFO com.baomidou.dynamic.datasource.DynamicRoutingDataSource -- dynamic-datasource start closing ....
10:47:14.089 [main] INFO com.baomidou.dynamic.datasource.DynamicRoutingDataSource -- dynamic-datasource all closed success,bye
10:47:14.089 [main] INFO com.zaxxer.hikari.HikariDataSource -- HikariPool-9 - Shutdown initiated...
10:47:14.101 [main] INFO com.zaxxer.hikari.HikariDataSource -- HikariPool-9 - Shutdown completed.
10:47:14.105 [main] INFO com.baomidou.dynamic.datasource.DynamicRoutingDataSource -- dynamic-datasource - add a datasource named [master] success
10:47:14.221 [main] INFO org.redisson.Version -- Redisson 4.6.1
10:47:14.225 [redisson-netty-29-1] INFO org.redisson.connection.ConnectionsHolder -- 1 connections initialized for 127.0.0.1/127.0.0.1:32831
10:47:14.228 [redisson-netty-29-2] INFO org.redisson.connection.ConnectionsHolder -- 1 connections initialized for 127.0.0.1/127.0.0.1:32831
10:47:14.249 [main] INFO com.zaxxer.hikari.HikariDataSource -- HikariPool-10 - Starting...
10:47:14.254 [main] INFO com.zaxxer.hikari.pool.HikariPool -- HikariPool-10 - Added connection com.mysql.cj.jdbc.ConnectionImpl@72e259ca
10:47:14.255 [main] INFO com.zaxxer.hikari.HikariDataSource -- HikariPool-10 - Start completed.
10:47:20.881 [main] INFO com.baomidou.dynamic.datasource.DynamicRoutingDataSource -- dynamic-datasource start closing ....
10:47:20.882 [main] INFO com.baomidou.dynamic.datasource.DynamicRoutingDataSource -- dynamic-datasource all closed success,bye
10:47:20.882 [main] INFO com.zaxxer.hikari.HikariDataSource -- HikariPool-10 - Shutdown initiated...
10:47:20.885 [main] INFO com.zaxxer.hikari.HikariDataSource -- HikariPool-10 - Shutdown completed.
10:47:20.888 [main] INFO com.baomidou.dynamic.datasource.DynamicRoutingDataSource -- dynamic-datasource - add a datasource named [master] success
10:47:21.028 [main] INFO org.redisson.Version -- Redisson 4.6.1
10:47:21.033 [redisson-netty-32-1] INFO org.redisson.connection.ConnectionsHolder -- 1 connections initialized for 127.0.0.1/127.0.0.1:32831
10:47:21.033 [redisson-netty-32-2] INFO org.redisson.connection.ConnectionsHolder -- 1 connections initialized for 127.0.0.1/127.0.0.1:32831
10:47:21.057 [main] INFO com.zaxxer.hikari.HikariDataSource -- HikariPool-11 - Starting...
10:47:21.063 [main] INFO com.zaxxer.hikari.pool.HikariPool -- HikariPool-11 - Added connection com.mysql.cj.jdbc.ConnectionImpl@513babf3
10:47:21.063 [main] INFO com.zaxxer.hikari.HikariDataSource -- HikariPool-11 - Start completed.
10:47:21.225 [main] WARN org.namewta.notify.adapter.event.InAppCommittedPushListener -- 站内实时提示失败，messageId=9220001, reason=IllegalStateException
10:47:21.277 [main] INFO com.baomidou.dynamic.datasource.DynamicRoutingDataSource -- dynamic-datasource start closing ....
10:47:21.277 [main] INFO com.baomidou.dynamic.datasource.DynamicRoutingDataSource -- dynamic-datasource all closed success,bye
10:47:21.277 [main] INFO com.zaxxer.hikari.HikariDataSource -- HikariPool-11 - Shutdown initiated...
10:47:21.305 [main] INFO com.zaxxer.hikari.HikariDataSource -- HikariPool-11 - Shutdown completed.
10:47:21.312 [main] INFO com.baomidou.dynamic.datasource.DynamicRoutingDataSource -- dynamic-datasource - add a datasource named [master] success
10:47:21.451 [main] INFO org.redisson.Version -- Redisson 4.6.1
10:47:21.457 [redisson-netty-35-1] INFO org.redisson.connection.ConnectionsHolder -- 1 connections initialized for 127.0.0.1/127.0.0.1:32831
10:47:21.459 [redisson-netty-35-2] INFO org.redisson.connection.ConnectionsHolder -- 1 connections initialized for 127.0.0.1/127.0.0.1:32831
10:47:21.481 [main] INFO com.zaxxer.hikari.HikariDataSource -- HikariPool-12 - Starting...
10:47:21.485 [main] INFO com.zaxxer.hikari.pool.HikariPool -- HikariPool-12 - Added connection com.mysql.cj.jdbc.ConnectionImpl@6c861b25
10:47:21.485 [main] INFO com.zaxxer.hikari.HikariDataSource -- HikariPool-12 - Start completed.
10:47:21.516 [main] WARN com.zaxxer.hikari.pool.ProxyConnection -- HikariPool-12 - Connection com.mysql.cj.jdbc.ConnectionImpl@6c861b25 marked as broken because of SQLSTATE(08S01), ErrorCode(0)
com.mysql.cj.jdbc.exceptions.CommunicationsException: Communications link failure

The last packet successfully received from the server was 6 milliseconds ago. The last packet sent successfully to the server was 6 milliseconds ago.
	at com.mysql.cj.jdbc.exceptions.SQLError.createCommunicationsException(SQLError.java:165)
	at com.mysql.cj.jdbc.exceptions.SQLExceptionsMapping.translateException(SQLExceptionsMapping.java:55)
	at com.mysql.cj.jdbc.ConnectionImpl.commit(ConnectionImpl.java:814)
	at com.zaxxer.hikari.pool.ProxyConnection.commit(ProxyConnection.java:378)
	at com.zaxxer.hikari.pool.HikariProxyConnection.commit(HikariProxyConnection.java)
	at java.base/jdk.internal.reflect.DirectMethodHandleAccessor.invoke(DirectMethodHandleAccessor.java:103)
	at java.base/java.lang.reflect.Method.invoke(Method.java:580)
	at org.namewta.test.notify.NotifyAtomicResultIntegrationTest$1.lambda$getConnection$0(NotifyAtomicResultIntegrationTest.java:118)
	at jdk.proxy2/jdk.proxy2.$Proxy131.commit(Unknown Source)
	at com.baomidou.dynamic.datasource.tx.ConnectionProxy.notify(ConnectionProxy.java:62)
	at com.baomidou.dynamic.datasource.tx.ConnectionFactory.notify(ConnectionFactory.java:153)
	at com.baomidou.dynamic.datasource.tx.LocalTxUtil.commit(LocalTxUtil.java:91)
	at com.baomidou.dynamic.datasource.tx.TransactionalTemplate.doExecute(TransactionalTemplate.java:126)
	at com.baomidou.dynamic.datasource.tx.TransactionalTemplate.execute(TransactionalTemplate.java:94)
	at com.baomidou.dynamic.datasource.aop.DynamicLocalTransactionInterceptor.invoke(DynamicLocalTransactionInterceptor.java:59)
	at org.springframework.aop.framework.ReflectiveMethodInvocation.proceed(ReflectiveMethodInvocation.java:179)
	at org.springframework.aop.framework.CglibAopProxy$DynamicAdvisedInterceptor.intercept(CglibAopProxy.java:719)
	at org.namewta.notify.usecase.NotifyDispatchResultUseCase$$SpringCGLIB$$11.beginInAppAttempt(<generated>)
	at org.namewta.test.notify.NotifyAtomicResultIntegrationTest.lambda$uncertainBudgetCommitNeverEntersPersistBeforeReclaim$15(NotifyAtomicResultIntegrationTest.java:488)
	at org.assertj.core.api.ThrowableAssert.catchThrowable(ThrowableAssert.java:66)
	at org.assertj.core.api.AssertionsForClassTypes.catchThrowable(AssertionsForClassTypes.java:908)
	at org.assertj.core.api.Assertions.catchThrowable(Assertions.java:1476)
	at org.assertj.core.api.Assertions.assertThatThrownBy(Assertions.java:1319)
	at org.namewta.test.notify.NotifyAtomicResultIntegrationTest.uncertainBudgetCommitNeverEntersPersistBeforeReclaim(NotifyAtomicResultIntegrationTest.java:488)
	at java.base/jdk.internal.reflect.DirectMethodHandleAccessor.invoke(DirectMethodHandleAccessor.java:103)
	at java.base/java.lang.reflect.Method.invoke(Method.java:580)
	at org.junit.platform.commons.util.ReflectionUtils.invokeMethod(ReflectionUtils.java:701)
	at org.junit.platform.commons.support.ReflectionSupport.invokeMethod(ReflectionSupport.java:502)
	at org.junit.jupiter.engine.support.MethodReflectionUtils.invoke(MethodReflectionUtils.java:45)
	at org.junit.jupiter.engine.execution.MethodInvocation.proceed(MethodInvocation.java:61)
	at org.junit.jupiter.engine.execution.InvocationInterceptorChain$ValidatingInvocation.proceed(InvocationInterceptorChain.java:124)
	at org.junit.jupiter.engine.extension.TimeoutExtension.intercept(TimeoutExtension.java:163)
	at org.junit.jupiter.engine.extension.TimeoutExtension.interceptTestableMethod(TimeoutExtension.java:148)
	at org.junit.jupiter.engine.extension.TimeoutExtension.interceptTestTemplateMethod(TimeoutExtension.java:94)
	at org.junit.jupiter.engine.execution.InterceptingExecutableInvoker$ReflectiveInterceptorCall.lambda$ofVoidMethod$0(InterceptingExecutableInvoker.java:123)
	at org.junit.jupiter.engine.execution.InterceptingExecutableInvoker.lambda$invoke$0(InterceptingExecutableInvoker.java:105)
	at org.junit.jupiter.engine.execution.InvocationInterceptorChain$InterceptedInvocation.proceed(InvocationInterceptorChain.java:99)
	at org.junit.jupiter.engine.execution.InvocationInterceptorChain.proceed(InvocationInterceptorChain.java:66)
	at org.junit.jupiter.engine.execution.InvocationInterceptorChain.chainAndInvoke(InvocationInterceptorChain.java:47)
	at org.junit.jupiter.engine.execution.InvocationInterceptorChain.invoke(InvocationInterceptorChain.java:39)
	at org.junit.jupiter.engine.execution.InterceptingExecutableInvoker.invoke(InterceptingExecutableInvoker.java:104)
	at org.junit.jupiter.engine.execution.InterceptingExecutableInvoker.invoke(InterceptingExecutableInvoker.java:98)
	at org.junit.jupiter.engine.execution.InterceptingExecutableInvoker.invokeVoid(InterceptingExecutableInvoker.java:71)
	at org.junit.jupiter.engine.descriptor.TestMethodTestDescriptor.lambda$invokeTestMethod$0(TestMethodTestDescriptor.java:219)
	at org.junit.platform.engine.support.hierarchical.ThrowableCollector.execute(ThrowableCollector.java:74)
	at org.junit.jupiter.engine.descriptor.TestMethodTestDescriptor.invokeTestMethod(TestMethodTestDescriptor.java:215)
	at org.junit.jupiter.engine.descriptor.TestMethodTestDescriptor.execute(TestMethodTestDescriptor.java:157)
	at org.junit.jupiter.engine.descriptor.TestMethodTestDescriptor.execute(TestMethodTestDescriptor.java:70)
	at org.junit.platform.engine.support.hierarchical.NodeTestTask.lambda$executeRecursively$2(NodeTestTask.java:176)
	at org.junit.platform.engine.support.hierarchical.ThrowableCollector.execute(ThrowableCollector.java:74)
	at org.junit.platform.engine.support.hierarchical.NodeTestTask.lambda$executeRecursively$1(NodeTestTask.java:166)
	at org.junit.platform.engine.support.hierarchical.Node.around(Node.java:138)
	at org.junit.platform.engine.support.hierarchical.NodeTestTask.lambda$executeRecursively$0(NodeTestTask.java:164)
	at org.junit.platform.engine.support.hierarchical.ThrowableCollector.execute(ThrowableCollector.java:74)
	at org.junit.platform.engine.support.hierarchical.NodeTestTask.executeRecursively(NodeTestTask.java:163)
	at org.junit.platform.engine.support.hierarchical.NodeTestTask.execute(NodeTestTask.java:116)
	at org.junit.platform.engine.support.hierarchical.SameThreadHierarchicalTestExecutorService.submit(SameThreadHierarchicalTestExecutorService.java:36)
	at org.junit.platform.engine.support.hierarchical.NodeTestTask$DefaultDynamicTestExecutor.execute(NodeTestTask.java:268)
	at org.junit.platform.engine.support.hierarchical.NodeTestTask$DefaultDynamicTestExecutor.execute(NodeTestTask.java:246)
	at org.junit.jupiter.engine.descriptor.TemplateExecutor.execute(TemplateExecutor.java:96)
	at org.junit.jupiter.engine.descriptor.TemplateExecutor.lambda$executeForProvider$1(TemplateExecutor.java:59)
	at java.base/java.util.Optional.ifPresent(Optional.java:178)
	at org.junit.jupiter.engine.descriptor.TemplateExecutor.lambda$executeForProvider$0(TemplateExecutor.java:59)
	at java.base/java.util.stream.ForEachOps$ForEachOp$OfRef.accept(ForEachOps.java:184)
	at java.base/java.util.stream.ReferencePipeline$3$1.accept(ReferencePipeline.java:197)
	at java.base/java.util.stream.ForEachOps$ForEachOp$OfRef.accept(ForEachOps.java:184)
	at java.base/java.util.stream.ForEachOps$ForEachOp$OfRef.accept(ForEachOps.java:184)
	at java.base/java.util.stream.ReferencePipeline$3$1.accept(ReferencePipeline.java:197)
	at java.base/java.util.Spliterators$ArraySpliterator.forEachRemaining(Spliterators.java:1024)
	at java.base/java.util.stream.AbstractPipeline.copyInto(AbstractPipeline.java:509)
	at java.base/java.util.stream.AbstractPipeline.wrapAndCopyInto(AbstractPipeline.java:499)
	at java.base/java.util.stream.ForEachOps$ForEachOp.evaluateSequential(ForEachOps.java:151)
	at java.base/java.util.stream.ForEachOps$ForEachOp$OfRef.evaluateSequential(ForEachOps.java:174)
	at java.base/java.util.stream.AbstractPipeline.evaluate(AbstractPipeline.java:234)
	at java.base/java.util.stream.ReferencePipeline.forEach(ReferencePipeline.java:596)
	at java.base/java.util.stream.ReferencePipeline$7$1.accept(ReferencePipeline.java:276)
	at java.base/java.util.ArrayList$ArrayListSpliterator.forEachRemaining(ArrayList.java:1708)
	at java.base/java.util.stream.AbstractPipeline.copyInto(AbstractPipeline.java:509)
	at java.base/java.util.stream.AbstractPipeline.wrapAndCopyInto(AbstractPipeline.java:499)
	at java.base/java.util.stream.ForEachOps$ForEachOp.evaluateSequential(ForEachOps.java:151)
	at java.base/java.util.stream.ForEachOps$ForEachOp$OfRef.evaluateSequential(ForEachOps.java:174)
	at java.base/java.util.stream.AbstractPipeline.evaluate(AbstractPipeline.java:234)
	at java.base/java.util.stream.ReferencePipeline.forEach(ReferencePipeline.java:596)
	at java.base/java.util.stream.ReferencePipeline$7$1.accept(ReferencePipeline.java:276)
	at java.base/java.util.stream.ReferencePipeline$3$1.accept(ReferencePipeline.java:197)
	at java.base/java.util.stream.ReferencePipeline$3$1.accept(ReferencePipeline.java:197)
	at java.base/java.util.stream.ReferencePipeline$3$1.accept(ReferencePipeline.java:197)
	at java.base/java.util.AbstractList$RandomAccessSpliterator.forEachRemaining(AbstractList.java:722)
	at java.base/java.util.stream.AbstractPipeline.copyInto(AbstractPipeline.java:509)
	at java.base/java.util.stream.AbstractPipeline.wrapAndCopyInto(AbstractPipeline.java:499)
	at java.base/java.util.stream.ForEachOps$ForEachOp.evaluateSequential(ForEachOps.java:151)
	at java.base/java.util.stream.ForEachOps$ForEachOp$OfRef.evaluateSequential(ForEachOps.java:174)
	at java.base/java.util.stream.AbstractPipeline.evaluate(AbstractPipeline.java:234)
	at java.base/java.util.stream.ReferencePipeline.forEach(ReferencePipeline.java:596)
	at org.junit.jupiter.engine.descriptor.TemplateExecutor.executeForProvider(TemplateExecutor.java:57)
	at org.junit.jupiter.engine.descriptor.TemplateExecutor.execute(TemplateExecutor.java:46)
	at org.junit.jupiter.engine.descriptor.TestTemplateTestDescriptor.execute(TestTemplateTestDescriptor.java:112)
	at org.junit.jupiter.engine.descriptor.TestTemplateTestDescriptor.execute(TestTemplateTestDescriptor.java:40)
	at org.junit.platform.engine.support.hierarchical.NodeTestTask.lambda$executeRecursively$2(NodeTestTask.java:176)
	at org.junit.platform.engine.support.hierarchical.ThrowableCollector.execute(ThrowableCollector.java:74)
	at org.junit.platform.engine.support.hierarchical.NodeTestTask.lambda$executeRecursively$1(NodeTestTask.java:166)
	at org.junit.platform.engine.support.hierarchical.Node.around(Node.java:138)
	at org.junit.platform.engine.support.hierarchical.NodeTestTask.lambda$executeRecursively$0(NodeTestTask.java:164)
	at org.junit.platform.engine.support.hierarchical.ThrowableCollector.execute(ThrowableCollector.java:74)
	at org.junit.platform.engine.support.hierarchical.NodeTestTask.executeRecursively(NodeTestTask.java:163)
	at org.junit.platform.engine.support.hierarchical.NodeTestTask.execute(NodeTestTask.java:116)
	at java.base/java.util.ArrayList.forEach(ArrayList.java:1596)
	at org.junit.platform.engine.support.hierarchical.SameThreadHierarchicalTestExecutorService.invokeAll(SameThreadHierarchicalTestExecutorService.java:42)
	at org.junit.platform.engine.support.hierarchical.NodeTestTask.lambda$executeRecursively$2(NodeTestTask.java:180)
	at org.junit.platform.engine.support.hierarchical.ThrowableCollector.execute(ThrowableCollector.java:74)
	at org.junit.platform.engine.support.hierarchical.NodeTestTask.lambda$executeRecursively$1(NodeTestTask.java:166)
	at org.junit.platform.engine.support.hierarchical.Node.around(Node.java:138)
	at org.junit.platform.engine.support.hierarchical.NodeTestTask.lambda$executeRecursively$0(NodeTestTask.java:164)
	at org.junit.platform.engine.support.hierarchical.ThrowableCollector.execute(ThrowableCollector.java:74)
	at org.junit.platform.engine.support.hierarchical.NodeTestTask.executeRecursively(NodeTestTask.java:163)
	at org.junit.platform.engine.support.hierarchical.NodeTestTask.execute(NodeTestTask.java:116)
	at java.base/java.util.ArrayList.forEach(ArrayList.java:1596)
	at org.junit.platform.engine.support.hierarchical.SameThreadHierarchicalTestExecutorService.invokeAll(SameThreadHierarchicalTestExecutorService.java:42)
	at org.junit.platform.engine.support.hierarchical.NodeTestTask.lambda$executeRecursively$2(NodeTestTask.java:180)
	at org.junit.platform.engine.support.hierarchical.ThrowableCollector.execute(ThrowableCollector.java:74)
	at org.junit.platform.engine.support.hierarchical.NodeTestTask.lambda$executeRecursively$1(NodeTestTask.java:166)
	at org.junit.platform.engine.support.hierarchical.Node.around(Node.java:138)
	at org.junit.platform.engine.support.hierarchical.NodeTestTask.lambda$executeRecursively$0(NodeTestTask.java:164)
	at org.junit.platform.engine.support.hierarchical.ThrowableCollector.execute(ThrowableCollector.java:74)
	at org.junit.platform.engine.support.hierarchical.NodeTestTask.executeRecursively(NodeTestTask.java:163)
	at org.junit.platform.engine.support.hierarchical.NodeTestTask.execute(NodeTestTask.java:116)
	at org.junit.platform.engine.support.hierarchical.SameThreadHierarchicalTestExecutorService.submit(SameThreadHierarchicalTestExecutorService.java:36)
	at org.junit.platform.engine.support.hierarchical.HierarchicalTestExecutor.execute(HierarchicalTestExecutor.java:52)
	at org.junit.platform.engine.support.hierarchical.HierarchicalTestEngine.execute(HierarchicalTestEngine.java:58)
	at org.junit.platform.launcher.core.EngineExecutionOrchestrator.executeEngine(EngineExecutionOrchestrator.java:246)
	at org.junit.platform.launcher.core.EngineExecutionOrchestrator.failOrExecuteEngine(EngineExecutionOrchestrator.java:218)
	at org.junit.platform.launcher.core.EngineExecutionOrchestrator.execute(EngineExecutionOrchestrator.java:179)
	at org.junit.platform.launcher.core.EngineExecutionOrchestrator.execute(EngineExecutionOrchestrator.java:108)
	at org.junit.platform.launcher.core.EngineExecutionOrchestrator.lambda$execute$0(EngineExecutionOrchestrator.java:66)
	at org.junit.platform.launcher.core.EngineExecutionOrchestrator.withInterceptedStreams(EngineExecutionOrchestrator.java:157)
	at org.junit.platform.launcher.core.EngineExecutionOrchestrator.execute(EngineExecutionOrchestrator.java:65)
	at org.junit.platform.launcher.core.DefaultLauncher.execute(DefaultLauncher.java:125)
	at org.junit.platform.launcher.core.DefaultLauncher.execute(DefaultLauncher.java:114)
	at org.junit.platform.launcher.core.DelegatingLauncher.execute(DelegatingLauncher.java:58)
	at org.junit.platform.launcher.core.InterceptingLauncher.lambda$execute$2(InterceptingLauncher.java:57)
	at org.junit.platform.launcher.core.ClasspathAlignmentCheckingLauncherInterceptor.intercept(ClasspathAlignmentCheckingLauncherInterceptor.java:25)
	at org.junit.platform.launcher.core.InterceptingLauncher.execute(InterceptingLauncher.java:56)
	at org.junit.platform.launcher.core.DelegatingLauncher.execute(DelegatingLauncher.java:58)
	at java.base/jdk.internal.reflect.DirectMethodHandleAccessor.invoke(DirectMethodHandleAccessor.java:103)
	at java.base/java.lang.reflect.Method.invoke(Method.java:580)
	at org.apache.maven.surefire.api.util.ReflectionUtils.invokeMethodWithArray(ReflectionUtils.java:125)
	at org.apache.maven.surefire.junitplatform.LauncherAdapter.executeWithCancellationToken(LauncherAdapter.java:68)
	at org.apache.maven.surefire.junitplatform.LauncherAdapter.execute(LauncherAdapter.java:54)
	at org.apache.maven.surefire.junitplatform.JUnitPlatformProvider.execute(JUnitPlatformProvider.java:203)
	at org.apache.maven.surefire.junitplatform.JUnitPlatformProvider.invokeAllTests(JUnitPlatformProvider.java:168)
	at org.apache.maven.surefire.junitplatform.JUnitPlatformProvider.invoke(JUnitPlatformProvider.java:134)
	at org.apache.maven.surefire.booter.ForkedBooter.runSuitesInProcess(ForkedBooter.java:385)
	at org.apache.maven.surefire.booter.ForkedBooter.execute(ForkedBooter.java:162)
	at org.apache.maven.surefire.booter.ForkedBooter.run(ForkedBooter.java:507)
	at org.apache.maven.surefire.booter.ForkedBooter.main(ForkedBooter.java:495)
Caused by: com.mysql.cj.exceptions.CJCommunicationsException: Communications link failure

The last packet successfully received from the server was 6 milliseconds ago. The last packet sent successfully to the server was 6 milliseconds ago.
	at java.base/jdk.internal.reflect.DirectConstructorHandleAccessor.newInstance(DirectConstructorHandleAccessor.java:62)
	at java.base/java.lang.reflect.Constructor.newInstanceWithCaller(Constructor.java:502)
	at java.base/java.lang.reflect.Constructor.newInstance(Constructor.java:486)
	at com.mysql.cj.exceptions.ExceptionFactory.createException(ExceptionFactory.java:52)
	at com.mysql.cj.exceptions.ExceptionFactory.createException(ExceptionFactory.java:95)
	at com.mysql.cj.exceptions.ExceptionFactory.createException(ExceptionFactory.java:140)
	at com.mysql.cj.exceptions.ExceptionFactory.createCommunicationsException(ExceptionFactory.java:156)
	at com.mysql.cj.protocol.a.NativeProtocol.readMessage(NativeProtocol.java:590)
	at com.mysql.cj.protocol.a.NativeProtocol.checkErrorMessage(NativeProtocol.java:767)
	at com.mysql.cj.protocol.a.NativeProtocol.sendCommand(NativeProtocol.java:706)
	at com.mysql.cj.protocol.a.NativeProtocol.sendQueryPacket(NativeProtocol.java:938)
	at com.mysql.cj.NativeSession.execSQL(NativeSession.java:817)
	at com.mysql.cj.jdbc.ConnectionImpl.commit(ConnectionImpl.java:794)
	... 152 common frames omitted
Caused by: java.io.EOFException: Can not read response from server. Expected to read 4 bytes, read 0 bytes before connection was unexpectedly lost.
	at com.mysql.cj.protocol.FullReadInputStream.readFully(FullReadInputStream.java:58)
	at com.mysql.cj.protocol.a.SimplePacketReader.readHeaderLocal(SimplePacketReader.java:72)
	at com.mysql.cj.protocol.a.SimplePacketReader.readHeader(SimplePacketReader.java:54)
	at com.mysql.cj.protocol.a.SimplePacketReader.readHeader(SimplePacketReader.java:36)
	at com.mysql.cj.protocol.a.TimeTrackingPacketReader.readHeader(TimeTrackingPacketReader.java:43)
	at com.mysql.cj.protocol.a.TimeTrackingPacketReader.readHeader(TimeTrackingPacketReader.java:32)
	at com.mysql.cj.protocol.a.MultiPacketReader.readHeader(MultiPacketReader.java:45)
	at com.mysql.cj.protocol.a.MultiPacketReader.readHeader(MultiPacketReader.java:35)
	at com.mysql.cj.protocol.a.NativeProtocol.readMessage(NativeProtocol.java:584)
	... 157 common frames omitted
10:47:21.517 [main] ERROR com.baomidou.dynamic.datasource.tx.ConnectionProxy -- Communications link failure

The last packet successfully received from the server was 6 milliseconds ago. The last packet sent successfully to the server was 6 milliseconds ago.
com.mysql.cj.jdbc.exceptions.CommunicationsException: Communications link failure

The last packet successfully received from the server was 6 milliseconds ago. The last packet sent successfully to the server was 6 milliseconds ago.
	at com.mysql.cj.jdbc.exceptions.SQLError.createCommunicationsException(SQLError.java:165)
	at com.mysql.cj.jdbc.exceptions.SQLExceptionsMapping.translateException(SQLExceptionsMapping.java:55)
	at com.mysql.cj.jdbc.ConnectionImpl.commit(ConnectionImpl.java:814)
	at com.zaxxer.hikari.pool.ProxyConnection.commit(ProxyConnection.java:378)
	at com.zaxxer.hikari.pool.HikariProxyConnection.commit(HikariProxyConnection.java)
	at java.base/jdk.internal.reflect.DirectMethodHandleAccessor.invoke(DirectMethodHandleAccessor.java:103)
	at java.base/java.lang.reflect.Method.invoke(Method.java:580)
	at org.namewta.test.notify.NotifyAtomicResultIntegrationTest$1.lambda$getConnection$0(NotifyAtomicResultIntegrationTest.java:118)
	at jdk.proxy2/jdk.proxy2.$Proxy131.commit(Unknown Source)
	at com.baomidou.dynamic.datasource.tx.ConnectionProxy.notify(ConnectionProxy.java:62)
	at com.baomidou.dynamic.datasource.tx.ConnectionFactory.notify(ConnectionFactory.java:153)
	at com.baomidou.dynamic.datasource.tx.LocalTxUtil.commit(LocalTxUtil.java:91)
	at com.baomidou.dynamic.datasource.tx.TransactionalTemplate.doExecute(TransactionalTemplate.java:126)
	at com.baomidou.dynamic.datasource.tx.TransactionalTemplate.execute(TransactionalTemplate.java:94)
	at com.baomidou.dynamic.datasource.aop.DynamicLocalTransactionInterceptor.invoke(DynamicLocalTransactionInterceptor.java:59)
	at org.springframework.aop.framework.ReflectiveMethodInvocation.proceed(ReflectiveMethodInvocation.java:179)
	at org.springframework.aop.framework.CglibAopProxy$DynamicAdvisedInterceptor.intercept(CglibAopProxy.java:719)
	at org.namewta.notify.usecase.NotifyDispatchResultUseCase$$SpringCGLIB$$11.beginInAppAttempt(<generated>)
	at org.namewta.test.notify.NotifyAtomicResultIntegrationTest.lambda$uncertainBudgetCommitNeverEntersPersistBeforeReclaim$15(NotifyAtomicResultIntegrationTest.java:488)
	at org.assertj.core.api.ThrowableAssert.catchThrowable(ThrowableAssert.java:66)
	at org.assertj.core.api.AssertionsForClassTypes.catchThrowable(AssertionsForClassTypes.java:908)
	at org.assertj.core.api.Assertions.catchThrowable(Assertions.java:1476)
	at org.assertj.core.api.Assertions.assertThatThrownBy(Assertions.java:1319)
	at org.namewta.test.notify.NotifyAtomicResultIntegrationTest.uncertainBudgetCommitNeverEntersPersistBeforeReclaim(NotifyAtomicResultIntegrationTest.java:488)
	at java.base/jdk.internal.reflect.DirectMethodHandleAccessor.invoke(DirectMethodHandleAccessor.java:103)
	at java.base/java.lang.reflect.Method.invoke(Method.java:580)
	at org.junit.platform.commons.util.ReflectionUtils.invokeMethod(ReflectionUtils.java:701)
	at org.junit.platform.commons.support.ReflectionSupport.invokeMethod(ReflectionSupport.java:502)
	at org.junit.jupiter.engine.support.MethodReflectionUtils.invoke(MethodReflectionUtils.java:45)
	at org.junit.jupiter.engine.execution.MethodInvocation.proceed(MethodInvocation.java:61)
	at org.junit.jupiter.engine.execution.InvocationInterceptorChain$ValidatingInvocation.proceed(InvocationInterceptorChain.java:124)
	at org.junit.jupiter.engine.extension.TimeoutExtension.intercept(TimeoutExtension.java:163)
	at org.junit.jupiter.engine.extension.TimeoutExtension.interceptTestableMethod(TimeoutExtension.java:148)
	at org.junit.jupiter.engine.extension.TimeoutExtension.interceptTestTemplateMethod(TimeoutExtension.java:94)
	at org.junit.jupiter.engine.execution.InterceptingExecutableInvoker$ReflectiveInterceptorCall.lambda$ofVoidMethod$0(InterceptingExecutableInvoker.java:123)
	at org.junit.jupiter.engine.execution.InterceptingExecutableInvoker.lambda$invoke$0(InterceptingExecutableInvoker.java:105)
	at org.junit.jupiter.engine.execution.InvocationInterceptorChain$InterceptedInvocation.proceed(InvocationInterceptorChain.java:99)
	at org.junit.jupiter.engine.execution.InvocationInterceptorChain.proceed(InvocationInterceptorChain.java:66)
	at org.junit.jupiter.engine.execution.InvocationInterceptorChain.chainAndInvoke(InvocationInterceptorChain.java:47)
	at org.junit.jupiter.engine.execution.InvocationInterceptorChain.invoke(InvocationInterceptorChain.java:39)
	at org.junit.jupiter.engine.execution.InterceptingExecutableInvoker.invoke(InterceptingExecutableInvoker.java:104)
	at org.junit.jupiter.engine.execution.InterceptingExecutableInvoker.invoke(InterceptingExecutableInvoker.java:98)
	at org.junit.jupiter.engine.execution.InterceptingExecutableInvoker.invokeVoid(InterceptingExecutableInvoker.java:71)
	at org.junit.jupiter.engine.descriptor.TestMethodTestDescriptor.lambda$invokeTestMethod$0(TestMethodTestDescriptor.java:219)
	at org.junit.platform.engine.support.hierarchical.ThrowableCollector.execute(ThrowableCollector.java:74)
	at org.junit.jupiter.engine.descriptor.TestMethodTestDescriptor.invokeTestMethod(TestMethodTestDescriptor.java:215)
	at org.junit.jupiter.engine.descriptor.TestMethodTestDescriptor.execute(TestMethodTestDescriptor.java:157)
	at org.junit.jupiter.engine.descriptor.TestMethodTestDescriptor.execute(TestMethodTestDescriptor.java:70)
	at org.junit.platform.engine.support.hierarchical.NodeTestTask.lambda$executeRecursively$2(NodeTestTask.java:176)
	at org.junit.platform.engine.support.hierarchical.ThrowableCollector.execute(ThrowableCollector.java:74)
	at org.junit.platform.engine.support.hierarchical.NodeTestTask.lambda$executeRecursively$1(NodeTestTask.java:166)
	at org.junit.platform.engine.support.hierarchical.Node.around(Node.java:138)
	at org.junit.platform.engine.support.hierarchical.NodeTestTask.lambda$executeRecursively$0(NodeTestTask.java:164)
	at org.junit.platform.engine.support.hierarchical.ThrowableCollector.execute(ThrowableCollector.java:74)
	at org.junit.platform.engine.support.hierarchical.NodeTestTask.executeRecursively(NodeTestTask.java:163)
	at org.junit.platform.engine.support.hierarchical.NodeTestTask.execute(NodeTestTask.java:116)
	at org.junit.platform.engine.support.hierarchical.SameThreadHierarchicalTestExecutorService.submit(SameThreadHierarchicalTestExecutorService.java:36)
	at org.junit.platform.engine.support.hierarchical.NodeTestTask$DefaultDynamicTestExecutor.execute(NodeTestTask.java:268)
	at org.junit.platform.engine.support.hierarchical.NodeTestTask$DefaultDynamicTestExecutor.execute(NodeTestTask.java:246)
	at org.junit.jupiter.engine.descriptor.TemplateExecutor.execute(TemplateExecutor.java:96)
	at org.junit.jupiter.engine.descriptor.TemplateExecutor.lambda$executeForProvider$1(TemplateExecutor.java:59)
	at java.base/java.util.Optional.ifPresent(Optional.java:178)
	at org.junit.jupiter.engine.descriptor.TemplateExecutor.lambda$executeForProvider$0(TemplateExecutor.java:59)
	at java.base/java.util.stream.ForEachOps$ForEachOp$OfRef.accept(ForEachOps.java:184)
	at java.base/java.util.stream.ReferencePipeline$3$1.accept(ReferencePipeline.java:197)
	at java.base/java.util.stream.ForEachOps$ForEachOp$OfRef.accept(ForEachOps.java:184)
	at java.base/java.util.stream.ForEachOps$ForEachOp$OfRef.accept(ForEachOps.java:184)
	at java.base/java.util.stream.ReferencePipeline$3$1.accept(ReferencePipeline.java:197)
	at java.base/java.util.Spliterators$ArraySpliterator.forEachRemaining(Spliterators.java:1024)
	at java.base/java.util.stream.AbstractPipeline.copyInto(AbstractPipeline.java:509)
	at java.base/java.util.stream.AbstractPipeline.wrapAndCopyInto(AbstractPipeline.java:499)
	at java.base/java.util.stream.ForEachOps$ForEachOp.evaluateSequential(ForEachOps.java:151)
	at java.base/java.util.stream.ForEachOps$ForEachOp$OfRef.evaluateSequential(ForEachOps.java:174)
	at java.base/java.util.stream.AbstractPipeline.evaluate(AbstractPipeline.java:234)
	at java.base/java.util.stream.ReferencePipeline.forEach(ReferencePipeline.java:596)
	at java.base/java.util.stream.ReferencePipeline$7$1.accept(ReferencePipeline.java:276)
	at java.base/java.util.ArrayList$ArrayListSpliterator.forEachRemaining(ArrayList.java:1708)
	at java.base/java.util.stream.AbstractPipeline.copyInto(AbstractPipeline.java:509)
	at java.base/java.util.stream.AbstractPipeline.wrapAndCopyInto(AbstractPipeline.java:499)
	at java.base/java.util.stream.ForEachOps$ForEachOp.evaluateSequential(ForEachOps.java:151)
	at java.base/java.util.stream.ForEachOps$ForEachOp$OfRef.evaluateSequential(ForEachOps.java:174)
	at java.base/java.util.stream.AbstractPipeline.evaluate(AbstractPipeline.java:234)
	at java.base/java.util.stream.ReferencePipeline.forEach(ReferencePipeline.java:596)
	at java.base/java.util.stream.ReferencePipeline$7$1.accept(ReferencePipeline.java:276)
	at java.base/java.util.stream.ReferencePipeline$3$1.accept(ReferencePipeline.java:197)
	at java.base/java.util.stream.ReferencePipeline$3$1.accept(ReferencePipeline.java:197)
	at java.base/java.util.stream.ReferencePipeline$3$1.accept(ReferencePipeline.java:197)
	at java.base/java.util.AbstractList$RandomAccessSpliterator.forEachRemaining(AbstractList.java:722)
	at java.base/java.util.stream.AbstractPipeline.copyInto(AbstractPipeline.java:509)
	at java.base/java.util.stream.AbstractPipeline.wrapAndCopyInto(AbstractPipeline.java:499)
	at java.base/java.util.stream.ForEachOps$ForEachOp.evaluateSequential(ForEachOps.java:151)
	at java.base/java.util.stream.ForEachOps$ForEachOp$OfRef.evaluateSequential(ForEachOps.java:174)
	at java.base/java.util.stream.AbstractPipeline.evaluate(AbstractPipeline.java:234)
	at java.base/java.util.stream.ReferencePipeline.forEach(ReferencePipeline.java:596)
	at org.junit.jupiter.engine.descriptor.TemplateExecutor.executeForProvider(TemplateExecutor.java:57)
	at org.junit.jupiter.engine.descriptor.TemplateExecutor.execute(TemplateExecutor.java:46)
	at org.junit.jupiter.engine.descriptor.TestTemplateTestDescriptor.execute(TestTemplateTestDescriptor.java:112)
	at org.junit.jupiter.engine.descriptor.TestTemplateTestDescriptor.execute(TestTemplateTestDescriptor.java:40)
	at org.junit.platform.engine.support.hierarchical.NodeTestTask.lambda$executeRecursively$2(NodeTestTask.java:176)
	at org.junit.platform.engine.support.hierarchical.ThrowableCollector.execute(ThrowableCollector.java:74)
	at org.junit.platform.engine.support.hierarchical.NodeTestTask.lambda$executeRecursively$1(NodeTestTask.java:166)
	at org.junit.platform.engine.support.hierarchical.Node.around(Node.java:138)
	at org.junit.platform.engine.support.hierarchical.NodeTestTask.lambda$executeRecursively$0(NodeTestTask.java:164)
	at org.junit.platform.engine.support.hierarchical.ThrowableCollector.execute(ThrowableCollector.java:74)
	at org.junit.platform.engine.support.hierarchical.NodeTestTask.executeRecursively(NodeTestTask.java:163)
	at org.junit.platform.engine.support.hierarchical.NodeTestTask.execute(NodeTestTask.java:116)
	at java.base/java.util.ArrayList.forEach(ArrayList.java:1596)
	at org.junit.platform.engine.support.hierarchical.SameThreadHierarchicalTestExecutorService.invokeAll(SameThreadHierarchicalTestExecutorService.java:42)
	at org.junit.platform.engine.support.hierarchical.NodeTestTask.lambda$executeRecursively$2(NodeTestTask.java:180)
	at org.junit.platform.engine.support.hierarchical.ThrowableCollector.execute(ThrowableCollector.java:74)
	at org.junit.platform.engine.support.hierarchical.NodeTestTask.lambda$executeRecursively$1(NodeTestTask.java:166)
	at org.junit.platform.engine.support.hierarchical.Node.around(Node.java:138)
	at org.junit.platform.engine.support.hierarchical.NodeTestTask.lambda$executeRecursively$0(NodeTestTask.java:164)
	at org.junit.platform.engine.support.hierarchical.ThrowableCollector.execute(ThrowableCollector.java:74)
	at org.junit.platform.engine.support.hierarchical.NodeTestTask.executeRecursively(NodeTestTask.java:163)
	at org.junit.platform.engine.support.hierarchical.NodeTestTask.execute(NodeTestTask.java:116)
	at java.base/java.util.ArrayList.forEach(ArrayList.java:1596)
	at org.junit.platform.engine.support.hierarchical.SameThreadHierarchicalTestExecutorService.invokeAll(SameThreadHierarchicalTestExecutorService.java:42)
	at org.junit.platform.engine.support.hierarchical.NodeTestTask.lambda$executeRecursively$2(NodeTestTask.java:180)
	at org.junit.platform.engine.support.hierarchical.ThrowableCollector.execute(ThrowableCollector.java:74)
	at org.junit.platform.engine.support.hierarchical.NodeTestTask.lambda$executeRecursively$1(NodeTestTask.java:166)
	at org.junit.platform.engine.support.hierarchical.Node.around(Node.java:138)
	at org.junit.platform.engine.support.hierarchical.NodeTestTask.lambda$executeRecursively$0(NodeTestTask.java:164)
	at org.junit.platform.engine.support.hierarchical.ThrowableCollector.execute(ThrowableCollector.java:74)
	at org.junit.platform.engine.support.hierarchical.NodeTestTask.executeRecursively(NodeTestTask.java:163)
	at org.junit.platform.engine.support.hierarchical.NodeTestTask.execute(NodeTestTask.java:116)
	at org.junit.platform.engine.support.hierarchical.SameThreadHierarchicalTestExecutorService.submit(SameThreadHierarchicalTestExecutorService.java:36)
	at org.junit.platform.engine.support.hierarchical.HierarchicalTestExecutor.execute(HierarchicalTestExecutor.java:52)
	at org.junit.platform.engine.support.hierarchical.HierarchicalTestEngine.execute(HierarchicalTestEngine.java:58)
	at org.junit.platform.launcher.core.EngineExecutionOrchestrator.executeEngine(EngineExecutionOrchestrator.java:246)
	at org.junit.platform.launcher.core.EngineExecutionOrchestrator.failOrExecuteEngine(EngineExecutionOrchestrator.java:218)
	at org.junit.platform.launcher.core.EngineExecutionOrchestrator.execute(EngineExecutionOrchestrator.java:179)
	at org.junit.platform.launcher.core.EngineExecutionOrchestrator.execute(EngineExecutionOrchestrator.java:108)
	at org.junit.platform.launcher.core.EngineExecutionOrchestrator.lambda$execute$0(EngineExecutionOrchestrator.java:66)
	at org.junit.platform.launcher.core.EngineExecutionOrchestrator.withInterceptedStreams(EngineExecutionOrchestrator.java:157)
	at org.junit.platform.launcher.core.EngineExecutionOrchestrator.execute(EngineExecutionOrchestrator.java:65)
	at org.junit.platform.launcher.core.DefaultLauncher.execute(DefaultLauncher.java:125)
	at org.junit.platform.launcher.core.DefaultLauncher.execute(DefaultLauncher.java:114)
	at org.junit.platform.launcher.core.DelegatingLauncher.execute(DelegatingLauncher.java:58)
	at org.junit.platform.launcher.core.InterceptingLauncher.lambda$execute$2(InterceptingLauncher.java:57)
	at org.junit.platform.launcher.core.ClasspathAlignmentCheckingLauncherInterceptor.intercept(ClasspathAlignmentCheckingLauncherInterceptor.java:25)
	at org.junit.platform.launcher.core.InterceptingLauncher.execute(InterceptingLauncher.java:56)
	at org.junit.platform.launcher.core.DelegatingLauncher.execute(DelegatingLauncher.java:58)
	at java.base/jdk.internal.reflect.DirectMethodHandleAccessor.invoke(DirectMethodHandleAccessor.java:103)
	at java.base/java.lang.reflect.Method.invoke(Method.java:580)
	at org.apache.maven.surefire.api.util.ReflectionUtils.invokeMethodWithArray(ReflectionUtils.java:125)
	at org.apache.maven.surefire.junitplatform.LauncherAdapter.executeWithCancellationToken(LauncherAdapter.java:68)
	at org.apache.maven.surefire.junitplatform.LauncherAdapter.execute(LauncherAdapter.java:54)
	at org.apache.maven.surefire.junitplatform.JUnitPlatformProvider.execute(JUnitPlatformProvider.java:203)
	at org.apache.maven.surefire.junitplatform.JUnitPlatformProvider.invokeAllTests(JUnitPlatformProvider.java:168)
	at org.apache.maven.surefire.junitplatform.JUnitPlatformProvider.invoke(JUnitPlatformProvider.java:134)
	at org.apache.maven.surefire.booter.ForkedBooter.runSuitesInProcess(ForkedBooter.java:385)
	at org.apache.maven.surefire.booter.ForkedBooter.execute(ForkedBooter.java:162)
	at org.apache.maven.surefire.booter.ForkedBooter.run(ForkedBooter.java:507)
	at org.apache.maven.surefire.booter.ForkedBooter.main(ForkedBooter.java:495)
Caused by: com.mysql.cj.exceptions.CJCommunicationsException: Communications link failure

The last packet successfully received from the server was 6 milliseconds ago. The last packet sent successfully to the server was 6 milliseconds ago.
	at java.base/jdk.internal.reflect.DirectConstructorHandleAccessor.newInstance(DirectConstructorHandleAccessor.java:62)
	at java.base/java.lang.reflect.Constructor.newInstanceWithCaller(Constructor.java:502)
	at java.base/java.lang.reflect.Constructor.newInstance(Constructor.java:486)
	at com.mysql.cj.exceptions.ExceptionFactory.createException(ExceptionFactory.java:52)
	at com.mysql.cj.exceptions.ExceptionFactory.createException(ExceptionFactory.java:95)
	at com.mysql.cj.exceptions.ExceptionFactory.createException(ExceptionFactory.java:140)
	at com.mysql.cj.exceptions.ExceptionFactory.createCommunicationsException(ExceptionFactory.java:156)
	at com.mysql.cj.protocol.a.NativeProtocol.readMessage(NativeProtocol.java:590)
	at com.mysql.cj.protocol.a.NativeProtocol.checkErrorMessage(NativeProtocol.java:767)
	at com.mysql.cj.protocol.a.NativeProtocol.sendCommand(NativeProtocol.java:706)
	at com.mysql.cj.protocol.a.NativeProtocol.sendQueryPacket(NativeProtocol.java:938)
	at com.mysql.cj.NativeSession.execSQL(NativeSession.java:817)
	at com.mysql.cj.jdbc.ConnectionImpl.commit(ConnectionImpl.java:794)
	... 152 common frames omitted
Caused by: java.io.EOFException: Can not read response from server. Expected to read 4 bytes, read 0 bytes before connection was unexpectedly lost.
	at com.mysql.cj.protocol.FullReadInputStream.readFully(FullReadInputStream.java:58)
	at com.mysql.cj.protocol.a.SimplePacketReader.readHeaderLocal(SimplePacketReader.java:72)
	at com.mysql.cj.protocol.a.SimplePacketReader.readHeader(SimplePacketReader.java:54)
	at com.mysql.cj.protocol.a.SimplePacketReader.readHeader(SimplePacketReader.java:36)
	at com.mysql.cj.protocol.a.TimeTrackingPacketReader.readHeader(TimeTrackingPacketReader.java:43)
	at com.mysql.cj.protocol.a.TimeTrackingPacketReader.readHeader(TimeTrackingPacketReader.java:32)
	at com.mysql.cj.protocol.a.MultiPacketReader.readHeader(MultiPacketReader.java:45)
	at com.mysql.cj.protocol.a.MultiPacketReader.readHeader(MultiPacketReader.java:35)
	at com.mysql.cj.protocol.a.NativeProtocol.readMessage(NativeProtocol.java:584)
	... 157 common frames omitted
10:47:21.651 [main] WARN org.namewta.notify.adapter.event.InAppCommittedPushListener -- 站内实时提示失败，messageId=9220001, reason=IllegalStateException
10:47:21.690 [main] INFO com.baomidou.dynamic.datasource.DynamicRoutingDataSource -- dynamic-datasource start closing ....
10:47:21.690 [main] INFO com.baomidou.dynamic.datasource.DynamicRoutingDataSource -- dynamic-datasource all closed success,bye
10:47:21.690 [main] INFO com.zaxxer.hikari.HikariDataSource -- HikariPool-12 - Shutdown initiated...
10:47:21.720 [main] INFO com.zaxxer.hikari.HikariDataSource -- HikariPool-12 - Shutdown completed.
10:47:21.724 [main] INFO com.baomidou.dynamic.datasource.DynamicRoutingDataSource -- dynamic-datasource - add a datasource named [master] success
10:47:21.875 [main] INFO org.redisson.Version -- Redisson 4.6.1
10:47:21.880 [redisson-netty-38-1] INFO org.redisson.connection.ConnectionsHolder -- 1 connections initialized for 127.0.0.1/127.0.0.1:32831
10:47:21.880 [redisson-netty-38-2] INFO org.redisson.connection.ConnectionsHolder -- 1 connections initialized for 127.0.0.1/127.0.0.1:32831
10:47:21.902 [main] INFO com.zaxxer.hikari.HikariDataSource -- HikariPool-13 - Starting...
10:47:21.906 [main] INFO com.zaxxer.hikari.pool.HikariPool -- HikariPool-13 - Added connection com.mysql.cj.jdbc.ConnectionImpl@134c329a
10:47:21.906 [main] INFO com.zaxxer.hikari.HikariDataSource -- HikariPool-13 - Start completed.
10:47:21.929 [main] ERROR com.baomidou.dynamic.datasource.tx.ConnectionProxy -- owned lost commit acknowledgement
java.sql.SQLRecoverableException: owned lost commit acknowledgement
	at org.namewta.test.notify.NotifyAtomicResultIntegrationTest$1.lambda$getConnection$0(NotifyAtomicResultIntegrationTest.java:115)
	at jdk.proxy2/jdk.proxy2.$Proxy131.commit(Unknown Source)
	at com.baomidou.dynamic.datasource.tx.ConnectionProxy.notify(ConnectionProxy.java:62)
	at com.baomidou.dynamic.datasource.tx.ConnectionFactory.notify(ConnectionFactory.java:153)
	at com.baomidou.dynamic.datasource.tx.LocalTxUtil.commit(LocalTxUtil.java:91)
	at com.baomidou.dynamic.datasource.tx.TransactionalTemplate.doExecute(TransactionalTemplate.java:126)
	at com.baomidou.dynamic.datasource.tx.TransactionalTemplate.execute(TransactionalTemplate.java:94)
	at com.baomidou.dynamic.datasource.aop.DynamicLocalTransactionInterceptor.invoke(DynamicLocalTransactionInterceptor.java:59)
	at org.springframework.aop.framework.ReflectiveMethodInvocation.proceed(ReflectiveMethodInvocation.java:179)
	at org.springframework.aop.framework.CglibAopProxy$DynamicAdvisedInterceptor.intercept(CglibAopProxy.java:719)
	at org.namewta.notify.usecase.NotifyDispatchResultUseCase$$SpringCGLIB$$12.beginInAppAttempt(<generated>)
	at org.namewta.test.notify.NotifyAtomicResultIntegrationTest.lambda$uncertainBudgetCommitNeverEntersPersistBeforeReclaim$15(NotifyAtomicResultIntegrationTest.java:488)
	at org.assertj.core.api.ThrowableAssert.catchThrowable(ThrowableAssert.java:66)
	at org.assertj.core.api.AssertionsForClassTypes.catchThrowable(AssertionsForClassTypes.java:908)
	at org.assertj.core.api.Assertions.catchThrowable(Assertions.java:1476)
	at org.assertj.core.api.Assertions.assertThatThrownBy(Assertions.java:1319)
	at org.namewta.test.notify.NotifyAtomicResultIntegrationTest.uncertainBudgetCommitNeverEntersPersistBeforeReclaim(NotifyAtomicResultIntegrationTest.java:488)
	at java.base/jdk.internal.reflect.DirectMethodHandleAccessor.invoke(DirectMethodHandleAccessor.java:103)
	at java.base/java.lang.reflect.Method.invoke(Method.java:580)
	at org.junit.platform.commons.util.ReflectionUtils.invokeMethod(ReflectionUtils.java:701)
	at org.junit.platform.commons.support.ReflectionSupport.invokeMethod(ReflectionSupport.java:502)
	at org.junit.jupiter.engine.support.MethodReflectionUtils.invoke(MethodReflectionUtils.java:45)
	at org.junit.jupiter.engine.execution.MethodInvocation.proceed(MethodInvocation.java:61)
	at org.junit.jupiter.engine.execution.InvocationInterceptorChain$ValidatingInvocation.proceed(InvocationInterceptorChain.java:124)
	at org.junit.jupiter.engine.extension.TimeoutExtension.intercept(TimeoutExtension.java:163)
	at org.junit.jupiter.engine.extension.TimeoutExtension.interceptTestableMethod(TimeoutExtension.java:148)
	at org.junit.jupiter.engine.extension.TimeoutExtension.interceptTestTemplateMethod(TimeoutExtension.java:94)
	at org.junit.jupiter.engine.execution.InterceptingExecutableInvoker$ReflectiveInterceptorCall.lambda$ofVoidMethod$0(InterceptingExecutableInvoker.java:123)
	at org.junit.jupiter.engine.execution.InterceptingExecutableInvoker.lambda$invoke$0(InterceptingExecutableInvoker.java:105)
	at org.junit.jupiter.engine.execution.InvocationInterceptorChain$InterceptedInvocation.proceed(InvocationInterceptorChain.java:99)
	at org.junit.jupiter.engine.execution.InvocationInterceptorChain.proceed(InvocationInterceptorChain.java:66)
	at org.junit.jupiter.engine.execution.InvocationInterceptorChain.chainAndInvoke(InvocationInterceptorChain.java:47)
	at org.junit.jupiter.engine.execution.InvocationInterceptorChain.invoke(InvocationInterceptorChain.java:39)
	at org.junit.jupiter.engine.execution.InterceptingExecutableInvoker.invoke(InterceptingExecutableInvoker.java:104)
	at org.junit.jupiter.engine.execution.InterceptingExecutableInvoker.invoke(InterceptingExecutableInvoker.java:98)
	at org.junit.jupiter.engine.execution.InterceptingExecutableInvoker.invokeVoid(InterceptingExecutableInvoker.java:71)
	at org.junit.jupiter.engine.descriptor.TestMethodTestDescriptor.lambda$invokeTestMethod$0(TestMethodTestDescriptor.java:219)
	at org.junit.platform.engine.support.hierarchical.ThrowableCollector.execute(ThrowableCollector.java:74)
	at org.junit.jupiter.engine.descriptor.TestMethodTestDescriptor.invokeTestMethod(TestMethodTestDescriptor.java:215)
	at org.junit.jupiter.engine.descriptor.TestMethodTestDescriptor.execute(TestMethodTestDescriptor.java:157)
	at org.junit.jupiter.engine.descriptor.TestMethodTestDescriptor.execute(TestMethodTestDescriptor.java:70)
	at org.junit.platform.engine.support.hierarchical.NodeTestTask.lambda$executeRecursively$2(NodeTestTask.java:176)
	at org.junit.platform.engine.support.hierarchical.ThrowableCollector.execute(ThrowableCollector.java:74)
	at org.junit.platform.engine.support.hierarchical.NodeTestTask.lambda$executeRecursively$1(NodeTestTask.java:166)
	at org.junit.platform.engine.support.hierarchical.Node.around(Node.java:138)
	at org.junit.platform.engine.support.hierarchical.NodeTestTask.lambda$executeRecursively$0(NodeTestTask.java:164)
	at org.junit.platform.engine.support.hierarchical.ThrowableCollector.execute(ThrowableCollector.java:74)
	at org.junit.platform.engine.support.hierarchical.NodeTestTask.executeRecursively(NodeTestTask.java:163)
	at org.junit.platform.engine.support.hierarchical.NodeTestTask.execute(NodeTestTask.java:116)
	at org.junit.platform.engine.support.hierarchical.SameThreadHierarchicalTestExecutorService.submit(SameThreadHierarchicalTestExecutorService.java:36)
	at org.junit.platform.engine.support.hierarchical.NodeTestTask$DefaultDynamicTestExecutor.execute(NodeTestTask.java:268)
	at org.junit.platform.engine.support.hierarchical.NodeTestTask$DefaultDynamicTestExecutor.execute(NodeTestTask.java:246)
	at org.junit.jupiter.engine.descriptor.TemplateExecutor.execute(TemplateExecutor.java:96)
	at org.junit.jupiter.engine.descriptor.TemplateExecutor.lambda$executeForProvider$1(TemplateExecutor.java:59)
	at java.base/java.util.Optional.ifPresent(Optional.java:178)
	at org.junit.jupiter.engine.descriptor.TemplateExecutor.lambda$executeForProvider$0(TemplateExecutor.java:59)
	at java.base/java.util.stream.ForEachOps$ForEachOp$OfRef.accept(ForEachOps.java:184)
	at java.base/java.util.stream.ReferencePipeline$3$1.accept(ReferencePipeline.java:197)
	at java.base/java.util.stream.ForEachOps$ForEachOp$OfRef.accept(ForEachOps.java:184)
	at java.base/java.util.stream.ForEachOps$ForEachOp$OfRef.accept(ForEachOps.java:184)
	at java.base/java.util.stream.ReferencePipeline$3$1.accept(ReferencePipeline.java:197)
	at java.base/java.util.Spliterators$ArraySpliterator.forEachRemaining(Spliterators.java:1024)
	at java.base/java.util.stream.AbstractPipeline.copyInto(AbstractPipeline.java:509)
	at java.base/java.util.stream.AbstractPipeline.wrapAndCopyInto(AbstractPipeline.java:499)
	at java.base/java.util.stream.ForEachOps$ForEachOp.evaluateSequential(ForEachOps.java:151)
	at java.base/java.util.stream.ForEachOps$ForEachOp$OfRef.evaluateSequential(ForEachOps.java:174)
	at java.base/java.util.stream.AbstractPipeline.evaluate(AbstractPipeline.java:234)
	at java.base/java.util.stream.ReferencePipeline.forEach(ReferencePipeline.java:596)
	at java.base/java.util.stream.ReferencePipeline$7$1.accept(ReferencePipeline.java:276)
	at java.base/java.util.ArrayList$ArrayListSpliterator.forEachRemaining(ArrayList.java:1708)
	at java.base/java.util.stream.AbstractPipeline.copyInto(AbstractPipeline.java:509)
	at java.base/java.util.stream.AbstractPipeline.wrapAndCopyInto(AbstractPipeline.java:499)
	at java.base/java.util.stream.ForEachOps$ForEachOp.evaluateSequential(ForEachOps.java:151)
	at java.base/java.util.stream.ForEachOps$ForEachOp$OfRef.evaluateSequential(ForEachOps.java:174)
	at java.base/java.util.stream.AbstractPipeline.evaluate(AbstractPipeline.java:234)
	at java.base/java.util.stream.ReferencePipeline.forEach(ReferencePipeline.java:596)
	at java.base/java.util.stream.ReferencePipeline$7$1.accept(ReferencePipeline.java:276)
	at java.base/java.util.stream.ReferencePipeline$3$1.accept(ReferencePipeline.java:197)
	at java.base/java.util.stream.ReferencePipeline$3$1.accept(ReferencePipeline.java:197)
	at java.base/java.util.stream.ReferencePipeline$3$1.accept(ReferencePipeline.java:197)
	at java.base/java.util.AbstractList$RandomAccessSpliterator.forEachRemaining(AbstractList.java:722)
	at java.base/java.util.stream.AbstractPipeline.copyInto(AbstractPipeline.java:509)
	at java.base/java.util.stream.AbstractPipeline.wrapAndCopyInto(AbstractPipeline.java:499)
	at java.base/java.util.stream.ForEachOps$ForEachOp.evaluateSequential(ForEachOps.java:151)
	at java.base/java.util.stream.ForEachOps$ForEachOp$OfRef.evaluateSequential(ForEachOps.java:174)
	at java.base/java.util.stream.AbstractPipeline.evaluate(AbstractPipeline.java:234)
	at java.base/java.util.stream.ReferencePipeline.forEach(ReferencePipeline.java:596)
	at org.junit.jupiter.engine.descriptor.TemplateExecutor.executeForProvider(TemplateExecutor.java:57)
	at org.junit.jupiter.engine.descriptor.TemplateExecutor.execute(TemplateExecutor.java:46)
	at org.junit.jupiter.engine.descriptor.TestTemplateTestDescriptor.execute(TestTemplateTestDescriptor.java:112)
	at org.junit.jupiter.engine.descriptor.TestTemplateTestDescriptor.execute(TestTemplateTestDescriptor.java:40)
	at org.junit.platform.engine.support.hierarchical.NodeTestTask.lambda$executeRecursively$2(NodeTestTask.java:176)
	at org.junit.platform.engine.support.hierarchical.ThrowableCollector.execute(ThrowableCollector.java:74)
	at org.junit.platform.engine.support.hierarchical.NodeTestTask.lambda$executeRecursively$1(NodeTestTask.java:166)
	at org.junit.platform.engine.support.hierarchical.Node.around(Node.java:138)
	at org.junit.platform.engine.support.hierarchical.NodeTestTask.lambda$executeRecursively$0(NodeTestTask.java:164)
	at org.junit.platform.engine.support.hierarchical.ThrowableCollector.execute(ThrowableCollector.java:74)
	at org.junit.platform.engine.support.hierarchical.NodeTestTask.executeRecursively(NodeTestTask.java:163)
	at org.junit.platform.engine.support.hierarchical.NodeTestTask.execute(NodeTestTask.java:116)
	at java.base/java.util.ArrayList.forEach(ArrayList.java:1596)
	at org.junit.platform.engine.support.hierarchical.SameThreadHierarchicalTestExecutorService.invokeAll(SameThreadHierarchicalTestExecutorService.java:42)
	at org.junit.platform.engine.support.hierarchical.NodeTestTask.lambda$executeRecursively$2(NodeTestTask.java:180)
	at org.junit.platform.engine.support.hierarchical.ThrowableCollector.execute(ThrowableCollector.java:74)
	at org.junit.platform.engine.support.hierarchical.NodeTestTask.lambda$executeRecursively$1(NodeTestTask.java:166)
	at org.junit.platform.engine.support.hierarchical.Node.around(Node.java:138)
	at org.junit.platform.engine.support.hierarchical.NodeTestTask.lambda$executeRecursively$0(NodeTestTask.java:164)
	at org.junit.platform.engine.support.hierarchical.ThrowableCollector.execute(ThrowableCollector.java:74)
	at org.junit.platform.engine.support.hierarchical.NodeTestTask.executeRecursively(NodeTestTask.java:163)
	at org.junit.platform.engine.support.hierarchical.NodeTestTask.execute(NodeTestTask.java:116)
	at java.base/java.util.ArrayList.forEach(ArrayList.java:1596)
	at org.junit.platform.engine.support.hierarchical.SameThreadHierarchicalTestExecutorService.invokeAll(SameThreadHierarchicalTestExecutorService.java:42)
	at org.junit.platform.engine.support.hierarchical.NodeTestTask.lambda$executeRecursively$2(NodeTestTask.java:180)
	at org.junit.platform.engine.support.hierarchical.ThrowableCollector.execute(ThrowableCollector.java:74)
	at org.junit.platform.engine.support.hierarchical.NodeTestTask.lambda$executeRecursively$1(NodeTestTask.java:166)
	at org.junit.platform.engine.support.hierarchical.Node.around(Node.java:138)
	at org.junit.platform.engine.support.hierarchical.NodeTestTask.lambda$executeRecursively$0(NodeTestTask.java:164)
	at org.junit.platform.engine.support.hierarchical.ThrowableCollector.execute(ThrowableCollector.java:74)
	at org.junit.platform.engine.support.hierarchical.NodeTestTask.executeRecursively(NodeTestTask.java:163)
	at org.junit.platform.engine.support.hierarchical.NodeTestTask.execute(NodeTestTask.java:116)
	at org.junit.platform.engine.support.hierarchical.SameThreadHierarchicalTestExecutorService.submit(SameThreadHierarchicalTestExecutorService.java:36)
	at org.junit.platform.engine.support.hierarchical.HierarchicalTestExecutor.execute(HierarchicalTestExecutor.java:52)
	at org.junit.platform.engine.support.hierarchical.HierarchicalTestEngine.execute(HierarchicalTestEngine.java:58)
	at org.junit.platform.launcher.core.EngineExecutionOrchestrator.executeEngine(EngineExecutionOrchestrator.java:246)
	at org.junit.platform.launcher.core.EngineExecutionOrchestrator.failOrExecuteEngine(EngineExecutionOrchestrator.java:218)
	at org.junit.platform.launcher.core.EngineExecutionOrchestrator.execute(EngineExecutionOrchestrator.java:179)
	at org.junit.platform.launcher.core.EngineExecutionOrchestrator.execute(EngineExecutionOrchestrator.java:108)
	at org.junit.platform.launcher.core.EngineExecutionOrchestrator.lambda$execute$0(EngineExecutionOrchestrator.java:66)
	at org.junit.platform.launcher.core.EngineExecutionOrchestrator.withInterceptedStreams(EngineExecutionOrchestrator.java:157)
	at org.junit.platform.launcher.core.EngineExecutionOrchestrator.execute(EngineExecutionOrchestrator.java:65)
	at org.junit.platform.launcher.core.DefaultLauncher.execute(DefaultLauncher.java:125)
	at org.junit.platform.launcher.core.DefaultLauncher.execute(DefaultLauncher.java:114)
	at org.junit.platform.launcher.core.DelegatingLauncher.execute(DelegatingLauncher.java:58)
	at org.junit.platform.launcher.core.InterceptingLauncher.lambda$execute$2(InterceptingLauncher.java:57)
	at org.junit.platform.launcher.core.ClasspathAlignmentCheckingLauncherInterceptor.intercept(ClasspathAlignmentCheckingLauncherInterceptor.java:25)
	at org.junit.platform.launcher.core.InterceptingLauncher.execute(InterceptingLauncher.java:56)
	at org.junit.platform.launcher.core.DelegatingLauncher.execute(DelegatingLauncher.java:58)
	at java.base/jdk.internal.reflect.DirectMethodHandleAccessor.invoke(DirectMethodHandleAccessor.java:103)
	at java.base/java.lang.reflect.Method.invoke(Method.java:580)
	at org.apache.maven.surefire.api.util.ReflectionUtils.invokeMethodWithArray(ReflectionUtils.java:125)
	at org.apache.maven.surefire.junitplatform.LauncherAdapter.executeWithCancellationToken(LauncherAdapter.java:68)
	at org.apache.maven.surefire.junitplatform.LauncherAdapter.execute(LauncherAdapter.java:54)
	at org.apache.maven.surefire.junitplatform.JUnitPlatformProvider.execute(JUnitPlatformProvider.java:203)
	at org.apache.maven.surefire.junitplatform.JUnitPlatformProvider.invokeAllTests(JUnitPlatformProvider.java:168)
	at org.apache.maven.surefire.junitplatform.JUnitPlatformProvider.invoke(JUnitPlatformProvider.java:134)
	at org.apache.maven.surefire.booter.ForkedBooter.runSuitesInProcess(ForkedBooter.java:385)
	at org.apache.maven.surefire.booter.ForkedBooter.execute(ForkedBooter.java:162)
	at org.apache.maven.surefire.booter.ForkedBooter.run(ForkedBooter.java:507)
	at org.apache.maven.surefire.booter.ForkedBooter.main(ForkedBooter.java:495)
10:47:22.011 [main] WARN org.namewta.notify.adapter.event.InAppCommittedPushListener -- 站内实时提示失败，messageId=9220001, reason=IllegalStateException
10:47:22.033 [main] INFO com.baomidou.dynamic.datasource.DynamicRoutingDataSource -- dynamic-datasource start closing ....
10:47:22.033 [main] INFO com.baomidou.dynamic.datasource.DynamicRoutingDataSource -- dynamic-datasource all closed success,bye
10:47:22.033 [main] INFO com.zaxxer.hikari.HikariDataSource -- HikariPool-13 - Shutdown initiated...
10:47:22.041 [main] INFO com.zaxxer.hikari.HikariDataSource -- HikariPool-13 - Shutdown completed.
10:47:22.045 [main] INFO com.baomidou.dynamic.datasource.DynamicRoutingDataSource -- dynamic-datasource - add a datasource named [master] success
10:47:22.163 [main] INFO org.redisson.Version -- Redisson 4.6.1
10:47:22.170 [redisson-netty-41-2] INFO org.redisson.connection.ConnectionsHolder -- 1 connections initialized for 127.0.0.1/127.0.0.1:32831
10:47:22.171 [redisson-netty-41-1] INFO org.redisson.connection.ConnectionsHolder -- 1 connections initialized for 127.0.0.1/127.0.0.1:32831
10:47:22.190 [main] INFO com.zaxxer.hikari.HikariDataSource -- HikariPool-14 - Starting...
10:47:22.195 [main] INFO com.zaxxer.hikari.pool.HikariPool -- HikariPool-14 - Added connection com.mysql.cj.jdbc.ConnectionImpl@50f95c8
10:47:22.195 [main] INFO com.zaxxer.hikari.HikariDataSource -- HikariPool-14 - Start completed.
10:47:22.233 [main] WARN com.zaxxer.hikari.pool.ProxyConnection -- HikariPool-14 - Connection com.mysql.cj.jdbc.ConnectionImpl@50f95c8 marked as broken because of SQLSTATE(08S01), ErrorCode(0)
com.mysql.cj.jdbc.exceptions.CommunicationsException: Communications link failure

The last packet successfully received from the server was 10 milliseconds ago. The last packet sent successfully to the server was 10 milliseconds ago.
	at com.mysql.cj.jdbc.exceptions.SQLError.createCommunicationsException(SQLError.java:165)
	at com.mysql.cj.jdbc.exceptions.SQLExceptionsMapping.translateException(SQLExceptionsMapping.java:55)
	at com.mysql.cj.jdbc.ConnectionImpl.commit(ConnectionImpl.java:814)
	at com.zaxxer.hikari.pool.ProxyConnection.commit(ProxyConnection.java:378)
	at com.zaxxer.hikari.pool.HikariProxyConnection.commit(HikariProxyConnection.java)
	at java.base/jdk.internal.reflect.DirectMethodHandleAccessor.invoke(DirectMethodHandleAccessor.java:103)
	at java.base/java.lang.reflect.Method.invoke(Method.java:580)
	at org.namewta.test.notify.NotifyAtomicResultIntegrationTest$1.lambda$getConnection$0(NotifyAtomicResultIntegrationTest.java:118)
	at jdk.proxy2/jdk.proxy2.$Proxy131.commit(Unknown Source)
	at com.baomidou.dynamic.datasource.tx.ConnectionProxy.notify(ConnectionProxy.java:62)
	at com.baomidou.dynamic.datasource.tx.ConnectionFactory.notify(ConnectionFactory.java:153)
	at com.baomidou.dynamic.datasource.tx.LocalTxUtil.commit(LocalTxUtil.java:91)
	at com.baomidou.dynamic.datasource.tx.TransactionalTemplate.doExecute(TransactionalTemplate.java:126)
	at com.baomidou.dynamic.datasource.tx.TransactionalTemplate.execute(TransactionalTemplate.java:94)
	at com.baomidou.dynamic.datasource.aop.DynamicLocalTransactionInterceptor.invoke(DynamicLocalTransactionInterceptor.java:59)
	at org.springframework.aop.framework.ReflectiveMethodInvocation.proceed(ReflectiveMethodInvocation.java:179)
	at org.springframework.aop.framework.CglibAopProxy$DynamicAdvisedInterceptor.intercept(CglibAopProxy.java:719)
	at org.namewta.notify.usecase.ProviderCallbackUseCase$$SpringCGLIB$$14.apply(<generated>)
	at org.namewta.test.notify.NotifyAtomicResultIntegrationTest.callOn(NotifyAtomicResultIntegrationTest.java:1195)
	at org.namewta.test.notify.NotifyAtomicResultIntegrationTest.signedCallback(NotifyAtomicResultIntegrationTest.java:1189)
	at org.namewta.test.notify.NotifyAtomicResultIntegrationTest.callback(NotifyAtomicResultIntegrationTest.java:1186)
	at org.namewta.test.notify.NotifyAtomicResultIntegrationTest.lambda$commitDisconnectOrLostAcknowledgementCanRetryWithoutLosingTheEvent$45(NotifyAtomicResultIntegrationTest.java:915)
	at org.assertj.core.api.ThrowableAssert.catchThrowable(ThrowableAssert.java:66)
	at org.assertj.core.api.AssertionsForClassTypes.catchThrowable(AssertionsForClassTypes.java:908)
	at org.assertj.core.api.Assertions.catchThrowable(Assertions.java:1476)
	at org.assertj.core.api.Assertions.assertThatThrownBy(Assertions.java:1319)
	at org.namewta.test.notify.NotifyAtomicResultIntegrationTest.commitDisconnectOrLostAcknowledgementCanRetryWithoutLosingTheEvent(NotifyAtomicResultIntegrationTest.java:915)
	at java.base/jdk.internal.reflect.DirectMethodHandleAccessor.invoke(DirectMethodHandleAccessor.java:103)
	at java.base/java.lang.reflect.Method.invoke(Method.java:580)
	at org.junit.platform.commons.util.ReflectionUtils.invokeMethod(ReflectionUtils.java:701)
	at org.junit.platform.commons.support.ReflectionSupport.invokeMethod(ReflectionSupport.java:502)
	at org.junit.jupiter.engine.support.MethodReflectionUtils.invoke(MethodReflectionUtils.java:45)
	at org.junit.jupiter.engine.execution.MethodInvocation.proceed(MethodInvocation.java:61)
	at org.junit.jupiter.engine.execution.InvocationInterceptorChain$ValidatingInvocation.proceed(InvocationInterceptorChain.java:124)
	at org.junit.jupiter.engine.extension.TimeoutExtension.intercept(TimeoutExtension.java:163)
	at org.junit.jupiter.engine.extension.TimeoutExtension.interceptTestableMethod(TimeoutExtension.java:148)
	at org.junit.jupiter.engine.extension.TimeoutExtension.interceptTestTemplateMethod(TimeoutExtension.java:94)
	at org.junit.jupiter.engine.execution.InterceptingExecutableInvoker$ReflectiveInterceptorCall.lambda$ofVoidMethod$0(InterceptingExecutableInvoker.java:123)
	at org.junit.jupiter.engine.execution.InterceptingExecutableInvoker.lambda$invoke$0(InterceptingExecutableInvoker.java:105)
	at org.junit.jupiter.engine.execution.InvocationInterceptorChain$InterceptedInvocation.proceed(InvocationInterceptorChain.java:99)
	at org.junit.jupiter.engine.execution.InvocationInterceptorChain.proceed(InvocationInterceptorChain.java:66)
	at org.junit.jupiter.engine.execution.InvocationInterceptorChain.chainAndInvoke(InvocationInterceptorChain.java:47)
	at org.junit.jupiter.engine.execution.InvocationInterceptorChain.invoke(InvocationInterceptorChain.java:39)
	at org.junit.jupiter.engine.execution.InterceptingExecutableInvoker.invoke(InterceptingExecutableInvoker.java:104)
	at org.junit.jupiter.engine.execution.InterceptingExecutableInvoker.invoke(InterceptingExecutableInvoker.java:98)
	at org.junit.jupiter.engine.execution.InterceptingExecutableInvoker.invokeVoid(InterceptingExecutableInvoker.java:71)
	at org.junit.jupiter.engine.descriptor.TestMethodTestDescriptor.lambda$invokeTestMethod$0(TestMethodTestDescriptor.java:219)
	at org.junit.platform.engine.support.hierarchical.ThrowableCollector.execute(ThrowableCollector.java:74)
	at org.junit.jupiter.engine.descriptor.TestMethodTestDescriptor.invokeTestMethod(TestMethodTestDescriptor.java:215)
	at org.junit.jupiter.engine.descriptor.TestMethodTestDescriptor.execute(TestMethodTestDescriptor.java:157)
	at org.junit.jupiter.engine.descriptor.TestMethodTestDescriptor.execute(TestMethodTestDescriptor.java:70)
	at org.junit.platform.engine.support.hierarchical.NodeTestTask.lambda$executeRecursively$2(NodeTestTask.java:176)
	at org.junit.platform.engine.support.hierarchical.ThrowableCollector.execute(ThrowableCollector.java:74)
	at org.junit.platform.engine.support.hierarchical.NodeTestTask.lambda$executeRecursively$1(NodeTestTask.java:166)
	at org.junit.platform.engine.support.hierarchical.Node.around(Node.java:138)
	at org.junit.platform.engine.support.hierarchical.NodeTestTask.lambda$executeRecursively$0(NodeTestTask.java:164)
	at org.junit.platform.engine.support.hierarchical.ThrowableCollector.execute(ThrowableCollector.java:74)
	at org.junit.platform.engine.support.hierarchical.NodeTestTask.executeRecursively(NodeTestTask.java:163)
	at org.junit.platform.engine.support.hierarchical.NodeTestTask.execute(NodeTestTask.java:116)
	at org.junit.platform.engine.support.hierarchical.SameThreadHierarchicalTestExecutorService.submit(SameThreadHierarchicalTestExecutorService.java:36)
	at org.junit.platform.engine.support.hierarchical.NodeTestTask$DefaultDynamicTestExecutor.execute(NodeTestTask.java:268)
	at org.junit.platform.engine.support.hierarchical.NodeTestTask$DefaultDynamicTestExecutor.execute(NodeTestTask.java:246)
	at org.junit.jupiter.engine.descriptor.TemplateExecutor.execute(TemplateExecutor.java:96)
	at org.junit.jupiter.engine.descriptor.TemplateExecutor.lambda$executeForProvider$1(TemplateExecutor.java:59)
	at java.base/java.util.Optional.ifPresent(Optional.java:178)
	at org.junit.jupiter.engine.descriptor.TemplateExecutor.lambda$executeForProvider$0(TemplateExecutor.java:59)
	at java.base/java.util.stream.ForEachOps$ForEachOp$OfRef.accept(ForEachOps.java:184)
	at java.base/java.util.stream.ReferencePipeline$3$1.accept(ReferencePipeline.java:197)
	at java.base/java.util.stream.ForEachOps$ForEachOp$OfRef.accept(ForEachOps.java:184)
	at java.base/java.util.ArrayList$ArrayListSpliterator.forEachRemaining(ArrayList.java:1708)
	at java.base/java.util.stream.ReferencePipeline$Head.forEach(ReferencePipeline.java:762)
	at java.base/java.util.stream.ReferencePipeline$7$1.accept(ReferencePipeline.java:276)
	at java.base/java.util.ArrayList$ArrayListSpliterator.forEachRemaining(ArrayList.java:1708)
	at java.base/java.util.stream.AbstractPipeline.copyInto(AbstractPipeline.java:509)
	at java.base/java.util.stream.AbstractPipeline.wrapAndCopyInto(AbstractPipeline.java:499)
	at java.base/java.util.stream.ForEachOps$ForEachOp.evaluateSequential(ForEachOps.java:151)
	at java.base/java.util.stream.ForEachOps$ForEachOp$OfRef.evaluateSequential(ForEachOps.java:174)
	at java.base/java.util.stream.AbstractPipeline.evaluate(AbstractPipeline.java:234)
	at java.base/java.util.stream.ReferencePipeline.forEach(ReferencePipeline.java:596)
	at java.base/java.util.stream.ReferencePipeline$7$1.accept(ReferencePipeline.java:276)
	at java.base/java.util.stream.ReferencePipeline$3$1.accept(ReferencePipeline.java:197)
	at java.base/java.util.stream.ReferencePipeline$3$1.accept(ReferencePipeline.java:197)
	at java.base/java.util.stream.ReferencePipeline$3$1.accept(ReferencePipeline.java:197)
	at java.base/java.util.AbstractList$RandomAccessSpliterator.forEachRemaining(AbstractList.java:722)
	at java.base/java.util.stream.AbstractPipeline.copyInto(AbstractPipeline.java:509)
	at java.base/java.util.stream.AbstractPipeline.wrapAndCopyInto(AbstractPipeline.java:499)
	at java.base/java.util.stream.ForEachOps$ForEachOp.evaluateSequential(ForEachOps.java:151)
	at java.base/java.util.stream.ForEachOps$ForEachOp$OfRef.evaluateSequential(ForEachOps.java:174)
	at java.base/java.util.stream.AbstractPipeline.evaluate(AbstractPipeline.java:234)
	at java.base/java.util.stream.ReferencePipeline.forEach(ReferencePipeline.java:596)
	at org.junit.jupiter.engine.descriptor.TemplateExecutor.executeForProvider(TemplateExecutor.java:57)
	at org.junit.jupiter.engine.descriptor.TemplateExecutor.execute(TemplateExecutor.java:46)
	at org.junit.jupiter.engine.descriptor.TestTemplateTestDescriptor.execute(TestTemplateTestDescriptor.java:112)
	at org.junit.jupiter.engine.descriptor.TestTemplateTestDescriptor.execute(TestTemplateTestDescriptor.java:40)
	at org.junit.platform.engine.support.hierarchical.NodeTestTask.lambda$executeRecursively$2(NodeTestTask.java:176)
	at org.junit.platform.engine.support.hierarchical.ThrowableCollector.execute(ThrowableCollector.java:74)
	at org.junit.platform.engine.support.hierarchical.NodeTestTask.lambda$executeRecursively$1(NodeTestTask.java:166)
	at org.junit.platform.engine.support.hierarchical.Node.around(Node.java:138)
	at org.junit.platform.engine.support.hierarchical.NodeTestTask.lambda$executeRecursively$0(NodeTestTask.java:164)
	at org.junit.platform.engine.support.hierarchical.ThrowableCollector.execute(ThrowableCollector.java:74)
	at org.junit.platform.engine.support.hierarchical.NodeTestTask.executeRecursively(NodeTestTask.java:163)
	at org.junit.platform.engine.support.hierarchical.NodeTestTask.execute(NodeTestTask.java:116)
	at java.base/java.util.ArrayList.forEach(ArrayList.java:1596)
	at org.junit.platform.engine.support.hierarchical.SameThreadHierarchicalTestExecutorService.invokeAll(SameThreadHierarchicalTestExecutorService.java:42)
	at org.junit.platform.engine.support.hierarchical.NodeTestTask.lambda$executeRecursively$2(NodeTestTask.java:180)
	at org.junit.platform.engine.support.hierarchical.ThrowableCollector.execute(ThrowableCollector.java:74)
	at org.junit.platform.engine.support.hierarchical.NodeTestTask.lambda$executeRecursively$1(NodeTestTask.java:166)
	at org.junit.platform.engine.support.hierarchical.Node.around(Node.java:138)
	at org.junit.platform.engine.support.hierarchical.NodeTestTask.lambda$executeRecursively$0(NodeTestTask.java:164)
	at org.junit.platform.engine.support.hierarchical.ThrowableCollector.execute(ThrowableCollector.java:74)
	at org.junit.platform.engine.support.hierarchical.NodeTestTask.executeRecursively(NodeTestTask.java:163)
	at org.junit.platform.engine.support.hierarchical.NodeTestTask.execute(NodeTestTask.java:116)
	at java.base/java.util.ArrayList.forEach(ArrayList.java:1596)
	at org.junit.platform.engine.support.hierarchical.SameThreadHierarchicalTestExecutorService.invokeAll(SameThreadHierarchicalTestExecutorService.java:42)
	at org.junit.platform.engine.support.hierarchical.NodeTestTask.lambda$executeRecursively$2(NodeTestTask.java:180)
	at org.junit.platform.engine.support.hierarchical.ThrowableCollector.execute(ThrowableCollector.java:74)
	at org.junit.platform.engine.support.hierarchical.NodeTestTask.lambda$executeRecursively$1(NodeTestTask.java:166)
	at org.junit.platform.engine.support.hierarchical.Node.around(Node.java:138)
	at org.junit.platform.engine.support.hierarchical.NodeTestTask.lambda$executeRecursively$0(NodeTestTask.java:164)
	at org.junit.platform.engine.support.hierarchical.ThrowableCollector.execute(ThrowableCollector.java:74)
	at org.junit.platform.engine.support.hierarchical.NodeTestTask.executeRecursively(NodeTestTask.java:163)
	at org.junit.platform.engine.support.hierarchical.NodeTestTask.execute(NodeTestTask.java:116)
	at org.junit.platform.engine.support.hierarchical.SameThreadHierarchicalTestExecutorService.submit(SameThreadHierarchicalTestExecutorService.java:36)
	at org.junit.platform.engine.support.hierarchical.HierarchicalTestExecutor.execute(HierarchicalTestExecutor.java:52)
	at org.junit.platform.engine.support.hierarchical.HierarchicalTestEngine.execute(HierarchicalTestEngine.java:58)
	at org.junit.platform.launcher.core.EngineExecutionOrchestrator.executeEngine(EngineExecutionOrchestrator.java:246)
	at org.junit.platform.launcher.core.EngineExecutionOrchestrator.failOrExecuteEngine(EngineExecutionOrchestrator.java:218)
	at org.junit.platform.launcher.core.EngineExecutionOrchestrator.execute(EngineExecutionOrchestrator.java:179)
	at org.junit.platform.launcher.core.EngineExecutionOrchestrator.execute(EngineExecutionOrchestrator.java:108)
	at org.junit.platform.launcher.core.EngineExecutionOrchestrator.lambda$execute$0(EngineExecutionOrchestrator.java:66)
	at org.junit.platform.launcher.core.EngineExecutionOrchestrator.withInterceptedStreams(EngineExecutionOrchestrator.java:157)
	at org.junit.platform.launcher.core.EngineExecutionOrchestrator.execute(EngineExecutionOrchestrator.java:65)
	at org.junit.platform.launcher.core.DefaultLauncher.execute(DefaultLauncher.java:125)
	at org.junit.platform.launcher.core.DefaultLauncher.execute(DefaultLauncher.java:114)
	at org.junit.platform.launcher.core.DelegatingLauncher.execute(DelegatingLauncher.java:58)
	at org.junit.platform.launcher.core.InterceptingLauncher.lambda$execute$2(InterceptingLauncher.java:57)
	at org.junit.platform.launcher.core.ClasspathAlignmentCheckingLauncherInterceptor.intercept(ClasspathAlignmentCheckingLauncherInterceptor.java:25)
	at org.junit.platform.launcher.core.InterceptingLauncher.execute(InterceptingLauncher.java:56)
	at org.junit.platform.launcher.core.DelegatingLauncher.execute(DelegatingLauncher.java:58)
	at java.base/jdk.internal.reflect.DirectMethodHandleAccessor.invoke(DirectMethodHandleAccessor.java:103)
	at java.base/java.lang.reflect.Method.invoke(Method.java:580)
	at org.apache.maven.surefire.api.util.ReflectionUtils.invokeMethodWithArray(ReflectionUtils.java:125)
	at org.apache.maven.surefire.junitplatform.LauncherAdapter.executeWithCancellationToken(LauncherAdapter.java:68)
	at org.apache.maven.surefire.junitplatform.LauncherAdapter.execute(LauncherAdapter.java:54)
	at org.apache.maven.surefire.junitplatform.JUnitPlatformProvider.execute(JUnitPlatformProvider.java:203)
	at org.apache.maven.surefire.junitplatform.JUnitPlatformProvider.invokeAllTests(JUnitPlatformProvider.java:168)
	at org.apache.maven.surefire.junitplatform.JUnitPlatformProvider.invoke(JUnitPlatformProvider.java:134)
	at org.apache.maven.surefire.booter.ForkedBooter.runSuitesInProcess(ForkedBooter.java:385)
	at org.apache.maven.surefire.booter.ForkedBooter.execute(ForkedBooter.java:162)
	at org.apache.maven.surefire.booter.ForkedBooter.run(ForkedBooter.java:507)
	at org.apache.maven.surefire.booter.ForkedBooter.main(ForkedBooter.java:495)
Caused by: com.mysql.cj.exceptions.CJCommunicationsException: Communications link failure

The last packet successfully received from the server was 10 milliseconds ago. The last packet sent successfully to the server was 10 milliseconds ago.
	at java.base/jdk.internal.reflect.DirectConstructorHandleAccessor.newInstance(DirectConstructorHandleAccessor.java:62)
	at java.base/java.lang.reflect.Constructor.newInstanceWithCaller(Constructor.java:502)
	at java.base/java.lang.reflect.Constructor.newInstance(Constructor.java:486)
	at com.mysql.cj.exceptions.ExceptionFactory.createException(ExceptionFactory.java:52)
	at com.mysql.cj.exceptions.ExceptionFactory.createException(ExceptionFactory.java:95)
	at com.mysql.cj.exceptions.ExceptionFactory.createException(ExceptionFactory.java:140)
	at com.mysql.cj.exceptions.ExceptionFactory.createCommunicationsException(ExceptionFactory.java:156)
	at com.mysql.cj.protocol.a.NativeProtocol.readMessage(NativeProtocol.java:590)
	at com.mysql.cj.protocol.a.NativeProtocol.checkErrorMessage(NativeProtocol.java:767)
	at com.mysql.cj.protocol.a.NativeProtocol.sendCommand(NativeProtocol.java:706)
	at com.mysql.cj.protocol.a.NativeProtocol.sendQueryPacket(NativeProtocol.java:938)
	at com.mysql.cj.NativeSession.execSQL(NativeSession.java:817)
	at com.mysql.cj.jdbc.ConnectionImpl.commit(ConnectionImpl.java:794)
	... 148 common frames omitted
Caused by: java.io.EOFException: Can not read response from server. Expected to read 4 bytes, read 0 bytes before connection was unexpectedly lost.
	at com.mysql.cj.protocol.FullReadInputStream.readFully(FullReadInputStream.java:58)
	at com.mysql.cj.protocol.a.SimplePacketReader.readHeaderLocal(SimplePacketReader.java:72)
	at com.mysql.cj.protocol.a.SimplePacketReader.readHeader(SimplePacketReader.java:54)
	at com.mysql.cj.protocol.a.SimplePacketReader.readHeader(SimplePacketReader.java:36)
	at com.mysql.cj.protocol.a.TimeTrackingPacketReader.readHeader(TimeTrackingPacketReader.java:43)
	at com.mysql.cj.protocol.a.TimeTrackingPacketReader.readHeader(TimeTrackingPacketReader.java:32)
	at com.mysql.cj.protocol.a.MultiPacketReader.readHeader(MultiPacketReader.java:45)
	at com.mysql.cj.protocol.a.MultiPacketReader.readHeader(MultiPacketReader.java:35)
	at com.mysql.cj.protocol.a.NativeProtocol.readMessage(NativeProtocol.java:584)
	... 153 common frames omitted
10:47:22.234 [main] ERROR com.baomidou.dynamic.datasource.tx.ConnectionProxy -- Communications link failure

The last packet successfully received from the server was 10 milliseconds ago. The last packet sent successfully to the server was 10 milliseconds ago.
com.mysql.cj.jdbc.exceptions.CommunicationsException: Communications link failure

The last packet successfully received from the server was 10 milliseconds ago. The last packet sent successfully to the server was 10 milliseconds ago.
	at com.mysql.cj.jdbc.exceptions.SQLError.createCommunicationsException(SQLError.java:165)
	at com.mysql.cj.jdbc.exceptions.SQLExceptionsMapping.translateException(SQLExceptionsMapping.java:55)
	at com.mysql.cj.jdbc.ConnectionImpl.commit(ConnectionImpl.java:814)
	at com.zaxxer.hikari.pool.ProxyConnection.commit(ProxyConnection.java:378)
	at com.zaxxer.hikari.pool.HikariProxyConnection.commit(HikariProxyConnection.java)
	at java.base/jdk.internal.reflect.DirectMethodHandleAccessor.invoke(DirectMethodHandleAccessor.java:103)
	at java.base/java.lang.reflect.Method.invoke(Method.java:580)
	at org.namewta.test.notify.NotifyAtomicResultIntegrationTest$1.lambda$getConnection$0(NotifyAtomicResultIntegrationTest.java:118)
	at jdk.proxy2/jdk.proxy2.$Proxy131.commit(Unknown Source)
	at com.baomidou.dynamic.datasource.tx.ConnectionProxy.notify(ConnectionProxy.java:62)
	at com.baomidou.dynamic.datasource.tx.ConnectionFactory.notify(ConnectionFactory.java:153)
	at com.baomidou.dynamic.datasource.tx.LocalTxUtil.commit(LocalTxUtil.java:91)
	at com.baomidou.dynamic.datasource.tx.TransactionalTemplate.doExecute(TransactionalTemplate.java:126)
	at com.baomidou.dynamic.datasource.tx.TransactionalTemplate.execute(TransactionalTemplate.java:94)
	at com.baomidou.dynamic.datasource.aop.DynamicLocalTransactionInterceptor.invoke(DynamicLocalTransactionInterceptor.java:59)
	at org.springframework.aop.framework.ReflectiveMethodInvocation.proceed(ReflectiveMethodInvocation.java:179)
	at org.springframework.aop.framework.CglibAopProxy$DynamicAdvisedInterceptor.intercept(CglibAopProxy.java:719)
	at org.namewta.notify.usecase.ProviderCallbackUseCase$$SpringCGLIB$$14.apply(<generated>)
	at org.namewta.test.notify.NotifyAtomicResultIntegrationTest.callOn(NotifyAtomicResultIntegrationTest.java:1195)
	at org.namewta.test.notify.NotifyAtomicResultIntegrationTest.signedCallback(NotifyAtomicResultIntegrationTest.java:1189)
	at org.namewta.test.notify.NotifyAtomicResultIntegrationTest.callback(NotifyAtomicResultIntegrationTest.java:1186)
	at org.namewta.test.notify.NotifyAtomicResultIntegrationTest.lambda$commitDisconnectOrLostAcknowledgementCanRetryWithoutLosingTheEvent$45(NotifyAtomicResultIntegrationTest.java:915)
	at org.assertj.core.api.ThrowableAssert.catchThrowable(ThrowableAssert.java:66)
	at org.assertj.core.api.AssertionsForClassTypes.catchThrowable(AssertionsForClassTypes.java:908)
	at org.assertj.core.api.Assertions.catchThrowable(Assertions.java:1476)
	at org.assertj.core.api.Assertions.assertThatThrownBy(Assertions.java:1319)
	at org.namewta.test.notify.NotifyAtomicResultIntegrationTest.commitDisconnectOrLostAcknowledgementCanRetryWithoutLosingTheEvent(NotifyAtomicResultIntegrationTest.java:915)
	at java.base/jdk.internal.reflect.DirectMethodHandleAccessor.invoke(DirectMethodHandleAccessor.java:103)
	at java.base/java.lang.reflect.Method.invoke(Method.java:580)
	at org.junit.platform.commons.util.ReflectionUtils.invokeMethod(ReflectionUtils.java:701)
	at org.junit.platform.commons.support.ReflectionSupport.invokeMethod(ReflectionSupport.java:502)
	at org.junit.jupiter.engine.support.MethodReflectionUtils.invoke(MethodReflectionUtils.java:45)
	at org.junit.jupiter.engine.execution.MethodInvocation.proceed(MethodInvocation.java:61)
	at org.junit.jupiter.engine.execution.InvocationInterceptorChain$ValidatingInvocation.proceed(InvocationInterceptorChain.java:124)
	at org.junit.jupiter.engine.extension.TimeoutExtension.intercept(TimeoutExtension.java:163)
	at org.junit.jupiter.engine.extension.TimeoutExtension.interceptTestableMethod(TimeoutExtension.java:148)
	at org.junit.jupiter.engine.extension.TimeoutExtension.interceptTestTemplateMethod(TimeoutExtension.java:94)
	at org.junit.jupiter.engine.execution.InterceptingExecutableInvoker$ReflectiveInterceptorCall.lambda$ofVoidMethod$0(InterceptingExecutableInvoker.java:123)
	at org.junit.jupiter.engine.execution.InterceptingExecutableInvoker.lambda$invoke$0(InterceptingExecutableInvoker.java:105)
	at org.junit.jupiter.engine.execution.InvocationInterceptorChain$InterceptedInvocation.proceed(InvocationInterceptorChain.java:99)
	at org.junit.jupiter.engine.execution.InvocationInterceptorChain.proceed(InvocationInterceptorChain.java:66)
	at org.junit.jupiter.engine.execution.InvocationInterceptorChain.chainAndInvoke(InvocationInterceptorChain.java:47)
	at org.junit.jupiter.engine.execution.InvocationInterceptorChain.invoke(InvocationInterceptorChain.java:39)
	at org.junit.jupiter.engine.execution.InterceptingExecutableInvoker.invoke(InterceptingExecutableInvoker.java:104)
	at org.junit.jupiter.engine.execution.InterceptingExecutableInvoker.invoke(InterceptingExecutableInvoker.java:98)
	at org.junit.jupiter.engine.execution.InterceptingExecutableInvoker.invokeVoid(InterceptingExecutableInvoker.java:71)
	at org.junit.jupiter.engine.descriptor.TestMethodTestDescriptor.lambda$invokeTestMethod$0(TestMethodTestDescriptor.java:219)
	at org.junit.platform.engine.support.hierarchical.ThrowableCollector.execute(ThrowableCollector.java:74)
	at org.junit.jupiter.engine.descriptor.TestMethodTestDescriptor.invokeTestMethod(TestMethodTestDescriptor.java:215)
	at org.junit.jupiter.engine.descriptor.TestMethodTestDescriptor.execute(TestMethodTestDescriptor.java:157)
	at org.junit.jupiter.engine.descriptor.TestMethodTestDescriptor.execute(TestMethodTestDescriptor.java:70)
	at org.junit.platform.engine.support.hierarchical.NodeTestTask.lambda$executeRecursively$2(NodeTestTask.java:176)
	at org.junit.platform.engine.support.hierarchical.ThrowableCollector.execute(ThrowableCollector.java:74)
	at org.junit.platform.engine.support.hierarchical.NodeTestTask.lambda$executeRecursively$1(NodeTestTask.java:166)
	at org.junit.platform.engine.support.hierarchical.Node.around(Node.java:138)
	at org.junit.platform.engine.support.hierarchical.NodeTestTask.lambda$executeRecursively$0(NodeTestTask.java:164)
	at org.junit.platform.engine.support.hierarchical.ThrowableCollector.execute(ThrowableCollector.java:74)
	at org.junit.platform.engine.support.hierarchical.NodeTestTask.executeRecursively(NodeTestTask.java:163)
	at org.junit.platform.engine.support.hierarchical.NodeTestTask.execute(NodeTestTask.java:116)
	at org.junit.platform.engine.support.hierarchical.SameThreadHierarchicalTestExecutorService.submit(SameThreadHierarchicalTestExecutorService.java:36)
	at org.junit.platform.engine.support.hierarchical.NodeTestTask$DefaultDynamicTestExecutor.execute(NodeTestTask.java:268)
	at org.junit.platform.engine.support.hierarchical.NodeTestTask$DefaultDynamicTestExecutor.execute(NodeTestTask.java:246)
	at org.junit.jupiter.engine.descriptor.TemplateExecutor.execute(TemplateExecutor.java:96)
	at org.junit.jupiter.engine.descriptor.TemplateExecutor.lambda$executeForProvider$1(TemplateExecutor.java:59)
	at java.base/java.util.Optional.ifPresent(Optional.java:178)
	at org.junit.jupiter.engine.descriptor.TemplateExecutor.lambda$executeForProvider$0(TemplateExecutor.java:59)
	at java.base/java.util.stream.ForEachOps$ForEachOp$OfRef.accept(ForEachOps.java:184)
	at java.base/java.util.stream.ReferencePipeline$3$1.accept(ReferencePipeline.java:197)
	at java.base/java.util.stream.ForEachOps$ForEachOp$OfRef.accept(ForEachOps.java:184)
	at java.base/java.util.ArrayList$ArrayListSpliterator.forEachRemaining(ArrayList.java:1708)
	at java.base/java.util.stream.ReferencePipeline$Head.forEach(ReferencePipeline.java:762)
	at java.base/java.util.stream.ReferencePipeline$7$1.accept(ReferencePipeline.java:276)
	at java.base/java.util.ArrayList$ArrayListSpliterator.forEachRemaining(ArrayList.java:1708)
	at java.base/java.util.stream.AbstractPipeline.copyInto(AbstractPipeline.java:509)
	at java.base/java.util.stream.AbstractPipeline.wrapAndCopyInto(AbstractPipeline.java:499)
	at java.base/java.util.stream.ForEachOps$ForEachOp.evaluateSequential(ForEachOps.java:151)
	at java.base/java.util.stream.ForEachOps$ForEachOp$OfRef.evaluateSequential(ForEachOps.java:174)
	at java.base/java.util.stream.AbstractPipeline.evaluate(AbstractPipeline.java:234)
	at java.base/java.util.stream.ReferencePipeline.forEach(ReferencePipeline.java:596)
	at java.base/java.util.stream.ReferencePipeline$7$1.accept(ReferencePipeline.java:276)
	at java.base/java.util.stream.ReferencePipeline$3$1.accept(ReferencePipeline.java:197)
	at java.base/java.util.stream.ReferencePipeline$3$1.accept(ReferencePipeline.java:197)
	at java.base/java.util.stream.ReferencePipeline$3$1.accept(ReferencePipeline.java:197)
	at java.base/java.util.AbstractList$RandomAccessSpliterator.forEachRemaining(AbstractList.java:722)
	at java.base/java.util.stream.AbstractPipeline.copyInto(AbstractPipeline.java:509)
	at java.base/java.util.stream.AbstractPipeline.wrapAndCopyInto(AbstractPipeline.java:499)
	at java.base/java.util.stream.ForEachOps$ForEachOp.evaluateSequential(ForEachOps.java:151)
	at java.base/java.util.stream.ForEachOps$ForEachOp$OfRef.evaluateSequential(ForEachOps.java:174)
	at java.base/java.util.stream.AbstractPipeline.evaluate(AbstractPipeline.java:234)
	at java.base/java.util.stream.ReferencePipeline.forEach(ReferencePipeline.java:596)
	at org.junit.jupiter.engine.descriptor.TemplateExecutor.executeForProvider(TemplateExecutor.java:57)
	at org.junit.jupiter.engine.descriptor.TemplateExecutor.execute(TemplateExecutor.java:46)
	at org.junit.jupiter.engine.descriptor.TestTemplateTestDescriptor.execute(TestTemplateTestDescriptor.java:112)
	at org.junit.jupiter.engine.descriptor.TestTemplateTestDescriptor.execute(TestTemplateTestDescriptor.java:40)
	at org.junit.platform.engine.support.hierarchical.NodeTestTask.lambda$executeRecursively$2(NodeTestTask.java:176)
	at org.junit.platform.engine.support.hierarchical.ThrowableCollector.execute(ThrowableCollector.java:74)
	at org.junit.platform.engine.support.hierarchical.NodeTestTask.lambda$executeRecursively$1(NodeTestTask.java:166)
	at org.junit.platform.engine.support.hierarchical.Node.around(Node.java:138)
	at org.junit.platform.engine.support.hierarchical.NodeTestTask.lambda$executeRecursively$0(NodeTestTask.java:164)
	at org.junit.platform.engine.support.hierarchical.ThrowableCollector.execute(ThrowableCollector.java:74)
	at org.junit.platform.engine.support.hierarchical.NodeTestTask.executeRecursively(NodeTestTask.java:163)
	at org.junit.platform.engine.support.hierarchical.NodeTestTask.execute(NodeTestTask.java:116)
	at java.base/java.util.ArrayList.forEach(ArrayList.java:1596)
	at org.junit.platform.engine.support.hierarchical.SameThreadHierarchicalTestExecutorService.invokeAll(SameThreadHierarchicalTestExecutorService.java:42)
	at org.junit.platform.engine.support.hierarchical.NodeTestTask.lambda$executeRecursively$2(NodeTestTask.java:180)
	at org.junit.platform.engine.support.hierarchical.ThrowableCollector.execute(ThrowableCollector.java:74)
	at org.junit.platform.engine.support.hierarchical.NodeTestTask.lambda$executeRecursively$1(NodeTestTask.java:166)
	at org.junit.platform.engine.support.hierarchical.Node.around(Node.java:138)
	at org.junit.platform.engine.support.hierarchical.NodeTestTask.lambda$executeRecursively$0(NodeTestTask.java:164)
	at org.junit.platform.engine.support.hierarchical.ThrowableCollector.execute(ThrowableCollector.java:74)
	at org.junit.platform.engine.support.hierarchical.NodeTestTask.executeRecursively(NodeTestTask.java:163)
	at org.junit.platform.engine.support.hierarchical.NodeTestTask.execute(NodeTestTask.java:116)
	at java.base/java.util.ArrayList.forEach(ArrayList.java:1596)
	at org.junit.platform.engine.support.hierarchical.SameThreadHierarchicalTestExecutorService.invokeAll(SameThreadHierarchicalTestExecutorService.java:42)
	at org.junit.platform.engine.support.hierarchical.NodeTestTask.lambda$executeRecursively$2(NodeTestTask.java:180)
	at org.junit.platform.engine.support.hierarchical.ThrowableCollector.execute(ThrowableCollector.java:74)
	at org.junit.platform.engine.support.hierarchical.NodeTestTask.lambda$executeRecursively$1(NodeTestTask.java:166)
	at org.junit.platform.engine.support.hierarchical.Node.around(Node.java:138)
	at org.junit.platform.engine.support.hierarchical.NodeTestTask.lambda$executeRecursively$0(NodeTestTask.java:164)
	at org.junit.platform.engine.support.hierarchical.ThrowableCollector.execute(ThrowableCollector.java:74)
	at org.junit.platform.engine.support.hierarchical.NodeTestTask.executeRecursively(NodeTestTask.java:163)
	at org.junit.platform.engine.support.hierarchical.NodeTestTask.execute(NodeTestTask.java:116)
	at org.junit.platform.engine.support.hierarchical.SameThreadHierarchicalTestExecutorService.submit(SameThreadHierarchicalTestExecutorService.java:36)
	at org.junit.platform.engine.support.hierarchical.HierarchicalTestExecutor.execute(HierarchicalTestExecutor.java:52)
	at org.junit.platform.engine.support.hierarchical.HierarchicalTestEngine.execute(HierarchicalTestEngine.java:58)
	at org.junit.platform.launcher.core.EngineExecutionOrchestrator.executeEngine(EngineExecutionOrchestrator.java:246)
	at org.junit.platform.launcher.core.EngineExecutionOrchestrator.failOrExecuteEngine(EngineExecutionOrchestrator.java:218)
	at org.junit.platform.launcher.core.EngineExecutionOrchestrator.execute(EngineExecutionOrchestrator.java:179)
	at org.junit.platform.launcher.core.EngineExecutionOrchestrator.execute(EngineExecutionOrchestrator.java:108)
	at org.junit.platform.launcher.core.EngineExecutionOrchestrator.lambda$execute$0(EngineExecutionOrchestrator.java:66)
	at org.junit.platform.launcher.core.EngineExecutionOrchestrator.withInterceptedStreams(EngineExecutionOrchestrator.java:157)
	at org.junit.platform.launcher.core.EngineExecutionOrchestrator.execute(EngineExecutionOrchestrator.java:65)
	at org.junit.platform.launcher.core.DefaultLauncher.execute(DefaultLauncher.java:125)
	at org.junit.platform.launcher.core.DefaultLauncher.execute(DefaultLauncher.java:114)
	at org.junit.platform.launcher.core.DelegatingLauncher.execute(DelegatingLauncher.java:58)
	at org.junit.platform.launcher.core.InterceptingLauncher.lambda$execute$2(InterceptingLauncher.java:57)
	at org.junit.platform.launcher.core.ClasspathAlignmentCheckingLauncherInterceptor.intercept(ClasspathAlignmentCheckingLauncherInterceptor.java:25)
	at org.junit.platform.launcher.core.InterceptingLauncher.execute(InterceptingLauncher.java:56)
	at org.junit.platform.launcher.core.DelegatingLauncher.execute(DelegatingLauncher.java:58)
	at java.base/jdk.internal.reflect.DirectMethodHandleAccessor.invoke(DirectMethodHandleAccessor.java:103)
	at java.base/java.lang.reflect.Method.invoke(Method.java:580)
	at org.apache.maven.surefire.api.util.ReflectionUtils.invokeMethodWithArray(ReflectionUtils.java:125)
	at org.apache.maven.surefire.junitplatform.LauncherAdapter.executeWithCancellationToken(LauncherAdapter.java:68)
	at org.apache.maven.surefire.junitplatform.LauncherAdapter.execute(LauncherAdapter.java:54)
	at org.apache.maven.surefire.junitplatform.JUnitPlatformProvider.execute(JUnitPlatformProvider.java:203)
	at org.apache.maven.surefire.junitplatform.JUnitPlatformProvider.invokeAllTests(JUnitPlatformProvider.java:168)
	at org.apache.maven.surefire.junitplatform.JUnitPlatformProvider.invoke(JUnitPlatformProvider.java:134)
	at org.apache.maven.surefire.booter.ForkedBooter.runSuitesInProcess(ForkedBooter.java:385)
	at org.apache.maven.surefire.booter.ForkedBooter.execute(ForkedBooter.java:162)
	at org.apache.maven.surefire.booter.ForkedBooter.run(ForkedBooter.java:507)
	at org.apache.maven.surefire.booter.ForkedBooter.main(ForkedBooter.java:495)
Caused by: com.mysql.cj.exceptions.CJCommunicationsException: Communications link failure

The last packet successfully received from the server was 10 milliseconds ago. The last packet sent successfully to the server was 10 milliseconds ago.
	at java.base/jdk.internal.reflect.DirectConstructorHandleAccessor.newInstance(DirectConstructorHandleAccessor.java:62)
	at java.base/java.lang.reflect.Constructor.newInstanceWithCaller(Constructor.java:502)
	at java.base/java.lang.reflect.Constructor.newInstance(Constructor.java:486)
	at com.mysql.cj.exceptions.ExceptionFactory.createException(ExceptionFactory.java:52)
	at com.mysql.cj.exceptions.ExceptionFactory.createException(ExceptionFactory.java:95)
	at com.mysql.cj.exceptions.ExceptionFactory.createException(ExceptionFactory.java:140)
	at com.mysql.cj.exceptions.ExceptionFactory.createCommunicationsException(ExceptionFactory.java:156)
	at com.mysql.cj.protocol.a.NativeProtocol.readMessage(NativeProtocol.java:590)
	at com.mysql.cj.protocol.a.NativeProtocol.checkErrorMessage(NativeProtocol.java:767)
	at com.mysql.cj.protocol.a.NativeProtocol.sendCommand(NativeProtocol.java:706)
	at com.mysql.cj.protocol.a.NativeProtocol.sendQueryPacket(NativeProtocol.java:938)
	at com.mysql.cj.NativeSession.execSQL(NativeSession.java:817)
	at com.mysql.cj.jdbc.ConnectionImpl.commit(ConnectionImpl.java:794)
	... 148 common frames omitted
Caused by: java.io.EOFException: Can not read response from server. Expected to read 4 bytes, read 0 bytes before connection was unexpectedly lost.
	at com.mysql.cj.protocol.FullReadInputStream.readFully(FullReadInputStream.java:58)
	at com.mysql.cj.protocol.a.SimplePacketReader.readHeaderLocal(SimplePacketReader.java:72)
	at com.mysql.cj.protocol.a.SimplePacketReader.readHeader(SimplePacketReader.java:54)
	at com.mysql.cj.protocol.a.SimplePacketReader.readHeader(SimplePacketReader.java:36)
	at com.mysql.cj.protocol.a.TimeTrackingPacketReader.readHeader(TimeTrackingPacketReader.java:43)
	at com.mysql.cj.protocol.a.TimeTrackingPacketReader.readHeader(TimeTrackingPacketReader.java:32)
	at com.mysql.cj.protocol.a.MultiPacketReader.readHeader(MultiPacketReader.java:45)
	at com.mysql.cj.protocol.a.MultiPacketReader.readHeader(MultiPacketReader.java:35)
	at com.mysql.cj.protocol.a.NativeProtocol.readMessage(NativeProtocol.java:584)
	... 153 common frames omitted
10:47:22.272 [main] INFO com.baomidou.dynamic.datasource.DynamicRoutingDataSource -- dynamic-datasource start closing ....
10:47:22.272 [main] INFO com.baomidou.dynamic.datasource.DynamicRoutingDataSource -- dynamic-datasource all closed success,bye
10:47:22.272 [main] INFO com.zaxxer.hikari.HikariDataSource -- HikariPool-14 - Shutdown initiated...
10:47:22.295 [main] INFO com.zaxxer.hikari.HikariDataSource -- HikariPool-14 - Shutdown completed.
10:47:22.297 [main] INFO com.baomidou.dynamic.datasource.DynamicRoutingDataSource -- dynamic-datasource - add a datasource named [master] success
10:47:22.396 [main] INFO org.redisson.Version -- Redisson 4.6.1
10:47:22.400 [redisson-netty-44-1] INFO org.redisson.connection.ConnectionsHolder -- 1 connections initialized for 127.0.0.1/127.0.0.1:32831
10:47:22.400 [redisson-netty-44-2] INFO org.redisson.connection.ConnectionsHolder -- 1 connections initialized for 127.0.0.1/127.0.0.1:32831
10:47:22.418 [main] INFO com.zaxxer.hikari.HikariDataSource -- HikariPool-15 - Starting...
10:47:22.423 [main] INFO com.zaxxer.hikari.pool.HikariPool -- HikariPool-15 - Added connection com.mysql.cj.jdbc.ConnectionImpl@2fb90f1
10:47:22.423 [main] INFO com.zaxxer.hikari.HikariDataSource -- HikariPool-15 - Start completed.
10:47:22.458 [main] ERROR com.baomidou.dynamic.datasource.tx.ConnectionProxy -- owned lost commit acknowledgement
java.sql.SQLRecoverableException: owned lost commit acknowledgement
	at org.namewta.test.notify.NotifyAtomicResultIntegrationTest$1.lambda$getConnection$0(NotifyAtomicResultIntegrationTest.java:115)
	at jdk.proxy2/jdk.proxy2.$Proxy131.commit(Unknown Source)
	at com.baomidou.dynamic.datasource.tx.ConnectionProxy.notify(ConnectionProxy.java:62)
	at com.baomidou.dynamic.datasource.tx.ConnectionFactory.notify(ConnectionFactory.java:153)
	at com.baomidou.dynamic.datasource.tx.LocalTxUtil.commit(LocalTxUtil.java:91)
	at com.baomidou.dynamic.datasource.tx.TransactionalTemplate.doExecute(TransactionalTemplate.java:126)
	at com.baomidou.dynamic.datasource.tx.TransactionalTemplate.execute(TransactionalTemplate.java:94)
	at com.baomidou.dynamic.datasource.aop.DynamicLocalTransactionInterceptor.invoke(DynamicLocalTransactionInterceptor.java:59)
	at org.springframework.aop.framework.ReflectiveMethodInvocation.proceed(ReflectiveMethodInvocation.java:179)
	at org.springframework.aop.framework.CglibAopProxy$DynamicAdvisedInterceptor.intercept(CglibAopProxy.java:719)
	at org.namewta.notify.usecase.ProviderCallbackUseCase$$SpringCGLIB$$15.apply(<generated>)
	at org.namewta.test.notify.NotifyAtomicResultIntegrationTest.callOn(NotifyAtomicResultIntegrationTest.java:1195)
	at org.namewta.test.notify.NotifyAtomicResultIntegrationTest.signedCallback(NotifyAtomicResultIntegrationTest.java:1189)
	at org.namewta.test.notify.NotifyAtomicResultIntegrationTest.callback(NotifyAtomicResultIntegrationTest.java:1186)
	at org.namewta.test.notify.NotifyAtomicResultIntegrationTest.lambda$commitDisconnectOrLostAcknowledgementCanRetryWithoutLosingTheEvent$45(NotifyAtomicResultIntegrationTest.java:915)
	at org.assertj.core.api.ThrowableAssert.catchThrowable(ThrowableAssert.java:66)
	at org.assertj.core.api.AssertionsForClassTypes.catchThrowable(AssertionsForClassTypes.java:908)
	at org.assertj.core.api.Assertions.catchThrowable(Assertions.java:1476)
	at org.assertj.core.api.Assertions.assertThatThrownBy(Assertions.java:1319)
	at org.namewta.test.notify.NotifyAtomicResultIntegrationTest.commitDisconnectOrLostAcknowledgementCanRetryWithoutLosingTheEvent(NotifyAtomicResultIntegrationTest.java:915)
	at java.base/jdk.internal.reflect.DirectMethodHandleAccessor.invoke(DirectMethodHandleAccessor.java:103)
	at java.base/java.lang.reflect.Method.invoke(Method.java:580)
	at org.junit.platform.commons.util.ReflectionUtils.invokeMethod(ReflectionUtils.java:701)
	at org.junit.platform.commons.support.ReflectionSupport.invokeMethod(ReflectionSupport.java:502)
	at org.junit.jupiter.engine.support.MethodReflectionUtils.invoke(MethodReflectionUtils.java:45)
	at org.junit.jupiter.engine.execution.MethodInvocation.proceed(MethodInvocation.java:61)
	at org.junit.jupiter.engine.execution.InvocationInterceptorChain$ValidatingInvocation.proceed(InvocationInterceptorChain.java:124)
	at org.junit.jupiter.engine.extension.TimeoutExtension.intercept(TimeoutExtension.java:163)
	at org.junit.jupiter.engine.extension.TimeoutExtension.interceptTestableMethod(TimeoutExtension.java:148)
	at org.junit.jupiter.engine.extension.TimeoutExtension.interceptTestTemplateMethod(TimeoutExtension.java:94)
	at org.junit.jupiter.engine.execution.InterceptingExecutableInvoker$ReflectiveInterceptorCall.lambda$ofVoidMethod$0(InterceptingExecutableInvoker.java:123)
	at org.junit.jupiter.engine.execution.InterceptingExecutableInvoker.lambda$invoke$0(InterceptingExecutableInvoker.java:105)
	at org.junit.jupiter.engine.execution.InvocationInterceptorChain$InterceptedInvocation.proceed(InvocationInterceptorChain.java:99)
	at org.junit.jupiter.engine.execution.InvocationInterceptorChain.proceed(InvocationInterceptorChain.java:66)
	at org.junit.jupiter.engine.execution.InvocationInterceptorChain.chainAndInvoke(InvocationInterceptorChain.java:47)
	at org.junit.jupiter.engine.execution.InvocationInterceptorChain.invoke(InvocationInterceptorChain.java:39)
	at org.junit.jupiter.engine.execution.InterceptingExecutableInvoker.invoke(InterceptingExecutableInvoker.java:104)
	at org.junit.jupiter.engine.execution.InterceptingExecutableInvoker.invoke(InterceptingExecutableInvoker.java:98)
	at org.junit.jupiter.engine.execution.InterceptingExecutableInvoker.invokeVoid(InterceptingExecutableInvoker.java:71)
	at org.junit.jupiter.engine.descriptor.TestMethodTestDescriptor.lambda$invokeTestMethod$0(TestMethodTestDescriptor.java:219)
	at org.junit.platform.engine.support.hierarchical.ThrowableCollector.execute(ThrowableCollector.java:74)
	at org.junit.jupiter.engine.descriptor.TestMethodTestDescriptor.invokeTestMethod(TestMethodTestDescriptor.java:215)
	at org.junit.jupiter.engine.descriptor.TestMethodTestDescriptor.execute(TestMethodTestDescriptor.java:157)
	at org.junit.jupiter.engine.descriptor.TestMethodTestDescriptor.execute(TestMethodTestDescriptor.java:70)
	at org.junit.platform.engine.support.hierarchical.NodeTestTask.lambda$executeRecursively$2(NodeTestTask.java:176)
	at org.junit.platform.engine.support.hierarchical.ThrowableCollector.execute(ThrowableCollector.java:74)
	at org.junit.platform.engine.support.hierarchical.NodeTestTask.lambda$executeRecursively$1(NodeTestTask.java:166)
	at org.junit.platform.engine.support.hierarchical.Node.around(Node.java:138)
	at org.junit.platform.engine.support.hierarchical.NodeTestTask.lambda$executeRecursively$0(NodeTestTask.java:164)
	at org.junit.platform.engine.support.hierarchical.ThrowableCollector.execute(ThrowableCollector.java:74)
	at org.junit.platform.engine.support.hierarchical.NodeTestTask.executeRecursively(NodeTestTask.java:163)
	at org.junit.platform.engine.support.hierarchical.NodeTestTask.execute(NodeTestTask.java:116)
	at org.junit.platform.engine.support.hierarchical.SameThreadHierarchicalTestExecutorService.submit(SameThreadHierarchicalTestExecutorService.java:36)
	at org.junit.platform.engine.support.hierarchical.NodeTestTask$DefaultDynamicTestExecutor.execute(NodeTestTask.java:268)
	at org.junit.platform.engine.support.hierarchical.NodeTestTask$DefaultDynamicTestExecutor.execute(NodeTestTask.java:246)
	at org.junit.jupiter.engine.descriptor.TemplateExecutor.execute(TemplateExecutor.java:96)
	at org.junit.jupiter.engine.descriptor.TemplateExecutor.lambda$executeForProvider$1(TemplateExecutor.java:59)
	at java.base/java.util.Optional.ifPresent(Optional.java:178)
	at org.junit.jupiter.engine.descriptor.TemplateExecutor.lambda$executeForProvider$0(TemplateExecutor.java:59)
	at java.base/java.util.stream.ForEachOps$ForEachOp$OfRef.accept(ForEachOps.java:184)
	at java.base/java.util.stream.ReferencePipeline$3$1.accept(ReferencePipeline.java:197)
	at java.base/java.util.stream.ForEachOps$ForEachOp$OfRef.accept(ForEachOps.java:184)
	at java.base/java.util.ArrayList$ArrayListSpliterator.forEachRemaining(ArrayList.java:1708)
	at java.base/java.util.stream.ReferencePipeline$Head.forEach(ReferencePipeline.java:762)
	at java.base/java.util.stream.ReferencePipeline$7$1.accept(ReferencePipeline.java:276)
	at java.base/java.util.ArrayList$ArrayListSpliterator.forEachRemaining(ArrayList.java:1708)
	at java.base/java.util.stream.AbstractPipeline.copyInto(AbstractPipeline.java:509)
	at java.base/java.util.stream.AbstractPipeline.wrapAndCopyInto(AbstractPipeline.java:499)
	at java.base/java.util.stream.ForEachOps$ForEachOp.evaluateSequential(ForEachOps.java:151)
	at java.base/java.util.stream.ForEachOps$ForEachOp$OfRef.evaluateSequential(ForEachOps.java:174)
	at java.base/java.util.stream.AbstractPipeline.evaluate(AbstractPipeline.java:234)
	at java.base/java.util.stream.ReferencePipeline.forEach(ReferencePipeline.java:596)
	at java.base/java.util.stream.ReferencePipeline$7$1.accept(ReferencePipeline.java:276)
	at java.base/java.util.stream.ReferencePipeline$3$1.accept(ReferencePipeline.java:197)
	at java.base/java.util.stream.ReferencePipeline$3$1.accept(ReferencePipeline.java:197)
	at java.base/java.util.stream.ReferencePipeline$3$1.accept(ReferencePipeline.java:197)
	at java.base/java.util.AbstractList$RandomAccessSpliterator.forEachRemaining(AbstractList.java:722)
	at java.base/java.util.stream.AbstractPipeline.copyInto(AbstractPipeline.java:509)
	at java.base/java.util.stream.AbstractPipeline.wrapAndCopyInto(AbstractPipeline.java:499)
	at java.base/java.util.stream.ForEachOps$ForEachOp.evaluateSequential(ForEachOps.java:151)
	at java.base/java.util.stream.ForEachOps$ForEachOp$OfRef.evaluateSequential(ForEachOps.java:174)
	at java.base/java.util.stream.AbstractPipeline.evaluate(AbstractPipeline.java:234)
	at java.base/java.util.stream.ReferencePipeline.forEach(ReferencePipeline.java:596)
	at org.junit.jupiter.engine.descriptor.TemplateExecutor.executeForProvider(TemplateExecutor.java:57)
	at org.junit.jupiter.engine.descriptor.TemplateExecutor.execute(TemplateExecutor.java:46)
	at org.junit.jupiter.engine.descriptor.TestTemplateTestDescriptor.execute(TestTemplateTestDescriptor.java:112)
	at org.junit.jupiter.engine.descriptor.TestTemplateTestDescriptor.execute(TestTemplateTestDescriptor.java:40)
	at org.junit.platform.engine.support.hierarchical.NodeTestTask.lambda$executeRecursively$2(NodeTestTask.java:176)
	at org.junit.platform.engine.support.hierarchical.ThrowableCollector.execute(ThrowableCollector.java:74)
	at org.junit.platform.engine.support.hierarchical.NodeTestTask.lambda$executeRecursively$1(NodeTestTask.java:166)
	at org.junit.platform.engine.support.hierarchical.Node.around(Node.java:138)
	at org.junit.platform.engine.support.hierarchical.NodeTestTask.lambda$executeRecursively$0(NodeTestTask.java:164)
	at org.junit.platform.engine.support.hierarchical.ThrowableCollector.execute(ThrowableCollector.java:74)
	at org.junit.platform.engine.support.hierarchical.NodeTestTask.executeRecursively(NodeTestTask.java:163)
	at org.junit.platform.engine.support.hierarchical.NodeTestTask.execute(NodeTestTask.java:116)
	at java.base/java.util.ArrayList.forEach(ArrayList.java:1596)
	at org.junit.platform.engine.support.hierarchical.SameThreadHierarchicalTestExecutorService.invokeAll(SameThreadHierarchicalTestExecutorService.java:42)
	at org.junit.platform.engine.support.hierarchical.NodeTestTask.lambda$executeRecursively$2(NodeTestTask.java:180)
	at org.junit.platform.engine.support.hierarchical.ThrowableCollector.execute(ThrowableCollector.java:74)
	at org.junit.platform.engine.support.hierarchical.NodeTestTask.lambda$executeRecursively$1(NodeTestTask.java:166)
	at org.junit.platform.engine.support.hierarchical.Node.around(Node.java:138)
	at org.junit.platform.engine.support.hierarchical.NodeTestTask.lambda$executeRecursively$0(NodeTestTask.java:164)
	at org.junit.platform.engine.support.hierarchical.ThrowableCollector.execute(ThrowableCollector.java:74)
	at org.junit.platform.engine.support.hierarchical.NodeTestTask.executeRecursively(NodeTestTask.java:163)
	at org.junit.platform.engine.support.hierarchical.NodeTestTask.execute(NodeTestTask.java:116)
	at java.base/java.util.ArrayList.forEach(ArrayList.java:1596)
	at org.junit.platform.engine.support.hierarchical.SameThreadHierarchicalTestExecutorService.invokeAll(SameThreadHierarchicalTestExecutorService.java:42)
	at org.junit.platform.engine.support.hierarchical.NodeTestTask.lambda$executeRecursively$2(NodeTestTask.java:180)
	at org.junit.platform.engine.support.hierarchical.ThrowableCollector.execute(ThrowableCollector.java:74)
	at org.junit.platform.engine.support.hierarchical.NodeTestTask.lambda$executeRecursively$1(NodeTestTask.java:166)
	at org.junit.platform.engine.support.hierarchical.Node.around(Node.java:138)
	at org.junit.platform.engine.support.hierarchical.NodeTestTask.lambda$executeRecursively$0(NodeTestTask.java:164)
	at org.junit.platform.engine.support.hierarchical.ThrowableCollector.execute(ThrowableCollector.java:74)
	at org.junit.platform.engine.support.hierarchical.NodeTestTask.executeRecursively(NodeTestTask.java:163)
	at org.junit.platform.engine.support.hierarchical.NodeTestTask.execute(NodeTestTask.java:116)
	at org.junit.platform.engine.support.hierarchical.SameThreadHierarchicalTestExecutorService.submit(SameThreadHierarchicalTestExecutorService.java:36)
	at org.junit.platform.engine.support.hierarchical.HierarchicalTestExecutor.execute(HierarchicalTestExecutor.java:52)
	at org.junit.platform.engine.support.hierarchical.HierarchicalTestEngine.execute(HierarchicalTestEngine.java:58)
	at org.junit.platform.launcher.core.EngineExecutionOrchestrator.executeEngine(EngineExecutionOrchestrator.java:246)
	at org.junit.platform.launcher.core.EngineExecutionOrchestrator.failOrExecuteEngine(EngineExecutionOrchestrator.java:218)
	at org.junit.platform.launcher.core.EngineExecutionOrchestrator.execute(EngineExecutionOrchestrator.java:179)
	at org.junit.platform.launcher.core.EngineExecutionOrchestrator.execute(EngineExecutionOrchestrator.java:108)
	at org.junit.platform.launcher.core.EngineExecutionOrchestrator.lambda$execute$0(EngineExecutionOrchestrator.java:66)
	at org.junit.platform.launcher.core.EngineExecutionOrchestrator.withInterceptedStreams(EngineExecutionOrchestrator.java:157)
	at org.junit.platform.launcher.core.EngineExecutionOrchestrator.execute(EngineExecutionOrchestrator.java:65)
	at org.junit.platform.launcher.core.DefaultLauncher.execute(DefaultLauncher.java:125)
	at org.junit.platform.launcher.core.DefaultLauncher.execute(DefaultLauncher.java:114)
	at org.junit.platform.launcher.core.DelegatingLauncher.execute(DelegatingLauncher.java:58)
	at org.junit.platform.launcher.core.InterceptingLauncher.lambda$execute$2(InterceptingLauncher.java:57)
	at org.junit.platform.launcher.core.ClasspathAlignmentCheckingLauncherInterceptor.intercept(ClasspathAlignmentCheckingLauncherInterceptor.java:25)
	at org.junit.platform.launcher.core.InterceptingLauncher.execute(InterceptingLauncher.java:56)
	at org.junit.platform.launcher.core.DelegatingLauncher.execute(DelegatingLauncher.java:58)
	at java.base/jdk.internal.reflect.DirectMethodHandleAccessor.invoke(DirectMethodHandleAccessor.java:103)
	at java.base/java.lang.reflect.Method.invoke(Method.java:580)
	at org.apache.maven.surefire.api.util.ReflectionUtils.invokeMethodWithArray(ReflectionUtils.java:125)
	at org.apache.maven.surefire.junitplatform.LauncherAdapter.executeWithCancellationToken(LauncherAdapter.java:68)
	at org.apache.maven.surefire.junitplatform.LauncherAdapter.execute(LauncherAdapter.java:54)
	at org.apache.maven.surefire.junitplatform.JUnitPlatformProvider.execute(JUnitPlatformProvider.java:203)
	at org.apache.maven.surefire.junitplatform.JUnitPlatformProvider.invokeAllTests(JUnitPlatformProvider.java:168)
	at org.apache.maven.surefire.junitplatform.JUnitPlatformProvider.invoke(JUnitPlatformProvider.java:134)
	at org.apache.maven.surefire.booter.ForkedBooter.runSuitesInProcess(ForkedBooter.java:385)
	at org.apache.maven.surefire.booter.ForkedBooter.execute(ForkedBooter.java:162)
	at org.apache.maven.surefire.booter.ForkedBooter.run(ForkedBooter.java:507)
	at org.apache.maven.surefire.booter.ForkedBooter.main(ForkedBooter.java:495)
10:47:22.491 [main] INFO com.baomidou.dynamic.datasource.DynamicRoutingDataSource -- dynamic-datasource start closing ....
10:47:22.492 [main] INFO com.baomidou.dynamic.datasource.DynamicRoutingDataSource -- dynamic-datasource all closed success,bye
10:47:22.492 [main] INFO com.zaxxer.hikari.HikariDataSource -- HikariPool-15 - Shutdown initiated...
10:47:22.492 [main] INFO com.zaxxer.hikari.HikariDataSource -- HikariPool-15 - Shutdown completed.
10:47:22.495 [main] INFO com.baomidou.dynamic.datasource.DynamicRoutingDataSource -- dynamic-datasource - add a datasource named [master] success
10:47:22.626 [main] INFO org.redisson.Version -- Redisson 4.6.1
10:47:22.631 [redisson-netty-47-1] INFO org.redisson.connection.ConnectionsHolder -- 1 connections initialized for 127.0.0.1/127.0.0.1:32831
10:47:22.631 [redisson-netty-47-2] INFO org.redisson.connection.ConnectionsHolder -- 1 connections initialized for 127.0.0.1/127.0.0.1:32831
10:47:22.648 [main] INFO com.zaxxer.hikari.HikariDataSource -- HikariPool-16 - Starting...
10:47:22.654 [main] INFO com.zaxxer.hikari.pool.HikariPool -- HikariPool-16 - Added connection com.mysql.cj.jdbc.ConnectionImpl@12899f13
10:47:22.654 [main] INFO com.zaxxer.hikari.HikariDataSource -- HikariPool-16 - Start completed.
10:47:22.728 [main] WARN com.zaxxer.hikari.pool.ProxyConnection -- HikariPool-16 - Connection com.mysql.cj.jdbc.ConnectionImpl@12899f13 marked as broken because of SQLSTATE(08S01), ErrorCode(0)
com.mysql.cj.jdbc.exceptions.CommunicationsException: Communications link failure

The last packet successfully received from the server was 5 milliseconds ago. The last packet sent successfully to the server was 5 milliseconds ago.
	at com.mysql.cj.jdbc.exceptions.SQLError.createCommunicationsException(SQLError.java:165)
	at com.mysql.cj.jdbc.exceptions.SQLExceptionsMapping.translateException(SQLExceptionsMapping.java:55)
	at com.mysql.cj.jdbc.ConnectionImpl.commit(ConnectionImpl.java:814)
	at com.zaxxer.hikari.pool.ProxyConnection.commit(ProxyConnection.java:378)
	at com.zaxxer.hikari.pool.HikariProxyConnection.commit(HikariProxyConnection.java)
	at java.base/jdk.internal.reflect.DirectMethodHandleAccessor.invoke(DirectMethodHandleAccessor.java:103)
	at java.base/java.lang.reflect.Method.invoke(Method.java:580)
	at org.namewta.test.notify.NotifyAtomicResultIntegrationTest$1.lambda$getConnection$0(NotifyAtomicResultIntegrationTest.java:118)
	at jdk.proxy2/jdk.proxy2.$Proxy131.commit(Unknown Source)
	at com.baomidou.dynamic.datasource.tx.ConnectionProxy.notify(ConnectionProxy.java:62)
	at com.baomidou.dynamic.datasource.tx.ConnectionFactory.notify(ConnectionFactory.java:153)
	at com.baomidou.dynamic.datasource.tx.LocalTxUtil.commit(LocalTxUtil.java:91)
	at com.baomidou.dynamic.datasource.tx.TransactionalTemplate.doExecute(TransactionalTemplate.java:126)
	at com.baomidou.dynamic.datasource.tx.TransactionalTemplate.execute(TransactionalTemplate.java:94)
	at com.baomidou.dynamic.datasource.aop.DynamicLocalTransactionInterceptor.invoke(DynamicLocalTransactionInterceptor.java:59)
	at org.springframework.aop.framework.ReflectiveMethodInvocation.proceed(ReflectiveMethodInvocation.java:179)
	at org.springframework.aop.framework.CglibAopProxy$DynamicAdvisedInterceptor.intercept(CglibAopProxy.java:719)
	at org.namewta.notify.usecase.NotifyDispatchResultUseCase$$SpringCGLIB$$15.completeInApp(<generated>)
	at org.namewta.notify.service.runtime.DispatchNotificationService.dispatchInApp(DispatchNotificationService.java:223)
	at org.namewta.notify.service.runtime.DispatchNotificationService.dispatch(DispatchNotificationService.java:92)
	at org.namewta.test.notify.NotifyAtomicResultIntegrationTest.lambda$uncertainResultCommitUsesDurableFactsToPreventDuplicateInbox$17(NotifyAtomicResultIntegrationTest.java:508)
	at org.assertj.core.api.ThrowableAssert.catchThrowable(ThrowableAssert.java:66)
	at org.assertj.core.api.AssertionsForClassTypes.catchThrowable(AssertionsForClassTypes.java:908)
	at org.assertj.core.api.Assertions.catchThrowable(Assertions.java:1476)
	at org.assertj.core.api.Assertions.assertThatThrownBy(Assertions.java:1319)
	at org.namewta.test.notify.NotifyAtomicResultIntegrationTest.uncertainResultCommitUsesDurableFactsToPreventDuplicateInbox(NotifyAtomicResultIntegrationTest.java:508)
	at java.base/jdk.internal.reflect.DirectMethodHandleAccessor.invoke(DirectMethodHandleAccessor.java:103)
	at java.base/java.lang.reflect.Method.invoke(Method.java:580)
	at org.junit.platform.commons.util.ReflectionUtils.invokeMethod(ReflectionUtils.java:701)
	at org.junit.platform.commons.support.ReflectionSupport.invokeMethod(ReflectionSupport.java:502)
	at org.junit.jupiter.engine.support.MethodReflectionUtils.invoke(MethodReflectionUtils.java:45)
	at org.junit.jupiter.engine.execution.MethodInvocation.proceed(MethodInvocation.java:61)
	at org.junit.jupiter.engine.execution.InvocationInterceptorChain$ValidatingInvocation.proceed(InvocationInterceptorChain.java:124)
	at org.junit.jupiter.engine.extension.TimeoutExtension.intercept(TimeoutExtension.java:163)
	at org.junit.jupiter.engine.extension.TimeoutExtension.interceptTestableMethod(TimeoutExtension.java:148)
	at org.junit.jupiter.engine.extension.TimeoutExtension.interceptTestTemplateMethod(TimeoutExtension.java:94)
	at org.junit.jupiter.engine.execution.InterceptingExecutableInvoker$ReflectiveInterceptorCall.lambda$ofVoidMethod$0(InterceptingExecutableInvoker.java:123)
	at org.junit.jupiter.engine.execution.InterceptingExecutableInvoker.lambda$invoke$0(InterceptingExecutableInvoker.java:105)
	at org.junit.jupiter.engine.execution.InvocationInterceptorChain$InterceptedInvocation.proceed(InvocationInterceptorChain.java:99)
	at org.junit.jupiter.engine.execution.InvocationInterceptorChain.proceed(InvocationInterceptorChain.java:66)
	at org.junit.jupiter.engine.execution.InvocationInterceptorChain.chainAndInvoke(InvocationInterceptorChain.java:47)
	at org.junit.jupiter.engine.execution.InvocationInterceptorChain.invoke(InvocationInterceptorChain.java:39)
	at org.junit.jupiter.engine.execution.InterceptingExecutableInvoker.invoke(InterceptingExecutableInvoker.java:104)
	at org.junit.jupiter.engine.execution.InterceptingExecutableInvoker.invoke(InterceptingExecutableInvoker.java:98)
	at org.junit.jupiter.engine.execution.InterceptingExecutableInvoker.invokeVoid(InterceptingExecutableInvoker.java:71)
	at org.junit.jupiter.engine.descriptor.TestMethodTestDescriptor.lambda$invokeTestMethod$0(TestMethodTestDescriptor.java:219)
	at org.junit.platform.engine.support.hierarchical.ThrowableCollector.execute(ThrowableCollector.java:74)
	at org.junit.jupiter.engine.descriptor.TestMethodTestDescriptor.invokeTestMethod(TestMethodTestDescriptor.java:215)
	at org.junit.jupiter.engine.descriptor.TestMethodTestDescriptor.execute(TestMethodTestDescriptor.java:157)
	at org.junit.jupiter.engine.descriptor.TestMethodTestDescriptor.execute(TestMethodTestDescriptor.java:70)
	at org.junit.platform.engine.support.hierarchical.NodeTestTask.lambda$executeRecursively$2(NodeTestTask.java:176)
	at org.junit.platform.engine.support.hierarchical.ThrowableCollector.execute(ThrowableCollector.java:74)
	at org.junit.platform.engine.support.hierarchical.NodeTestTask.lambda$executeRecursively$1(NodeTestTask.java:166)
	at org.junit.platform.engine.support.hierarchical.Node.around(Node.java:138)
	at org.junit.platform.engine.support.hierarchical.NodeTestTask.lambda$executeRecursively$0(NodeTestTask.java:164)
	at org.junit.platform.engine.support.hierarchical.ThrowableCollector.execute(ThrowableCollector.java:74)
	at org.junit.platform.engine.support.hierarchical.NodeTestTask.executeRecursively(NodeTestTask.java:163)
	at org.junit.platform.engine.support.hierarchical.NodeTestTask.execute(NodeTestTask.java:116)
	at org.junit.platform.engine.support.hierarchical.SameThreadHierarchicalTestExecutorService.submit(SameThreadHierarchicalTestExecutorService.java:36)
	at org.junit.platform.engine.support.hierarchical.NodeTestTask$DefaultDynamicTestExecutor.execute(NodeTestTask.java:268)
	at org.junit.platform.engine.support.hierarchical.NodeTestTask$DefaultDynamicTestExecutor.execute(NodeTestTask.java:246)
	at org.junit.jupiter.engine.descriptor.TemplateExecutor.execute(TemplateExecutor.java:96)
	at org.junit.jupiter.engine.descriptor.TemplateExecutor.lambda$executeForProvider$1(TemplateExecutor.java:59)
	at java.base/java.util.Optional.ifPresent(Optional.java:178)
	at org.junit.jupiter.engine.descriptor.TemplateExecutor.lambda$executeForProvider$0(TemplateExecutor.java:59)
	at java.base/java.util.stream.ForEachOps$ForEachOp$OfRef.accept(ForEachOps.java:184)
	at java.base/java.util.stream.ReferencePipeline$3$1.accept(ReferencePipeline.java:197)
	at java.base/java.util.stream.ForEachOps$ForEachOp$OfRef.accept(ForEachOps.java:184)
	at java.base/java.util.stream.ForEachOps$ForEachOp$OfRef.accept(ForEachOps.java:184)
	at java.base/java.util.stream.ReferencePipeline$3$1.accept(ReferencePipeline.java:197)
	at java.base/java.util.Spliterators$ArraySpliterator.forEachRemaining(Spliterators.java:1024)
	at java.base/java.util.stream.AbstractPipeline.copyInto(AbstractPipeline.java:509)
	at java.base/java.util.stream.AbstractPipeline.wrapAndCopyInto(AbstractPipeline.java:499)
	at java.base/java.util.stream.ForEachOps$ForEachOp.evaluateSequential(ForEachOps.java:151)
	at java.base/java.util.stream.ForEachOps$ForEachOp$OfRef.evaluateSequential(ForEachOps.java:174)
	at java.base/java.util.stream.AbstractPipeline.evaluate(AbstractPipeline.java:234)
	at java.base/java.util.stream.ReferencePipeline.forEach(ReferencePipeline.java:596)
	at java.base/java.util.stream.ReferencePipeline$7$1.accept(ReferencePipeline.java:276)
	at java.base/java.util.ArrayList$ArrayListSpliterator.forEachRemaining(ArrayList.java:1708)
	at java.base/java.util.stream.AbstractPipeline.copyInto(AbstractPipeline.java:509)
	at java.base/java.util.stream.AbstractPipeline.wrapAndCopyInto(AbstractPipeline.java:499)
	at java.base/java.util.stream.ForEachOps$ForEachOp.evaluateSequential(ForEachOps.java:151)
	at java.base/java.util.stream.ForEachOps$ForEachOp$OfRef.evaluateSequential(ForEachOps.java:174)
	at java.base/java.util.stream.AbstractPipeline.evaluate(AbstractPipeline.java:234)
	at java.base/java.util.stream.ReferencePipeline.forEach(ReferencePipeline.java:596)
	at java.base/java.util.stream.ReferencePipeline$7$1.accept(ReferencePipeline.java:276)
	at java.base/java.util.stream.ReferencePipeline$3$1.accept(ReferencePipeline.java:197)
	at java.base/java.util.stream.ReferencePipeline$3$1.accept(ReferencePipeline.java:197)
	at java.base/java.util.stream.ReferencePipeline$3$1.accept(ReferencePipeline.java:197)
	at java.base/java.util.AbstractList$RandomAccessSpliterator.forEachRemaining(AbstractList.java:722)
	at java.base/java.util.stream.AbstractPipeline.copyInto(AbstractPipeline.java:509)
	at java.base/java.util.stream.AbstractPipeline.wrapAndCopyInto(AbstractPipeline.java:499)
	at java.base/java.util.stream.ForEachOps$ForEachOp.evaluateSequential(ForEachOps.java:151)
	at java.base/java.util.stream.ForEachOps$ForEachOp$OfRef.evaluateSequential(ForEachOps.java:174)
	at java.base/java.util.stream.AbstractPipeline.evaluate(AbstractPipeline.java:234)
	at java.base/java.util.stream.ReferencePipeline.forEach(ReferencePipeline.java:596)
	at org.junit.jupiter.engine.descriptor.TemplateExecutor.executeForProvider(TemplateExecutor.java:57)
	at org.junit.jupiter.engine.descriptor.TemplateExecutor.execute(TemplateExecutor.java:46)
	at org.junit.jupiter.engine.descriptor.TestTemplateTestDescriptor.execute(TestTemplateTestDescriptor.java:112)
	at org.junit.jupiter.engine.descriptor.TestTemplateTestDescriptor.execute(TestTemplateTestDescriptor.java:40)
	at org.junit.platform.engine.support.hierarchical.NodeTestTask.lambda$executeRecursively$2(NodeTestTask.java:176)
	at org.junit.platform.engine.support.hierarchical.ThrowableCollector.execute(ThrowableCollector.java:74)
	at org.junit.platform.engine.support.hierarchical.NodeTestTask.lambda$executeRecursively$1(NodeTestTask.java:166)
	at org.junit.platform.engine.support.hierarchical.Node.around(Node.java:138)
	at org.junit.platform.engine.support.hierarchical.NodeTestTask.lambda$executeRecursively$0(NodeTestTask.java:164)
	at org.junit.platform.engine.support.hierarchical.ThrowableCollector.execute(ThrowableCollector.java:74)
	at org.junit.platform.engine.support.hierarchical.NodeTestTask.executeRecursively(NodeTestTask.java:163)
	at org.junit.platform.engine.support.hierarchical.NodeTestTask.execute(NodeTestTask.java:116)
	at java.base/java.util.ArrayList.forEach(ArrayList.java:1596)
	at org.junit.platform.engine.support.hierarchical.SameThreadHierarchicalTestExecutorService.invokeAll(SameThreadHierarchicalTestExecutorService.java:42)
	at org.junit.platform.engine.support.hierarchical.NodeTestTask.lambda$executeRecursively$2(NodeTestTask.java:180)
	at org.junit.platform.engine.support.hierarchical.ThrowableCollector.execute(ThrowableCollector.java:74)
	at org.junit.platform.engine.support.hierarchical.NodeTestTask.lambda$executeRecursively$1(NodeTestTask.java:166)
	at org.junit.platform.engine.support.hierarchical.Node.around(Node.java:138)
	at org.junit.platform.engine.support.hierarchical.NodeTestTask.lambda$executeRecursively$0(NodeTestTask.java:164)
	at org.junit.platform.engine.support.hierarchical.ThrowableCollector.execute(ThrowableCollector.java:74)
	at org.junit.platform.engine.support.hierarchical.NodeTestTask.executeRecursively(NodeTestTask.java:163)
	at org.junit.platform.engine.support.hierarchical.NodeTestTask.execute(NodeTestTask.java:116)
	at java.base/java.util.ArrayList.forEach(ArrayList.java:1596)
	at org.junit.platform.engine.support.hierarchical.SameThreadHierarchicalTestExecutorService.invokeAll(SameThreadHierarchicalTestExecutorService.java:42)
	at org.junit.platform.engine.support.hierarchical.NodeTestTask.lambda$executeRecursively$2(NodeTestTask.java:180)
	at org.junit.platform.engine.support.hierarchical.ThrowableCollector.execute(ThrowableCollector.java:74)
	at org.junit.platform.engine.support.hierarchical.NodeTestTask.lambda$executeRecursively$1(NodeTestTask.java:166)
	at org.junit.platform.engine.support.hierarchical.Node.around(Node.java:138)
	at org.junit.platform.engine.support.hierarchical.NodeTestTask.lambda$executeRecursively$0(NodeTestTask.java:164)
	at org.junit.platform.engine.support.hierarchical.ThrowableCollector.execute(ThrowableCollector.java:74)
	at org.junit.platform.engine.support.hierarchical.NodeTestTask.executeRecursively(NodeTestTask.java:163)
	at org.junit.platform.engine.support.hierarchical.NodeTestTask.execute(NodeTestTask.java:116)
	at org.junit.platform.engine.support.hierarchical.SameThreadHierarchicalTestExecutorService.submit(SameThreadHierarchicalTestExecutorService.java:36)
	at org.junit.platform.engine.support.hierarchical.HierarchicalTestExecutor.execute(HierarchicalTestExecutor.java:52)
	at org.junit.platform.engine.support.hierarchical.HierarchicalTestEngine.execute(HierarchicalTestEngine.java:58)
	at org.junit.platform.launcher.core.EngineExecutionOrchestrator.executeEngine(EngineExecutionOrchestrator.java:246)
	at org.junit.platform.launcher.core.EngineExecutionOrchestrator.failOrExecuteEngine(EngineExecutionOrchestrator.java:218)
	at org.junit.platform.launcher.core.EngineExecutionOrchestrator.execute(EngineExecutionOrchestrator.java:179)
	at org.junit.platform.launcher.core.EngineExecutionOrchestrator.execute(EngineExecutionOrchestrator.java:108)
	at org.junit.platform.launcher.core.EngineExecutionOrchestrator.lambda$execute$0(EngineExecutionOrchestrator.java:66)
	at org.junit.platform.launcher.core.EngineExecutionOrchestrator.withInterceptedStreams(EngineExecutionOrchestrator.java:157)
	at org.junit.platform.launcher.core.EngineExecutionOrchestrator.execute(EngineExecutionOrchestrator.java:65)
	at org.junit.platform.launcher.core.DefaultLauncher.execute(DefaultLauncher.java:125)
	at org.junit.platform.launcher.core.DefaultLauncher.execute(DefaultLauncher.java:114)
	at org.junit.platform.launcher.core.DelegatingLauncher.execute(DelegatingLauncher.java:58)
	at org.junit.platform.launcher.core.InterceptingLauncher.lambda$execute$2(InterceptingLauncher.java:57)
	at org.junit.platform.launcher.core.ClasspathAlignmentCheckingLauncherInterceptor.intercept(ClasspathAlignmentCheckingLauncherInterceptor.java:25)
	at org.junit.platform.launcher.core.InterceptingLauncher.execute(InterceptingLauncher.java:56)
	at org.junit.platform.launcher.core.DelegatingLauncher.execute(DelegatingLauncher.java:58)
	at java.base/jdk.internal.reflect.DirectMethodHandleAccessor.invoke(DirectMethodHandleAccessor.java:103)
	at java.base/java.lang.reflect.Method.invoke(Method.java:580)
	at org.apache.maven.surefire.api.util.ReflectionUtils.invokeMethodWithArray(ReflectionUtils.java:125)
	at org.apache.maven.surefire.junitplatform.LauncherAdapter.executeWithCancellationToken(LauncherAdapter.java:68)
	at org.apache.maven.surefire.junitplatform.LauncherAdapter.execute(LauncherAdapter.java:54)
	at org.apache.maven.surefire.junitplatform.JUnitPlatformProvider.execute(JUnitPlatformProvider.java:203)
	at org.apache.maven.surefire.junitplatform.JUnitPlatformProvider.invokeAllTests(JUnitPlatformProvider.java:168)
	at org.apache.maven.surefire.junitplatform.JUnitPlatformProvider.invoke(JUnitPlatformProvider.java:134)
	at org.apache.maven.surefire.booter.ForkedBooter.runSuitesInProcess(ForkedBooter.java:385)
	at org.apache.maven.surefire.booter.ForkedBooter.execute(ForkedBooter.java:162)
	at org.apache.maven.surefire.booter.ForkedBooter.run(ForkedBooter.java:507)
	at org.apache.maven.surefire.booter.ForkedBooter.main(ForkedBooter.java:495)
Caused by: com.mysql.cj.exceptions.CJCommunicationsException: Communications link failure

The last packet successfully received from the server was 5 milliseconds ago. The last packet sent successfully to the server was 5 milliseconds ago.
	at java.base/jdk.internal.reflect.DirectConstructorHandleAccessor.newInstance(DirectConstructorHandleAccessor.java:62)
	at java.base/java.lang.reflect.Constructor.newInstanceWithCaller(Constructor.java:502)
	at java.base/java.lang.reflect.Constructor.newInstance(Constructor.java:486)
	at com.mysql.cj.exceptions.ExceptionFactory.createException(ExceptionFactory.java:52)
	at com.mysql.cj.exceptions.ExceptionFactory.createException(ExceptionFactory.java:95)
	at com.mysql.cj.exceptions.ExceptionFactory.createException(ExceptionFactory.java:140)
	at com.mysql.cj.exceptions.ExceptionFactory.createCommunicationsException(ExceptionFactory.java:156)
	at com.mysql.cj.protocol.a.NativeProtocol.readMessage(NativeProtocol.java:590)
	at com.mysql.cj.protocol.a.NativeProtocol.checkErrorMessage(NativeProtocol.java:767)
	at com.mysql.cj.protocol.a.NativeProtocol.sendCommand(NativeProtocol.java:706)
	at com.mysql.cj.protocol.a.NativeProtocol.sendQueryPacket(NativeProtocol.java:938)
	at com.mysql.cj.NativeSession.execSQL(NativeSession.java:817)
	at com.mysql.cj.jdbc.ConnectionImpl.commit(ConnectionImpl.java:794)
	... 154 common frames omitted
Caused by: java.io.EOFException: Can not read response from server. Expected to read 4 bytes, read 0 bytes before connection was unexpectedly lost.
	at com.mysql.cj.protocol.FullReadInputStream.readFully(FullReadInputStream.java:58)
	at com.mysql.cj.protocol.a.SimplePacketReader.readHeaderLocal(SimplePacketReader.java:72)
	at com.mysql.cj.protocol.a.SimplePacketReader.readHeader(SimplePacketReader.java:54)
	at com.mysql.cj.protocol.a.SimplePacketReader.readHeader(SimplePacketReader.java:36)
	at com.mysql.cj.protocol.a.TimeTrackingPacketReader.readHeader(TimeTrackingPacketReader.java:43)
	at com.mysql.cj.protocol.a.TimeTrackingPacketReader.readHeader(TimeTrackingPacketReader.java:32)
	at com.mysql.cj.protocol.a.MultiPacketReader.readHeader(MultiPacketReader.java:45)
	at com.mysql.cj.protocol.a.MultiPacketReader.readHeader(MultiPacketReader.java:35)
	at com.mysql.cj.protocol.a.NativeProtocol.readMessage(NativeProtocol.java:584)
	... 159 common frames omitted
10:47:22.729 [main] ERROR com.baomidou.dynamic.datasource.tx.ConnectionProxy -- Communications link failure

The last packet successfully received from the server was 5 milliseconds ago. The last packet sent successfully to the server was 5 milliseconds ago.
com.mysql.cj.jdbc.exceptions.CommunicationsException: Communications link failure

The last packet successfully received from the server was 5 milliseconds ago. The last packet sent successfully to the server was 5 milliseconds ago.
	at com.mysql.cj.jdbc.exceptions.SQLError.createCommunicationsException(SQLError.java:165)
	at com.mysql.cj.jdbc.exceptions.SQLExceptionsMapping.translateException(SQLExceptionsMapping.java:55)
	at com.mysql.cj.jdbc.ConnectionImpl.commit(ConnectionImpl.java:814)
	at com.zaxxer.hikari.pool.ProxyConnection.commit(ProxyConnection.java:378)
	at com.zaxxer.hikari.pool.HikariProxyConnection.commit(HikariProxyConnection.java)
	at java.base/jdk.internal.reflect.DirectMethodHandleAccessor.invoke(DirectMethodHandleAccessor.java:103)
	at java.base/java.lang.reflect.Method.invoke(Method.java:580)
	at org.namewta.test.notify.NotifyAtomicResultIntegrationTest$1.lambda$getConnection$0(NotifyAtomicResultIntegrationTest.java:118)
	at jdk.proxy2/jdk.proxy2.$Proxy131.commit(Unknown Source)
	at com.baomidou.dynamic.datasource.tx.ConnectionProxy.notify(ConnectionProxy.java:62)
	at com.baomidou.dynamic.datasource.tx.ConnectionFactory.notify(ConnectionFactory.java:153)
	at com.baomidou.dynamic.datasource.tx.LocalTxUtil.commit(LocalTxUtil.java:91)
	at com.baomidou.dynamic.datasource.tx.TransactionalTemplate.doExecute(TransactionalTemplate.java:126)
	at com.baomidou.dynamic.datasource.tx.TransactionalTemplate.execute(TransactionalTemplate.java:94)
	at com.baomidou.dynamic.datasource.aop.DynamicLocalTransactionInterceptor.invoke(DynamicLocalTransactionInterceptor.java:59)
	at org.springframework.aop.framework.ReflectiveMethodInvocation.proceed(ReflectiveMethodInvocation.java:179)
	at org.springframework.aop.framework.CglibAopProxy$DynamicAdvisedInterceptor.intercept(CglibAopProxy.java:719)
	at org.namewta.notify.usecase.NotifyDispatchResultUseCase$$SpringCGLIB$$15.completeInApp(<generated>)
	at org.namewta.notify.service.runtime.DispatchNotificationService.dispatchInApp(DispatchNotificationService.java:223)
	at org.namewta.notify.service.runtime.DispatchNotificationService.dispatch(DispatchNotificationService.java:92)
	at org.namewta.test.notify.NotifyAtomicResultIntegrationTest.lambda$uncertainResultCommitUsesDurableFactsToPreventDuplicateInbox$17(NotifyAtomicResultIntegrationTest.java:508)
	at org.assertj.core.api.ThrowableAssert.catchThrowable(ThrowableAssert.java:66)
	at org.assertj.core.api.AssertionsForClassTypes.catchThrowable(AssertionsForClassTypes.java:908)
	at org.assertj.core.api.Assertions.catchThrowable(Assertions.java:1476)
	at org.assertj.core.api.Assertions.assertThatThrownBy(Assertions.java:1319)
	at org.namewta.test.notify.NotifyAtomicResultIntegrationTest.uncertainResultCommitUsesDurableFactsToPreventDuplicateInbox(NotifyAtomicResultIntegrationTest.java:508)
	at java.base/jdk.internal.reflect.DirectMethodHandleAccessor.invoke(DirectMethodHandleAccessor.java:103)
	at java.base/java.lang.reflect.Method.invoke(Method.java:580)
	at org.junit.platform.commons.util.ReflectionUtils.invokeMethod(ReflectionUtils.java:701)
	at org.junit.platform.commons.support.ReflectionSupport.invokeMethod(ReflectionSupport.java:502)
	at org.junit.jupiter.engine.support.MethodReflectionUtils.invoke(MethodReflectionUtils.java:45)
	at org.junit.jupiter.engine.execution.MethodInvocation.proceed(MethodInvocation.java:61)
	at org.junit.jupiter.engine.execution.InvocationInterceptorChain$ValidatingInvocation.proceed(InvocationInterceptorChain.java:124)
	at org.junit.jupiter.engine.extension.TimeoutExtension.intercept(TimeoutExtension.java:163)
	at org.junit.jupiter.engine.extension.TimeoutExtension.interceptTestableMethod(TimeoutExtension.java:148)
	at org.junit.jupiter.engine.extension.TimeoutExtension.interceptTestTemplateMethod(TimeoutExtension.java:94)
	at org.junit.jupiter.engine.execution.InterceptingExecutableInvoker$ReflectiveInterceptorCall.lambda$ofVoidMethod$0(InterceptingExecutableInvoker.java:123)
	at org.junit.jupiter.engine.execution.InterceptingExecutableInvoker.lambda$invoke$0(InterceptingExecutableInvoker.java:105)
	at org.junit.jupiter.engine.execution.InvocationInterceptorChain$InterceptedInvocation.proceed(InvocationInterceptorChain.java:99)
	at org.junit.jupiter.engine.execution.InvocationInterceptorChain.proceed(InvocationInterceptorChain.java:66)
	at org.junit.jupiter.engine.execution.InvocationInterceptorChain.chainAndInvoke(InvocationInterceptorChain.java:47)
	at org.junit.jupiter.engine.execution.InvocationInterceptorChain.invoke(InvocationInterceptorChain.java:39)
	at org.junit.jupiter.engine.execution.InterceptingExecutableInvoker.invoke(InterceptingExecutableInvoker.java:104)
	at org.junit.jupiter.engine.execution.InterceptingExecutableInvoker.invoke(InterceptingExecutableInvoker.java:98)
	at org.junit.jupiter.engine.execution.InterceptingExecutableInvoker.invokeVoid(InterceptingExecutableInvoker.java:71)
	at org.junit.jupiter.engine.descriptor.TestMethodTestDescriptor.lambda$invokeTestMethod$0(TestMethodTestDescriptor.java:219)
	at org.junit.platform.engine.support.hierarchical.ThrowableCollector.execute(ThrowableCollector.java:74)
	at org.junit.jupiter.engine.descriptor.TestMethodTestDescriptor.invokeTestMethod(TestMethodTestDescriptor.java:215)
	at org.junit.jupiter.engine.descriptor.TestMethodTestDescriptor.execute(TestMethodTestDescriptor.java:157)
	at org.junit.jupiter.engine.descriptor.TestMethodTestDescriptor.execute(TestMethodTestDescriptor.java:70)
	at org.junit.platform.engine.support.hierarchical.NodeTestTask.lambda$executeRecursively$2(NodeTestTask.java:176)
	at org.junit.platform.engine.support.hierarchical.ThrowableCollector.execute(ThrowableCollector.java:74)
	at org.junit.platform.engine.support.hierarchical.NodeTestTask.lambda$executeRecursively$1(NodeTestTask.java:166)
	at org.junit.platform.engine.support.hierarchical.Node.around(Node.java:138)
	at org.junit.platform.engine.support.hierarchical.NodeTestTask.lambda$executeRecursively$0(NodeTestTask.java:164)
	at org.junit.platform.engine.support.hierarchical.ThrowableCollector.execute(ThrowableCollector.java:74)
	at org.junit.platform.engine.support.hierarchical.NodeTestTask.executeRecursively(NodeTestTask.java:163)
	at org.junit.platform.engine.support.hierarchical.NodeTestTask.execute(NodeTestTask.java:116)
	at org.junit.platform.engine.support.hierarchical.SameThreadHierarchicalTestExecutorService.submit(SameThreadHierarchicalTestExecutorService.java:36)
	at org.junit.platform.engine.support.hierarchical.NodeTestTask$DefaultDynamicTestExecutor.execute(NodeTestTask.java:268)
	at org.junit.platform.engine.support.hierarchical.NodeTestTask$DefaultDynamicTestExecutor.execute(NodeTestTask.java:246)
	at org.junit.jupiter.engine.descriptor.TemplateExecutor.execute(TemplateExecutor.java:96)
	at org.junit.jupiter.engine.descriptor.TemplateExecutor.lambda$executeForProvider$1(TemplateExecutor.java:59)
	at java.base/java.util.Optional.ifPresent(Optional.java:178)
	at org.junit.jupiter.engine.descriptor.TemplateExecutor.lambda$executeForProvider$0(TemplateExecutor.java:59)
	at java.base/java.util.stream.ForEachOps$ForEachOp$OfRef.accept(ForEachOps.java:184)
	at java.base/java.util.stream.ReferencePipeline$3$1.accept(ReferencePipeline.java:197)
	at java.base/java.util.stream.ForEachOps$ForEachOp$OfRef.accept(ForEachOps.java:184)
	at java.base/java.util.stream.ForEachOps$ForEachOp$OfRef.accept(ForEachOps.java:184)
	at java.base/java.util.stream.ReferencePipeline$3$1.accept(ReferencePipeline.java:197)
	at java.base/java.util.Spliterators$ArraySpliterator.forEachRemaining(Spliterators.java:1024)
	at java.base/java.util.stream.AbstractPipeline.copyInto(AbstractPipeline.java:509)
	at java.base/java.util.stream.AbstractPipeline.wrapAndCopyInto(AbstractPipeline.java:499)
	at java.base/java.util.stream.ForEachOps$ForEachOp.evaluateSequential(ForEachOps.java:151)
	at java.base/java.util.stream.ForEachOps$ForEachOp$OfRef.evaluateSequential(ForEachOps.java:174)
	at java.base/java.util.stream.AbstractPipeline.evaluate(AbstractPipeline.java:234)
	at java.base/java.util.stream.ReferencePipeline.forEach(ReferencePipeline.java:596)
	at java.base/java.util.stream.ReferencePipeline$7$1.accept(ReferencePipeline.java:276)
	at java.base/java.util.ArrayList$ArrayListSpliterator.forEachRemaining(ArrayList.java:1708)
	at java.base/java.util.stream.AbstractPipeline.copyInto(AbstractPipeline.java:509)
	at java.base/java.util.stream.AbstractPipeline.wrapAndCopyInto(AbstractPipeline.java:499)
	at java.base/java.util.stream.ForEachOps$ForEachOp.evaluateSequential(ForEachOps.java:151)
	at java.base/java.util.stream.ForEachOps$ForEachOp$OfRef.evaluateSequential(ForEachOps.java:174)
	at java.base/java.util.stream.AbstractPipeline.evaluate(AbstractPipeline.java:234)
	at java.base/java.util.stream.ReferencePipeline.forEach(ReferencePipeline.java:596)
	at java.base/java.util.stream.ReferencePipeline$7$1.accept(ReferencePipeline.java:276)
	at java.base/java.util.stream.ReferencePipeline$3$1.accept(ReferencePipeline.java:197)
	at java.base/java.util.stream.ReferencePipeline$3$1.accept(ReferencePipeline.java:197)
	at java.base/java.util.stream.ReferencePipeline$3$1.accept(ReferencePipeline.java:197)
	at java.base/java.util.AbstractList$RandomAccessSpliterator.forEachRemaining(AbstractList.java:722)
	at java.base/java.util.stream.AbstractPipeline.copyInto(AbstractPipeline.java:509)
	at java.base/java.util.stream.AbstractPipeline.wrapAndCopyInto(AbstractPipeline.java:499)
	at java.base/java.util.stream.ForEachOps$ForEachOp.evaluateSequential(ForEachOps.java:151)
	at java.base/java.util.stream.ForEachOps$ForEachOp$OfRef.evaluateSequential(ForEachOps.java:174)
	at java.base/java.util.stream.AbstractPipeline.evaluate(AbstractPipeline.java:234)
	at java.base/java.util.stream.ReferencePipeline.forEach(ReferencePipeline.java:596)
	at org.junit.jupiter.engine.descriptor.TemplateExecutor.executeForProvider(TemplateExecutor.java:57)
	at org.junit.jupiter.engine.descriptor.TemplateExecutor.execute(TemplateExecutor.java:46)
	at org.junit.jupiter.engine.descriptor.TestTemplateTestDescriptor.execute(TestTemplateTestDescriptor.java:112)
	at org.junit.jupiter.engine.descriptor.TestTemplateTestDescriptor.execute(TestTemplateTestDescriptor.java:40)
	at org.junit.platform.engine.support.hierarchical.NodeTestTask.lambda$executeRecursively$2(NodeTestTask.java:176)
	at org.junit.platform.engine.support.hierarchical.ThrowableCollector.execute(ThrowableCollector.java:74)
	at org.junit.platform.engine.support.hierarchical.NodeTestTask.lambda$executeRecursively$1(NodeTestTask.java:166)
	at org.junit.platform.engine.support.hierarchical.Node.around(Node.java:138)
	at org.junit.platform.engine.support.hierarchical.NodeTestTask.lambda$executeRecursively$0(NodeTestTask.java:164)
	at org.junit.platform.engine.support.hierarchical.ThrowableCollector.execute(ThrowableCollector.java:74)
	at org.junit.platform.engine.support.hierarchical.NodeTestTask.executeRecursively(NodeTestTask.java:163)
	at org.junit.platform.engine.support.hierarchical.NodeTestTask.execute(NodeTestTask.java:116)
	at java.base/java.util.ArrayList.forEach(ArrayList.java:1596)
	at org.junit.platform.engine.support.hierarchical.SameThreadHierarchicalTestExecutorService.invokeAll(SameThreadHierarchicalTestExecutorService.java:42)
	at org.junit.platform.engine.support.hierarchical.NodeTestTask.lambda$executeRecursively$2(NodeTestTask.java:180)
	at org.junit.platform.engine.support.hierarchical.ThrowableCollector.execute(ThrowableCollector.java:74)
	at org.junit.platform.engine.support.hierarchical.NodeTestTask.lambda$executeRecursively$1(NodeTestTask.java:166)
	at org.junit.platform.engine.support.hierarchical.Node.around(Node.java:138)
	at org.junit.platform.engine.support.hierarchical.NodeTestTask.lambda$executeRecursively$0(NodeTestTask.java:164)
	at org.junit.platform.engine.support.hierarchical.ThrowableCollector.execute(ThrowableCollector.java:74)
	at org.junit.platform.engine.support.hierarchical.NodeTestTask.executeRecursively(NodeTestTask.java:163)
	at org.junit.platform.engine.support.hierarchical.NodeTestTask.execute(NodeTestTask.java:116)
	at java.base/java.util.ArrayList.forEach(ArrayList.java:1596)
	at org.junit.platform.engine.support.hierarchical.SameThreadHierarchicalTestExecutorService.invokeAll(SameThreadHierarchicalTestExecutorService.java:42)
	at org.junit.platform.engine.support.hierarchical.NodeTestTask.lambda$executeRecursively$2(NodeTestTask.java:180)
	at org.junit.platform.engine.support.hierarchical.ThrowableCollector.execute(ThrowableCollector.java:74)
	at org.junit.platform.engine.support.hierarchical.NodeTestTask.lambda$executeRecursively$1(NodeTestTask.java:166)
	at org.junit.platform.engine.support.hierarchical.Node.around(Node.java:138)
	at org.junit.platform.engine.support.hierarchical.NodeTestTask.lambda$executeRecursively$0(NodeTestTask.java:164)
	at org.junit.platform.engine.support.hierarchical.ThrowableCollector.execute(ThrowableCollector.java:74)
	at org.junit.platform.engine.support.hierarchical.NodeTestTask.executeRecursively(NodeTestTask.java:163)
	at org.junit.platform.engine.support.hierarchical.NodeTestTask.execute(NodeTestTask.java:116)
	at org.junit.platform.engine.support.hierarchical.SameThreadHierarchicalTestExecutorService.submit(SameThreadHierarchicalTestExecutorService.java:36)
	at org.junit.platform.engine.support.hierarchical.HierarchicalTestExecutor.execute(HierarchicalTestExecutor.java:52)
	at org.junit.platform.engine.support.hierarchical.HierarchicalTestEngine.execute(HierarchicalTestEngine.java:58)
	at org.junit.platform.launcher.core.EngineExecutionOrchestrator.executeEngine(EngineExecutionOrchestrator.java:246)
	at org.junit.platform.launcher.core.EngineExecutionOrchestrator.failOrExecuteEngine(EngineExecutionOrchestrator.java:218)
	at org.junit.platform.launcher.core.EngineExecutionOrchestrator.execute(EngineExecutionOrchestrator.java:179)
	at org.junit.platform.launcher.core.EngineExecutionOrchestrator.execute(EngineExecutionOrchestrator.java:108)
	at org.junit.platform.launcher.core.EngineExecutionOrchestrator.lambda$execute$0(EngineExecutionOrchestrator.java:66)
	at org.junit.platform.launcher.core.EngineExecutionOrchestrator.withInterceptedStreams(EngineExecutionOrchestrator.java:157)
	at org.junit.platform.launcher.core.EngineExecutionOrchestrator.execute(EngineExecutionOrchestrator.java:65)
	at org.junit.platform.launcher.core.DefaultLauncher.execute(DefaultLauncher.java:125)
	at org.junit.platform.launcher.core.DefaultLauncher.execute(DefaultLauncher.java:114)
	at org.junit.platform.launcher.core.DelegatingLauncher.execute(DelegatingLauncher.java:58)
	at org.junit.platform.launcher.core.InterceptingLauncher.lambda$execute$2(InterceptingLauncher.java:57)
	at org.junit.platform.launcher.core.ClasspathAlignmentCheckingLauncherInterceptor.intercept(ClasspathAlignmentCheckingLauncherInterceptor.java:25)
	at org.junit.platform.launcher.core.InterceptingLauncher.execute(InterceptingLauncher.java:56)
	at org.junit.platform.launcher.core.DelegatingLauncher.execute(DelegatingLauncher.java:58)
	at java.base/jdk.internal.reflect.DirectMethodHandleAccessor.invoke(DirectMethodHandleAccessor.java:103)
	at java.base/java.lang.reflect.Method.invoke(Method.java:580)
	at org.apache.maven.surefire.api.util.ReflectionUtils.invokeMethodWithArray(ReflectionUtils.java:125)
	at org.apache.maven.surefire.junitplatform.LauncherAdapter.executeWithCancellationToken(LauncherAdapter.java:68)
	at org.apache.maven.surefire.junitplatform.LauncherAdapter.execute(LauncherAdapter.java:54)
	at org.apache.maven.surefire.junitplatform.JUnitPlatformProvider.execute(JUnitPlatformProvider.java:203)
	at org.apache.maven.surefire.junitplatform.JUnitPlatformProvider.invokeAllTests(JUnitPlatformProvider.java:168)
	at org.apache.maven.surefire.junitplatform.JUnitPlatformProvider.invoke(JUnitPlatformProvider.java:134)
	at org.apache.maven.surefire.booter.ForkedBooter.runSuitesInProcess(ForkedBooter.java:385)
	at org.apache.maven.surefire.booter.ForkedBooter.execute(ForkedBooter.java:162)
	at org.apache.maven.surefire.booter.ForkedBooter.run(ForkedBooter.java:507)
	at org.apache.maven.surefire.booter.ForkedBooter.main(ForkedBooter.java:495)
Caused by: com.mysql.cj.exceptions.CJCommunicationsException: Communications link failure

The last packet successfully received from the server was 5 milliseconds ago. The last packet sent successfully to the server was 5 milliseconds ago.
	at java.base/jdk.internal.reflect.DirectConstructorHandleAccessor.newInstance(DirectConstructorHandleAccessor.java:62)
	at java.base/java.lang.reflect.Constructor.newInstanceWithCaller(Constructor.java:502)
	at java.base/java.lang.reflect.Constructor.newInstance(Constructor.java:486)
	at com.mysql.cj.exceptions.ExceptionFactory.createException(ExceptionFactory.java:52)
	at com.mysql.cj.exceptions.ExceptionFactory.createException(ExceptionFactory.java:95)
	at com.mysql.cj.exceptions.ExceptionFactory.createException(ExceptionFactory.java:140)
	at com.mysql.cj.exceptions.ExceptionFactory.createCommunicationsException(ExceptionFactory.java:156)
	at com.mysql.cj.protocol.a.NativeProtocol.readMessage(NativeProtocol.java:590)
	at com.mysql.cj.protocol.a.NativeProtocol.checkErrorMessage(NativeProtocol.java:767)
	at com.mysql.cj.protocol.a.NativeProtocol.sendCommand(NativeProtocol.java:706)
	at com.mysql.cj.protocol.a.NativeProtocol.sendQueryPacket(NativeProtocol.java:938)
	at com.mysql.cj.NativeSession.execSQL(NativeSession.java:817)
	at com.mysql.cj.jdbc.ConnectionImpl.commit(ConnectionImpl.java:794)
	... 154 common frames omitted
Caused by: java.io.EOFException: Can not read response from server. Expected to read 4 bytes, read 0 bytes before connection was unexpectedly lost.
	at com.mysql.cj.protocol.FullReadInputStream.readFully(FullReadInputStream.java:58)
	at com.mysql.cj.protocol.a.SimplePacketReader.readHeaderLocal(SimplePacketReader.java:72)
	at com.mysql.cj.protocol.a.SimplePacketReader.readHeader(SimplePacketReader.java:54)
	at com.mysql.cj.protocol.a.SimplePacketReader.readHeader(SimplePacketReader.java:36)
	at com.mysql.cj.protocol.a.TimeTrackingPacketReader.readHeader(TimeTrackingPacketReader.java:43)
	at com.mysql.cj.protocol.a.TimeTrackingPacketReader.readHeader(TimeTrackingPacketReader.java:32)
	at com.mysql.cj.protocol.a.MultiPacketReader.readHeader(MultiPacketReader.java:45)
	at com.mysql.cj.protocol.a.MultiPacketReader.readHeader(MultiPacketReader.java:35)
	at com.mysql.cj.protocol.a.NativeProtocol.readMessage(NativeProtocol.java:584)
	... 159 common frames omitted
10:47:22.816 [main] WARN org.namewta.notify.adapter.event.InAppCommittedPushListener -- 站内实时提示失败，messageId=9220001, reason=IllegalStateException
10:47:22.890 [main] WARN org.namewta.notify.adapter.event.InAppCommittedPushListener -- 站内实时提示失败，messageId=9220001, reason=IllegalStateException
10:47:22.913 [main] INFO com.baomidou.dynamic.datasource.DynamicRoutingDataSource -- dynamic-datasource start closing ....
10:47:22.913 [main] INFO com.baomidou.dynamic.datasource.DynamicRoutingDataSource -- dynamic-datasource all closed success,bye
10:47:22.913 [main] INFO com.zaxxer.hikari.HikariDataSource -- HikariPool-16 - Shutdown initiated...
10:47:22.932 [main] INFO com.zaxxer.hikari.HikariDataSource -- HikariPool-16 - Shutdown completed.
10:47:22.934 [main] INFO com.baomidou.dynamic.datasource.DynamicRoutingDataSource -- dynamic-datasource - add a datasource named [master] success
10:47:23.031 [main] INFO org.redisson.Version -- Redisson 4.6.1
10:47:23.035 [redisson-netty-50-1] INFO org.redisson.connection.ConnectionsHolder -- 1 connections initialized for 127.0.0.1/127.0.0.1:32831
10:47:23.037 [redisson-netty-50-2] INFO org.redisson.connection.ConnectionsHolder -- 1 connections initialized for 127.0.0.1/127.0.0.1:32831
10:47:23.053 [main] INFO com.zaxxer.hikari.HikariDataSource -- HikariPool-17 - Starting...
10:47:23.057 [main] INFO com.zaxxer.hikari.pool.HikariPool -- HikariPool-17 - Added connection com.mysql.cj.jdbc.ConnectionImpl@75ac2594
10:47:23.057 [main] INFO com.zaxxer.hikari.HikariDataSource -- HikariPool-17 - Start completed.
10:47:23.118 [main] ERROR com.baomidou.dynamic.datasource.tx.ConnectionProxy -- owned lost commit acknowledgement
java.sql.SQLRecoverableException: owned lost commit acknowledgement
	at org.namewta.test.notify.NotifyAtomicResultIntegrationTest$1.lambda$getConnection$0(NotifyAtomicResultIntegrationTest.java:115)
	at jdk.proxy2/jdk.proxy2.$Proxy131.commit(Unknown Source)
	at com.baomidou.dynamic.datasource.tx.ConnectionProxy.notify(ConnectionProxy.java:62)
	at com.baomidou.dynamic.datasource.tx.ConnectionFactory.notify(ConnectionFactory.java:153)
	at com.baomidou.dynamic.datasource.tx.LocalTxUtil.commit(LocalTxUtil.java:91)
	at com.baomidou.dynamic.datasource.tx.TransactionalTemplate.doExecute(TransactionalTemplate.java:126)
	at com.baomidou.dynamic.datasource.tx.TransactionalTemplate.execute(TransactionalTemplate.java:94)
	at com.baomidou.dynamic.datasource.aop.DynamicLocalTransactionInterceptor.invoke(DynamicLocalTransactionInterceptor.java:59)
	at org.springframework.aop.framework.ReflectiveMethodInvocation.proceed(ReflectiveMethodInvocation.java:179)
	at org.springframework.aop.framework.CglibAopProxy$DynamicAdvisedInterceptor.intercept(CglibAopProxy.java:719)
	at org.namewta.notify.usecase.NotifyDispatchResultUseCase$$SpringCGLIB$$16.completeInApp(<generated>)
	at org.namewta.notify.service.runtime.DispatchNotificationService.dispatchInApp(DispatchNotificationService.java:223)
	at org.namewta.notify.service.runtime.DispatchNotificationService.dispatch(DispatchNotificationService.java:92)
	at org.namewta.test.notify.NotifyAtomicResultIntegrationTest.lambda$uncertainResultCommitUsesDurableFactsToPreventDuplicateInbox$17(NotifyAtomicResultIntegrationTest.java:508)
	at org.assertj.core.api.ThrowableAssert.catchThrowable(ThrowableAssert.java:66)
	at org.assertj.core.api.AssertionsForClassTypes.catchThrowable(AssertionsForClassTypes.java:908)
	at org.assertj.core.api.Assertions.catchThrowable(Assertions.java:1476)
	at org.assertj.core.api.Assertions.assertThatThrownBy(Assertions.java:1319)
	at org.namewta.test.notify.NotifyAtomicResultIntegrationTest.uncertainResultCommitUsesDurableFactsToPreventDuplicateInbox(NotifyAtomicResultIntegrationTest.java:508)
	at java.base/jdk.internal.reflect.DirectMethodHandleAccessor.invoke(DirectMethodHandleAccessor.java:103)
	at java.base/java.lang.reflect.Method.invoke(Method.java:580)
	at org.junit.platform.commons.util.ReflectionUtils.invokeMethod(ReflectionUtils.java:701)
	at org.junit.platform.commons.support.ReflectionSupport.invokeMethod(ReflectionSupport.java:502)
	at org.junit.jupiter.engine.support.MethodReflectionUtils.invoke(MethodReflectionUtils.java:45)
	at org.junit.jupiter.engine.execution.MethodInvocation.proceed(MethodInvocation.java:61)
	at org.junit.jupiter.engine.execution.InvocationInterceptorChain$ValidatingInvocation.proceed(InvocationInterceptorChain.java:124)
	at org.junit.jupiter.engine.extension.TimeoutExtension.intercept(TimeoutExtension.java:163)
	at org.junit.jupiter.engine.extension.TimeoutExtension.interceptTestableMethod(TimeoutExtension.java:148)
	at org.junit.jupiter.engine.extension.TimeoutExtension.interceptTestTemplateMethod(TimeoutExtension.java:94)
	at org.junit.jupiter.engine.execution.InterceptingExecutableInvoker$ReflectiveInterceptorCall.lambda$ofVoidMethod$0(InterceptingExecutableInvoker.java:123)
	at org.junit.jupiter.engine.execution.InterceptingExecutableInvoker.lambda$invoke$0(InterceptingExecutableInvoker.java:105)
	at org.junit.jupiter.engine.execution.InvocationInterceptorChain$InterceptedInvocation.proceed(InvocationInterceptorChain.java:99)
	at org.junit.jupiter.engine.execution.InvocationInterceptorChain.proceed(InvocationInterceptorChain.java:66)
	at org.junit.jupiter.engine.execution.InvocationInterceptorChain.chainAndInvoke(InvocationInterceptorChain.java:47)
	at org.junit.jupiter.engine.execution.InvocationInterceptorChain.invoke(InvocationInterceptorChain.java:39)
	at org.junit.jupiter.engine.execution.InterceptingExecutableInvoker.invoke(InterceptingExecutableInvoker.java:104)
	at org.junit.jupiter.engine.execution.InterceptingExecutableInvoker.invoke(InterceptingExecutableInvoker.java:98)
	at org.junit.jupiter.engine.execution.InterceptingExecutableInvoker.invokeVoid(InterceptingExecutableInvoker.java:71)
	at org.junit.jupiter.engine.descriptor.TestMethodTestDescriptor.lambda$invokeTestMethod$0(TestMethodTestDescriptor.java:219)
	at org.junit.platform.engine.support.hierarchical.ThrowableCollector.execute(ThrowableCollector.java:74)
	at org.junit.jupiter.engine.descriptor.TestMethodTestDescriptor.invokeTestMethod(TestMethodTestDescriptor.java:215)
	at org.junit.jupiter.engine.descriptor.TestMethodTestDescriptor.execute(TestMethodTestDescriptor.java:157)
	at org.junit.jupiter.engine.descriptor.TestMethodTestDescriptor.execute(TestMethodTestDescriptor.java:70)
	at org.junit.platform.engine.support.hierarchical.NodeTestTask.lambda$executeRecursively$2(NodeTestTask.java:176)
	at org.junit.platform.engine.support.hierarchical.ThrowableCollector.execute(ThrowableCollector.java:74)
	at org.junit.platform.engine.support.hierarchical.NodeTestTask.lambda$executeRecursively$1(NodeTestTask.java:166)
	at org.junit.platform.engine.support.hierarchical.Node.around(Node.java:138)
	at org.junit.platform.engine.support.hierarchical.NodeTestTask.lambda$executeRecursively$0(NodeTestTask.java:164)
	at org.junit.platform.engine.support.hierarchical.ThrowableCollector.execute(ThrowableCollector.java:74)
	at org.junit.platform.engine.support.hierarchical.NodeTestTask.executeRecursively(NodeTestTask.java:163)
	at org.junit.platform.engine.support.hierarchical.NodeTestTask.execute(NodeTestTask.java:116)
	at org.junit.platform.engine.support.hierarchical.SameThreadHierarchicalTestExecutorService.submit(SameThreadHierarchicalTestExecutorService.java:36)
	at org.junit.platform.engine.support.hierarchical.NodeTestTask$DefaultDynamicTestExecutor.execute(NodeTestTask.java:268)
	at org.junit.platform.engine.support.hierarchical.NodeTestTask$DefaultDynamicTestExecutor.execute(NodeTestTask.java:246)
	at org.junit.jupiter.engine.descriptor.TemplateExecutor.execute(TemplateExecutor.java:96)
	at org.junit.jupiter.engine.descriptor.TemplateExecutor.lambda$executeForProvider$1(TemplateExecutor.java:59)
	at java.base/java.util.Optional.ifPresent(Optional.java:178)
	at org.junit.jupiter.engine.descriptor.TemplateExecutor.lambda$executeForProvider$0(TemplateExecutor.java:59)
	at java.base/java.util.stream.ForEachOps$ForEachOp$OfRef.accept(ForEachOps.java:184)
	at java.base/java.util.stream.ReferencePipeline$3$1.accept(ReferencePipeline.java:197)
	at java.base/java.util.stream.ForEachOps$ForEachOp$OfRef.accept(ForEachOps.java:184)
	at java.base/java.util.stream.ForEachOps$ForEachOp$OfRef.accept(ForEachOps.java:184)
	at java.base/java.util.stream.ReferencePipeline$3$1.accept(ReferencePipeline.java:197)
	at java.base/java.util.Spliterators$ArraySpliterator.forEachRemaining(Spliterators.java:1024)
	at java.base/java.util.stream.AbstractPipeline.copyInto(AbstractPipeline.java:509)
	at java.base/java.util.stream.AbstractPipeline.wrapAndCopyInto(AbstractPipeline.java:499)
	at java.base/java.util.stream.ForEachOps$ForEachOp.evaluateSequential(ForEachOps.java:151)
	at java.base/java.util.stream.ForEachOps$ForEachOp$OfRef.evaluateSequential(ForEachOps.java:174)
	at java.base/java.util.stream.AbstractPipeline.evaluate(AbstractPipeline.java:234)
	at java.base/java.util.stream.ReferencePipeline.forEach(ReferencePipeline.java:596)
	at java.base/java.util.stream.ReferencePipeline$7$1.accept(ReferencePipeline.java:276)
	at java.base/java.util.ArrayList$ArrayListSpliterator.forEachRemaining(ArrayList.java:1708)
	at java.base/java.util.stream.AbstractPipeline.copyInto(AbstractPipeline.java:509)
	at java.base/java.util.stream.AbstractPipeline.wrapAndCopyInto(AbstractPipeline.java:499)
	at java.base/java.util.stream.ForEachOps$ForEachOp.evaluateSequential(ForEachOps.java:151)
	at java.base/java.util.stream.ForEachOps$ForEachOp$OfRef.evaluateSequential(ForEachOps.java:174)
	at java.base/java.util.stream.AbstractPipeline.evaluate(AbstractPipeline.java:234)
	at java.base/java.util.stream.ReferencePipeline.forEach(ReferencePipeline.java:596)
	at java.base/java.util.stream.ReferencePipeline$7$1.accept(ReferencePipeline.java:276)
	at java.base/java.util.stream.ReferencePipeline$3$1.accept(ReferencePipeline.java:197)
	at java.base/java.util.stream.ReferencePipeline$3$1.accept(ReferencePipeline.java:197)
	at java.base/java.util.stream.ReferencePipeline$3$1.accept(ReferencePipeline.java:197)
	at java.base/java.util.AbstractList$RandomAccessSpliterator.forEachRemaining(AbstractList.java:722)
	at java.base/java.util.stream.AbstractPipeline.copyInto(AbstractPipeline.java:509)
	at java.base/java.util.stream.AbstractPipeline.wrapAndCopyInto(AbstractPipeline.java:499)
	at java.base/java.util.stream.ForEachOps$ForEachOp.evaluateSequential(ForEachOps.java:151)
	at java.base/java.util.stream.ForEachOps$ForEachOp$OfRef.evaluateSequential(ForEachOps.java:174)
	at java.base/java.util.stream.AbstractPipeline.evaluate(AbstractPipeline.java:234)
	at java.base/java.util.stream.ReferencePipeline.forEach(ReferencePipeline.java:596)
	at org.junit.jupiter.engine.descriptor.TemplateExecutor.executeForProvider(TemplateExecutor.java:57)
	at org.junit.jupiter.engine.descriptor.TemplateExecutor.execute(TemplateExecutor.java:46)
	at org.junit.jupiter.engine.descriptor.TestTemplateTestDescriptor.execute(TestTemplateTestDescriptor.java:112)
	at org.junit.jupiter.engine.descriptor.TestTemplateTestDescriptor.execute(TestTemplateTestDescriptor.java:40)
	at org.junit.platform.engine.support.hierarchical.NodeTestTask.lambda$executeRecursively$2(NodeTestTask.java:176)
	at org.junit.platform.engine.support.hierarchical.ThrowableCollector.execute(ThrowableCollector.java:74)
	at org.junit.platform.engine.support.hierarchical.NodeTestTask.lambda$executeRecursively$1(NodeTestTask.java:166)
	at org.junit.platform.engine.support.hierarchical.Node.around(Node.java:138)
	at org.junit.platform.engine.support.hierarchical.NodeTestTask.lambda$executeRecursively$0(NodeTestTask.java:164)
	at org.junit.platform.engine.support.hierarchical.ThrowableCollector.execute(ThrowableCollector.java:74)
	at org.junit.platform.engine.support.hierarchical.NodeTestTask.executeRecursively(NodeTestTask.java:163)
	at org.junit.platform.engine.support.hierarchical.NodeTestTask.execute(NodeTestTask.java:116)
	at java.base/java.util.ArrayList.forEach(ArrayList.java:1596)
	at org.junit.platform.engine.support.hierarchical.SameThreadHierarchicalTestExecutorService.invokeAll(SameThreadHierarchicalTestExecutorService.java:42)
	at org.junit.platform.engine.support.hierarchical.NodeTestTask.lambda$executeRecursively$2(NodeTestTask.java:180)
	at org.junit.platform.engine.support.hierarchical.ThrowableCollector.execute(ThrowableCollector.java:74)
	at org.junit.platform.engine.support.hierarchical.NodeTestTask.lambda$executeRecursively$1(NodeTestTask.java:166)
	at org.junit.platform.engine.support.hierarchical.Node.around(Node.java:138)
	at org.junit.platform.engine.support.hierarchical.NodeTestTask.lambda$executeRecursively$0(NodeTestTask.java:164)
	at org.junit.platform.engine.support.hierarchical.ThrowableCollector.execute(ThrowableCollector.java:74)
	at org.junit.platform.engine.support.hierarchical.NodeTestTask.executeRecursively(NodeTestTask.java:163)
	at org.junit.platform.engine.support.hierarchical.NodeTestTask.execute(NodeTestTask.java:116)
	at java.base/java.util.ArrayList.forEach(ArrayList.java:1596)
	at org.junit.platform.engine.support.hierarchical.SameThreadHierarchicalTestExecutorService.invokeAll(SameThreadHierarchicalTestExecutorService.java:42)
	at org.junit.platform.engine.support.hierarchical.NodeTestTask.lambda$executeRecursively$2(NodeTestTask.java:180)
	at org.junit.platform.engine.support.hierarchical.ThrowableCollector.execute(ThrowableCollector.java:74)
	at org.junit.platform.engine.support.hierarchical.NodeTestTask.lambda$executeRecursively$1(NodeTestTask.java:166)
	at org.junit.platform.engine.support.hierarchical.Node.around(Node.java:138)
	at org.junit.platform.engine.support.hierarchical.NodeTestTask.lambda$executeRecursively$0(NodeTestTask.java:164)
	at org.junit.platform.engine.support.hierarchical.ThrowableCollector.execute(ThrowableCollector.java:74)
	at org.junit.platform.engine.support.hierarchical.NodeTestTask.executeRecursively(NodeTestTask.java:163)
	at org.junit.platform.engine.support.hierarchical.NodeTestTask.execute(NodeTestTask.java:116)
	at org.junit.platform.engine.support.hierarchical.SameThreadHierarchicalTestExecutorService.submit(SameThreadHierarchicalTestExecutorService.java:36)
	at org.junit.platform.engine.support.hierarchical.HierarchicalTestExecutor.execute(HierarchicalTestExecutor.java:52)
	at org.junit.platform.engine.support.hierarchical.HierarchicalTestEngine.execute(HierarchicalTestEngine.java:58)
	at org.junit.platform.launcher.core.EngineExecutionOrchestrator.executeEngine(EngineExecutionOrchestrator.java:246)
	at org.junit.platform.launcher.core.EngineExecutionOrchestrator.failOrExecuteEngine(EngineExecutionOrchestrator.java:218)
	at org.junit.platform.launcher.core.EngineExecutionOrchestrator.execute(EngineExecutionOrchestrator.java:179)
	at org.junit.platform.launcher.core.EngineExecutionOrchestrator.execute(EngineExecutionOrchestrator.java:108)
	at org.junit.platform.launcher.core.EngineExecutionOrchestrator.lambda$execute$0(EngineExecutionOrchestrator.java:66)
	at org.junit.platform.launcher.core.EngineExecutionOrchestrator.withInterceptedStreams(EngineExecutionOrchestrator.java:157)
	at org.junit.platform.launcher.core.EngineExecutionOrchestrator.execute(EngineExecutionOrchestrator.java:65)
	at org.junit.platform.launcher.core.DefaultLauncher.execute(DefaultLauncher.java:125)
	at org.junit.platform.launcher.core.DefaultLauncher.execute(DefaultLauncher.java:114)
	at org.junit.platform.launcher.core.DelegatingLauncher.execute(DelegatingLauncher.java:58)
	at org.junit.platform.launcher.core.InterceptingLauncher.lambda$execute$2(InterceptingLauncher.java:57)
	at org.junit.platform.launcher.core.ClasspathAlignmentCheckingLauncherInterceptor.intercept(ClasspathAlignmentCheckingLauncherInterceptor.java:25)
	at org.junit.platform.launcher.core.InterceptingLauncher.execute(InterceptingLauncher.java:56)
	at org.junit.platform.launcher.core.DelegatingLauncher.execute(DelegatingLauncher.java:58)
	at java.base/jdk.internal.reflect.DirectMethodHandleAccessor.invoke(DirectMethodHandleAccessor.java:103)
	at java.base/java.lang.reflect.Method.invoke(Method.java:580)
	at org.apache.maven.surefire.api.util.ReflectionUtils.invokeMethodWithArray(ReflectionUtils.java:125)
	at org.apache.maven.surefire.junitplatform.LauncherAdapter.executeWithCancellationToken(LauncherAdapter.java:68)
	at org.apache.maven.surefire.junitplatform.LauncherAdapter.execute(LauncherAdapter.java:54)
	at org.apache.maven.surefire.junitplatform.JUnitPlatformProvider.execute(JUnitPlatformProvider.java:203)
	at org.apache.maven.surefire.junitplatform.JUnitPlatformProvider.invokeAllTests(JUnitPlatformProvider.java:168)
	at org.apache.maven.surefire.junitplatform.JUnitPlatformProvider.invoke(JUnitPlatformProvider.java:134)
	at org.apache.maven.surefire.booter.ForkedBooter.runSuitesInProcess(ForkedBooter.java:385)
	at org.apache.maven.surefire.booter.ForkedBooter.execute(ForkedBooter.java:162)
	at org.apache.maven.surefire.booter.ForkedBooter.run(ForkedBooter.java:507)
	at org.apache.maven.surefire.booter.ForkedBooter.main(ForkedBooter.java:495)
10:47:23.182 [main] WARN org.namewta.notify.adapter.event.InAppCommittedPushListener -- 站内实时提示失败，messageId=9220001, reason=IllegalStateException
10:47:23.199 [main] INFO com.baomidou.dynamic.datasource.DynamicRoutingDataSource -- dynamic-datasource start closing ....
10:47:23.199 [main] INFO com.baomidou.dynamic.datasource.DynamicRoutingDataSource -- dynamic-datasource all closed success,bye
10:47:23.199 [main] INFO com.zaxxer.hikari.HikariDataSource -- HikariPool-17 - Shutdown initiated...
10:47:23.226 [main] INFO com.zaxxer.hikari.HikariDataSource -- HikariPool-17 - Shutdown completed.
10:47:23.228 [main] INFO com.baomidou.dynamic.datasource.DynamicRoutingDataSource -- dynamic-datasource - add a datasource named [master] success
10:47:23.315 [main] INFO org.redisson.Version -- Redisson 4.6.1
10:47:23.319 [redisson-netty-53-1] INFO org.redisson.connection.ConnectionsHolder -- 1 connections initialized for 127.0.0.1/127.0.0.1:32831
10:47:23.319 [redisson-netty-53-2] INFO org.redisson.connection.ConnectionsHolder -- 1 connections initialized for 127.0.0.1/127.0.0.1:32831
10:47:23.339 [main] INFO com.zaxxer.hikari.HikariDataSource -- HikariPool-18 - Starting...
10:47:23.346 [main] INFO com.zaxxer.hikari.pool.HikariPool -- HikariPool-18 - Added connection com.mysql.cj.jdbc.ConnectionImpl@6045d2c
10:47:23.346 [main] INFO com.zaxxer.hikari.HikariDataSource -- HikariPool-18 - Start completed.
10:47:23.459 [main] INFO com.baomidou.dynamic.datasource.DynamicRoutingDataSource -- dynamic-datasource start closing ....
10:47:23.459 [main] INFO com.baomidou.dynamic.datasource.DynamicRoutingDataSource -- dynamic-datasource all closed success,bye
10:47:23.459 [main] INFO com.zaxxer.hikari.HikariDataSource -- HikariPool-18 - Shutdown initiated...
10:47:23.481 [main] INFO com.zaxxer.hikari.HikariDataSource -- HikariPool-18 - Shutdown completed.
10:47:23.483 [main] INFO com.baomidou.dynamic.datasource.DynamicRoutingDataSource -- dynamic-datasource - add a datasource named [master] success
10:47:23.594 [main] INFO org.redisson.Version -- Redisson 4.6.1
10:47:23.600 [redisson-netty-56-1] INFO org.redisson.connection.ConnectionsHolder -- 1 connections initialized for 127.0.0.1/127.0.0.1:32831
10:47:23.600 [redisson-netty-56-2] INFO org.redisson.connection.ConnectionsHolder -- 1 connections initialized for 127.0.0.1/127.0.0.1:32831
10:47:23.632 [main] INFO com.zaxxer.hikari.HikariDataSource -- HikariPool-19 - Starting...
10:47:23.640 [main] INFO com.zaxxer.hikari.pool.HikariPool -- HikariPool-19 - Added connection com.mysql.cj.jdbc.ConnectionImpl@52bf434b
10:47:23.641 [main] INFO com.zaxxer.hikari.HikariDataSource -- HikariPool-19 - Start completed.
10:47:23.736 [main] INFO com.baomidou.dynamic.datasource.DynamicRoutingDataSource -- dynamic-datasource start closing ....
10:47:23.736 [main] INFO com.baomidou.dynamic.datasource.DynamicRoutingDataSource -- dynamic-datasource all closed success,bye
10:47:23.736 [main] INFO com.zaxxer.hikari.HikariDataSource -- HikariPool-19 - Shutdown initiated...
10:47:23.737 [main] INFO com.zaxxer.hikari.HikariDataSource -- HikariPool-19 - Shutdown completed.
10:47:23.739 [main] INFO com.baomidou.dynamic.datasource.DynamicRoutingDataSource -- dynamic-datasource - add a datasource named [master] success
10:47:23.869 [main] INFO org.redisson.Version -- Redisson 4.6.1
10:47:23.877 [redisson-netty-59-1] INFO org.redisson.connection.ConnectionsHolder -- 1 connections initialized for 127.0.0.1/127.0.0.1:32831
10:47:23.879 [redisson-netty-59-2] INFO org.redisson.connection.ConnectionsHolder -- 1 connections initialized for 127.0.0.1/127.0.0.1:32831
10:47:23.907 [main] INFO com.zaxxer.hikari.HikariDataSource -- HikariPool-20 - Starting...
10:47:23.913 [main] INFO com.zaxxer.hikari.pool.HikariPool -- HikariPool-20 - Added connection com.mysql.cj.jdbc.ConnectionImpl@6c946b14
10:47:23.913 [main] INFO com.zaxxer.hikari.HikariDataSource -- HikariPool-20 - Start completed.
10:47:23.994 [main] INFO com.baomidou.dynamic.datasource.DynamicRoutingDataSource -- dynamic-datasource start closing ....
10:47:23.995 [main] INFO com.baomidou.dynamic.datasource.DynamicRoutingDataSource -- dynamic-datasource all closed success,bye
10:47:23.995 [main] INFO com.zaxxer.hikari.HikariDataSource -- HikariPool-20 - Shutdown initiated...
10:47:23.996 [main] INFO com.zaxxer.hikari.HikariDataSource -- HikariPool-20 - Shutdown completed.
10:47:23.998 [main] INFO com.baomidou.dynamic.datasource.DynamicRoutingDataSource -- dynamic-datasource - add a datasource named [master] success
10:47:24.108 [main] INFO org.redisson.Version -- Redisson 4.6.1
10:47:24.112 [redisson-netty-62-1] INFO org.redisson.connection.ConnectionsHolder -- 1 connections initialized for 127.0.0.1/127.0.0.1:32831
10:47:24.112 [redisson-netty-62-2] INFO org.redisson.connection.ConnectionsHolder -- 1 connections initialized for 127.0.0.1/127.0.0.1:32831
10:47:24.131 [main] INFO com.zaxxer.hikari.HikariDataSource -- HikariPool-21 - Starting...
10:47:24.135 [main] INFO com.zaxxer.hikari.pool.HikariPool -- HikariPool-21 - Added connection com.mysql.cj.jdbc.ConnectionImpl@5ff1aece
10:47:24.136 [main] INFO com.zaxxer.hikari.HikariDataSource -- HikariPool-21 - Start completed.
10:47:24.182 [main] INFO com.baomidou.dynamic.datasource.DynamicRoutingDataSource -- dynamic-datasource start closing ....
10:47:24.182 [main] INFO com.baomidou.dynamic.datasource.DynamicRoutingDataSource -- dynamic-datasource all closed success,bye
10:47:24.182 [main] INFO com.zaxxer.hikari.HikariDataSource -- HikariPool-21 - Shutdown initiated...
10:47:24.183 [main] INFO com.zaxxer.hikari.HikariDataSource -- HikariPool-21 - Shutdown completed.
10:47:24.185 [main] INFO com.baomidou.dynamic.datasource.DynamicRoutingDataSource -- dynamic-datasource - add a datasource named [master] success
10:47:24.308 [main] INFO org.redisson.Version -- Redisson 4.6.1
10:47:24.313 [redisson-netty-65-1] INFO org.redisson.connection.ConnectionsHolder -- 1 connections initialized for 127.0.0.1/127.0.0.1:32831
10:47:24.313 [redisson-netty-65-2] INFO org.redisson.connection.ConnectionsHolder -- 1 connections initialized for 127.0.0.1/127.0.0.1:32831
10:47:24.333 [main] INFO com.zaxxer.hikari.HikariDataSource -- HikariPool-22 - Starting...
10:47:24.337 [main] INFO com.zaxxer.hikari.pool.HikariPool -- HikariPool-22 - Added connection com.mysql.cj.jdbc.ConnectionImpl@2a1c6186
10:47:24.337 [main] INFO com.zaxxer.hikari.HikariDataSource -- HikariPool-22 - Start completed.
10:47:24.500 [main] WARN org.namewta.notify.adapter.event.InAppCommittedPushListener -- 站内实时提示失败，messageId=9220001, reason=IllegalStateException
10:47:24.557 [main] INFO com.baomidou.dynamic.datasource.DynamicRoutingDataSource -- dynamic-datasource start closing ....
10:47:24.557 [main] INFO com.baomidou.dynamic.datasource.DynamicRoutingDataSource -- dynamic-datasource all closed success,bye
10:47:24.557 [main] INFO com.zaxxer.hikari.HikariDataSource -- HikariPool-22 - Shutdown initiated...
10:47:24.583 [main] INFO com.zaxxer.hikari.HikariDataSource -- HikariPool-22 - Shutdown completed.
10:47:24.585 [main] INFO com.baomidou.dynamic.datasource.DynamicRoutingDataSource -- dynamic-datasource - add a datasource named [master] success
10:47:24.731 [main] INFO org.redisson.Version -- Redisson 4.6.1
10:47:24.735 [redisson-netty-68-2] INFO org.redisson.connection.ConnectionsHolder -- 1 connections initialized for 127.0.0.1/127.0.0.1:32831
10:47:24.735 [redisson-netty-68-1] INFO org.redisson.connection.ConnectionsHolder -- 1 connections initialized for 127.0.0.1/127.0.0.1:32831
10:47:24.750 [main] INFO com.zaxxer.hikari.HikariDataSource -- HikariPool-23 - Starting...
10:47:24.754 [main] INFO com.zaxxer.hikari.pool.HikariPool -- HikariPool-23 - Added connection com.mysql.cj.jdbc.ConnectionImpl@1435a1f8
10:47:24.754 [main] INFO com.zaxxer.hikari.HikariDataSource -- HikariPool-23 - Start completed.
10:47:24.904 [main] INFO com.baomidou.dynamic.datasource.DynamicRoutingDataSource -- dynamic-datasource start closing ....
10:47:24.905 [main] INFO com.baomidou.dynamic.datasource.DynamicRoutingDataSource -- dynamic-datasource all closed success,bye
10:47:24.905 [main] INFO com.zaxxer.hikari.HikariDataSource -- HikariPool-23 - Shutdown initiated...
10:47:24.922 [main] INFO com.zaxxer.hikari.HikariDataSource -- HikariPool-23 - Shutdown completed.
10:47:24.923 [main] INFO com.baomidou.dynamic.datasource.DynamicRoutingDataSource -- dynamic-datasource - add a datasource named [master] success
10:47:25.019 [main] INFO org.redisson.Version -- Redisson 4.6.1
10:47:25.023 [redisson-netty-71-1] INFO org.redisson.connection.ConnectionsHolder -- 1 connections initialized for 127.0.0.1/127.0.0.1:32831
10:47:25.023 [redisson-netty-71-2] INFO org.redisson.connection.ConnectionsHolder -- 1 connections initialized for 127.0.0.1/127.0.0.1:32831
10:47:25.040 [main] INFO com.zaxxer.hikari.HikariDataSource -- HikariPool-24 - Starting...
10:47:25.044 [main] INFO com.zaxxer.hikari.pool.HikariPool -- HikariPool-24 - Added connection com.mysql.cj.jdbc.ConnectionImpl@4ebe0e3f
10:47:25.045 [main] INFO com.zaxxer.hikari.HikariDataSource -- HikariPool-24 - Start completed.
10:47:25.108 [main] WARN org.namewta.notify.adapter.event.InAppCommittedPushListener -- 站内实时提示失败，messageId=9220001, reason=IllegalStateException
10:47:25.129 [main] INFO com.baomidou.dynamic.datasource.DynamicRoutingDataSource -- dynamic-datasource start closing ....
10:47:25.129 [main] INFO com.baomidou.dynamic.datasource.DynamicRoutingDataSource -- dynamic-datasource all closed success,bye
10:47:25.129 [main] INFO com.zaxxer.hikari.HikariDataSource -- HikariPool-24 - Shutdown initiated...
10:47:25.130 [main] INFO com.zaxxer.hikari.HikariDataSource -- HikariPool-24 - Shutdown completed.
10:47:25.132 [main] INFO com.baomidou.dynamic.datasource.DynamicRoutingDataSource -- dynamic-datasource - add a datasource named [master] success
10:47:25.226 [main] INFO org.redisson.Version -- Redisson 4.6.1
10:47:25.230 [redisson-netty-74-1] INFO org.redisson.connection.ConnectionsHolder -- 1 connections initialized for 127.0.0.1/127.0.0.1:32831
10:47:25.230 [redisson-netty-74-2] INFO org.redisson.connection.ConnectionsHolder -- 1 connections initialized for 127.0.0.1/127.0.0.1:32831
10:47:25.245 [main] INFO com.zaxxer.hikari.HikariDataSource -- HikariPool-25 - Starting...
10:47:25.249 [main] INFO com.zaxxer.hikari.pool.HikariPool -- HikariPool-25 - Added connection com.mysql.cj.jdbc.ConnectionImpl@7766f1c1
10:47:25.250 [main] INFO com.zaxxer.hikari.HikariDataSource -- HikariPool-25 - Start completed.
10:47:25.329 [main] INFO com.baomidou.dynamic.datasource.DynamicRoutingDataSource -- dynamic-datasource start closing ....
10:47:25.329 [main] INFO com.baomidou.dynamic.datasource.DynamicRoutingDataSource -- dynamic-datasource all closed success,bye
10:47:25.329 [main] INFO com.zaxxer.hikari.HikariDataSource -- HikariPool-25 - Shutdown initiated...
10:47:25.331 [main] INFO com.zaxxer.hikari.HikariDataSource -- HikariPool-25 - Shutdown completed.
10:47:25.333 [main] INFO com.baomidou.dynamic.datasource.DynamicRoutingDataSource -- dynamic-datasource - add a datasource named [master] success
10:47:25.442 [main] INFO org.redisson.Version -- Redisson 4.6.1
10:47:25.446 [redisson-netty-77-2] INFO org.redisson.connection.ConnectionsHolder -- 1 connections initialized for 127.0.0.1/127.0.0.1:32831
10:47:25.446 [redisson-netty-77-1] INFO org.redisson.connection.ConnectionsHolder -- 1 connections initialized for 127.0.0.1/127.0.0.1:32831
10:47:25.462 [main] INFO com.zaxxer.hikari.HikariDataSource -- HikariPool-26 - Starting...
10:47:25.467 [main] INFO com.zaxxer.hikari.pool.HikariPool -- HikariPool-26 - Added connection com.mysql.cj.jdbc.ConnectionImpl@48945548
10:47:25.467 [main] INFO com.zaxxer.hikari.HikariDataSource -- HikariPool-26 - Start completed.
10:47:25.532 [main] INFO com.baomidou.dynamic.datasource.DynamicRoutingDataSource -- dynamic-datasource start closing ....
10:47:25.532 [main] INFO com.baomidou.dynamic.datasource.DynamicRoutingDataSource -- dynamic-datasource all closed success,bye
10:47:25.532 [main] INFO com.zaxxer.hikari.HikariDataSource -- HikariPool-26 - Shutdown initiated...
10:47:25.534 [main] INFO com.zaxxer.hikari.HikariDataSource -- HikariPool-26 - Shutdown completed.
10:47:25.535 [main] INFO com.baomidou.dynamic.datasource.DynamicRoutingDataSource -- dynamic-datasource - add a datasource named [master] success
10:47:25.629 [main] INFO org.redisson.Version -- Redisson 4.6.1
10:47:25.633 [redisson-netty-80-1] INFO org.redisson.connection.ConnectionsHolder -- 1 connections initialized for 127.0.0.1/127.0.0.1:32831
10:47:25.633 [redisson-netty-80-2] INFO org.redisson.connection.ConnectionsHolder -- 1 connections initialized for 127.0.0.1/127.0.0.1:32831
10:47:25.648 [main] INFO com.zaxxer.hikari.HikariDataSource -- HikariPool-27 - Starting...
10:47:25.652 [main] INFO com.zaxxer.hikari.pool.HikariPool -- HikariPool-27 - Added connection com.mysql.cj.jdbc.ConnectionImpl@281dfc79
10:47:25.652 [main] INFO com.zaxxer.hikari.HikariDataSource -- HikariPool-27 - Start completed.
10:47:25.712 [main] INFO com.baomidou.dynamic.datasource.DynamicRoutingDataSource -- dynamic-datasource start closing ....
10:47:25.713 [main] INFO com.baomidou.dynamic.datasource.DynamicRoutingDataSource -- dynamic-datasource all closed success,bye
10:47:25.713 [main] INFO com.zaxxer.hikari.HikariDataSource -- HikariPool-27 - Shutdown initiated...
10:47:25.713 [main] INFO com.zaxxer.hikari.HikariDataSource -- HikariPool-27 - Shutdown completed.
10:47:25.716 [main] INFO com.baomidou.dynamic.datasource.DynamicRoutingDataSource -- dynamic-datasource - add a datasource named [master] success
10:47:25.818 [main] INFO org.redisson.Version -- Redisson 4.6.1
10:47:25.822 [redisson-netty-83-2] INFO org.redisson.connection.ConnectionsHolder -- 1 connections initialized for 127.0.0.1/127.0.0.1:32831
10:47:25.822 [redisson-netty-83-1] INFO org.redisson.connection.ConnectionsHolder -- 1 connections initialized for 127.0.0.1/127.0.0.1:32831
10:47:25.836 [main] INFO com.zaxxer.hikari.HikariDataSource -- HikariPool-28 - Starting...
10:47:25.842 [main] INFO com.zaxxer.hikari.pool.HikariPool -- HikariPool-28 - Added connection com.mysql.cj.jdbc.ConnectionImpl@5e74dac2
10:47:25.842 [main] INFO com.zaxxer.hikari.HikariDataSource -- HikariPool-28 - Start completed.
10:47:25.918 [main] INFO com.baomidou.dynamic.datasource.DynamicRoutingDataSource -- dynamic-datasource start closing ....
10:47:25.918 [main] INFO com.baomidou.dynamic.datasource.DynamicRoutingDataSource -- dynamic-datasource all closed success,bye
10:47:25.918 [main] INFO com.zaxxer.hikari.HikariDataSource -- HikariPool-28 - Shutdown initiated...
10:47:25.919 [main] INFO com.zaxxer.hikari.HikariDataSource -- HikariPool-28 - Shutdown completed.
10:47:25.921 [main] INFO com.baomidou.dynamic.datasource.DynamicRoutingDataSource -- dynamic-datasource - add a datasource named [master] success
10:47:26.007 [main] INFO org.redisson.Version -- Redisson 4.6.1
10:47:26.012 [redisson-netty-86-1] INFO org.redisson.connection.ConnectionsHolder -- 1 connections initialized for 127.0.0.1/127.0.0.1:32831
10:47:26.012 [redisson-netty-86-2] INFO org.redisson.connection.ConnectionsHolder -- 1 connections initialized for 127.0.0.1/127.0.0.1:32831
10:47:26.032 [main] INFO com.zaxxer.hikari.HikariDataSource -- HikariPool-29 - Starting...
10:47:26.037 [main] INFO com.zaxxer.hikari.pool.HikariPool -- HikariPool-29 - Added connection com.mysql.cj.jdbc.ConnectionImpl@237b3ab6
10:47:26.038 [main] INFO com.zaxxer.hikari.HikariDataSource -- HikariPool-29 - Start completed.
10:47:26.118 [main] INFO com.baomidou.dynamic.datasource.DynamicRoutingDataSource -- dynamic-datasource start closing ....
10:47:26.118 [main] INFO com.baomidou.dynamic.datasource.DynamicRoutingDataSource -- dynamic-datasource all closed success,bye
10:47:26.118 [main] INFO com.zaxxer.hikari.HikariDataSource -- HikariPool-29 - Shutdown initiated...
10:47:26.119 [main] INFO com.zaxxer.hikari.HikariDataSource -- HikariPool-29 - Shutdown completed.
10:47:26.121 [main] INFO com.baomidou.dynamic.datasource.DynamicRoutingDataSource -- dynamic-datasource - add a datasource named [master] success
10:47:26.216 [main] INFO org.redisson.Version -- Redisson 4.6.1
10:47:26.220 [redisson-netty-89-1] INFO org.redisson.connection.ConnectionsHolder -- 1 connections initialized for 127.0.0.1/127.0.0.1:32831
10:47:26.220 [redisson-netty-89-2] INFO org.redisson.connection.ConnectionsHolder -- 1 connections initialized for 127.0.0.1/127.0.0.1:32831
10:47:26.235 [main] INFO com.zaxxer.hikari.HikariDataSource -- HikariPool-30 - Starting...
10:47:26.239 [main] INFO com.zaxxer.hikari.pool.HikariPool -- HikariPool-30 - Added connection com.mysql.cj.jdbc.ConnectionImpl@3093c41f
10:47:26.240 [main] INFO com.zaxxer.hikari.HikariDataSource -- HikariPool-30 - Start completed.
10:47:26.332 [main] INFO com.baomidou.dynamic.datasource.DynamicRoutingDataSource -- dynamic-datasource start closing ....
10:47:26.333 [main] INFO com.baomidou.dynamic.datasource.DynamicRoutingDataSource -- dynamic-datasource all closed success,bye
10:47:26.333 [main] INFO com.zaxxer.hikari.HikariDataSource -- HikariPool-30 - Shutdown initiated...
10:47:26.333 [main] INFO com.zaxxer.hikari.HikariDataSource -- HikariPool-30 - Shutdown completed.
10:47:26.336 [main] INFO com.baomidou.dynamic.datasource.DynamicRoutingDataSource -- dynamic-datasource - add a datasource named [master] success
10:47:26.432 [main] INFO org.redisson.Version -- Redisson 4.6.1
10:47:26.437 [redisson-netty-92-1] INFO org.redisson.connection.ConnectionsHolder -- 1 connections initialized for 127.0.0.1/127.0.0.1:32831
10:47:26.437 [redisson-netty-92-2] INFO org.redisson.connection.ConnectionsHolder -- 1 connections initialized for 127.0.0.1/127.0.0.1:32831
10:47:26.454 [main] INFO com.zaxxer.hikari.HikariDataSource -- HikariPool-31 - Starting...
10:47:26.459 [main] INFO com.zaxxer.hikari.pool.HikariPool -- HikariPool-31 - Added connection com.mysql.cj.jdbc.ConnectionImpl@444f35bf
10:47:26.460 [main] INFO com.zaxxer.hikari.HikariDataSource -- HikariPool-31 - Start completed.
10:47:26.563 [main] INFO com.baomidou.dynamic.datasource.DynamicRoutingDataSource -- dynamic-datasource start closing ....
10:47:26.563 [main] INFO com.baomidou.dynamic.datasource.DynamicRoutingDataSource -- dynamic-datasource all closed success,bye
10:47:26.563 [main] INFO com.zaxxer.hikari.HikariDataSource -- HikariPool-31 - Shutdown initiated...
10:47:26.599 [main] INFO com.zaxxer.hikari.HikariDataSource -- HikariPool-31 - Shutdown completed.
10:47:26.604 [main] INFO com.baomidou.dynamic.datasource.DynamicRoutingDataSource -- dynamic-datasource - add a datasource named [master] success
10:47:26.737 [main] INFO org.redisson.Version -- Redisson 4.6.1
10:47:26.742 [redisson-netty-95-1] INFO org.redisson.connection.ConnectionsHolder -- 1 connections initialized for 127.0.0.1/127.0.0.1:32831
10:47:26.742 [redisson-netty-95-2] INFO org.redisson.connection.ConnectionsHolder -- 1 connections initialized for 127.0.0.1/127.0.0.1:32831
10:47:26.761 [main] INFO com.zaxxer.hikari.HikariDataSource -- HikariPool-32 - Starting...
10:47:26.766 [main] INFO com.zaxxer.hikari.pool.HikariPool -- HikariPool-32 - Added connection com.mysql.cj.jdbc.ConnectionImpl@3eec221b
10:47:26.767 [main] INFO com.zaxxer.hikari.HikariDataSource -- HikariPool-32 - Start completed.
10:47:26.885 [main] INFO com.baomidou.dynamic.datasource.DynamicRoutingDataSource -- dynamic-datasource start closing ....
10:47:26.885 [main] INFO com.baomidou.dynamic.datasource.DynamicRoutingDataSource -- dynamic-datasource all closed success,bye
10:47:26.886 [main] INFO com.zaxxer.hikari.HikariDataSource -- HikariPool-32 - Shutdown initiated...
10:47:26.904 [main] INFO com.zaxxer.hikari.HikariDataSource -- HikariPool-32 - Shutdown completed.
10:47:26.907 [main] INFO com.baomidou.dynamic.datasource.DynamicRoutingDataSource -- dynamic-datasource - add a datasource named [master] success
10:47:27.017 [main] INFO org.redisson.Version -- Redisson 4.6.1
10:47:27.024 [redisson-netty-98-1] INFO org.redisson.connection.ConnectionsHolder -- 1 connections initialized for 127.0.0.1/127.0.0.1:32831
10:47:27.024 [redisson-netty-98-2] INFO org.redisson.connection.ConnectionsHolder -- 1 connections initialized for 127.0.0.1/127.0.0.1:32831
10:47:27.039 [main] INFO com.zaxxer.hikari.HikariDataSource -- HikariPool-33 - Starting...
10:47:27.045 [main] INFO com.zaxxer.hikari.pool.HikariPool -- HikariPool-33 - Added connection com.mysql.cj.jdbc.ConnectionImpl@21ca5865
10:47:27.046 [main] INFO com.zaxxer.hikari.HikariDataSource -- HikariPool-33 - Start completed.
10:47:27.147 [main] INFO com.baomidou.dynamic.datasource.DynamicRoutingDataSource -- dynamic-datasource start closing ....
10:47:27.147 [main] INFO com.baomidou.dynamic.datasource.DynamicRoutingDataSource -- dynamic-datasource all closed success,bye
10:47:27.147 [main] INFO com.zaxxer.hikari.HikariDataSource -- HikariPool-33 - Shutdown initiated...
10:47:27.182 [main] INFO com.zaxxer.hikari.HikariDataSource -- HikariPool-33 - Shutdown completed.
10:47:27.185 [main] INFO com.baomidou.dynamic.datasource.DynamicRoutingDataSource -- dynamic-datasource - add a datasource named [master] success
10:47:27.298 [main] INFO org.redisson.Version -- Redisson 4.6.1
10:47:27.302 [redisson-netty-101-1] INFO org.redisson.connection.ConnectionsHolder -- 1 connections initialized for 127.0.0.1/127.0.0.1:32831
10:47:27.302 [redisson-netty-101-2] INFO org.redisson.connection.ConnectionsHolder -- 1 connections initialized for 127.0.0.1/127.0.0.1:32831
10:47:27.320 [main] INFO com.zaxxer.hikari.HikariDataSource -- HikariPool-34 - Starting...
10:47:27.325 [main] INFO com.zaxxer.hikari.pool.HikariPool -- HikariPool-34 - Added connection com.mysql.cj.jdbc.ConnectionImpl@4933952d
10:47:27.326 [main] INFO com.zaxxer.hikari.HikariDataSource -- HikariPool-34 - Start completed.
10:47:27.408 [main] INFO com.baomidou.dynamic.datasource.DynamicRoutingDataSource -- dynamic-datasource start closing ....
10:47:27.408 [main] INFO com.baomidou.dynamic.datasource.DynamicRoutingDataSource -- dynamic-datasource all closed success,bye
10:47:27.408 [main] INFO com.zaxxer.hikari.HikariDataSource -- HikariPool-34 - Shutdown initiated...
10:47:27.409 [main] INFO com.zaxxer.hikari.HikariDataSource -- HikariPool-34 - Shutdown completed.
10:47:27.412 [main] INFO com.baomidou.dynamic.datasource.DynamicRoutingDataSource -- dynamic-datasource - add a datasource named [master] success
10:47:27.533 [main] INFO org.redisson.Version -- Redisson 4.6.1
10:47:27.536 [redisson-netty-104-2] INFO org.redisson.connection.ConnectionsHolder -- 1 connections initialized for 127.0.0.1/127.0.0.1:32831
10:47:27.536 [redisson-netty-104-1] INFO org.redisson.connection.ConnectionsHolder -- 1 connections initialized for 127.0.0.1/127.0.0.1:32831
10:47:27.556 [main] INFO com.zaxxer.hikari.HikariDataSource -- HikariPool-35 - Starting...
10:47:27.560 [main] INFO com.zaxxer.hikari.pool.HikariPool -- HikariPool-35 - Added connection com.mysql.cj.jdbc.ConnectionImpl@3fd762bb
10:47:27.560 [main] INFO com.zaxxer.hikari.HikariDataSource -- HikariPool-35 - Start completed.
10:47:27.653 [main] WARN org.namewta.notify.adapter.event.InAppCommittedPushListener -- 站内实时提示失败，messageId=9220001, reason=IllegalStateException
10:47:27.678 [main] INFO com.baomidou.dynamic.datasource.DynamicRoutingDataSource -- dynamic-datasource start closing ....
10:47:27.678 [main] INFO com.baomidou.dynamic.datasource.DynamicRoutingDataSource -- dynamic-datasource all closed success,bye
10:47:27.678 [main] INFO com.zaxxer.hikari.HikariDataSource -- HikariPool-35 - Shutdown initiated...
10:47:27.695 [main] INFO com.zaxxer.hikari.HikariDataSource -- HikariPool-35 - Shutdown completed.
10:47:27.698 [main] INFO com.baomidou.dynamic.datasource.DynamicRoutingDataSource -- dynamic-datasource - add a datasource named [master] success
10:47:27.797 [main] INFO org.redisson.Version -- Redisson 4.6.1
10:47:27.803 [redisson-netty-107-1] INFO org.redisson.connection.ConnectionsHolder -- 1 connections initialized for 127.0.0.1/127.0.0.1:32831
10:47:27.805 [redisson-netty-107-2] INFO org.redisson.connection.ConnectionsHolder -- 1 connections initialized for 127.0.0.1/127.0.0.1:32831
10:47:27.823 [main] INFO com.zaxxer.hikari.HikariDataSource -- HikariPool-36 - Starting...
10:47:27.827 [main] INFO com.zaxxer.hikari.pool.HikariPool -- HikariPool-36 - Added connection com.mysql.cj.jdbc.ConnectionImpl@3d530201
10:47:27.828 [main] INFO com.zaxxer.hikari.HikariDataSource -- HikariPool-36 - Start completed.
10:47:27.898 [main] INFO com.baomidou.dynamic.datasource.DynamicRoutingDataSource -- dynamic-datasource start closing ....
10:47:27.898 [main] INFO com.baomidou.dynamic.datasource.DynamicRoutingDataSource -- dynamic-datasource all closed success,bye
10:47:27.898 [main] INFO com.zaxxer.hikari.HikariDataSource -- HikariPool-36 - Shutdown initiated...
10:47:27.899 [main] INFO com.zaxxer.hikari.HikariDataSource -- HikariPool-36 - Shutdown completed.
10:47:27.904 [main] INFO com.baomidou.dynamic.datasource.DynamicRoutingDataSource -- dynamic-datasource - add a datasource named [master] success
10:47:28.016 [main] INFO org.redisson.Version -- Redisson 4.6.1
10:47:28.019 [redisson-netty-110-1] INFO org.redisson.connection.ConnectionsHolder -- 1 connections initialized for 127.0.0.1/127.0.0.1:32831
10:47:28.019 [redisson-netty-110-2] INFO org.redisson.connection.ConnectionsHolder -- 1 connections initialized for 127.0.0.1/127.0.0.1:32831
10:47:28.035 [main] INFO com.zaxxer.hikari.HikariDataSource -- HikariPool-37 - Starting...
10:47:28.039 [main] INFO com.zaxxer.hikari.pool.HikariPool -- HikariPool-37 - Added connection com.mysql.cj.jdbc.ConnectionImpl@45e68bfa
10:47:28.039 [main] INFO com.zaxxer.hikari.HikariDataSource -- HikariPool-37 - Start completed.
10:47:28.110 [main] WARN org.namewta.notify.adapter.event.InAppCommittedPushListener -- 站内实时提示失败，messageId=9220001, reason=IllegalStateException
10:47:28.137 [main] INFO com.baomidou.dynamic.datasource.DynamicRoutingDataSource -- dynamic-datasource start closing ....
10:47:28.137 [main] INFO com.baomidou.dynamic.datasource.DynamicRoutingDataSource -- dynamic-datasource all closed success,bye
10:47:28.137 [main] INFO com.zaxxer.hikari.HikariDataSource -- HikariPool-37 - Shutdown initiated...
10:47:28.138 [main] INFO com.zaxxer.hikari.HikariDataSource -- HikariPool-37 - Shutdown completed.
10:47:28.141 [main] INFO com.baomidou.dynamic.datasource.DynamicRoutingDataSource -- dynamic-datasource - add a datasource named [master] success
10:47:28.254 [main] INFO org.redisson.Version -- Redisson 4.6.1
10:47:28.259 [redisson-netty-113-1] INFO org.redisson.connection.ConnectionsHolder -- 1 connections initialized for 127.0.0.1/127.0.0.1:32831
10:47:28.259 [redisson-netty-113-2] INFO org.redisson.connection.ConnectionsHolder -- 1 connections initialized for 127.0.0.1/127.0.0.1:32831
10:47:28.275 [main] INFO com.zaxxer.hikari.HikariDataSource -- HikariPool-38 - Starting...
10:47:28.281 [main] INFO com.zaxxer.hikari.pool.HikariPool -- HikariPool-38 - Added connection com.mysql.cj.jdbc.ConnectionImpl@46103135
10:47:28.281 [main] INFO com.zaxxer.hikari.HikariDataSource -- HikariPool-38 - Start completed.
10:47:28.352 [main] INFO com.baomidou.dynamic.datasource.DynamicRoutingDataSource -- dynamic-datasource start closing ....
10:47:28.352 [main] INFO com.baomidou.dynamic.datasource.DynamicRoutingDataSource -- dynamic-datasource all closed success,bye
10:47:28.352 [main] INFO com.zaxxer.hikari.HikariDataSource -- HikariPool-38 - Shutdown initiated...
10:47:28.353 [main] INFO com.zaxxer.hikari.HikariDataSource -- HikariPool-38 - Shutdown completed.
10:47:28.360 [main] INFO com.baomidou.dynamic.datasource.DynamicRoutingDataSource -- dynamic-datasource - add a datasource named [master] success
10:47:28.481 [main] INFO org.redisson.Version -- Redisson 4.6.1
10:47:28.488 [redisson-netty-116-1] INFO org.redisson.connection.ConnectionsHolder -- 1 connections initialized for 127.0.0.1/127.0.0.1:32831
10:47:28.488 [redisson-netty-116-2] INFO org.redisson.connection.ConnectionsHolder -- 1 connections initialized for 127.0.0.1/127.0.0.1:32831
10:47:28.502 [main] INFO com.zaxxer.hikari.HikariDataSource -- HikariPool-39 - Starting...
10:47:28.508 [main] INFO com.zaxxer.hikari.pool.HikariPool -- HikariPool-39 - Added connection com.mysql.cj.jdbc.ConnectionImpl@731f4424
10:47:28.508 [main] INFO com.zaxxer.hikari.HikariDataSource -- HikariPool-39 - Start completed.
10:47:28.574 [main] WARN org.namewta.notify.adapter.event.InAppCommittedPushListener -- 站内实时提示失败，messageId=9220001, reason=IllegalStateException
10:47:28.599 [main] INFO com.baomidou.dynamic.datasource.DynamicRoutingDataSource -- dynamic-datasource start closing ....
10:47:28.599 [main] INFO com.baomidou.dynamic.datasource.DynamicRoutingDataSource -- dynamic-datasource all closed success,bye
10:47:28.599 [main] INFO com.zaxxer.hikari.HikariDataSource -- HikariPool-39 - Shutdown initiated...
10:47:28.600 [main] INFO com.zaxxer.hikari.HikariDataSource -- HikariPool-39 - Shutdown completed.
10:47:28.603 [main] INFO com.baomidou.dynamic.datasource.DynamicRoutingDataSource -- dynamic-datasource - add a datasource named [master] success
10:47:28.702 [main] INFO org.redisson.Version -- Redisson 4.6.1
10:47:28.708 [redisson-netty-119-2] INFO org.redisson.connection.ConnectionsHolder -- 1 connections initialized for 127.0.0.1/127.0.0.1:32831
10:47:28.708 [redisson-netty-119-1] INFO org.redisson.connection.ConnectionsHolder -- 1 connections initialized for 127.0.0.1/127.0.0.1:32831
10:47:28.725 [main] INFO com.zaxxer.hikari.HikariDataSource -- HikariPool-40 - Starting...
10:47:28.732 [main] INFO com.zaxxer.hikari.pool.HikariPool -- HikariPool-40 - Added connection com.mysql.cj.jdbc.ConnectionImpl@65c7d705
10:47:28.733 [main] INFO com.zaxxer.hikari.HikariDataSource -- HikariPool-40 - Start completed.
10:47:28.811 [main] WARN org.namewta.notify.adapter.event.InAppCommittedPushListener -- 站内实时提示失败，messageId=9220001, reason=IllegalStateException
10:47:28.833 [main] INFO com.baomidou.dynamic.datasource.DynamicRoutingDataSource -- dynamic-datasource start closing ....
10:47:28.833 [main] INFO com.baomidou.dynamic.datasource.DynamicRoutingDataSource -- dynamic-datasource all closed success,bye
10:47:28.833 [main] INFO com.zaxxer.hikari.HikariDataSource -- HikariPool-40 - Shutdown initiated...
10:47:28.867 [main] INFO com.zaxxer.hikari.HikariDataSource -- HikariPool-40 - Shutdown completed.
10:47:28.869 [main] INFO com.baomidou.dynamic.datasource.DynamicRoutingDataSource -- dynamic-datasource - add a datasource named [master] success
10:47:28.966 [main] INFO org.redisson.Version -- Redisson 4.6.1
10:47:28.969 [redisson-netty-122-2] INFO org.redisson.connection.ConnectionsHolder -- 1 connections initialized for 127.0.0.1/127.0.0.1:32831
10:47:28.969 [redisson-netty-122-1] INFO org.redisson.connection.ConnectionsHolder -- 1 connections initialized for 127.0.0.1/127.0.0.1:32831
10:47:28.987 [main] INFO com.zaxxer.hikari.HikariDataSource -- HikariPool-41 - Starting...
10:47:28.990 [main] INFO com.zaxxer.hikari.pool.HikariPool -- HikariPool-41 - Added connection com.mysql.cj.jdbc.ConnectionImpl@6857e2cc
10:47:28.990 [main] INFO com.zaxxer.hikari.HikariDataSource -- HikariPool-41 - Start completed.
10:47:29.071 [main] WARN org.namewta.notify.adapter.event.InAppCommittedPushListener -- 站内实时提示失败，messageId=9220001, reason=IllegalStateException
10:47:29.105 [main] INFO com.baomidou.dynamic.datasource.DynamicRoutingDataSource -- dynamic-datasource start closing ....
10:47:29.105 [main] INFO com.baomidou.dynamic.datasource.DynamicRoutingDataSource -- dynamic-datasource all closed success,bye
10:47:29.105 [main] INFO com.zaxxer.hikari.HikariDataSource -- HikariPool-41 - Shutdown initiated...
10:47:29.129 [main] INFO com.zaxxer.hikari.HikariDataSource -- HikariPool-41 - Shutdown completed.
10:47:29.131 [main] INFO com.baomidou.dynamic.datasource.DynamicRoutingDataSource -- dynamic-datasource - add a datasource named [master] success
10:47:29.281 [main] INFO org.redisson.Version -- Redisson 4.6.1
10:47:29.285 [redisson-netty-125-1] INFO org.redisson.connection.ConnectionsHolder -- 1 connections initialized for 127.0.0.1/127.0.0.1:32831
10:47:29.288 [redisson-netty-125-2] INFO org.redisson.connection.ConnectionsHolder -- 1 connections initialized for 127.0.0.1/127.0.0.1:32831
10:47:29.306 [main] INFO com.zaxxer.hikari.HikariDataSource -- HikariPool-42 - Starting...
10:47:29.312 [main] INFO com.zaxxer.hikari.pool.HikariPool -- HikariPool-42 - Added connection com.mysql.cj.jdbc.ConnectionImpl@4e0fc63f
10:47:29.312 [main] INFO com.zaxxer.hikari.HikariDataSource -- HikariPool-42 - Start completed.
10:47:29.431 [main] INFO com.baomidou.dynamic.datasource.DynamicRoutingDataSource -- dynamic-datasource start closing ....
10:47:29.431 [main] INFO com.baomidou.dynamic.datasource.DynamicRoutingDataSource -- dynamic-datasource all closed success,bye
10:47:29.431 [main] INFO com.zaxxer.hikari.HikariDataSource -- HikariPool-42 - Shutdown initiated...
10:47:29.449 [main] INFO com.zaxxer.hikari.HikariDataSource -- HikariPool-42 - Shutdown completed.
10:47:29.453 [main] INFO com.baomidou.dynamic.datasource.DynamicRoutingDataSource -- dynamic-datasource - add a datasource named [master] success
10:47:29.566 [main] INFO org.redisson.Version -- Redisson 4.6.1
10:47:29.572 [redisson-netty-128-2] INFO org.redisson.connection.ConnectionsHolder -- 1 connections initialized for 127.0.0.1/127.0.0.1:32831
10:47:29.572 [redisson-netty-128-1] INFO org.redisson.connection.ConnectionsHolder -- 1 connections initialized for 127.0.0.1/127.0.0.1:32831
10:47:29.593 [main] INFO com.zaxxer.hikari.HikariDataSource -- HikariPool-43 - Starting...
10:47:29.599 [main] INFO com.zaxxer.hikari.pool.HikariPool -- HikariPool-43 - Added connection com.mysql.cj.jdbc.ConnectionImpl@80801dc
10:47:29.600 [main] INFO com.zaxxer.hikari.HikariDataSource -- HikariPool-43 - Start completed.
10:47:29.674 [main] INFO com.baomidou.dynamic.datasource.DynamicRoutingDataSource -- dynamic-datasource start closing ....
10:47:29.674 [main] INFO com.baomidou.dynamic.datasource.DynamicRoutingDataSource -- dynamic-datasource all closed success,bye
10:47:29.674 [main] INFO com.zaxxer.hikari.HikariDataSource -- HikariPool-43 - Shutdown initiated...
10:47:29.676 [main] INFO com.zaxxer.hikari.HikariDataSource -- HikariPool-43 - Shutdown completed.
10:47:29.679 [main] INFO com.baomidou.dynamic.datasource.DynamicRoutingDataSource -- dynamic-datasource - add a datasource named [master] success
10:47:29.827 [main] INFO org.redisson.Version -- Redisson 4.6.1
10:47:29.832 [redisson-netty-131-1] INFO org.redisson.connection.ConnectionsHolder -- 1 connections initialized for 127.0.0.1/127.0.0.1:32831
10:47:29.832 [redisson-netty-131-2] INFO org.redisson.connection.ConnectionsHolder -- 1 connections initialized for 127.0.0.1/127.0.0.1:32831
10:47:29.852 [main] INFO com.zaxxer.hikari.HikariDataSource -- HikariPool-44 - Starting...
10:47:29.857 [main] INFO com.zaxxer.hikari.pool.HikariPool -- HikariPool-44 - Added connection com.mysql.cj.jdbc.ConnectionImpl@4acca518
10:47:29.857 [main] INFO com.zaxxer.hikari.HikariDataSource -- HikariPool-44 - Start completed.
10:47:29.920 [main] INFO com.baomidou.dynamic.datasource.DynamicRoutingDataSource -- dynamic-datasource start closing ....
10:47:29.920 [main] INFO com.baomidou.dynamic.datasource.DynamicRoutingDataSource -- dynamic-datasource all closed success,bye
10:47:29.920 [main] INFO com.zaxxer.hikari.HikariDataSource -- HikariPool-44 - Shutdown initiated...
10:47:29.921 [main] INFO com.zaxxer.hikari.HikariDataSource -- HikariPool-44 - Shutdown completed.
10:47:29.925 [main] INFO com.baomidou.dynamic.datasource.DynamicRoutingDataSource -- dynamic-datasource - add a datasource named [master] success
10:47:30.034 [main] INFO org.redisson.Version -- Redisson 4.6.1
10:47:30.039 [redisson-netty-134-1] INFO org.redisson.connection.ConnectionsHolder -- 1 connections initialized for 127.0.0.1/127.0.0.1:32831
10:47:30.039 [redisson-netty-134-2] INFO org.redisson.connection.ConnectionsHolder -- 1 connections initialized for 127.0.0.1/127.0.0.1:32831
10:47:30.055 [main] INFO com.zaxxer.hikari.HikariDataSource -- HikariPool-45 - Starting...
10:47:30.060 [main] INFO com.zaxxer.hikari.pool.HikariPool -- HikariPool-45 - Added connection com.mysql.cj.jdbc.ConnectionImpl@506ec7ea
10:47:30.060 [main] INFO com.zaxxer.hikari.HikariDataSource -- HikariPool-45 - Start completed.
10:47:30.123 [main] INFO com.baomidou.dynamic.datasource.DynamicRoutingDataSource -- dynamic-datasource start closing ....
10:47:30.123 [main] INFO com.baomidou.dynamic.datasource.DynamicRoutingDataSource -- dynamic-datasource all closed success,bye
10:47:30.123 [main] INFO com.zaxxer.hikari.HikariDataSource -- HikariPool-45 - Shutdown initiated...
10:47:30.124 [main] INFO com.zaxxer.hikari.HikariDataSource -- HikariPool-45 - Shutdown completed.
10:47:30.126 [main] INFO com.baomidou.dynamic.datasource.DynamicRoutingDataSource -- dynamic-datasource - add a datasource named [master] success
10:47:30.227 [main] INFO org.redisson.Version -- Redisson 4.6.1
10:47:30.231 [redisson-netty-137-2] INFO org.redisson.connection.ConnectionsHolder -- 1 connections initialized for 127.0.0.1/127.0.0.1:32831
10:47:30.231 [redisson-netty-137-1] INFO org.redisson.connection.ConnectionsHolder -- 1 connections initialized for 127.0.0.1/127.0.0.1:32831
10:47:30.249 [main] INFO com.zaxxer.hikari.HikariDataSource -- HikariPool-46 - Starting...
10:47:30.255 [main] INFO com.zaxxer.hikari.pool.HikariPool -- HikariPool-46 - Added connection com.mysql.cj.jdbc.ConnectionImpl@5d0b5aef
10:47:30.255 [main] INFO com.zaxxer.hikari.HikariDataSource -- HikariPool-46 - Start completed.
10:47:30.323 [main] INFO com.baomidou.dynamic.datasource.DynamicRoutingDataSource -- dynamic-datasource start closing ....
10:47:30.323 [main] INFO com.baomidou.dynamic.datasource.DynamicRoutingDataSource -- dynamic-datasource all closed success,bye
10:47:30.323 [main] INFO com.zaxxer.hikari.HikariDataSource -- HikariPool-46 - Shutdown initiated...
10:47:30.324 [main] INFO com.zaxxer.hikari.HikariDataSource -- HikariPool-46 - Shutdown completed.
10:47:30.327 [main] INFO com.baomidou.dynamic.datasource.DynamicRoutingDataSource -- dynamic-datasource - add a datasource named [master] success
10:47:30.445 [main] INFO org.redisson.Version -- Redisson 4.6.1
10:47:30.451 [redisson-netty-140-1] INFO org.redisson.connection.ConnectionsHolder -- 1 connections initialized for 127.0.0.1/127.0.0.1:32831
10:47:30.451 [redisson-netty-140-2] INFO org.redisson.connection.ConnectionsHolder -- 1 connections initialized for 127.0.0.1/127.0.0.1:32831
10:47:30.469 [main] INFO com.zaxxer.hikari.HikariDataSource -- HikariPool-47 - Starting...
10:47:30.475 [main] INFO com.zaxxer.hikari.pool.HikariPool -- HikariPool-47 - Added connection com.mysql.cj.jdbc.ConnectionImpl@43d05fc1
10:47:30.475 [main] INFO com.zaxxer.hikari.HikariDataSource -- HikariPool-47 - Start completed.
10:47:30.530 [main] INFO com.baomidou.dynamic.datasource.DynamicRoutingDataSource -- dynamic-datasource start closing ....
10:47:30.530 [main] INFO com.baomidou.dynamic.datasource.DynamicRoutingDataSource -- dynamic-datasource all closed success,bye
10:47:30.531 [main] INFO com.zaxxer.hikari.HikariDataSource -- HikariPool-47 - Shutdown initiated...
10:47:30.532 [main] INFO com.zaxxer.hikari.HikariDataSource -- HikariPool-47 - Shutdown completed.
10:47:30.533 [main] INFO com.baomidou.dynamic.datasource.DynamicRoutingDataSource -- dynamic-datasource - add a datasource named [master] success
10:47:30.621 [main] INFO org.redisson.Version -- Redisson 4.6.1
10:47:30.625 [redisson-netty-143-1] INFO org.redisson.connection.ConnectionsHolder -- 1 connections initialized for 127.0.0.1/127.0.0.1:32831
10:47:30.627 [redisson-netty-143-2] INFO org.redisson.connection.ConnectionsHolder -- 1 connections initialized for 127.0.0.1/127.0.0.1:32831
10:47:30.643 [main] INFO com.zaxxer.hikari.HikariDataSource -- HikariPool-48 - Starting...
10:47:30.647 [main] INFO com.zaxxer.hikari.pool.HikariPool -- HikariPool-48 - Added connection com.mysql.cj.jdbc.ConnectionImpl@19d6da87
10:47:30.647 [main] INFO com.zaxxer.hikari.HikariDataSource -- HikariPool-48 - Start completed.
10:47:30.874 [main] INFO com.baomidou.dynamic.datasource.DynamicRoutingDataSource -- dynamic-datasource start closing ....
10:47:30.874 [main] INFO com.baomidou.dynamic.datasource.DynamicRoutingDataSource -- dynamic-datasource all closed success,bye
10:47:30.874 [main] INFO com.zaxxer.hikari.HikariDataSource -- HikariPool-48 - Shutdown initiated...
10:47:30.904 [main] INFO com.zaxxer.hikari.HikariDataSource -- HikariPool-48 - Shutdown completed.
10:47:30.906 [main] INFO com.baomidou.dynamic.datasource.DynamicRoutingDataSource -- dynamic-datasource - add a datasource named [master] success
10:47:30.993 [main] INFO org.redisson.Version -- Redisson 4.6.1
10:47:30.997 [redisson-netty-146-2] INFO org.redisson.connection.ConnectionsHolder -- 1 connections initialized for 127.0.0.1/127.0.0.1:32831
10:47:30.997 [redisson-netty-146-1] INFO org.redisson.connection.ConnectionsHolder -- 1 connections initialized for 127.0.0.1/127.0.0.1:32831
10:47:31.011 [main] INFO com.zaxxer.hikari.HikariDataSource -- HikariPool-49 - Starting...
10:47:31.015 [main] INFO com.zaxxer.hikari.pool.HikariPool -- HikariPool-49 - Added connection com.mysql.cj.jdbc.ConnectionImpl@42088c06
10:47:31.015 [main] INFO com.zaxxer.hikari.HikariDataSource -- HikariPool-49 - Start completed.
10:47:31.089 [main] INFO com.baomidou.dynamic.datasource.DynamicRoutingDataSource -- dynamic-datasource start closing ....
10:47:31.089 [main] INFO com.baomidou.dynamic.datasource.DynamicRoutingDataSource -- dynamic-datasource all closed success,bye
10:47:31.089 [main] INFO com.zaxxer.hikari.HikariDataSource -- HikariPool-49 - Shutdown initiated...
10:47:31.090 [main] INFO com.zaxxer.hikari.HikariDataSource -- HikariPool-49 - Shutdown completed.
10:47:31.092 [main] INFO com.baomidou.dynamic.datasource.DynamicRoutingDataSource -- dynamic-datasource - add a datasource named [master] success
10:47:31.185 [main] INFO org.redisson.Version -- Redisson 4.6.1
10:47:31.190 [redisson-netty-149-1] INFO org.redisson.connection.ConnectionsHolder -- 1 connections initialized for 127.0.0.1/127.0.0.1:32831
10:47:31.191 [redisson-netty-149-2] INFO org.redisson.connection.ConnectionsHolder -- 1 connections initialized for 127.0.0.1/127.0.0.1:32831
10:47:31.206 [main] INFO com.zaxxer.hikari.HikariDataSource -- HikariPool-50 - Starting...
10:47:31.210 [main] INFO com.zaxxer.hikari.pool.HikariPool -- HikariPool-50 - Added connection com.mysql.cj.jdbc.ConnectionImpl@536280d7
10:47:31.210 [main] INFO com.zaxxer.hikari.HikariDataSource -- HikariPool-50 - Start completed.
10:47:31.241 [main] INFO com.baomidou.dynamic.datasource.DynamicRoutingDataSource -- dynamic-datasource start closing ....
10:47:31.241 [main] INFO com.baomidou.dynamic.datasource.DynamicRoutingDataSource -- dynamic-datasource all closed success,bye
10:47:31.241 [main] INFO com.zaxxer.hikari.HikariDataSource -- HikariPool-50 - Shutdown initiated...
10:47:31.242 [main] INFO com.zaxxer.hikari.HikariDataSource -- HikariPool-50 - Shutdown completed.
10:47:31.245 [main] INFO com.baomidou.dynamic.datasource.DynamicRoutingDataSource -- dynamic-datasource - add a datasource named [master] success
10:47:31.329 [main] INFO org.redisson.Version -- Redisson 4.6.1
10:47:31.332 [redisson-netty-152-1] INFO org.redisson.connection.ConnectionsHolder -- 1 connections initialized for 127.0.0.1/127.0.0.1:32831
10:47:31.332 [redisson-netty-152-2] INFO org.redisson.connection.ConnectionsHolder -- 1 connections initialized for 127.0.0.1/127.0.0.1:32831
10:47:31.348 [main] INFO com.zaxxer.hikari.HikariDataSource -- HikariPool-51 - Starting...
10:47:31.351 [main] INFO com.zaxxer.hikari.pool.HikariPool -- HikariPool-51 - Added connection com.mysql.cj.jdbc.ConnectionImpl@57d78929
10:47:31.351 [main] INFO com.zaxxer.hikari.HikariDataSource -- HikariPool-51 - Start completed.
10:47:31.414 [main] INFO com.baomidou.dynamic.datasource.DynamicRoutingDataSource -- dynamic-datasource start closing ....
10:47:31.414 [main] INFO com.baomidou.dynamic.datasource.DynamicRoutingDataSource -- dynamic-datasource all closed success,bye
10:47:31.414 [main] INFO com.zaxxer.hikari.HikariDataSource -- HikariPool-51 - Shutdown initiated...
10:47:31.415 [main] INFO com.zaxxer.hikari.HikariDataSource -- HikariPool-51 - Shutdown completed.
10:47:31.418 [main] INFO com.baomidou.dynamic.datasource.DynamicRoutingDataSource -- dynamic-datasource - add a datasource named [master] success
10:47:31.502 [main] INFO org.redisson.Version -- Redisson 4.6.1
10:47:31.506 [redisson-netty-155-2] INFO org.redisson.connection.ConnectionsHolder -- 1 connections initialized for 127.0.0.1/127.0.0.1:32831
10:47:31.506 [redisson-netty-155-1] INFO org.redisson.connection.ConnectionsHolder -- 1 connections initialized for 127.0.0.1/127.0.0.1:32831
10:47:31.518 [main] INFO com.zaxxer.hikari.HikariDataSource -- HikariPool-52 - Starting...
10:47:31.521 [main] INFO com.zaxxer.hikari.pool.HikariPool -- HikariPool-52 - Added connection com.mysql.cj.jdbc.ConnectionImpl@10adc98e
10:47:31.521 [main] INFO com.zaxxer.hikari.HikariDataSource -- HikariPool-52 - Start completed.
10:47:31.583 [main] INFO com.baomidou.dynamic.datasource.DynamicRoutingDataSource -- dynamic-datasource start closing ....
10:47:31.583 [main] INFO com.baomidou.dynamic.datasource.DynamicRoutingDataSource -- dynamic-datasource all closed success,bye
10:47:31.583 [main] INFO com.zaxxer.hikari.HikariDataSource -- HikariPool-52 - Shutdown initiated...
10:47:31.583 [main] INFO com.zaxxer.hikari.HikariDataSource -- HikariPool-52 - Shutdown completed.
10:47:31.584 [main] INFO com.baomidou.dynamic.datasource.DynamicRoutingDataSource -- dynamic-datasource - add a datasource named [master] success
10:47:31.695 [main] INFO org.redisson.Version -- Redisson 4.6.1
10:47:31.700 [redisson-netty-158-1] INFO org.redisson.connection.ConnectionsHolder -- 1 connections initialized for 127.0.0.1/127.0.0.1:32831
10:47:31.700 [redisson-netty-158-2] INFO org.redisson.connection.ConnectionsHolder -- 1 connections initialized for 127.0.0.1/127.0.0.1:32831
10:47:31.718 [main] INFO com.zaxxer.hikari.HikariDataSource -- HikariPool-53 - Starting...
10:47:31.722 [main] INFO com.zaxxer.hikari.pool.HikariPool -- HikariPool-53 - Added connection com.mysql.cj.jdbc.ConnectionImpl@11e9e77f
10:47:31.722 [main] INFO com.zaxxer.hikari.HikariDataSource -- HikariPool-53 - Start completed.
10:47:31.815 [main] INFO com.baomidou.dynamic.datasource.DynamicRoutingDataSource -- dynamic-datasource start closing ....
10:47:31.815 [main] INFO com.baomidou.dynamic.datasource.DynamicRoutingDataSource -- dynamic-datasource all closed success,bye
10:47:31.815 [main] INFO com.zaxxer.hikari.HikariDataSource -- HikariPool-53 - Shutdown initiated...
10:47:31.816 [main] INFO com.zaxxer.hikari.HikariDataSource -- HikariPool-53 - Shutdown completed.
10:47:31.817 [main] INFO com.baomidou.dynamic.datasource.DynamicRoutingDataSource -- dynamic-datasource - add a datasource named [master] success
10:47:31.916 [main] INFO org.redisson.Version -- Redisson 4.6.1
10:47:31.921 [redisson-netty-161-1] INFO org.redisson.connection.ConnectionsHolder -- 1 connections initialized for 127.0.0.1/127.0.0.1:32831
10:47:31.921 [redisson-netty-161-2] INFO org.redisson.connection.ConnectionsHolder -- 1 connections initialized for 127.0.0.1/127.0.0.1:32831
10:47:31.938 [main] INFO com.zaxxer.hikari.HikariDataSource -- HikariPool-54 - Starting...
10:47:31.942 [main] INFO com.zaxxer.hikari.pool.HikariPool -- HikariPool-54 - Added connection com.mysql.cj.jdbc.ConnectionImpl@46e44cd0
10:47:31.942 [main] INFO com.zaxxer.hikari.HikariDataSource -- HikariPool-54 - Start completed.
10:47:32.030 [main] INFO com.baomidou.dynamic.datasource.DynamicRoutingDataSource -- dynamic-datasource start closing ....
10:47:32.030 [main] INFO com.baomidou.dynamic.datasource.DynamicRoutingDataSource -- dynamic-datasource all closed success,bye
10:47:32.030 [main] INFO com.zaxxer.hikari.HikariDataSource -- HikariPool-54 - Shutdown initiated...
10:47:32.031 [main] INFO com.zaxxer.hikari.HikariDataSource -- HikariPool-54 - Shutdown completed.
10:47:32.032 [main] INFO com.baomidou.dynamic.datasource.DynamicRoutingDataSource -- dynamic-datasource - add a datasource named [master] success
10:47:32.115 [main] INFO org.redisson.Version -- Redisson 4.6.1
10:47:32.119 [redisson-netty-164-1] INFO org.redisson.connection.ConnectionsHolder -- 1 connections initialized for 127.0.0.1/127.0.0.1:32831
10:47:32.120 [redisson-netty-164-2] INFO org.redisson.connection.ConnectionsHolder -- 1 connections initialized for 127.0.0.1/127.0.0.1:32831
10:47:32.132 [main] INFO com.zaxxer.hikari.HikariDataSource -- HikariPool-55 - Starting...
10:47:32.136 [main] INFO com.zaxxer.hikari.pool.HikariPool -- HikariPool-55 - Added connection com.mysql.cj.jdbc.ConnectionImpl@6ba08357
10:47:32.136 [main] INFO com.zaxxer.hikari.HikariDataSource -- HikariPool-55 - Start completed.
10:47:36.043 [main] INFO com.baomidou.dynamic.datasource.DynamicRoutingDataSource -- dynamic-datasource start closing ....
10:47:36.043 [main] INFO com.baomidou.dynamic.datasource.DynamicRoutingDataSource -- dynamic-datasource all closed success,bye
10:47:36.043 [main] INFO com.zaxxer.hikari.HikariDataSource -- HikariPool-55 - Shutdown initiated...
10:47:36.045 [main] INFO com.zaxxer.hikari.HikariDataSource -- HikariPool-55 - Shutdown completed.
10:47:36.047 [main] INFO com.baomidou.dynamic.datasource.DynamicRoutingDataSource -- dynamic-datasource - add a datasource named [master] success
10:47:36.163 [main] INFO org.redisson.Version -- Redisson 4.6.1
10:47:36.167 [redisson-netty-167-2] INFO org.redisson.connection.ConnectionsHolder -- 1 connections initialized for 127.0.0.1/127.0.0.1:32831
10:47:36.167 [redisson-netty-167-1] INFO org.redisson.connection.ConnectionsHolder -- 1 connections initialized for 127.0.0.1/127.0.0.1:32831
10:47:36.185 [main] INFO com.zaxxer.hikari.HikariDataSource -- HikariPool-56 - Starting...
10:47:36.193 [main] INFO com.zaxxer.hikari.pool.HikariPool -- HikariPool-56 - Added connection com.mysql.cj.jdbc.ConnectionImpl@75941ec3
10:47:36.195 [main] INFO com.zaxxer.hikari.HikariDataSource -- HikariPool-56 - Start completed.
10:47:36.372 [main] INFO com.baomidou.dynamic.datasource.DynamicRoutingDataSource -- dynamic-datasource start closing ....
10:47:36.372 [main] INFO com.baomidou.dynamic.datasource.DynamicRoutingDataSource -- dynamic-datasource all closed success,bye
10:47:36.372 [main] INFO com.zaxxer.hikari.HikariDataSource -- HikariPool-56 - Shutdown initiated...
10:47:36.397 [main] INFO com.zaxxer.hikari.HikariDataSource -- HikariPool-56 - Shutdown completed.
10:47:36.400 [main] INFO com.baomidou.dynamic.datasource.DynamicRoutingDataSource -- dynamic-datasource - add a datasource named [master] success
10:47:36.508 [main] INFO org.redisson.Version -- Redisson 4.6.1
10:47:36.512 [redisson-netty-170-2] INFO org.redisson.connection.ConnectionsHolder -- 1 connections initialized for 127.0.0.1/127.0.0.1:32831
10:47:36.512 [redisson-netty-170-1] INFO org.redisson.connection.ConnectionsHolder -- 1 connections initialized for 127.0.0.1/127.0.0.1:32831
10:47:36.531 [main] INFO com.zaxxer.hikari.HikariDataSource -- HikariPool-57 - Starting...
10:47:36.536 [main] INFO com.zaxxer.hikari.pool.HikariPool -- HikariPool-57 - Added connection com.mysql.cj.jdbc.ConnectionImpl@2e149052
10:47:36.536 [main] INFO com.zaxxer.hikari.HikariDataSource -- HikariPool-57 - Start completed.
10:47:36.633 [main] INFO com.baomidou.dynamic.datasource.DynamicRoutingDataSource -- dynamic-datasource start closing ....
10:47:36.633 [main] INFO com.baomidou.dynamic.datasource.DynamicRoutingDataSource -- dynamic-datasource all closed success,bye
10:47:36.633 [main] INFO com.zaxxer.hikari.HikariDataSource -- HikariPool-57 - Shutdown initiated...
10:47:36.634 [main] INFO com.zaxxer.hikari.HikariDataSource -- HikariPool-57 - Shutdown completed.
10:47:36.635 [main] INFO com.baomidou.dynamic.datasource.DynamicRoutingDataSource -- dynamic-datasource - add a datasource named [master] success
10:47:36.725 [main] INFO org.redisson.Version -- Redisson 4.6.1
10:47:36.729 [redisson-netty-173-1] INFO org.redisson.connection.ConnectionsHolder -- 1 connections initialized for 127.0.0.1/127.0.0.1:32831
10:47:36.729 [redisson-netty-173-2] INFO org.redisson.connection.ConnectionsHolder -- 1 connections initialized for 127.0.0.1/127.0.0.1:32831
10:47:36.747 [main] INFO com.zaxxer.hikari.HikariDataSource -- HikariPool-58 - Starting...
10:47:36.751 [main] INFO com.zaxxer.hikari.pool.HikariPool -- HikariPool-58 - Added connection com.mysql.cj.jdbc.ConnectionImpl@8fb1ae9
10:47:36.751 [main] INFO com.zaxxer.hikari.HikariDataSource -- HikariPool-58 - Start completed.
10:47:36.829 [main] INFO com.baomidou.dynamic.datasource.DynamicRoutingDataSource -- dynamic-datasource start closing ....
10:47:36.829 [main] INFO com.baomidou.dynamic.datasource.DynamicRoutingDataSource -- dynamic-datasource all closed success,bye
10:47:36.829 [main] INFO com.zaxxer.hikari.HikariDataSource -- HikariPool-58 - Shutdown initiated...
10:47:36.830 [main] INFO com.zaxxer.hikari.HikariDataSource -- HikariPool-58 - Shutdown completed.
10:47:36.832 [main] INFO com.baomidou.dynamic.datasource.DynamicRoutingDataSource -- dynamic-datasource - add a datasource named [master] success
10:47:36.920 [main] INFO org.redisson.Version -- Redisson 4.6.1
10:47:36.925 [redisson-netty-176-2] INFO org.redisson.connection.ConnectionsHolder -- 1 connections initialized for 127.0.0.1/127.0.0.1:32831
10:47:36.925 [redisson-netty-176-1] INFO org.redisson.connection.ConnectionsHolder -- 1 connections initialized for 127.0.0.1/127.0.0.1:32831
10:47:36.938 [main] INFO com.zaxxer.hikari.HikariDataSource -- HikariPool-59 - Starting...
10:47:36.941 [main] INFO com.zaxxer.hikari.pool.HikariPool -- HikariPool-59 - Added connection com.mysql.cj.jdbc.ConnectionImpl@6de1fff3
10:47:36.941 [main] INFO com.zaxxer.hikari.HikariDataSource -- HikariPool-59 - Start completed.
10:47:37.097 [main] INFO com.baomidou.dynamic.datasource.DynamicRoutingDataSource -- dynamic-datasource start closing ....
10:47:37.097 [main] INFO com.baomidou.dynamic.datasource.DynamicRoutingDataSource -- dynamic-datasource all closed success,bye
10:47:37.097 [main] INFO com.zaxxer.hikari.HikariDataSource -- HikariPool-59 - Shutdown initiated...
10:47:37.114 [main] INFO com.zaxxer.hikari.HikariDataSource -- HikariPool-59 - Shutdown completed.
10:47:37.116 [main] INFO com.baomidou.dynamic.datasource.DynamicRoutingDataSource -- dynamic-datasource - add a datasource named [master] success
10:47:37.214 [main] INFO org.redisson.Version -- Redisson 4.6.1
10:47:37.218 [redisson-netty-179-1] INFO org.redisson.connection.ConnectionsHolder -- 1 connections initialized for 127.0.0.1/127.0.0.1:32831
10:47:37.218 [redisson-netty-179-2] INFO org.redisson.connection.ConnectionsHolder -- 1 connections initialized for 127.0.0.1/127.0.0.1:32831
10:47:37.232 [main] INFO com.zaxxer.hikari.HikariDataSource -- HikariPool-60 - Starting...
10:47:37.236 [main] INFO com.zaxxer.hikari.pool.HikariPool -- HikariPool-60 - Added connection com.mysql.cj.jdbc.ConnectionImpl@d7e706c
10:47:37.237 [main] INFO com.zaxxer.hikari.HikariDataSource -- HikariPool-60 - Start completed.
10:47:37.286 [main] INFO com.baomidou.dynamic.datasource.DynamicRoutingDataSource -- dynamic-datasource start closing ....
10:47:37.286 [main] INFO com.baomidou.dynamic.datasource.DynamicRoutingDataSource -- dynamic-datasource all closed success,bye
10:47:37.286 [main] INFO com.zaxxer.hikari.HikariDataSource -- HikariPool-60 - Shutdown initiated...
10:47:37.287 [main] INFO com.zaxxer.hikari.HikariDataSource -- HikariPool-60 - Shutdown completed.
10:47:37.288 [main] INFO com.baomidou.dynamic.datasource.DynamicRoutingDataSource -- dynamic-datasource - add a datasource named [master] success
10:47:37.377 [main] INFO org.redisson.Version -- Redisson 4.6.1
10:47:37.380 [redisson-netty-182-2] INFO org.redisson.connection.ConnectionsHolder -- 1 connections initialized for 127.0.0.1/127.0.0.1:32831
10:47:37.380 [redisson-netty-182-1] INFO org.redisson.connection.ConnectionsHolder -- 1 connections initialized for 127.0.0.1/127.0.0.1:32831
10:47:37.397 [main] INFO com.zaxxer.hikari.HikariDataSource -- HikariPool-61 - Starting...
10:47:37.401 [main] INFO com.zaxxer.hikari.pool.HikariPool -- HikariPool-61 - Added connection com.mysql.cj.jdbc.ConnectionImpl@161f2559
10:47:37.401 [main] INFO com.zaxxer.hikari.HikariDataSource -- HikariPool-61 - Start completed.
10:47:37.452 [main] INFO com.baomidou.dynamic.datasource.DynamicRoutingDataSource -- dynamic-datasource start closing ....
10:47:37.452 [main] INFO com.baomidou.dynamic.datasource.DynamicRoutingDataSource -- dynamic-datasource all closed success,bye
10:47:37.452 [main] INFO com.zaxxer.hikari.HikariDataSource -- HikariPool-61 - Shutdown initiated...
10:47:37.453 [main] INFO com.zaxxer.hikari.HikariDataSource -- HikariPool-61 - Shutdown completed.
10:47:37.454 [main] INFO com.baomidou.dynamic.datasource.DynamicRoutingDataSource -- dynamic-datasource - add a datasource named [master] success
10:47:37.532 [main] INFO org.redisson.Version -- Redisson 4.6.1
10:47:37.536 [redisson-netty-185-1] INFO org.redisson.connection.ConnectionsHolder -- 1 connections initialized for 127.0.0.1/127.0.0.1:32831
10:47:37.536 [redisson-netty-185-2] INFO org.redisson.connection.ConnectionsHolder -- 1 connections initialized for 127.0.0.1/127.0.0.1:32831
10:47:37.551 [main] INFO com.zaxxer.hikari.HikariDataSource -- HikariPool-62 - Starting...
10:47:37.555 [main] INFO com.zaxxer.hikari.pool.HikariPool -- HikariPool-62 - Added connection com.mysql.cj.jdbc.ConnectionImpl@6ac4bc4f
10:47:37.555 [main] INFO com.zaxxer.hikari.HikariDataSource -- HikariPool-62 - Start completed.
10:47:37.586 [main] INFO org.eclipse.jetty.server.Server -- jetty-12.1.10; built: 2026-05-31T04:45:52.925Z; git: 986024525891c2c20ff08c58ba300dc3b9847586; jvm 21.0.12.1+1-LTS
10:47:37.588 [main] INFO org.eclipse.jetty.server.handler.ContextHandler -- Started oeje11s.ServletContextHandler@1b39ef67{ROOT,/,b=null,a=AVAILABLE,h=oeje11s.ServletHandler@7be11bb0{STARTED}}
10:47:37.588 [main] INFO org.eclipse.jetty.server.handler.ContextHandler.ROOT -- Initializing Spring DispatcherServlet 'org.springframework.web.servlet.DispatcherServlet-1f70c71f'
10:47:37.588 [main] INFO org.springframework.web.servlet.DispatcherServlet -- Initializing Servlet 'org.springframework.web.servlet.DispatcherServlet-1f70c71f'
10:47:37.589 [main] INFO org.springframework.web.servlet.DispatcherServlet -- Completed initialization in 1 ms
10:47:37.589 [main] INFO org.eclipse.jetty.ee11.servlet.ServletContextHandler -- Started oeje11s.ServletContextHandler@1b39ef67{ROOT,/,b=null,a=AVAILABLE,h=oeje11s.ServletHandler@7be11bb0{STARTED}}
10:47:37.590 [main] INFO org.eclipse.jetty.server.AbstractConnector -- Started oejs.ServerConnector@4338704b{HTTP/1.1, (http/1.1)}{localhost:46423}
10:47:37.590 [main] INFO org.eclipse.jetty.server.Server -- Started oejs.Server@7077e4f9{STARTING}[12.1.10,sto=0] @4ms
10:47:37.685 [qtp409790193-497] WARN org.springframework.web.servlet.mvc.support.DefaultHandlerExceptionResolver -- Resolved [org.springframework.web.HttpMediaTypeNotSupportedException: Content-Type 'text/plain' is not supported]
10:47:37.714 [main] INFO org.eclipse.jetty.server.Server -- Stopped oejs.Server@7077e4f9{STOPPING}[12.1.10,sto=0]
10:47:37.715 [main] INFO org.eclipse.jetty.server.AbstractConnector -- Stopped oejs.ServerConnector@4338704b{HTTP/1.1, (http/1.1)}{localhost:0}
10:47:37.715 [main] INFO org.eclipse.jetty.server.handler.ContextHandler.ROOT -- Destroying Spring FrameworkServlet 'org.springframework.web.servlet.DispatcherServlet-1f70c71f'
10:47:37.716 [main] INFO org.eclipse.jetty.ee11.servlet.ServletContextHandler -- Stopped oeje11s.ServletContextHandler@1b39ef67{ROOT,/,b=null,a=AVAILABLE,h=oeje11s.ServletHandler@7be11bb0{STOPPED}}
10:47:37.737 [main] INFO com.baomidou.dynamic.datasource.DynamicRoutingDataSource -- dynamic-datasource start closing ....
10:47:37.737 [main] INFO com.baomidou.dynamic.datasource.DynamicRoutingDataSource -- dynamic-datasource all closed success,bye
10:47:37.737 [main] INFO com.zaxxer.hikari.HikariDataSource -- HikariPool-62 - Shutdown initiated...
10:47:37.757 [main] INFO com.zaxxer.hikari.HikariDataSource -- HikariPool-62 - Shutdown completed.
10:47:37.759 [main] INFO com.baomidou.dynamic.datasource.DynamicRoutingDataSource -- dynamic-datasource - add a datasource named [master] success
10:47:37.869 [main] INFO org.redisson.Version -- Redisson 4.6.1
10:47:37.874 [redisson-netty-188-2] INFO org.redisson.connection.ConnectionsHolder -- 1 connections initialized for 127.0.0.1/127.0.0.1:32831
10:47:37.874 [redisson-netty-188-1] INFO org.redisson.connection.ConnectionsHolder -- 1 connections initialized for 127.0.0.1/127.0.0.1:32831
10:47:37.890 [main] INFO com.zaxxer.hikari.HikariDataSource -- HikariPool-63 - Starting...
10:47:37.894 [main] INFO com.zaxxer.hikari.pool.HikariPool -- HikariPool-63 - Added connection com.mysql.cj.jdbc.ConnectionImpl@2fb9fa70
10:47:37.894 [main] INFO com.zaxxer.hikari.HikariDataSource -- HikariPool-63 - Start completed.
10:47:37.943 [main] INFO com.baomidou.dynamic.datasource.DynamicRoutingDataSource -- dynamic-datasource start closing ....
10:47:37.943 [main] INFO com.baomidou.dynamic.datasource.DynamicRoutingDataSource -- dynamic-datasource all closed success,bye
10:47:37.943 [main] INFO com.zaxxer.hikari.HikariDataSource -- HikariPool-63 - Shutdown initiated...
10:47:37.943 [main] INFO com.zaxxer.hikari.HikariDataSource -- HikariPool-63 - Shutdown completed.
10:47:37.945 [main] INFO com.baomidou.dynamic.datasource.DynamicRoutingDataSource -- dynamic-datasource - add a datasource named [master] success
10:47:38.034 [main] INFO org.redisson.Version -- Redisson 4.6.1
10:47:38.042 [redisson-netty-191-1] INFO org.redisson.connection.ConnectionsHolder -- 1 connections initialized for 127.0.0.1/127.0.0.1:32831
10:47:38.042 [redisson-netty-191-2] INFO org.redisson.connection.ConnectionsHolder -- 1 connections initialized for 127.0.0.1/127.0.0.1:32831
10:47:38.073 [main] INFO com.zaxxer.hikari.HikariDataSource -- HikariPool-64 - Starting...
10:47:38.079 [main] INFO com.zaxxer.hikari.pool.HikariPool -- HikariPool-64 - Added connection com.mysql.cj.jdbc.ConnectionImpl@57633a5b
10:47:38.079 [main] INFO com.zaxxer.hikari.HikariDataSource -- HikariPool-64 - Start completed.
10:47:38.165 [main] WARN org.namewta.notify.adapter.event.InAppCommittedPushListener -- 站内实时提示失败，messageId=9220001, reason=IllegalStateException
10:47:38.189 [main] INFO com.baomidou.dynamic.datasource.DynamicRoutingDataSource -- dynamic-datasource start closing ....
10:47:38.189 [main] INFO com.baomidou.dynamic.datasource.DynamicRoutingDataSource -- dynamic-datasource all closed success,bye
10:47:38.189 [main] INFO com.zaxxer.hikari.HikariDataSource -- HikariPool-64 - Shutdown initiated...
10:47:38.216 [main] INFO com.zaxxer.hikari.HikariDataSource -- HikariPool-64 - Shutdown completed.
10:47:38.218 [main] INFO com.baomidou.dynamic.datasource.DynamicRoutingDataSource -- dynamic-datasource - add a datasource named [master] success
10:47:38.307 [main] INFO org.redisson.Version -- Redisson 4.6.1
10:47:38.314 [redisson-netty-194-2] INFO org.redisson.connection.ConnectionsHolder -- 1 connections initialized for 127.0.0.1/127.0.0.1:32831
10:47:38.314 [redisson-netty-194-1] INFO org.redisson.connection.ConnectionsHolder -- 1 connections initialized for 127.0.0.1/127.0.0.1:32831
10:47:38.331 [main] INFO com.zaxxer.hikari.HikariDataSource -- HikariPool-65 - Starting...
10:47:38.335 [main] INFO com.zaxxer.hikari.pool.HikariPool -- HikariPool-65 - Added connection com.mysql.cj.jdbc.ConnectionImpl@6ac6c5a6
10:47:38.335 [main] INFO com.zaxxer.hikari.HikariDataSource -- HikariPool-65 - Start completed.
10:47:38.393 [main] INFO com.baomidou.dynamic.datasource.DynamicRoutingDataSource -- dynamic-datasource start closing ....
10:47:38.393 [main] INFO com.baomidou.dynamic.datasource.DynamicRoutingDataSource -- dynamic-datasource all closed success,bye
10:47:38.393 [main] INFO com.zaxxer.hikari.HikariDataSource -- HikariPool-65 - Shutdown initiated...
10:47:38.394 [main] INFO com.zaxxer.hikari.HikariDataSource -- HikariPool-65 - Shutdown completed.
10:47:38.396 [main] INFO com.baomidou.dynamic.datasource.DynamicRoutingDataSource -- dynamic-datasource - add a datasource named [master] success
10:47:38.494 [main] INFO org.redisson.Version -- Redisson 4.6.1
10:47:38.497 [redisson-netty-197-1] INFO org.redisson.connection.ConnectionsHolder -- 1 connections initialized for 127.0.0.1/127.0.0.1:32831
10:47:38.497 [redisson-netty-197-2] INFO org.redisson.connection.ConnectionsHolder -- 1 connections initialized for 127.0.0.1/127.0.0.1:32831
10:47:38.516 [main] INFO com.zaxxer.hikari.HikariDataSource -- HikariPool-66 - Starting...
10:47:38.520 [main] INFO com.zaxxer.hikari.pool.HikariPool -- HikariPool-66 - Added connection com.mysql.cj.jdbc.ConnectionImpl@1c1f468f
10:47:38.520 [main] INFO com.zaxxer.hikari.HikariDataSource -- HikariPool-66 - Start completed.
10:47:38.561 [main] INFO com.baomidou.dynamic.datasource.DynamicRoutingDataSource -- dynamic-datasource start closing ....
10:47:38.561 [main] INFO com.baomidou.dynamic.datasource.DynamicRoutingDataSource -- dynamic-datasource all closed success,bye
10:47:38.561 [main] INFO com.zaxxer.hikari.HikariDataSource -- HikariPool-66 - Shutdown initiated...
10:47:38.562 [main] INFO com.zaxxer.hikari.HikariDataSource -- HikariPool-66 - Shutdown completed.
[INFO] Tests run: 66, Failures: 0, Errors: 0, Skipped: 0, Time elapsed: 33.83 s -- in org.namewta.test.notify.NotifyAtomicResultIntegrationTest
[INFO] Running org.namewta.test.notify.NotifyManualRetryIntegrationTest
10:47:39.889 [main] INFO com.baomidou.dynamic.datasource.DynamicRoutingDataSource -- dynamic-datasource - add a datasource named [master] success
10:47:40.634 [main] INFO org.redisson.Version -- Redisson 4.6.1
10:47:40.994 [redisson-netty-1-1] INFO org.redisson.connection.ConnectionsHolder -- 1 connections initialized for 127.0.0.1/127.0.0.1:32831
10:47:40.995 [redisson-netty-1-2] INFO org.redisson.connection.ConnectionsHolder -- 1 connections initialized for 127.0.0.1/127.0.0.1:32831
Mockito is currently self-attaching to enable the inline-mock-maker. This will no longer work in future releases of the JDK. Please add Mockito as an agent to your build as described in Mockito's documentation: https://javadoc.io/doc/org.mockito/mockito-core/latest/org.mockito/org/mockito/Mockito.html#0.3
OpenJDK 64-Bit Server VM warning: Sharing is only supported for boot loader classes because bootstrap classpath has been appended
WARNING: A Java agent has been loaded dynamically (/root/.m2/repository/net/bytebuddy/byte-buddy-agent/1.18.10/byte-buddy-agent-1.18.10.jar)
WARNING: If a serviceability tool is in use, please run with -XX:+EnableDynamicAgentLoading to hide this warning
WARNING: If a serviceability tool is not in use, please run with -Djdk.instrument.traceUsage for more information
WARNING: Dynamic loading of agents will be disallowed by default in a future release
10:47:42.761 [main] INFO com.zaxxer.hikari.HikariDataSource -- HikariPool-1 - Starting...
10:47:43.142 [main] INFO com.zaxxer.hikari.pool.HikariPool -- HikariPool-1 - Added connection com.mysql.cj.jdbc.ConnectionImpl@6e0d058a
10:47:43.144 [main] INFO com.zaxxer.hikari.HikariDataSource -- HikariPool-1 - Start completed.
10:47:43.890 [main] INFO com.baomidou.dynamic.datasource.DynamicRoutingDataSource -- dynamic-datasource start closing ....
10:47:43.893 [main] INFO com.baomidou.dynamic.datasource.DynamicRoutingDataSource -- dynamic-datasource all closed success,bye
10:47:43.893 [main] INFO com.zaxxer.hikari.HikariDataSource -- HikariPool-1 - Shutdown initiated...
10:47:43.905 [main] INFO com.zaxxer.hikari.HikariDataSource -- HikariPool-1 - Shutdown completed.
10:47:43.927 [main] INFO com.baomidou.dynamic.datasource.DynamicRoutingDataSource -- dynamic-datasource - add a datasource named [master] success
10:47:44.285 [main] INFO org.redisson.Version -- Redisson 4.6.1
10:47:44.293 [redisson-netty-5-1] INFO org.redisson.connection.ConnectionsHolder -- 1 connections initialized for 127.0.0.1/127.0.0.1:32831
10:47:44.294 [redisson-netty-5-2] INFO org.redisson.connection.ConnectionsHolder -- 1 connections initialized for 127.0.0.1/127.0.0.1:32831
10:47:44.332 [main] INFO com.zaxxer.hikari.HikariDataSource -- HikariPool-2 - Starting...
10:47:44.340 [main] INFO com.zaxxer.hikari.pool.HikariPool -- HikariPool-2 - Added connection com.mysql.cj.jdbc.ConnectionImpl@60b4c754
10:47:44.340 [main] INFO com.zaxxer.hikari.HikariDataSource -- HikariPool-2 - Start completed.
10:47:44.549 [main] INFO com.baomidou.dynamic.datasource.DynamicRoutingDataSource -- dynamic-datasource start closing ....
10:47:44.549 [main] INFO com.baomidou.dynamic.datasource.DynamicRoutingDataSource -- dynamic-datasource all closed success,bye
10:47:44.549 [main] INFO com.zaxxer.hikari.HikariDataSource -- HikariPool-2 - Shutdown initiated...
10:47:44.556 [main] INFO com.zaxxer.hikari.HikariDataSource -- HikariPool-2 - Shutdown completed.
10:47:44.560 [main] INFO com.baomidou.dynamic.datasource.DynamicRoutingDataSource -- dynamic-datasource - add a datasource named [master] success
10:47:44.958 [main] INFO org.redisson.Version -- Redisson 4.6.1
10:47:44.965 [redisson-netty-8-2] INFO org.redisson.connection.ConnectionsHolder -- 1 connections initialized for 127.0.0.1/127.0.0.1:32831
10:47:44.965 [redisson-netty-8-1] INFO org.redisson.connection.ConnectionsHolder -- 1 connections initialized for 127.0.0.1/127.0.0.1:32831
10:47:45.009 [main] INFO com.zaxxer.hikari.HikariDataSource -- HikariPool-3 - Starting...
10:47:45.018 [main] INFO com.zaxxer.hikari.pool.HikariPool -- HikariPool-3 - Added connection com.mysql.cj.jdbc.ConnectionImpl@65bb4cb9
10:47:45.018 [main] INFO com.zaxxer.hikari.HikariDataSource -- HikariPool-3 - Start completed.
10:47:45.717 [main] INFO com.baomidou.dynamic.datasource.DynamicRoutingDataSource -- dynamic-datasource start closing ....
10:47:45.717 [main] INFO com.baomidou.dynamic.datasource.DynamicRoutingDataSource -- dynamic-datasource all closed success,bye
10:47:45.717 [main] INFO com.zaxxer.hikari.HikariDataSource -- HikariPool-3 - Shutdown initiated...
10:47:45.719 [main] INFO com.zaxxer.hikari.HikariDataSource -- HikariPool-3 - Shutdown completed.
10:47:45.724 [main] INFO com.baomidou.dynamic.datasource.DynamicRoutingDataSource -- dynamic-datasource - add a datasource named [master] success
10:47:45.993 [main] INFO org.redisson.Version -- Redisson 4.6.1
10:47:46.000 [redisson-netty-11-1] INFO org.redisson.connection.ConnectionsHolder -- 1 connections initialized for 127.0.0.1/127.0.0.1:32831
10:47:46.000 [redisson-netty-11-2] INFO org.redisson.connection.ConnectionsHolder -- 1 connections initialized for 127.0.0.1/127.0.0.1:32831
10:47:46.031 [main] INFO com.zaxxer.hikari.HikariDataSource -- HikariPool-4 - Starting...
10:47:46.038 [main] INFO com.zaxxer.hikari.pool.HikariPool -- HikariPool-4 - Added connection com.mysql.cj.jdbc.ConnectionImpl@11fa11b2
10:47:46.039 [main] INFO com.zaxxer.hikari.HikariDataSource -- HikariPool-4 - Start completed.
10:47:46.297 [main] INFO com.baomidou.dynamic.datasource.DynamicRoutingDataSource -- dynamic-datasource start closing ....
10:47:46.297 [main] INFO com.baomidou.dynamic.datasource.DynamicRoutingDataSource -- dynamic-datasource all closed success,bye
10:47:46.297 [main] INFO com.zaxxer.hikari.HikariDataSource -- HikariPool-4 - Shutdown initiated...
10:47:46.320 [main] INFO com.zaxxer.hikari.HikariDataSource -- HikariPool-4 - Shutdown completed.
10:47:46.324 [main] INFO com.baomidou.dynamic.datasource.DynamicRoutingDataSource -- dynamic-datasource - add a datasource named [master] success
10:47:46.491 [main] INFO org.redisson.Version -- Redisson 4.6.1
10:47:46.495 [redisson-netty-14-1] INFO org.redisson.connection.ConnectionsHolder -- 1 connections initialized for 127.0.0.1/127.0.0.1:32831
10:47:46.496 [redisson-netty-14-2] INFO org.redisson.connection.ConnectionsHolder -- 1 connections initialized for 127.0.0.1/127.0.0.1:32831
10:47:46.517 [main] INFO com.zaxxer.hikari.HikariDataSource -- HikariPool-5 - Starting...
10:47:46.522 [main] INFO com.zaxxer.hikari.pool.HikariPool -- HikariPool-5 - Added connection com.mysql.cj.jdbc.ConnectionImpl@44bd7f24
10:47:46.523 [main] INFO com.zaxxer.hikari.HikariDataSource -- HikariPool-5 - Start completed.
10:47:46.633 [main] INFO com.baomidou.dynamic.datasource.DynamicRoutingDataSource -- dynamic-datasource start closing ....
10:47:46.633 [main] INFO com.baomidou.dynamic.datasource.DynamicRoutingDataSource -- dynamic-datasource all closed success,bye
10:47:46.634 [main] INFO com.zaxxer.hikari.HikariDataSource -- HikariPool-5 - Shutdown initiated...
10:47:46.662 [main] INFO com.zaxxer.hikari.HikariDataSource -- HikariPool-5 - Shutdown completed.
10:47:46.664 [main] INFO com.baomidou.dynamic.datasource.DynamicRoutingDataSource -- dynamic-datasource - add a datasource named [master] success
10:47:46.833 [main] INFO org.redisson.Version -- Redisson 4.6.1
10:47:46.837 [redisson-netty-17-1] INFO org.redisson.connection.ConnectionsHolder -- 1 connections initialized for 127.0.0.1/127.0.0.1:32831
10:47:46.838 [redisson-netty-17-2] INFO org.redisson.connection.ConnectionsHolder -- 1 connections initialized for 127.0.0.1/127.0.0.1:32831
10:47:46.857 [main] INFO com.zaxxer.hikari.HikariDataSource -- HikariPool-6 - Starting...
10:47:46.863 [main] INFO com.zaxxer.hikari.pool.HikariPool -- HikariPool-6 - Added connection com.mysql.cj.jdbc.ConnectionImpl@6195ce27
10:47:46.864 [main] INFO com.zaxxer.hikari.HikariDataSource -- HikariPool-6 - Start completed.
10:47:47.003 [main] INFO com.baomidou.dynamic.datasource.DynamicRoutingDataSource -- dynamic-datasource start closing ....
10:47:47.004 [main] INFO com.baomidou.dynamic.datasource.DynamicRoutingDataSource -- dynamic-datasource all closed success,bye
10:47:47.004 [main] INFO com.zaxxer.hikari.HikariDataSource -- HikariPool-6 - Shutdown initiated...
10:47:47.038 [main] INFO com.zaxxer.hikari.HikariDataSource -- HikariPool-6 - Shutdown completed.
10:47:47.041 [main] INFO com.baomidou.dynamic.datasource.DynamicRoutingDataSource -- dynamic-datasource - add a datasource named [master] success
10:47:47.195 [main] INFO org.redisson.Version -- Redisson 4.6.1
10:47:47.202 [redisson-netty-20-1] INFO org.redisson.connection.ConnectionsHolder -- 1 connections initialized for 127.0.0.1/127.0.0.1:32831
10:47:47.202 [redisson-netty-20-2] INFO org.redisson.connection.ConnectionsHolder -- 1 connections initialized for 127.0.0.1/127.0.0.1:32831
10:47:47.222 [main] INFO com.zaxxer.hikari.HikariDataSource -- HikariPool-7 - Starting...
10:47:47.228 [main] INFO com.zaxxer.hikari.pool.HikariPool -- HikariPool-7 - Added connection com.mysql.cj.jdbc.ConnectionImpl@5c960f64
10:47:47.229 [main] INFO com.zaxxer.hikari.HikariDataSource -- HikariPool-7 - Start completed.
10:47:47.398 [main] WARN org.namewta.notify.adapter.event.InAppCommittedPushListener -- 站内实时提示失败，messageId=9380049, reason=IllegalStateException
10:47:47.439 [main] INFO com.baomidou.dynamic.datasource.DynamicRoutingDataSource -- dynamic-datasource start closing ....
10:47:47.440 [main] INFO com.baomidou.dynamic.datasource.DynamicRoutingDataSource -- dynamic-datasource all closed success,bye
10:47:47.440 [main] INFO com.zaxxer.hikari.HikariDataSource -- HikariPool-7 - Shutdown initiated...
10:47:47.468 [main] INFO com.zaxxer.hikari.HikariDataSource -- HikariPool-7 - Shutdown completed.
10:47:47.472 [main] INFO com.baomidou.dynamic.datasource.DynamicRoutingDataSource -- dynamic-datasource - add a datasource named [master] success
10:47:47.633 [main] INFO org.redisson.Version -- Redisson 4.6.1
10:47:47.640 [redisson-netty-23-1] INFO org.redisson.connection.ConnectionsHolder -- 1 connections initialized for 127.0.0.1/127.0.0.1:32831
10:47:47.640 [redisson-netty-23-2] INFO org.redisson.connection.ConnectionsHolder -- 1 connections initialized for 127.0.0.1/127.0.0.1:32831
10:47:47.663 [main] INFO com.zaxxer.hikari.HikariDataSource -- HikariPool-8 - Starting...
10:47:47.671 [main] INFO com.zaxxer.hikari.pool.HikariPool -- HikariPool-8 - Added connection com.mysql.cj.jdbc.ConnectionImpl@1b5e6983
10:47:47.671 [main] INFO com.zaxxer.hikari.HikariDataSource -- HikariPool-8 - Start completed.
10:47:47.765 [main] INFO com.baomidou.dynamic.datasource.DynamicRoutingDataSource -- dynamic-datasource start closing ....
10:47:47.766 [main] INFO com.baomidou.dynamic.datasource.DynamicRoutingDataSource -- dynamic-datasource all closed success,bye
10:47:47.766 [main] INFO com.zaxxer.hikari.HikariDataSource -- HikariPool-8 - Shutdown initiated...
10:47:47.769 [main] INFO com.zaxxer.hikari.HikariDataSource -- HikariPool-8 - Shutdown completed.
10:47:47.775 [main] INFO com.baomidou.dynamic.datasource.DynamicRoutingDataSource -- dynamic-datasource - add a datasource named [master] success
10:47:48.112 [main] INFO org.redisson.Version -- Redisson 4.6.1
10:47:48.147 [redisson-netty-26-1] INFO org.redisson.connection.ConnectionsHolder -- 1 connections initialized for 127.0.0.1/127.0.0.1:32831
10:47:48.152 [redisson-netty-26-2] INFO org.redisson.connection.ConnectionsHolder -- 1 connections initialized for 127.0.0.1/127.0.0.1:32831
10:47:48.210 [main] INFO com.zaxxer.hikari.HikariDataSource -- HikariPool-9 - Starting...
10:47:48.214 [main] INFO com.zaxxer.hikari.pool.HikariPool -- HikariPool-9 - Added connection com.mysql.cj.jdbc.ConnectionImpl@5d5a77de
10:47:48.215 [main] INFO com.zaxxer.hikari.HikariDataSource -- HikariPool-9 - Start completed.
10:47:48.488 [main] INFO com.baomidou.dynamic.datasource.DynamicRoutingDataSource -- dynamic-datasource start closing ....
10:47:48.488 [main] INFO com.baomidou.dynamic.datasource.DynamicRoutingDataSource -- dynamic-datasource all closed success,bye
10:47:48.488 [main] INFO com.zaxxer.hikari.HikariDataSource -- HikariPool-9 - Shutdown initiated...
10:47:48.506 [main] INFO com.zaxxer.hikari.HikariDataSource -- HikariPool-9 - Shutdown completed.
10:47:48.509 [main] INFO com.baomidou.dynamic.datasource.DynamicRoutingDataSource -- dynamic-datasource - add a datasource named [master] success
10:47:48.664 [main] INFO org.redisson.Version -- Redisson 4.6.1
10:47:48.673 [redisson-netty-29-1] INFO org.redisson.connection.ConnectionsHolder -- 1 connections initialized for 127.0.0.1/127.0.0.1:32831
10:47:48.673 [redisson-netty-29-2] INFO org.redisson.connection.ConnectionsHolder -- 1 connections initialized for 127.0.0.1/127.0.0.1:32831
10:47:48.695 [main] INFO com.zaxxer.hikari.HikariDataSource -- HikariPool-10 - Starting...
10:47:48.701 [main] INFO com.zaxxer.hikari.pool.HikariPool -- HikariPool-10 - Added connection com.mysql.cj.jdbc.ConnectionImpl@7ec63b9a
10:47:48.702 [main] INFO com.zaxxer.hikari.HikariDataSource -- HikariPool-10 - Start completed.
10:47:48.895 [main] WARN org.namewta.notify.adapter.event.InAppCommittedPushListener -- 站内实时提示失败，messageId=9380062, reason=IllegalStateException
10:47:48.947 [main] INFO com.baomidou.dynamic.datasource.DynamicRoutingDataSource -- dynamic-datasource start closing ....
10:47:48.948 [main] INFO com.baomidou.dynamic.datasource.DynamicRoutingDataSource -- dynamic-datasource all closed success,bye
10:47:48.948 [main] INFO com.zaxxer.hikari.HikariDataSource -- HikariPool-10 - Shutdown initiated...
10:47:48.955 [main] INFO com.zaxxer.hikari.HikariDataSource -- HikariPool-10 - Shutdown completed.
10:47:48.957 [main] INFO com.baomidou.dynamic.datasource.DynamicRoutingDataSource -- dynamic-datasource - add a datasource named [master] success
10:47:49.086 [main] INFO org.redisson.Version -- Redisson 4.6.1
10:47:49.091 [redisson-netty-32-1] INFO org.redisson.connection.ConnectionsHolder -- 1 connections initialized for 127.0.0.1/127.0.0.1:32831
10:47:49.091 [redisson-netty-32-2] INFO org.redisson.connection.ConnectionsHolder -- 1 connections initialized for 127.0.0.1/127.0.0.1:32831
10:47:49.111 [main] INFO com.zaxxer.hikari.HikariDataSource -- HikariPool-11 - Starting...
10:47:49.117 [main] INFO com.zaxxer.hikari.pool.HikariPool -- HikariPool-11 - Added connection com.mysql.cj.jdbc.ConnectionImpl@14d44e72
10:47:49.117 [main] INFO com.zaxxer.hikari.HikariDataSource -- HikariPool-11 - Start completed.
10:47:49.241 [main] INFO com.baomidou.dynamic.datasource.DynamicRoutingDataSource -- dynamic-datasource start closing ....
10:47:49.242 [main] INFO com.baomidou.dynamic.datasource.DynamicRoutingDataSource -- dynamic-datasource all closed success,bye
10:47:49.242 [main] INFO com.zaxxer.hikari.HikariDataSource -- HikariPool-11 - Shutdown initiated...
10:47:49.252 [main] INFO com.zaxxer.hikari.HikariDataSource -- HikariPool-11 - Shutdown completed.
10:47:49.256 [main] INFO com.baomidou.dynamic.datasource.DynamicRoutingDataSource -- dynamic-datasource - add a datasource named [master] success
10:47:49.377 [main] INFO org.redisson.Version -- Redisson 4.6.1
10:47:49.382 [redisson-netty-35-1] INFO org.redisson.connection.ConnectionsHolder -- 1 connections initialized for 127.0.0.1/127.0.0.1:32831
10:47:49.382 [redisson-netty-35-2] INFO org.redisson.connection.ConnectionsHolder -- 1 connections initialized for 127.0.0.1/127.0.0.1:32831
10:47:49.399 [main] INFO com.zaxxer.hikari.HikariDataSource -- HikariPool-12 - Starting...
10:47:49.404 [main] INFO com.zaxxer.hikari.pool.HikariPool -- HikariPool-12 - Added connection com.mysql.cj.jdbc.ConnectionImpl@5935ade6
10:47:49.406 [main] INFO com.zaxxer.hikari.HikariDataSource -- HikariPool-12 - Start completed.
10:47:49.508 [main] INFO com.baomidou.dynamic.datasource.DynamicRoutingDataSource -- dynamic-datasource start closing ....
10:47:49.509 [main] INFO com.baomidou.dynamic.datasource.DynamicRoutingDataSource -- dynamic-datasource all closed success,bye
10:47:49.509 [main] INFO com.zaxxer.hikari.HikariDataSource -- HikariPool-12 - Shutdown initiated...
10:47:49.540 [main] INFO com.zaxxer.hikari.HikariDataSource -- HikariPool-12 - Shutdown completed.
10:47:49.543 [main] INFO com.baomidou.dynamic.datasource.DynamicRoutingDataSource -- dynamic-datasource - add a datasource named [master] success
10:47:49.670 [main] INFO org.redisson.Version -- Redisson 4.6.1
10:47:49.677 [redisson-netty-38-1] INFO org.redisson.connection.ConnectionsHolder -- 1 connections initialized for 127.0.0.1/127.0.0.1:32831
10:47:49.678 [redisson-netty-38-2] INFO org.redisson.connection.ConnectionsHolder -- 1 connections initialized for 127.0.0.1/127.0.0.1:32831
10:47:49.701 [main] INFO com.zaxxer.hikari.HikariDataSource -- HikariPool-13 - Starting...
10:47:49.707 [main] INFO com.zaxxer.hikari.pool.HikariPool -- HikariPool-13 - Added connection com.mysql.cj.jdbc.ConnectionImpl@2fad48b7
10:47:49.707 [main] INFO com.zaxxer.hikari.HikariDataSource -- HikariPool-13 - Start completed.
10:47:49.817 [main] INFO com.baomidou.dynamic.datasource.DynamicRoutingDataSource -- dynamic-datasource start closing ....
10:47:49.818 [main] INFO com.baomidou.dynamic.datasource.DynamicRoutingDataSource -- dynamic-datasource all closed success,bye
10:47:49.818 [main] INFO com.zaxxer.hikari.HikariDataSource -- HikariPool-13 - Shutdown initiated...
10:47:49.844 [main] INFO com.zaxxer.hikari.HikariDataSource -- HikariPool-13 - Shutdown completed.
[INFO] Tests run: 13, Failures: 0, Errors: 0, Skipped: 0, Time elapsed: 10.22 s -- in org.namewta.test.notify.NotifyManualRetryIntegrationTest
[INFO] 
[INFO] Results:
[INFO] 
[ERROR] Failures: 
[ERROR]   NotifySupportedModeIntegrationTest.loopbackHttpEnforcesSubmitPermissionAndSupportedValuesBeforeAnyWrite:309 
expected: 200
 but was: 400
[INFO] 
[ERROR] Tests run: 135, Failures: 1, Errors: 0, Skipped: 0
[INFO] 
[INFO] ------------------------------------------------------------------------
[INFO] Reactor Summary for WTA-Plus 6.0.0:
[INFO] 
[INFO] WTA-Plus ........................................... SUCCESS [  0.260 s]
[INFO] wta-common ......................................... SUCCESS [  0.092 s]
[INFO] wta-common-core .................................... SUCCESS [  0.682 s]
[INFO] wta-common-doc ..................................... SUCCESS [  0.171 s]
[INFO] wta-common-json .................................... SUCCESS [  0.082 s]
[INFO] wta-common-redis ................................... SUCCESS [  0.195 s]
[INFO] wta-common-social .................................. SUCCESS [  0.142 s]
[INFO] wta-common-nacos ................................... SUCCESS [  0.222 s]
[INFO] wta-common-notify .................................. SUCCESS [  0.132 s]
[INFO] wta-common-mail .................................... SUCCESS [  0.143 s]
[INFO] wta-common-mcp ..................................... SUCCESS [  0.091 s]
[INFO] wta-api ............................................ SUCCESS [  0.063 s]
[INFO] wta-common-satoken ................................. SUCCESS [  0.084 s]
[INFO] wta-common-openapi ................................. SUCCESS [  0.087 s]
[INFO] wta-common-mybatis ................................. SUCCESS [  0.186 s]
[INFO] wta-common-translation ............................. SUCCESS [  0.066 s]
[INFO] wta-common-oss ..................................... SUCCESS [  0.137 s]
[INFO] wta-common-log ..................................... SUCCESS [  0.075 s]
[INFO] wta-common-excel ................................... SUCCESS [  0.097 s]
[INFO] wta-common-sms ..................................... SUCCESS [  0.111 s]
[INFO] wta-common-security ................................ SUCCESS [  0.069 s]
[INFO] wta-common-web ..................................... SUCCESS [  0.135 s]
[INFO] wta-common-sensitive ............................... SUCCESS [  0.044 s]
[INFO] wta-common-encrypt ................................. SUCCESS [  0.058 s]
[INFO] wta-common-push .................................... SUCCESS [  0.064 s]
[INFO] wta-modules ........................................ SUCCESS [  0.035 s]
[INFO] wta-system ......................................... SUCCESS [  0.115 s]
[INFO] wta-third .......................................... SUCCESS [  0.078 s]
[INFO] wta-notify ......................................... SUCCESS [  2.624 s]
[INFO] wta-sso ............................................ SUCCESS [  0.111 s]
[INFO] wta-common-job ..................................... SUCCESS [  0.066 s]
[INFO] wta-job ............................................ SUCCESS [  0.049 s]
[INFO] wta-common-ai ...................................... SUCCESS [  0.044 s]
[INFO] wta-ai ............................................. SUCCESS [  0.037 s]
[INFO] wta-common-richtext ................................ SUCCESS [  0.042 s]
[INFO] wta-common-elasticsearch ........................... SUCCESS [  0.051 s]
[INFO] wta-common-mqtt .................................... SUCCESS [  0.044 s]
[INFO] wta-demo ........................................... SUCCESS [  0.126 s]
[INFO] wta-common-liteflow ................................ SUCCESS [  0.087 s]
[INFO] wta-workflow ....................................... SUCCESS [  0.103 s]
[INFO] wta-profile ........................................ SUCCESS [  0.042 s]
[INFO] wta-profile-person ................................. SUCCESS [  2.035 s]
[INFO] wta-profile-enterprise ............................. SUCCESS [  1.271 s]
[INFO] wta-admin .......................................... FAILURE [01:45 min]
[INFO] ------------------------------------------------------------------------
[INFO] BUILD FAILURE
[INFO] ------------------------------------------------------------------------
[INFO] Total time:  01:56 min
[INFO] Finished at: 2026-09-23T10:47:49-04:00
[INFO] ------------------------------------------------------------------------
[ERROR] Failed to execute goal org.apache.maven.plugins:maven-surefire-plugin:3.5.5:test (default-test) on project wta-admin: There are test failures.
[ERROR] 
[ERROR] See /srv/WTA-plus/backend/wta-admin/target/surefire-reports for the individual test results.
[ERROR] See dump files (if any exist) [date].dump, [date]-jvmRun[N].dump and [date].dumpstream.
[ERROR] -> [Help 1]
[ERROR] 
[ERROR] To see the full stack trace of the errors, re-run Maven with the -e switch.
[ERROR] Re-run Maven using the -X switch to enable full debug logging.
[ERROR] 
[ERROR] For more information about the errors and possible solutions, please read the following articles:
[ERROR] [Help 1] http://cwiki.apache.org/confluence/display/MAVEN/MojoFailureException
[ERROR] 
[ERROR] After correcting the problems, you can resume the build with the command
[ERROR]   mvn <args> -rf :wta-admin
