Picked up JAVA_TOOL_OPTIONS: -Xms128m -Xmx1536m -Djava.io.tmpdir=/tmp/wta-t42/runs/0beb4808a7e8add1/tmp
[INFO] Scanning for projects...
[INFO] ------------------------------------------------------------------------
[INFO] Reactor Build Order:
[INFO] 
[INFO] WTA-Plus                                                           [pom]
[INFO] wta-common                                                         [pom]
[INFO] wta-common-core                                                    [jar]
[INFO] wta-common-doc                                                     [jar]
[INFO] wta-common-json                                                    [jar]
[INFO] wta-common-redis                                                   [jar]
[INFO] wta-common-social                                                  [jar]
[INFO] wta-common-nacos                                                   [jar]
[INFO] wta-common-notify                                                  [jar]
[INFO] wta-common-mail                                                    [jar]
[INFO] wta-common-mcp                                                     [jar]
[INFO] wta-api                                                            [jar]
[INFO] wta-common-satoken                                                 [jar]
[INFO] wta-common-openapi                                                 [jar]
[INFO] wta-common-mybatis                                                 [jar]
[INFO] wta-common-translation                                             [jar]
[INFO] wta-common-oss                                                     [jar]
[INFO] wta-common-log                                                     [jar]
[INFO] wta-common-excel                                                   [jar]
[INFO] wta-common-sms                                                     [jar]
[INFO] wta-common-security                                                [jar]
[INFO] wta-common-web                                                     [jar]
[INFO] wta-common-sensitive                                               [jar]
[INFO] wta-common-encrypt                                                 [jar]
[INFO] wta-common-push                                                    [jar]
[INFO] wta-modules                                                        [pom]
[INFO] wta-system                                                         [jar]
[INFO] wta-third                                                          [jar]
[INFO] wta-notify                                                         [jar]
[INFO] wta-sso                                                            [jar]
[INFO] wta-common-job                                                     [jar]
[INFO] wta-job                                                            [jar]
[INFO] wta-common-ai                                                      [jar]
[INFO] wta-ai                                                             [jar]
[INFO] wta-common-richtext                                                [jar]
[INFO] wta-common-elasticsearch                                           [jar]
[INFO] wta-common-mqtt                                                    [jar]
[INFO] wta-demo                                                           [jar]
[INFO] wta-common-liteflow                                                [jar]
[INFO] wta-workflow                                                       [jar]
[INFO] wta-profile                                                        [pom]
[INFO] wta-profile-person                                                 [jar]
[INFO] wta-profile-enterprise                                             [jar]
[INFO] wta-admin                                                          [jar]
[INFO] 
[INFO] ----------------------< org.namewta:wta-vue-plus >----------------------
[INFO] Building WTA-Plus 6.0.0                                           [1/44]
[INFO]   from pom.xml
[INFO] --------------------------------[ pom ]---------------------------------
[INFO] 
[INFO] --- flatten:1.7.3:flatten (flatten) @ wta-vue-plus ---
[INFO] Generating flattened POM of project org.namewta:wta-vue-plus:pom:6.0.0...
[INFO] 
[INFO] -----------------------< org.namewta:wta-common >-----------------------
[INFO] Building wta-common 6.0.0                                         [2/44]
[INFO]   from wta-common/pom.xml
[INFO] --------------------------------[ pom ]---------------------------------
[INFO] 
[INFO] --- flatten:1.7.3:flatten (flatten) @ wta-common ---
[INFO] Generating flattened POM of project org.namewta:wta-common:pom:6.0.0...
[INFO] 
[INFO] --------------------< org.namewta:wta-common-core >---------------------
[INFO] Building wta-common-core 6.0.0                                    [3/44]
[INFO]   from wta-common/wta-common-core/pom.xml
[INFO] --------------------------------[ jar ]---------------------------------
[INFO] 
[INFO] --- resources:3.3.1:resources (default-resources) @ wta-common-core ---
[INFO] Copying 1 resource from src/main/resources to target/classes
[INFO] Copying 0 resource from src/main/resources to target/classes
[INFO] 
[INFO] --- flatten:1.7.3:flatten (flatten) @ wta-common-core ---
[INFO] Generating flattened POM of project org.namewta:wta-common-core:jar:6.0.0...
[INFO] 
[INFO] --- compiler:3.15.0:compile (default-compile) @ wta-common-core ---
[INFO] Nothing to compile - all classes are up to date.
[INFO] 
[INFO] --- resources:3.3.1:testResources (default-testResources) @ wta-common-core ---
[INFO] skip non existing resourceDirectory /srv/WTA-plus/backend/wta-common/wta-common-core/src/test/resources
[INFO] 
[INFO] --- compiler:3.15.0:testCompile (default-testCompile) @ wta-common-core ---
[INFO] Nothing to compile - all classes are up to date.
[INFO] 
[INFO] --- surefire:3.5.5:test (default-test) @ wta-common-core ---
[INFO] 
[INFO] ---------------------< org.namewta:wta-common-doc >---------------------
[INFO] Building wta-common-doc 6.0.0                                     [4/44]
[INFO]   from wta-common/wta-common-doc/pom.xml
[INFO] --------------------------------[ jar ]---------------------------------
[INFO] 
[INFO] --- resources:3.3.1:resources (default-resources) @ wta-common-doc ---
[INFO] Copying 1 resource from src/main/resources to target/classes
[INFO] Copying 0 resource from src/main/resources to target/classes
[INFO] 
[INFO] --- flatten:1.7.3:flatten (flatten) @ wta-common-doc ---
[INFO] Generating flattened POM of project org.namewta:wta-common-doc:jar:6.0.0...
[INFO] 
[INFO] --- compiler:3.15.0:compile (default-compile) @ wta-common-doc ---
[INFO] Nothing to compile - all classes are up to date.
[INFO] 
[INFO] --- resources:3.3.1:testResources (default-testResources) @ wta-common-doc ---
[INFO] skip non existing resourceDirectory /srv/WTA-plus/backend/wta-common/wta-common-doc/src/test/resources
[INFO] 
[INFO] --- compiler:3.15.0:testCompile (default-testCompile) @ wta-common-doc ---
[INFO] No sources to compile
[INFO] 
[INFO] --- surefire:3.5.5:test (default-test) @ wta-common-doc ---
[INFO] No tests to run.
[INFO] 
[INFO] --------------------< org.namewta:wta-common-json >---------------------
[INFO] Building wta-common-json 6.0.0                                    [5/44]
[INFO]   from wta-common/wta-common-json/pom.xml
[INFO] --------------------------------[ jar ]---------------------------------
[INFO] 
[INFO] --- resources:3.3.1:resources (default-resources) @ wta-common-json ---
[INFO] Copying 1 resource from src/main/resources to target/classes
[INFO] Copying 0 resource from src/main/resources to target/classes
[INFO] 
[INFO] --- flatten:1.7.3:flatten (flatten) @ wta-common-json ---
[INFO] Generating flattened POM of project org.namewta:wta-common-json:jar:6.0.0...
[INFO] 
[INFO] --- compiler:3.15.0:compile (default-compile) @ wta-common-json ---
[INFO] Nothing to compile - all classes are up to date.
[INFO] 
[INFO] --- resources:3.3.1:testResources (default-testResources) @ wta-common-json ---
[INFO] skip non existing resourceDirectory /srv/WTA-plus/backend/wta-common/wta-common-json/src/test/resources
[INFO] 
[INFO] --- compiler:3.15.0:testCompile (default-testCompile) @ wta-common-json ---
[INFO] Nothing to compile - all classes are up to date.
[INFO] 
[INFO] --- surefire:3.5.5:test (default-test) @ wta-common-json ---
[INFO] 
[INFO] --------------------< org.namewta:wta-common-redis >--------------------
[INFO] Building wta-common-redis 6.0.0                                   [6/44]
[INFO]   from wta-common/wta-common-redis/pom.xml
[INFO] --------------------------------[ jar ]---------------------------------
[INFO] 
[INFO] --- resources:3.3.1:resources (default-resources) @ wta-common-redis ---
[INFO] Copying 2 resources from src/main/resources to target/classes
[INFO] Copying 0 resource from src/main/resources to target/classes
[INFO] 
[INFO] --- flatten:1.7.3:flatten (flatten) @ wta-common-redis ---
[INFO] Generating flattened POM of project org.namewta:wta-common-redis:jar:6.0.0...
[INFO] 
[INFO] --- compiler:3.15.0:compile (default-compile) @ wta-common-redis ---
[INFO] Nothing to compile - all classes are up to date.
[INFO] 
[INFO] --- resources:3.3.1:testResources (default-testResources) @ wta-common-redis ---
[INFO] skip non existing resourceDirectory /srv/WTA-plus/backend/wta-common/wta-common-redis/src/test/resources
[INFO] 
[INFO] --- compiler:3.15.0:testCompile (default-testCompile) @ wta-common-redis ---
[INFO] Nothing to compile - all classes are up to date.
[INFO] 
[INFO] --- surefire:3.5.5:test (default-test) @ wta-common-redis ---
[INFO] 
[INFO] -------------------< org.namewta:wta-common-social >--------------------
[INFO] Building wta-common-social 6.0.0                                  [7/44]
[INFO]   from wta-common/wta-common-social/pom.xml
[INFO] --------------------------------[ jar ]---------------------------------
[INFO] 
[INFO] --- resources:3.3.1:resources (default-resources) @ wta-common-social ---
[INFO] Copying 1 resource from src/main/resources to target/classes
[INFO] Copying 0 resource from src/main/resources to target/classes
[INFO] 
[INFO] --- flatten:1.7.3:flatten (flatten) @ wta-common-social ---
[INFO] Generating flattened POM of project org.namewta:wta-common-social:jar:6.0.0...
[INFO] 
[INFO] --- compiler:3.15.0:compile (default-compile) @ wta-common-social ---
[INFO] Nothing to compile - all classes are up to date.
[INFO] 
[INFO] --- resources:3.3.1:testResources (default-testResources) @ wta-common-social ---
[INFO] skip non existing resourceDirectory /srv/WTA-plus/backend/wta-common/wta-common-social/src/test/resources
[INFO] 
[INFO] --- compiler:3.15.0:testCompile (default-testCompile) @ wta-common-social ---
[INFO] No sources to compile
[INFO] 
[INFO] --- surefire:3.5.5:test (default-test) @ wta-common-social ---
[INFO] No tests to run.
[INFO] 
[INFO] --------------------< org.namewta:wta-common-nacos >--------------------
[INFO] Building wta-common-nacos 6.0.0                                   [8/44]
[INFO]   from wta-common/wta-common-nacos/pom.xml
[INFO] --------------------------------[ jar ]---------------------------------
[INFO] 
[INFO] --- resources:3.3.1:resources (default-resources) @ wta-common-nacos ---
[INFO] Copying 2 resources from src/main/resources to target/classes
[INFO] Copying 0 resource from src/main/resources to target/classes
[INFO] 
[INFO] --- flatten:1.7.3:flatten (flatten) @ wta-common-nacos ---
[INFO] Generating flattened POM of project org.namewta:wta-common-nacos:jar:6.0.0...
[INFO] 
[INFO] --- compiler:3.15.0:compile (default-compile) @ wta-common-nacos ---
[INFO] Nothing to compile - all classes are up to date.
[INFO] 
[INFO] --- resources:3.3.1:testResources (default-testResources) @ wta-common-nacos ---
[INFO] skip non existing resourceDirectory /srv/WTA-plus/backend/wta-common/wta-common-nacos/src/test/resources
[INFO] 
[INFO] --- compiler:3.15.0:testCompile (default-testCompile) @ wta-common-nacos ---
[INFO] Nothing to compile - all classes are up to date.
[INFO] 
[INFO] --- surefire:3.5.5:test (default-test) @ wta-common-nacos ---
[INFO] 
[INFO] -------------------< org.namewta:wta-common-notify >--------------------
[INFO] Building wta-common-notify 6.0.0                                  [9/44]
[INFO]   from wta-common/wta-common-notify/pom.xml
[INFO] --------------------------------[ jar ]---------------------------------
[INFO] 
[INFO] --- resources:3.3.1:resources (default-resources) @ wta-common-notify ---
[INFO] Copying 1 resource from src/main/resources to target/classes
[INFO] Copying 0 resource from src/main/resources to target/classes
[INFO] 
[INFO] --- flatten:1.7.3:flatten (flatten) @ wta-common-notify ---
[INFO] Generating flattened POM of project org.namewta:wta-common-notify:jar:6.0.0...
[INFO] 
[INFO] --- compiler:3.15.0:compile (default-compile) @ wta-common-notify ---
[INFO] Nothing to compile - all classes are up to date.
[INFO] 
[INFO] --- resources:3.3.1:testResources (default-testResources) @ wta-common-notify ---
[INFO] skip non existing resourceDirectory /srv/WTA-plus/backend/wta-common/wta-common-notify/src/test/resources
[INFO] 
[INFO] --- compiler:3.15.0:testCompile (default-testCompile) @ wta-common-notify ---
[INFO] No sources to compile
[INFO] 
[INFO] --- surefire:3.5.5:test (default-test) @ wta-common-notify ---
[INFO] No tests to run.
[INFO] 
[INFO] --------------------< org.namewta:wta-common-mail >---------------------
[INFO] Building wta-common-mail 6.0.0                                   [10/44]
[INFO]   from wta-common/wta-common-mail/pom.xml
[INFO] --------------------------------[ jar ]---------------------------------
[INFO] 
[INFO] --- resources:3.3.1:resources (default-resources) @ wta-common-mail ---
[INFO] Copying 1 resource from src/main/resources to target/classes
[INFO] Copying 0 resource from src/main/resources to target/classes
[INFO] 
[INFO] --- flatten:1.7.3:flatten (flatten) @ wta-common-mail ---
[INFO] Generating flattened POM of project org.namewta:wta-common-mail:jar:6.0.0...
[INFO] 
[INFO] --- compiler:3.15.0:compile (default-compile) @ wta-common-mail ---
[INFO] Nothing to compile - all classes are up to date.
[INFO] 
[INFO] --- resources:3.3.1:testResources (default-testResources) @ wta-common-mail ---
[INFO] skip non existing resourceDirectory /srv/WTA-plus/backend/wta-common/wta-common-mail/src/test/resources
[INFO] 
[INFO] --- compiler:3.15.0:testCompile (default-testCompile) @ wta-common-mail ---
[INFO] No sources to compile
[INFO] 
[INFO] --- surefire:3.5.5:test (default-test) @ wta-common-mail ---
[INFO] No tests to run.
[INFO] 
[INFO] ---------------------< org.namewta:wta-common-mcp >---------------------
[INFO] Building wta-common-mcp 6.0.0                                    [11/44]
[INFO]   from wta-common/wta-common-mcp/pom.xml
[INFO] --------------------------------[ jar ]---------------------------------
[INFO] 
[INFO] --- resources:3.3.1:resources (default-resources) @ wta-common-mcp ---
[INFO] Copying 1 resource from src/main/resources to target/classes
[INFO] Copying 0 resource from src/main/resources to target/classes
[INFO] 
[INFO] --- flatten:1.7.3:flatten (flatten) @ wta-common-mcp ---
[INFO] Generating flattened POM of project org.namewta:wta-common-mcp:jar:6.0.0...
[INFO] 
[INFO] --- compiler:3.15.0:compile (default-compile) @ wta-common-mcp ---
[INFO] Nothing to compile - all classes are up to date.
[INFO] 
[INFO] --- resources:3.3.1:testResources (default-testResources) @ wta-common-mcp ---
[INFO] skip non existing resourceDirectory /srv/WTA-plus/backend/wta-common/wta-common-mcp/src/test/resources
[INFO] 
[INFO] --- compiler:3.15.0:testCompile (default-testCompile) @ wta-common-mcp ---
[INFO] No sources to compile
[INFO] 
[INFO] --- surefire:3.5.5:test (default-test) @ wta-common-mcp ---
[INFO] No tests to run.
[INFO] 
[INFO] ------------------------< org.namewta:wta-api >-------------------------
[INFO] Building wta-api 6.0.0                                           [12/44]
[INFO]   from wta-api/pom.xml
[INFO] --------------------------------[ jar ]---------------------------------
[INFO] 
[INFO] --- resources:3.3.1:resources (default-resources) @ wta-api ---
[INFO] skip non existing resourceDirectory /srv/WTA-plus/backend/wta-api/src/main/resources
[INFO] skip non existing resourceDirectory /srv/WTA-plus/backend/wta-api/src/main/resources
[INFO] 
[INFO] --- flatten:1.7.3:flatten (flatten) @ wta-api ---
[INFO] Generating flattened POM of project org.namewta:wta-api:jar:6.0.0...
[INFO] 
[INFO] --- compiler:3.15.0:compile (default-compile) @ wta-api ---
[INFO] Nothing to compile - all classes are up to date.
[INFO] 
[INFO] --- resources:3.3.1:testResources (default-testResources) @ wta-api ---
[INFO] skip non existing resourceDirectory /srv/WTA-plus/backend/wta-api/src/test/resources
[INFO] 
[INFO] --- compiler:3.15.0:testCompile (default-testCompile) @ wta-api ---
[INFO] No sources to compile
[INFO] 
[INFO] --- surefire:3.5.5:test (default-test) @ wta-api ---
[INFO] No tests to run.
[INFO] 
[INFO] -------------------< org.namewta:wta-common-satoken >-------------------
[INFO] Building wta-common-satoken 6.0.0                                [13/44]
[INFO]   from wta-common/wta-common-satoken/pom.xml
[INFO] --------------------------------[ jar ]---------------------------------
[INFO] 
[INFO] --- resources:3.3.1:resources (default-resources) @ wta-common-satoken ---
[INFO] Copying 2 resources from src/main/resources to target/classes
[INFO] Copying 0 resource from src/main/resources to target/classes
[INFO] 
[INFO] --- flatten:1.7.3:flatten (flatten) @ wta-common-satoken ---
[INFO] Generating flattened POM of project org.namewta:wta-common-satoken:jar:6.0.0...
[INFO] 
[INFO] --- compiler:3.15.0:compile (default-compile) @ wta-common-satoken ---
[INFO] Nothing to compile - all classes are up to date.
[INFO] 
[INFO] --- resources:3.3.1:testResources (default-testResources) @ wta-common-satoken ---
[INFO] skip non existing resourceDirectory /srv/WTA-plus/backend/wta-common/wta-common-satoken/src/test/resources
[INFO] 
[INFO] --- compiler:3.15.0:testCompile (default-testCompile) @ wta-common-satoken ---
[INFO] No sources to compile
[INFO] 
[INFO] --- surefire:3.5.5:test (default-test) @ wta-common-satoken ---
[INFO] No tests to run.
[INFO] 
[INFO] -------------------< org.namewta:wta-common-openapi >-------------------
[INFO] Building wta-common-openapi 6.0.0                                [14/44]
[INFO]   from wta-common/wta-common-openapi/pom.xml
[INFO] --------------------------------[ jar ]---------------------------------
[INFO] 
[INFO] --- resources:3.3.1:resources (default-resources) @ wta-common-openapi ---
[INFO] Copying 1 resource from src/main/resources to target/classes
[INFO] Copying 0 resource from src/main/resources to target/classes
[INFO] 
[INFO] --- flatten:1.7.3:flatten (flatten) @ wta-common-openapi ---
[INFO] Generating flattened POM of project org.namewta:wta-common-openapi:jar:6.0.0...
[INFO] 
[INFO] --- compiler:3.15.0:compile (default-compile) @ wta-common-openapi ---
[INFO] Nothing to compile - all classes are up to date.
[INFO] 
[INFO] --- resources:3.3.1:testResources (default-testResources) @ wta-common-openapi ---
[INFO] skip non existing resourceDirectory /srv/WTA-plus/backend/wta-common/wta-common-openapi/src/test/resources
[INFO] 
[INFO] --- compiler:3.15.0:testCompile (default-testCompile) @ wta-common-openapi ---
[INFO] Nothing to compile - all classes are up to date.
[INFO] 
[INFO] --- surefire:3.5.5:test (default-test) @ wta-common-openapi ---
[INFO] 
[INFO] -------------------< org.namewta:wta-common-mybatis >-------------------
[INFO] Building wta-common-mybatis 6.0.0                                [15/44]
[INFO]   from wta-common/wta-common-mybatis/pom.xml
[INFO] --------------------------------[ jar ]---------------------------------
[INFO] 
[INFO] --- resources:3.3.1:resources (default-resources) @ wta-common-mybatis ---
[INFO] Copying 2 resources from src/main/resources to target/classes
[INFO] Copying 0 resource from src/main/resources to target/classes
[INFO] 
[INFO] --- flatten:1.7.3:flatten (flatten) @ wta-common-mybatis ---
[INFO] Generating flattened POM of project org.namewta:wta-common-mybatis:jar:6.0.0...
[INFO] 
[INFO] --- compiler:3.15.0:compile (default-compile) @ wta-common-mybatis ---
[INFO] Nothing to compile - all classes are up to date.
[INFO] 
[INFO] --- resources:3.3.1:testResources (default-testResources) @ wta-common-mybatis ---
[INFO] skip non existing resourceDirectory /srv/WTA-plus/backend/wta-common/wta-common-mybatis/src/test/resources
[INFO] 
[INFO] --- compiler:3.15.0:testCompile (default-testCompile) @ wta-common-mybatis ---
[INFO] No sources to compile
[INFO] 
[INFO] --- surefire:3.5.5:test (default-test) @ wta-common-mybatis ---
[INFO] No tests to run.
[INFO] 
[INFO] -----------------< org.namewta:wta-common-translation >-----------------
[INFO] Building wta-common-translation 6.0.0                            [16/44]
[INFO]   from wta-common/wta-common-translation/pom.xml
[INFO] --------------------------------[ jar ]---------------------------------
[INFO] 
[INFO] --- resources:3.3.1:resources (default-resources) @ wta-common-translation ---
[INFO] Copying 1 resource from src/main/resources to target/classes
[INFO] Copying 0 resource from src/main/resources to target/classes
[INFO] 
[INFO] --- flatten:1.7.3:flatten (flatten) @ wta-common-translation ---
[INFO] Generating flattened POM of project org.namewta:wta-common-translation:jar:6.0.0...
[INFO] 
[INFO] --- compiler:3.15.0:compile (default-compile) @ wta-common-translation ---
[INFO] Nothing to compile - all classes are up to date.
[INFO] 
[INFO] --- resources:3.3.1:testResources (default-testResources) @ wta-common-translation ---
[INFO] skip non existing resourceDirectory /srv/WTA-plus/backend/wta-common/wta-common-translation/src/test/resources
[INFO] 
[INFO] --- compiler:3.15.0:testCompile (default-testCompile) @ wta-common-translation ---
[INFO] No sources to compile
[INFO] 
[INFO] --- surefire:3.5.5:test (default-test) @ wta-common-translation ---
[INFO] No tests to run.
[INFO] 
[INFO] ---------------------< org.namewta:wta-common-oss >---------------------
[INFO] Building wta-common-oss 6.0.0                                    [17/44]
[INFO]   from wta-common/wta-common-oss/pom.xml
[INFO] --------------------------------[ jar ]---------------------------------
[INFO] 
[INFO] --- resources:3.3.1:resources (default-resources) @ wta-common-oss ---
[INFO] skip non existing resourceDirectory /srv/WTA-plus/backend/wta-common/wta-common-oss/src/main/resources
[INFO] skip non existing resourceDirectory /srv/WTA-plus/backend/wta-common/wta-common-oss/src/main/resources
[INFO] 
[INFO] --- flatten:1.7.3:flatten (flatten) @ wta-common-oss ---
[INFO] Generating flattened POM of project org.namewta:wta-common-oss:jar:6.0.0...
[INFO] 
[INFO] --- compiler:3.15.0:compile (default-compile) @ wta-common-oss ---
[INFO] Nothing to compile - all classes are up to date.
[INFO] 
[INFO] --- resources:3.3.1:testResources (default-testResources) @ wta-common-oss ---
[INFO] skip non existing resourceDirectory /srv/WTA-plus/backend/wta-common/wta-common-oss/src/test/resources
[INFO] 
[INFO] --- compiler:3.15.0:testCompile (default-testCompile) @ wta-common-oss ---
[INFO] Nothing to compile - all classes are up to date.
[INFO] 
[INFO] --- surefire:3.5.5:test (default-test) @ wta-common-oss ---
[INFO] 
[INFO] ---------------------< org.namewta:wta-common-log >---------------------
[INFO] Building wta-common-log 6.0.0                                    [18/44]
[INFO]   from wta-common/wta-common-log/pom.xml
[INFO] --------------------------------[ jar ]---------------------------------
[INFO] 
[INFO] --- resources:3.3.1:resources (default-resources) @ wta-common-log ---
[INFO] Copying 1 resource from src/main/resources to target/classes
[INFO] Copying 0 resource from src/main/resources to target/classes
[INFO] 
[INFO] --- flatten:1.7.3:flatten (flatten) @ wta-common-log ---
[INFO] Generating flattened POM of project org.namewta:wta-common-log:jar:6.0.0...
[INFO] 
[INFO] --- compiler:3.15.0:compile (default-compile) @ wta-common-log ---
[INFO] Nothing to compile - all classes are up to date.
[INFO] 
[INFO] --- resources:3.3.1:testResources (default-testResources) @ wta-common-log ---
[INFO] skip non existing resourceDirectory /srv/WTA-plus/backend/wta-common/wta-common-log/src/test/resources
[INFO] 
[INFO] --- compiler:3.15.0:testCompile (default-testCompile) @ wta-common-log ---
[INFO] Nothing to compile - all classes are up to date.
[INFO] 
[INFO] --- surefire:3.5.5:test (default-test) @ wta-common-log ---
[INFO] 
[INFO] --------------------< org.namewta:wta-common-excel >--------------------
[INFO] Building wta-common-excel 6.0.0                                  [19/44]
[INFO]   from wta-common/wta-common-excel/pom.xml
[INFO] --------------------------------[ jar ]---------------------------------
[INFO] 
[INFO] --- resources:3.3.1:resources (default-resources) @ wta-common-excel ---
[INFO] skip non existing resourceDirectory /srv/WTA-plus/backend/wta-common/wta-common-excel/src/main/resources
[INFO] skip non existing resourceDirectory /srv/WTA-plus/backend/wta-common/wta-common-excel/src/main/resources
[INFO] 
[INFO] --- flatten:1.7.3:flatten (flatten) @ wta-common-excel ---
[INFO] Generating flattened POM of project org.namewta:wta-common-excel:jar:6.0.0...
[INFO] 
[INFO] --- compiler:3.15.0:compile (default-compile) @ wta-common-excel ---
[INFO] Nothing to compile - all classes are up to date.
[INFO] 
[INFO] --- resources:3.3.1:testResources (default-testResources) @ wta-common-excel ---
[INFO] skip non existing resourceDirectory /srv/WTA-plus/backend/wta-common/wta-common-excel/src/test/resources
[INFO] 
[INFO] --- compiler:3.15.0:testCompile (default-testCompile) @ wta-common-excel ---
[INFO] No sources to compile
[INFO] 
[INFO] --- surefire:3.5.5:test (default-test) @ wta-common-excel ---
[INFO] No tests to run.
[INFO] 
[INFO] ---------------------< org.namewta:wta-common-sms >---------------------
[INFO] Building wta-common-sms 6.0.0                                    [20/44]
[INFO]   from wta-common/wta-common-sms/pom.xml
[INFO] --------------------------------[ jar ]---------------------------------
[INFO] 
[INFO] --- resources:3.3.1:resources (default-resources) @ wta-common-sms ---
[INFO] Copying 1 resource from src/main/resources to target/classes
[INFO] Copying 0 resource from src/main/resources to target/classes
[INFO] 
[INFO] --- flatten:1.7.3:flatten (flatten) @ wta-common-sms ---
[INFO] Generating flattened POM of project org.namewta:wta-common-sms:jar:6.0.0...
[INFO] 
[INFO] --- compiler:3.15.0:compile (default-compile) @ wta-common-sms ---
[INFO] Nothing to compile - all classes are up to date.
[INFO] 
[INFO] --- resources:3.3.1:testResources (default-testResources) @ wta-common-sms ---
[INFO] skip non existing resourceDirectory /srv/WTA-plus/backend/wta-common/wta-common-sms/src/test/resources
[INFO] 
[INFO] --- compiler:3.15.0:testCompile (default-testCompile) @ wta-common-sms ---
[INFO] Nothing to compile - all classes are up to date.
[INFO] 
[INFO] --- surefire:3.5.5:test (default-test) @ wta-common-sms ---
[INFO] 
[INFO] ------------------< org.namewta:wta-common-security >-------------------
[INFO] Building wta-common-security 6.0.0                               [21/44]
[INFO]   from wta-common/wta-common-security/pom.xml
[INFO] --------------------------------[ jar ]---------------------------------
[INFO] 
[INFO] --- resources:3.3.1:resources (default-resources) @ wta-common-security ---
[INFO] Copying 1 resource from src/main/resources to target/classes
[INFO] Copying 0 resource from src/main/resources to target/classes
[INFO] 
[INFO] --- flatten:1.7.3:flatten (flatten) @ wta-common-security ---
[INFO] Generating flattened POM of project org.namewta:wta-common-security:jar:6.0.0...
[INFO] 
[INFO] --- compiler:3.15.0:compile (default-compile) @ wta-common-security ---
[INFO] Nothing to compile - all classes are up to date.
[INFO] 
[INFO] --- resources:3.3.1:testResources (default-testResources) @ wta-common-security ---
[INFO] skip non existing resourceDirectory /srv/WTA-plus/backend/wta-common/wta-common-security/src/test/resources
[INFO] 
[INFO] --- compiler:3.15.0:testCompile (default-testCompile) @ wta-common-security ---
[INFO] No sources to compile
[INFO] 
[INFO] --- surefire:3.5.5:test (default-test) @ wta-common-security ---
[INFO] No tests to run.
[INFO] 
[INFO] ---------------------< org.namewta:wta-common-web >---------------------
[INFO] Building wta-common-web 6.0.0                                    [22/44]
[INFO]   from wta-common/wta-common-web/pom.xml
[INFO] --------------------------------[ jar ]---------------------------------
[INFO] 
[INFO] --- resources:3.3.1:resources (default-resources) @ wta-common-web ---
[INFO] Copying 1 resource from src/main/resources to target/classes
[INFO] Copying 0 resource from src/main/resources to target/classes
[INFO] 
[INFO] --- flatten:1.7.3:flatten (flatten) @ wta-common-web ---
[INFO] Generating flattened POM of project org.namewta:wta-common-web:jar:6.0.0...
[INFO] 
[INFO] --- compiler:3.15.0:compile (default-compile) @ wta-common-web ---
[INFO] Nothing to compile - all classes are up to date.
[INFO] 
[INFO] --- resources:3.3.1:testResources (default-testResources) @ wta-common-web ---
[INFO] skip non existing resourceDirectory /srv/WTA-plus/backend/wta-common/wta-common-web/src/test/resources
[INFO] 
[INFO] --- compiler:3.15.0:testCompile (default-testCompile) @ wta-common-web ---
[INFO] Nothing to compile - all classes are up to date.
[INFO] 
[INFO] --- surefire:3.5.5:test (default-test) @ wta-common-web ---
[INFO] 
[INFO] ------------------< org.namewta:wta-common-sensitive >------------------
[INFO] Building wta-common-sensitive 6.0.0                              [23/44]
[INFO]   from wta-common/wta-common-sensitive/pom.xml
[INFO] --------------------------------[ jar ]---------------------------------
[INFO] 
[INFO] --- resources:3.3.1:resources (default-resources) @ wta-common-sensitive ---
[INFO] Copying 1 resource from src/main/resources to target/classes
[INFO] Copying 0 resource from src/main/resources to target/classes
[INFO] 
[INFO] --- flatten:1.7.3:flatten (flatten) @ wta-common-sensitive ---
[INFO] Generating flattened POM of project org.namewta:wta-common-sensitive:jar:6.0.0...
[INFO] 
[INFO] --- compiler:3.15.0:compile (default-compile) @ wta-common-sensitive ---
[INFO] Nothing to compile - all classes are up to date.
[INFO] 
[INFO] --- resources:3.3.1:testResources (default-testResources) @ wta-common-sensitive ---
[INFO] skip non existing resourceDirectory /srv/WTA-plus/backend/wta-common/wta-common-sensitive/src/test/resources
[INFO] 
[INFO] --- compiler:3.15.0:testCompile (default-testCompile) @ wta-common-sensitive ---
[INFO] No sources to compile
[INFO] 
[INFO] --- surefire:3.5.5:test (default-test) @ wta-common-sensitive ---
[INFO] No tests to run.
[INFO] 
[INFO] -------------------< org.namewta:wta-common-encrypt >-------------------
[INFO] Building wta-common-encrypt 6.0.0                                [24/44]
[INFO]   from wta-common/wta-common-encrypt/pom.xml
[INFO] --------------------------------[ jar ]---------------------------------
[INFO] 
[INFO] --- resources:3.3.1:resources (default-resources) @ wta-common-encrypt ---
[INFO] Copying 1 resource from src/main/resources to target/classes
[INFO] Copying 0 resource from src/main/resources to target/classes
[INFO] 
[INFO] --- flatten:1.7.3:flatten (flatten) @ wta-common-encrypt ---
[INFO] Generating flattened POM of project org.namewta:wta-common-encrypt:jar:6.0.0...
[INFO] 
[INFO] --- compiler:3.15.0:compile (default-compile) @ wta-common-encrypt ---
[INFO] Nothing to compile - all classes are up to date.
[INFO] 
[INFO] --- resources:3.3.1:testResources (default-testResources) @ wta-common-encrypt ---
[INFO] skip non existing resourceDirectory /srv/WTA-plus/backend/wta-common/wta-common-encrypt/src/test/resources
[INFO] 
[INFO] --- compiler:3.15.0:testCompile (default-testCompile) @ wta-common-encrypt ---
[INFO] No sources to compile
[INFO] 
[INFO] --- surefire:3.5.5:test (default-test) @ wta-common-encrypt ---
[INFO] No tests to run.
[INFO] 
[INFO] --------------------< org.namewta:wta-common-push >---------------------
[INFO] Building wta-common-push 6.0.0                                   [25/44]
[INFO]   from wta-common/wta-common-push/pom.xml
[INFO] --------------------------------[ jar ]---------------------------------
[INFO] 
[INFO] --- resources:3.3.1:resources (default-resources) @ wta-common-push ---
[INFO] Copying 1 resource from src/main/resources to target/classes
[INFO] Copying 0 resource from src/main/resources to target/classes
[INFO] 
[INFO] --- flatten:1.7.3:flatten (flatten) @ wta-common-push ---
[INFO] Generating flattened POM of project org.namewta:wta-common-push:jar:6.0.0...
[INFO] 
[INFO] --- compiler:3.15.0:compile (default-compile) @ wta-common-push ---
[INFO] Nothing to compile - all classes are up to date.
[INFO] 
[INFO] --- resources:3.3.1:testResources (default-testResources) @ wta-common-push ---
[INFO] skip non existing resourceDirectory /srv/WTA-plus/backend/wta-common/wta-common-push/src/test/resources
[INFO] 
[INFO] --- compiler:3.15.0:testCompile (default-testCompile) @ wta-common-push ---
[INFO] Nothing to compile - all classes are up to date.
[INFO] 
[INFO] --- surefire:3.5.5:test (default-test) @ wta-common-push ---
[INFO] 
[INFO] ----------------------< org.namewta:wta-modules >-----------------------
[INFO] Building wta-modules 6.0.0                                       [26/44]
[INFO]   from wta-modules/pom.xml
[INFO] --------------------------------[ pom ]---------------------------------
[INFO] 
[INFO] --- flatten:1.7.3:flatten (flatten) @ wta-modules ---
[INFO] Generating flattened POM of project org.namewta:wta-modules:pom:6.0.0...
[INFO] 
[INFO] -----------------------< org.namewta:wta-system >-----------------------
[INFO] Building wta-system 6.0.0                                        [27/44]
[INFO]   from wta-modules/wta-system/pom.xml
[INFO] --------------------------------[ jar ]---------------------------------
[INFO] 
[INFO] --- resources:3.3.1:resources (default-resources) @ wta-system ---
[INFO] Copying 23 resources from src/main/resources to target/classes
[INFO] Copying 0 resource from src/main/resources to target/classes
[INFO] 
[INFO] --- flatten:1.7.3:flatten (flatten) @ wta-system ---
[INFO] Generating flattened POM of project org.namewta:wta-system:jar:6.0.0...
[INFO] 
[INFO] --- compiler:3.15.0:compile (default-compile) @ wta-system ---
[INFO] Nothing to compile - all classes are up to date.
[INFO] 
[INFO] --- resources:3.3.1:testResources (default-testResources) @ wta-system ---
[INFO] skip non existing resourceDirectory /srv/WTA-plus/backend/wta-modules/wta-system/src/test/resources
[INFO] 
[INFO] --- compiler:3.15.0:testCompile (default-testCompile) @ wta-system ---
[INFO] Nothing to compile - all classes are up to date.
[INFO] 
[INFO] --- surefire:3.5.5:test (default-test) @ wta-system ---
[INFO] 
[INFO] -----------------------< org.namewta:wta-third >------------------------
[INFO] Building wta-third 6.0.0                                         [28/44]
[INFO]   from wta-modules/wta-third/pom.xml
[INFO] --------------------------------[ jar ]---------------------------------
[INFO] 
[INFO] --- resources:3.3.1:resources (default-resources) @ wta-third ---
[INFO] Copying 1 resource from src/main/resources to target/classes
[INFO] Copying 0 resource from src/main/resources to target/classes
[INFO] 
[INFO] --- flatten:1.7.3:flatten (flatten) @ wta-third ---
[INFO] Generating flattened POM of project org.namewta:wta-third:jar:6.0.0...
[INFO] 
[INFO] --- compiler:3.15.0:compile (default-compile) @ wta-third ---
[INFO] Nothing to compile - all classes are up to date.
[INFO] 
[INFO] --- resources:3.3.1:testResources (default-testResources) @ wta-third ---
[INFO] skip non existing resourceDirectory /srv/WTA-plus/backend/wta-modules/wta-third/src/test/resources
[INFO] 
[INFO] --- compiler:3.15.0:testCompile (default-testCompile) @ wta-third ---
[INFO] Nothing to compile - all classes are up to date.
[INFO] 
[INFO] --- surefire:3.5.5:test (default-test) @ wta-third ---
[INFO] 
[INFO] -----------------------< org.namewta:wta-notify >-----------------------
[INFO] Building wta-notify 6.0.0                                        [29/44]
[INFO]   from wta-modules/wta-notify/pom.xml
[INFO] --------------------------------[ jar ]---------------------------------
[INFO] 
[INFO] --- resources:3.3.1:resources (default-resources) @ wta-notify ---
[INFO] Copying 5 resources from src/main/resources to target/classes
[INFO] Copying 0 resource from src/main/resources to target/classes
[INFO] 
[INFO] --- flatten:1.7.3:flatten (flatten) @ wta-notify ---
[INFO] Generating flattened POM of project org.namewta:wta-notify:jar:6.0.0...
[INFO] 
[INFO] --- compiler:3.15.0:compile (default-compile) @ wta-notify ---
[INFO] Nothing to compile - all classes are up to date.
[INFO] 
[INFO] --- resources:3.3.1:testResources (default-testResources) @ wta-notify ---
[INFO] skip non existing resourceDirectory /srv/WTA-plus/backend/wta-modules/wta-notify/src/test/resources
[INFO] 
[INFO] --- compiler:3.15.0:testCompile (default-testCompile) @ wta-notify ---
[INFO] Recompiling the module because of changed source code.
[INFO] Compiling 24 source files with javac [debug release 21] to target/test-classes
[INFO] /srv/WTA-plus/backend/wta-modules/wta-notify/src/test/java/org/namewta/notify/support/outbox/NotifyOutboxWakeRedisGate.java: /srv/WTA-plus/backend/wta-modules/wta-notify/src/test/java/org/namewta/notify/support/outbox/NotifyOutboxWakeRedisGate.java uses or overrides a deprecated API.
[INFO] /srv/WTA-plus/backend/wta-modules/wta-notify/src/test/java/org/namewta/notify/support/outbox/NotifyOutboxWakeRedisGate.java: Recompile with -Xlint:deprecation for details.
[INFO] /srv/WTA-plus/backend/wta-modules/wta-notify/src/test/java/org/namewta/notify/adapter/provider/Sms4jReceiptTest.java: Some input files use unchecked or unsafe operations.
[INFO] /srv/WTA-plus/backend/wta-modules/wta-notify/src/test/java/org/namewta/notify/adapter/provider/Sms4jReceiptTest.java: Recompile with -Xlint:unchecked for details.
[INFO] 
[INFO] --- surefire:3.5.5:test (default-test) @ wta-notify ---
[INFO] 
[INFO] ------------------------< org.namewta:wta-sso >-------------------------
[INFO] Building wta-sso 6.0.0                                           [30/44]
[INFO]   from wta-modules/wta-sso/pom.xml
[INFO] --------------------------------[ jar ]---------------------------------
[INFO] 
[INFO] --- resources:3.3.1:resources (default-resources) @ wta-sso ---
[INFO] Copying 1 resource from src/main/resources to target/classes
[INFO] Copying 0 resource from src/main/resources to target/classes
[INFO] 
[INFO] --- flatten:1.7.3:flatten (flatten) @ wta-sso ---
[INFO] Generating flattened POM of project org.namewta:wta-sso:jar:6.0.0...
[INFO] 
[INFO] --- compiler:3.15.0:compile (default-compile) @ wta-sso ---
[INFO] Nothing to compile - all classes are up to date.
[INFO] 
[INFO] --- resources:3.3.1:testResources (default-testResources) @ wta-sso ---
[INFO] skip non existing resourceDirectory /srv/WTA-plus/backend/wta-modules/wta-sso/src/test/resources
[INFO] 
[INFO] --- compiler:3.15.0:testCompile (default-testCompile) @ wta-sso ---
[INFO] Nothing to compile - all classes are up to date.
[INFO] 
[INFO] --- surefire:3.5.5:test (default-test) @ wta-sso ---
[INFO] 
[INFO] ---------------------< org.namewta:wta-common-job >---------------------
[INFO] Building wta-common-job 6.0.0                                    [31/44]
[INFO]   from wta-common/wta-common-job/pom.xml
[INFO] --------------------------------[ jar ]---------------------------------
[INFO] 
[INFO] --- resources:3.3.1:resources (default-resources) @ wta-common-job ---
[INFO] Copying 1 resource from src/main/resources to target/classes
[INFO] Copying 0 resource from src/main/resources to target/classes
[INFO] 
[INFO] --- flatten:1.7.3:flatten (flatten) @ wta-common-job ---
[INFO] Generating flattened POM of project org.namewta:wta-common-job:jar:6.0.0...
[INFO] 
[INFO] --- compiler:3.15.0:compile (default-compile) @ wta-common-job ---
[INFO] Nothing to compile - all classes are up to date.
[INFO] 
[INFO] --- resources:3.3.1:testResources (default-testResources) @ wta-common-job ---
[INFO] skip non existing resourceDirectory /srv/WTA-plus/backend/wta-common/wta-common-job/src/test/resources
[INFO] 
[INFO] --- compiler:3.15.0:testCompile (default-testCompile) @ wta-common-job ---
[INFO] No sources to compile
[INFO] 
[INFO] --- surefire:3.5.5:test (default-test) @ wta-common-job ---
[INFO] No tests to run.
[INFO] 
[INFO] ------------------------< org.namewta:wta-job >-------------------------
[INFO] Building wta-job 6.0.0                                           [32/44]
[INFO]   from wta-modules/wta-job/pom.xml
[INFO] --------------------------------[ jar ]---------------------------------
[INFO] 
[INFO] --- resources:3.3.1:resources (default-resources) @ wta-job ---
[INFO] skip non existing resourceDirectory /srv/WTA-plus/backend/wta-modules/wta-job/src/main/resources
[INFO] skip non existing resourceDirectory /srv/WTA-plus/backend/wta-modules/wta-job/src/main/resources
[INFO] 
[INFO] --- flatten:1.7.3:flatten (flatten) @ wta-job ---
[INFO] Generating flattened POM of project org.namewta:wta-job:jar:6.0.0...
[INFO] 
[INFO] --- compiler:3.15.0:compile (default-compile) @ wta-job ---
[INFO] Nothing to compile - all classes are up to date.
[INFO] 
[INFO] --- resources:3.3.1:testResources (default-testResources) @ wta-job ---
[INFO] skip non existing resourceDirectory /srv/WTA-plus/backend/wta-modules/wta-job/src/test/resources
[INFO] 
[INFO] --- compiler:3.15.0:testCompile (default-testCompile) @ wta-job ---
[INFO] No sources to compile
[INFO] 
[INFO] --- surefire:3.5.5:test (default-test) @ wta-job ---
[INFO] No tests to run.
[INFO] 
[INFO] ---------------------< org.namewta:wta-common-ai >----------------------
[INFO] Building wta-common-ai 6.0.0                                     [33/44]
[INFO]   from wta-common/wta-common-ai/pom.xml
[INFO] --------------------------------[ jar ]---------------------------------
[INFO] 
[INFO] --- resources:3.3.1:resources (default-resources) @ wta-common-ai ---
[INFO] Copying 0 resource from src/main/resources to target/classes
[INFO] Copying 0 resource from src/main/resources to target/classes
[INFO] 
[INFO] --- flatten:1.7.3:flatten (flatten) @ wta-common-ai ---
[INFO] Generating flattened POM of project org.namewta:wta-common-ai:jar:6.0.0...
[INFO] 
[INFO] --- compiler:3.15.0:compile (default-compile) @ wta-common-ai ---
[INFO] Nothing to compile - all classes are up to date.
[INFO] 
[INFO] --- resources:3.3.1:testResources (default-testResources) @ wta-common-ai ---
[INFO] skip non existing resourceDirectory /srv/WTA-plus/backend/wta-common/wta-common-ai/src/test/resources
[INFO] 
[INFO] --- compiler:3.15.0:testCompile (default-testCompile) @ wta-common-ai ---
[INFO] No sources to compile
[INFO] 
[INFO] --- surefire:3.5.5:test (default-test) @ wta-common-ai ---
[INFO] No tests to run.
[INFO] 
[INFO] -------------------------< org.namewta:wta-ai >-------------------------
[INFO] Building wta-ai 6.0.0                                            [34/44]
[INFO]   from wta-modules/wta-ai/pom.xml
[INFO] --------------------------------[ jar ]---------------------------------
[INFO] 
[INFO] --- resources:3.3.1:resources (default-resources) @ wta-ai ---
[INFO] skip non existing resourceDirectory /srv/WTA-plus/backend/wta-modules/wta-ai/src/main/resources
[INFO] skip non existing resourceDirectory /srv/WTA-plus/backend/wta-modules/wta-ai/src/main/resources
[INFO] 
[INFO] --- flatten:1.7.3:flatten (flatten) @ wta-ai ---
[INFO] Generating flattened POM of project org.namewta:wta-ai:jar:6.0.0...
[INFO] 
[INFO] --- compiler:3.15.0:compile (default-compile) @ wta-ai ---
[INFO] Nothing to compile - all classes are up to date.
[INFO] 
[INFO] --- resources:3.3.1:testResources (default-testResources) @ wta-ai ---
[INFO] skip non existing resourceDirectory /srv/WTA-plus/backend/wta-modules/wta-ai/src/test/resources
[INFO] 
[INFO] --- compiler:3.15.0:testCompile (default-testCompile) @ wta-ai ---
[INFO] No sources to compile
[INFO] 
[INFO] --- surefire:3.5.5:test (default-test) @ wta-ai ---
[INFO] No tests to run.
[INFO] 
[INFO] ------------------< org.namewta:wta-common-richtext >-------------------
[INFO] Building wta-common-richtext 6.0.0                               [35/44]
[INFO]   from wta-common/wta-common-richtext/pom.xml
[INFO] --------------------------------[ jar ]---------------------------------
[INFO] 
[INFO] --- resources:3.3.1:resources (default-resources) @ wta-common-richtext ---
[INFO] skip non existing resourceDirectory /srv/WTA-plus/backend/wta-common/wta-common-richtext/src/main/resources
[INFO] skip non existing resourceDirectory /srv/WTA-plus/backend/wta-common/wta-common-richtext/src/main/resources
[INFO] 
[INFO] --- flatten:1.7.3:flatten (flatten) @ wta-common-richtext ---
[INFO] Generating flattened POM of project org.namewta:wta-common-richtext:jar:6.0.0...
[INFO] 
[INFO] --- compiler:3.15.0:compile (default-compile) @ wta-common-richtext ---
[INFO] Nothing to compile - all classes are up to date.
[INFO] 
[INFO] --- resources:3.3.1:testResources (default-testResources) @ wta-common-richtext ---
[INFO] skip non existing resourceDirectory /srv/WTA-plus/backend/wta-common/wta-common-richtext/src/test/resources
[INFO] 
[INFO] --- compiler:3.15.0:testCompile (default-testCompile) @ wta-common-richtext ---
[INFO] Nothing to compile - all classes are up to date.
[INFO] 
[INFO] --- surefire:3.5.5:test (default-test) @ wta-common-richtext ---
[INFO] 
[INFO] ----------------< org.namewta:wta-common-elasticsearch >----------------
[INFO] Building wta-common-elasticsearch 6.0.0                          [36/44]
[INFO]   from wta-common/wta-common-elasticsearch/pom.xml
[INFO] --------------------------------[ jar ]---------------------------------
[INFO] 
[INFO] --- resources:3.3.1:resources (default-resources) @ wta-common-elasticsearch ---
[INFO] Copying 2 resources from src/main/resources to target/classes
[INFO] Copying 0 resource from src/main/resources to target/classes
[INFO] 
[INFO] --- flatten:1.7.3:flatten (flatten) @ wta-common-elasticsearch ---
[INFO] Generating flattened POM of project org.namewta:wta-common-elasticsearch:jar:6.0.0...
[INFO] 
[INFO] --- compiler:3.15.0:compile (default-compile) @ wta-common-elasticsearch ---
[INFO] Nothing to compile - all classes are up to date.
[INFO] 
[INFO] --- resources:3.3.1:testResources (default-testResources) @ wta-common-elasticsearch ---
[INFO] skip non existing resourceDirectory /srv/WTA-plus/backend/wta-common/wta-common-elasticsearch/src/test/resources
[INFO] 
[INFO] --- compiler:3.15.0:testCompile (default-testCompile) @ wta-common-elasticsearch ---
[INFO] No sources to compile
[INFO] 
[INFO] --- surefire:3.5.5:test (default-test) @ wta-common-elasticsearch ---
[INFO] No tests to run.
[INFO] 
[INFO] --------------------< org.namewta:wta-common-mqtt >---------------------
[INFO] Building wta-common-mqtt 6.0.0                                   [37/44]
[INFO]   from wta-common/wta-common-mqtt/pom.xml
[INFO] --------------------------------[ jar ]---------------------------------
[INFO] 
[INFO] --- resources:3.3.1:resources (default-resources) @ wta-common-mqtt ---
[INFO] Copying 1 resource from src/main/resources to target/classes
[INFO] Copying 0 resource from src/main/resources to target/classes
[INFO] 
[INFO] --- flatten:1.7.3:flatten (flatten) @ wta-common-mqtt ---
[INFO] Generating flattened POM of project org.namewta:wta-common-mqtt:jar:6.0.0...
[INFO] 
[INFO] --- compiler:3.15.0:compile (default-compile) @ wta-common-mqtt ---
[INFO] Nothing to compile - all classes are up to date.
[INFO] 
[INFO] --- resources:3.3.1:testResources (default-testResources) @ wta-common-mqtt ---
[INFO] skip non existing resourceDirectory /srv/WTA-plus/backend/wta-common/wta-common-mqtt/src/test/resources
[INFO] 
[INFO] --- compiler:3.15.0:testCompile (default-testCompile) @ wta-common-mqtt ---
[INFO] No sources to compile
[INFO] 
[INFO] --- surefire:3.5.5:test (default-test) @ wta-common-mqtt ---
[INFO] No tests to run.
[INFO] 
[INFO] ------------------------< org.namewta:wta-demo >------------------------
[INFO] Building wta-demo 6.0.0                                          [38/44]
[INFO]   from wta-modules/wta-demo/pom.xml
[INFO] --------------------------------[ jar ]---------------------------------
[INFO] 
[INFO] --- resources:3.3.1:resources (default-resources) @ wta-demo ---
[INFO] Copying 6 resources from src/main/resources to target/classes
[INFO] Copying 0 resource from src/main/resources to target/classes
[INFO] 
[INFO] --- flatten:1.7.3:flatten (flatten) @ wta-demo ---
[INFO] Generating flattened POM of project org.namewta:wta-demo:jar:6.0.0...
[INFO] 
[INFO] --- compiler:3.15.0:compile (default-compile) @ wta-demo ---
[INFO] Nothing to compile - all classes are up to date.
[INFO] 
[INFO] --- resources:3.3.1:testResources (default-testResources) @ wta-demo ---
[INFO] skip non existing resourceDirectory /srv/WTA-plus/backend/wta-modules/wta-demo/src/test/resources
[INFO] 
[INFO] --- compiler:3.15.0:testCompile (default-testCompile) @ wta-demo ---
[INFO] Nothing to compile - all classes are up to date.
[INFO] 
[INFO] --- surefire:3.5.5:test (default-test) @ wta-demo ---
[INFO] 
[INFO] ------------------< org.namewta:wta-common-liteflow >-------------------
[INFO] Building wta-common-liteflow 6.0.0                               [39/44]
[INFO]   from wta-common/wta-common-liteflow/pom.xml
[INFO] --------------------------------[ jar ]---------------------------------
[INFO] 
[INFO] --- resources:3.3.1:resources (default-resources) @ wta-common-liteflow ---
[INFO] Copying 1 resource from src/main/resources to target/classes
[INFO] Copying 0 resource from src/main/resources to target/classes
[INFO] 
[INFO] --- flatten:1.7.3:flatten (flatten) @ wta-common-liteflow ---
[INFO] Generating flattened POM of project org.namewta:wta-common-liteflow:jar:6.0.0...
[INFO] 
[INFO] --- compiler:3.15.0:compile (default-compile) @ wta-common-liteflow ---
[INFO] Nothing to compile - all classes are up to date.
[INFO] 
[INFO] --- resources:3.3.1:testResources (default-testResources) @ wta-common-liteflow ---
[INFO] skip non existing resourceDirectory /srv/WTA-plus/backend/wta-common/wta-common-liteflow/src/test/resources
[INFO] 
[INFO] --- compiler:3.15.0:testCompile (default-testCompile) @ wta-common-liteflow ---
[INFO] No sources to compile
[INFO] 
[INFO] --- surefire:3.5.5:test (default-test) @ wta-common-liteflow ---
[INFO] No tests to run.
[INFO] 
[INFO] ----------------------< org.namewta:wta-workflow >----------------------
[INFO] Building wta-workflow 6.0.0                                      [40/44]
[INFO]   from wta-modules/wta-workflow/pom.xml
[INFO] --------------------------------[ jar ]---------------------------------
[INFO] 
[INFO] --- resources:3.3.1:resources (default-resources) @ wta-workflow ---
[INFO] Copying 11 resources from src/main/resources to target/classes
[INFO] Copying 0 resource from src/main/resources to target/classes
[INFO] 
[INFO] --- flatten:1.7.3:flatten (flatten) @ wta-workflow ---
[INFO] Generating flattened POM of project org.namewta:wta-workflow:jar:6.0.0...
[INFO] 
[INFO] --- compiler:3.15.0:compile (default-compile) @ wta-workflow ---
[INFO] Nothing to compile - all classes are up to date.
[INFO] 
[INFO] --- resources:3.3.1:testResources (default-testResources) @ wta-workflow ---
[INFO] skip non existing resourceDirectory /srv/WTA-plus/backend/wta-modules/wta-workflow/src/test/resources
[INFO] 
[INFO] --- compiler:3.15.0:testCompile (default-testCompile) @ wta-workflow ---
[INFO] No sources to compile
[INFO] 
[INFO] --- surefire:3.5.5:test (default-test) @ wta-workflow ---
[INFO] No tests to run.
[INFO] 
[INFO] ----------------------< org.namewta:wta-profile >-----------------------
[INFO] Building wta-profile 6.0.0                                       [41/44]
[INFO]   from wta-modules/wta-profile/pom.xml
[INFO] --------------------------------[ pom ]---------------------------------
[INFO] 
[INFO] --- flatten:1.7.3:flatten (flatten) @ wta-profile ---
[INFO] Generating flattened POM of project org.namewta:wta-profile:pom:6.0.0...
[INFO] 
[INFO] -------------------< org.namewta:wta-profile-person >-------------------
[INFO] Building wta-profile-person 6.0.0                                [42/44]
[INFO]   from wta-modules/wta-profile/wta-profile-person/pom.xml
[INFO] --------------------------------[ jar ]---------------------------------
[INFO] 
[INFO] --- resources:3.3.1:resources (default-resources) @ wta-profile-person ---
[INFO] Copying 6 resources from src/main/resources to target/classes
[INFO] Copying 0 resource from src/main/resources to target/classes
[INFO] 
[INFO] --- flatten:1.7.3:flatten (flatten) @ wta-profile-person ---
[INFO] Generating flattened POM of project org.namewta:wta-profile-person:jar:6.0.0...
[INFO] 
[INFO] --- compiler:3.15.0:compile (default-compile) @ wta-profile-person ---
[INFO] Nothing to compile - all classes are up to date.
[INFO] 
[INFO] --- resources:3.3.1:testResources (default-testResources) @ wta-profile-person ---
[INFO] skip non existing resourceDirectory /srv/WTA-plus/backend/wta-modules/wta-profile/wta-profile-person/src/test/resources
[INFO] 
[INFO] --- compiler:3.15.0:testCompile (default-testCompile) @ wta-profile-person ---
[INFO] Recompiling the module because of changed source code.
[INFO] Compiling 38 source files with javac [debug release 21] to target/test-classes
[INFO] /srv/WTA-plus/backend/wta-modules/wta-profile/wta-profile-person/src/test/java/org/namewta/profile/person/controller/admin/PersonAdminHttpContractTest.java: Some input files use unchecked or unsafe operations.
[INFO] /srv/WTA-plus/backend/wta-modules/wta-profile/wta-profile-person/src/test/java/org/namewta/profile/person/controller/admin/PersonAdminHttpContractTest.java: Recompile with -Xlint:unchecked for details.
[INFO] 
[INFO] --- surefire:3.5.5:test (default-test) @ wta-profile-person ---
[INFO] 
[INFO] -----------------< org.namewta:wta-profile-enterprise >-----------------
[INFO] Building wta-profile-enterprise 6.0.0                            [43/44]
[INFO]   from wta-modules/wta-profile/wta-profile-enterprise/pom.xml
[INFO] --------------------------------[ jar ]---------------------------------
[INFO] 
[INFO] --- resources:3.3.1:resources (default-resources) @ wta-profile-enterprise ---
[INFO] Copying 4 resources from src/main/resources to target/classes
[INFO] Copying 0 resource from src/main/resources to target/classes
[INFO] 
[INFO] --- flatten:1.7.3:flatten (flatten) @ wta-profile-enterprise ---
[INFO] Generating flattened POM of project org.namewta:wta-profile-enterprise:jar:6.0.0...
[INFO] 
[INFO] --- compiler:3.15.0:compile (default-compile) @ wta-profile-enterprise ---
[INFO] Nothing to compile - all classes are up to date.
[INFO] 
[INFO] --- resources:3.3.1:testResources (default-testResources) @ wta-profile-enterprise ---
[INFO] skip non existing resourceDirectory /srv/WTA-plus/backend/wta-modules/wta-profile/wta-profile-enterprise/src/test/resources
[INFO] 
[INFO] --- compiler:3.15.0:testCompile (default-testCompile) @ wta-profile-enterprise ---
[INFO] Recompiling the module because of changed source code.
[INFO] Compiling 31 source files with javac [debug release 21] to target/test-classes
[INFO] /srv/WTA-plus/backend/wta-modules/wta-profile/wta-profile-enterprise/src/test/java/org/namewta/profile/enterprise/service/impl/EnterpriseTransferMySqlRedisE2ETest.java: Some input files use or override a deprecated API.
[INFO] /srv/WTA-plus/backend/wta-modules/wta-profile/wta-profile-enterprise/src/test/java/org/namewta/profile/enterprise/service/impl/EnterpriseTransferMySqlRedisE2ETest.java: Recompile with -Xlint:deprecation for details.
[INFO] /srv/WTA-plus/backend/wta-modules/wta-profile/wta-profile-enterprise/src/test/java/org/namewta/profile/enterprise/controller/admin/EnterpriseAdminHttpContractTest.java: Some input files use unchecked or unsafe operations.
[INFO] /srv/WTA-plus/backend/wta-modules/wta-profile/wta-profile-enterprise/src/test/java/org/namewta/profile/enterprise/controller/admin/EnterpriseAdminHttpContractTest.java: Recompile with -Xlint:unchecked for details.
[INFO] 
[INFO] --- surefire:3.5.5:test (default-test) @ wta-profile-enterprise ---
[INFO] 
[INFO] -----------------------< org.namewta:wta-admin >------------------------
[INFO] Building wta-admin 6.0.0                                         [44/44]
[INFO]   from wta-admin/pom.xml
[INFO] --------------------------------[ jar ]---------------------------------
[INFO] 
[INFO] --- resources:3.3.1:resources (default-resources) @ wta-admin ---
[INFO] Copying 9 resources from src/main/resources to target/classes
[INFO] Copying 4 resources from src/main/resources to target/classes
[INFO] 
[INFO] --- flatten:1.7.3:flatten (flatten) @ wta-admin ---
[INFO] Generating flattened POM of project org.namewta:wta-admin:jar:6.0.0...
[INFO] 
[INFO] --- compiler:3.15.0:compile (default-compile) @ wta-admin ---
[INFO] Nothing to compile - all classes are up to date.
[INFO] 
[INFO] --- resources:3.3.1:testResources (default-testResources) @ wta-admin ---
[INFO] Copying 2 resources from src/test/resources to target/test-classes
[INFO] 
[INFO] --- compiler:3.15.0:testCompile (default-testCompile) @ wta-admin ---
[INFO] Recompiling the module because of changed source code.
[INFO] Compiling 166 source files with javac [debug release 21] to target/test-classes
[INFO] /srv/WTA-plus/backend/wta-admin/src/test/java/org/namewta/common/redis/cache/ThirdRedisIntegrationTest.java: Some input files use or override a deprecated API.
[INFO] /srv/WTA-plus/backend/wta-admin/src/test/java/org/namewta/common/redis/cache/ThirdRedisIntegrationTest.java: Recompile with -Xlint:deprecation for details.
[INFO] /srv/WTA-plus/backend/wta-admin/src/test/java/org/namewta/test/notify/NotifyDeadlineIntegrationTest.java: Some input files use unchecked or unsafe operations.
[INFO] /srv/WTA-plus/backend/wta-admin/src/test/java/org/namewta/test/notify/NotifyDeadlineIntegrationTest.java: Recompile with -Xlint:unchecked for details.
[INFO] 
[INFO] --- surefire:3.5.5:test (default-test) @ wta-admin ---
[INFO] Using auto detected provider org.apache.maven.surefire.junitplatform.JUnitPlatformProvider
[INFO] 
[INFO] -------------------------------------------------------
[INFO]  T E S T S
[INFO] -------------------------------------------------------
Picked up JAVA_TOOL_OPTIONS: -Xms128m -Xmx1536m -Djava.io.tmpdir=/tmp/wta-t42/runs/0beb4808a7e8add1/tmp
[INFO] Running org.namewta.test.notify.NotifyMailAttachmentIntegrationTest
02:21:28,143 |-WARN in ch.qos.logback.core.joran.action.ConversionRuleAction - [converterClass] attribute is deprecated and replaced by [class]. See element [conversionRule] near line 9
Application Version: 6.0.0
Spring Boot Version: 4.1.0
__________            _____.___.__         ____   ____                     __________.__
\______   \__ __  ____\__  |   |__|        \   \ /   /_ __   ____          \______   \  |  __ __  ______
 |       _/  |  \/  _ \/   |   |  |  ______ \   Y   /  |  \_/ __ \   ______ |     ___/  | |  |  \/  ___/
 |    |   \  |  (  <_> )____   |  | /_____/  \     /|  |  /\  ___/  /_____/ |    |   |  |_|  |  /\___ \
 |____|_  /____/ \____// ______|__|           \___/ |____/  \___  >         |____|   |____/____//____  >
        \/             \/                                       \/                                   \/

2026-09-24 02:21:28 [main] INFO  o.n.t.n.NotifyMailAttachmentIntegrationTest
 - Starting NotifyMailAttachmentIntegrationTest using Java 21.0.12.1 with PID 2414972 (started by root in /srv/WTA-plus/backend/wta-admin)
2026-09-24 02:21:28 [main] INFO  o.n.t.n.NotifyMailAttachmentIntegrationTest
 - The following 1 profile is active: "dev"
2026-09-24 02:21:28 [background-preinit] INFO  o.h.validator.internal.util.Version
 - HV000001: Hibernate Validator 9.1.0.Final
2026-09-24 02:21:32 [main] WARN  o.s.c.a.ConfigurationClassPostProcessor
 - Cannot enhance @Configuration bean definition 'com.yomahub.liteflow.springboot.config.LiteflowMainAutoConfiguration' since its singleton instance has been created too early. The typical cause is a non-static @Bean method with a BeanDefinitionRegistryPostProcessor return type: Consider declaring such methods as 'static' and/or marking the containing configuration class as 'proxyBeanMethods=false'.
2026-09-24 02:21:32 [main] WARN  o.s.core.annotation.MergedAnnotation
 - Failed to introspect meta-annotation @AutoConfigureAfter on class com.yomahub.liteflow.springboot.metrics.LiteflowMetricsAutoConfiguration: java.lang.TypeNotPresentException: Type org.springframework.boot.actuate.autoconfigure.metrics.MetricsAutoConfiguration not present
2026-09-24 02:21:32 [main] INFO  c.g.y.a.MybatisPlusJoinAutoConfiguration
 - MPJ SqlSessionFactory bean definition: sqlSessionFactory factoryBeanName: com.baomidou.mybatisplus.autoconfigure.MybatisPlusAutoConfiguration factoryMethodName: sqlSessionFactory source: public org.apache.ibatis.session.SqlSessionFactory com.baomidou.mybatisplus.autoconfigure.MybatisPlusAutoConfiguration.sqlSessionFactory(javax.sql.DataSource)
2026-09-24 02:21:33 [main] WARN  o.s.c.s.PostProcessorRegistrationDelegate$BeanPostProcessorChecker
 - Bean 'com.yomahub.liteflow.springboot.config.LiteflowPropertyAutoConfiguration' of type [com.yomahub.liteflow.springboot.config.LiteflowPropertyAutoConfiguration$$SpringCGLIB$$0] is not eligible for getting processed by all BeanPostProcessors (for example: not eligible for auto-proxying). Is this bean getting eagerly injected/applied to a currently created BeanPostProcessor [componentScanner]? Check the corresponding BeanPostProcessor declaration and its dependencies/advisors. If this bean does not have to be post-processed, declare it with ROLE_INFRASTRUCTURE.
2026-09-24 02:21:33 [main] WARN  o.s.c.s.PostProcessorRegistrationDelegate$BeanPostProcessorChecker
 - Bean 'liteflow-com.yomahub.liteflow.springboot.LiteflowProperty' of type [com.yomahub.liteflow.springboot.LiteflowProperty] is not eligible for getting processed by all BeanPostProcessors (for example: not eligible for auto-proxying). Is this bean getting eagerly injected/applied to a currently created BeanPostProcessor [componentScanner]? Check the corresponding BeanPostProcessor declaration and its dependencies/advisors. If this bean does not have to be post-processed, declare it with ROLE_INFRASTRUCTURE.
2026-09-24 02:21:33 [main] WARN  o.s.c.s.PostProcessorRegistrationDelegate$BeanPostProcessorChecker
 - Bean 'liteflow.monitor-com.yomahub.liteflow.springboot.LiteflowMonitorProperty' of type [com.yomahub.liteflow.springboot.LiteflowMonitorProperty] is not eligible for getting processed by all BeanPostProcessors (for example: not eligible for auto-proxying). Is this bean getting eagerly injected/applied to a currently created BeanPostProcessor [componentScanner]? Check the corresponding BeanPostProcessor declaration and its dependencies/advisors. If this bean does not have to be post-processed, declare it with ROLE_INFRASTRUCTURE.
2026-09-24 02:21:33 [main] WARN  o.s.c.s.PostProcessorRegistrationDelegate$BeanPostProcessorChecker
 - Bean 'liteflowConfig' of type [com.yomahub.liteflow.property.LiteflowConfig] is not eligible for getting processed by all BeanPostProcessors (for example: not eligible for auto-proxying). Is this bean getting eagerly injected/applied to a currently created BeanPostProcessor [componentScanner]? Check the corresponding BeanPostProcessor declaration and its dependencies/advisors. If this bean does not have to be post-processed, declare it with ROLE_INFRASTRUCTURE.
2026-09-24 02:21:33 [main] WARN  o.s.c.s.PostProcessorRegistrationDelegate$BeanPostProcessorChecker
 - Bean 'com.yomahub.liteflow.spi.spring.SpringAware' of type [com.yomahub.liteflow.spi.spring.SpringAware] is not eligible for getting processed by all BeanPostProcessors (for example: not eligible for auto-proxying). Is this bean getting eagerly injected/applied to a currently created BeanPostProcessor [componentScanner]? Check the corresponding BeanPostProcessor declaration and its dependencies/advisors. If this bean does not have to be post-processed, declare it with ROLE_INFRASTRUCTURE.
2026-09-24 02:21:33 [main] INFO  c.yomahub.liteflow.util.LOGOPrinter
 - 
================================================================================================
		 _     ___ _____ _____      _____ _     _____        __
		| |   |_ _|_   _| ____|    |  ___| |   / _ \ \      / /
		| |    | |  | | |  _| _____| |_  | |  | | | \ \ /\ / / 
		| |___ | |  | | | |__|_____|  _| | |__| |_| |\ V  V /  
		|_____|___| |_| |_____|    |_|   |_____\___/  \_/\_/   

		Version: 2.16.1.2
		Make your code amazing.
		website：https://liteflow.cc
================================================================================================

2026-09-24 02:21:33 [main] WARN  o.s.c.s.PostProcessorRegistrationDelegate$BeanPostProcessorChecker
 - Bean 'org.springframework.ai.mcp.server.common.autoconfigure.annotations.McpServerAnnotationScannerAutoConfiguration' of type [org.springframework.ai.mcp.server.common.autoconfigure.annotations.McpServerAnnotationScannerAutoConfiguration] is not eligible for getting processed by all BeanPostProcessors (for example: not eligible for auto-proxying). Is this bean getting eagerly injected/applied to a currently created BeanPostProcessor [serverAnnotatedMethodBeanPostProcessor]? Check the corresponding BeanPostProcessor declaration and its dependencies/advisors. If this bean does not have to be post-processed, declare it with ROLE_INFRASTRUCTURE.
2026-09-24 02:21:33 [main] WARN  o.s.c.s.PostProcessorRegistrationDelegate$BeanPostProcessorChecker
 - Bean 'serverAnnotatedBeanRegistry' of type [org.springframework.ai.mcp.server.common.autoconfigure.annotations.McpServerAnnotationScannerAutoConfiguration$ServerMcpAnnotatedBeans] is not eligible for getting processed by all BeanPostProcessors (for example: not eligible for auto-proxying). Is this bean getting eagerly injected/applied to a currently created BeanPostProcessor [serverAnnotatedMethodBeanPostProcessor]? Check the corresponding BeanPostProcessor declaration and its dependencies/advisors. If this bean does not have to be post-processed, declare it with ROLE_INFRASTRUCTURE.
2026-09-24 02:21:33 [main] WARN  o.s.c.s.PostProcessorRegistrationDelegate$BeanPostProcessorChecker
 - Bean 'spring.ai.mcp.server.annotation-scanner-org.springframework.ai.mcp.server.common.autoconfigure.annotations.McpServerAnnotationScannerProperties' of type [org.springframework.ai.mcp.server.common.autoconfigure.annotations.McpServerAnnotationScannerProperties] is not eligible for getting processed by all BeanPostProcessors (for example: not eligible for auto-proxying). Is this bean getting eagerly injected/applied to a currently created BeanPostProcessor [serverAnnotatedMethodBeanPostProcessor]? Check the corresponding BeanPostProcessor declaration and its dependencies/advisors. If this bean does not have to be post-processed, declare it with ROLE_INFRASTRUCTURE.
2026-09-24 02:21:33 [main] INFO  c.g.y.a.MybatisPlusJoinAutoConfiguration
 - mybatis plus join properties config complete
2026-09-24 02:21:33 [main] INFO  com.zaxxer.hikari.HikariDataSource
 - master - Starting...
2026-09-24 02:21:33 [main] INFO  com.zaxxer.hikari.pool.HikariPool
 - master - Added connection com.mysql.cj.jdbc.ConnectionImpl@7f2163d3
2026-09-24 02:21:33 [main] INFO  com.zaxxer.hikari.HikariDataSource
 - master - Start completed.
2026-09-24 02:21:33 [main] INFO  c.b.d.d.DynamicRoutingDataSource
 - dynamic-datasource - add a datasource named [master] success
2026-09-24 02:21:33 [main] INFO  c.b.d.d.DynamicRoutingDataSource
 - dynamic-datasource initial loaded [1] datasource,primary datasource named [master]
2026-09-24 02:21:33 [main] INFO  c.g.y.a.MybatisPlusJoinAutoConfiguration
 - mybatis plus join SqlInjector init
 _ _   |_  _ _|_. ___ _ |    _ 
| | |\/|_)(_| | |_\  |_)||_|_\ 
     /               |         
                        3.5.15 
2026-09-24 02:21:36 [main] INFO  o.n.common.json.config.JacksonConfig
 - 初始化 jackson 配置
Consume Time：17 ms Mapper ID：org.namewta.notify.mapper.NotifyChannelAccountMapper.selectList Command Type：SELECT
2026-09-24 02:21:36 [main] INFO  o.n.common.redis.config.RedisConfig
 - 初始化 redis 配置
2026-09-24 02:21:36 [main] INFO  org.redisson.Version
 - Redisson 4.6.1
2026-09-24 02:21:37 [redisson-netty-1-5] INFO  o.r.connection.ConnectionsHolder
 - 1 connections initialized for 127.0.0.1/127.0.0.1:33005
2026-09-24 02:21:37 [redisson-netty-1-3] INFO  o.r.connection.ConnectionsHolder
 - 8 connections initialized for 127.0.0.1/127.0.0.1:33005
2026-09-24 02:21:38 [main] INFO  c.y.l.p.i.CmpAroundAspectBeanProcess
 - component[completeAutoPass] has been found
2026-09-24 02:21:38 [main] INFO  c.y.l.p.i.CmpAroundAspectBeanProcess
 - component[completeExecute] has been found
2026-09-24 02:21:38 [main] INFO  c.y.l.p.i.CmpAroundAspectBeanProcess
 - component[completeNeedAutoPass] has been found
2026-09-24 02:21:38 [main] INFO  c.y.l.p.i.CmpAroundAspectBeanProcess
 - component[completePrepare] has been found
2026-09-24 02:21:38 [main] INFO  c.y.l.p.i.CmpAroundAspectBeanProcess
 - component[instanceDeleteEvent] has been found
2026-09-24 02:21:38 [main] INFO  c.y.l.p.i.CmpAroundAspectBeanProcess
 - component[instanceDeleteExecute] has been found
2026-09-24 02:21:38 [main] INFO  c.y.l.p.i.CmpAroundAspectBeanProcess
 - component[instanceDeleteExists] has been found
2026-09-24 02:21:38 [main] INFO  c.y.l.p.i.CmpAroundAspectBeanProcess
 - component[instanceDeleteLoad] has been found
2026-09-24 02:21:38 [main] INFO  c.y.l.p.i.CmpAroundAspectBeanProcess
 - component[taskOpExecute] has been found
2026-09-24 02:21:38 [main] INFO  c.y.l.p.i.CmpAroundAspectBeanProcess
 - component[taskOpLoad] has been found
2026-09-24 02:21:38 [main] INFO  c.y.l.p.i.CmpAroundAspectBeanProcess
 - component[taskOpNeedNotify] has been found
2026-09-24 02:21:38 [main] INFO  c.y.l.p.i.CmpAroundAspectBeanProcess
 - component[taskOpNotify] has been found
2026-09-24 02:21:38 [main] INFO  c.y.l.p.i.CmpAroundAspectBeanProcess
 - component[taskOpPrepare] has been found
2026-09-24 02:21:38 [main] INFO  c.y.l.p.i.CmpAroundAspectBeanProcess
 - component[startExecute] has been found
2026-09-24 02:21:38 [main] INFO  c.y.l.p.i.CmpAroundAspectBeanProcess
 - component[startExists] has been found
2026-09-24 02:21:38 [main] INFO  c.y.l.p.i.CmpAroundAspectBeanProcess
 - component[startPrepareInstance] has been found
2026-09-24 02:21:38 [main] INFO  c.y.l.p.i.CmpAroundAspectBeanProcess
 - component[startPrepareRequest] has been found
2026-09-24 02:21:38 [main] INFO  c.y.l.p.i.CmpAroundAspectBeanProcess
 - component[startResume] has been found
____ ____    ___ ____ _  _ ____ _  _ 
[__  |__| __  |  |  | |_/  |___ |\ | 
___] |  |     |  |__| | \_ |___ | \| 
https://sa-token.cc (v1.45.0)
2026-09-24 02:21:39 [main] INFO  c.b.m.s.MybatisPlusApplicationContextAware
 - Register ApplicationContext instances org.springframework.web.context.support.GenericWebApplicationContext@e09f1b6
 _ _   |_  _ _|_. ___ _ |    _  .  _  .  _  
| | |\/|_)(_| | |_\  |_)||_|_\  | (_) | | | 
     /               |          /
                                    1.5.9

   ▄     ▄                             ▄▄▄▄▄▄   ▄                     
   █  █  █  ▄▄▄    ▄ ▄▄  ▄▄▄▄▄         █        █     ▄▄▄  ▄     ▄    
   ▀ █▀█ █ ▀   █   █▀  ▀ █ █ █  ▄▄▄▄▄  █▄▄▄▄▄   █    █▀ ▀█ ▀▄ ▄ ▄▀    
    ██ ██▀ ▄▀▀▀█   █     █ █ █         █        █    █   █  █▄█▄█     
    █   █  ▀▄▄▀█   █     █ █ █         █        █▄▄  ▀█▄█▀   █ █      

   :: Warm-Flow ::     (v1.8.9)

2026-09-24 02:21:40 [main] INFO  o.d.w.p.modes.sb.config.BeanConfig
 - 【warm-flow】，加载完成
2026-09-24 02:21:40 [main] INFO  c.y.l.p.i.CmpAroundAspectBeanProcess
 - component[noop] has been found
2026-09-24 02:21:40 [main] INFO  c.y.l.p.i.CmpAroundAspectBeanProcess
 - component[fail] has been found
2026-09-24 02:21:40 [main] INFO  c.y.l.p.i.CmpAroundAspectBeanProcess
 - component[contextRequired] has been found
2026-09-24 02:21:40 [main] INFO  c.y.l.p.i.CmpAroundAspectBeanProcess
 - component[alwaysTrue] has been found
2026-09-24 02:21:40 [main] INFO  c.y.l.p.i.CmpAroundAspectBeanProcess
 - component[alwaysFalse] has been found
Consume Time：2 ms Mapper ID：org.namewta.third.mapper.ThirdEndpointMapper.selectList Command Type：SELECT
2026-09-24 02:21:41 [main] INFO  c.y.l.p.factory.FlowParserProvider
 - flow info loaded from local file,path=classpath:liteflow/*.el.xml
 ________  _____ ______   ________  ___   ___        ___     
|\   ____\|\   _ \  _   \|\   ____\|\  \ |\  \      |\  \    
\ \  \___|\ \  \\\__\ \  \ \  \___|\ \  \\_\  \     \ \  \   
 \ \_____  \ \  \\|__| \  \ \_____  \ \______  \  __ \ \  \  
  \|____|\  \ \  \    \ \  \|____|\  \|_____|\  \|\  \\_\  \ 
    ____\_\  \ \__\    \ \__\____\_\  \     \ \__\ \________\
   |\_________\|__|     \|__|\_________\     \|__|\|________|
   \|_________|             \|_________|                     
V 3.3.5
2026-09-24 02:21:41 [main] INFO  o.n.t.n.NotifyMailAttachmentIntegrationTest
 - Started NotifyMailAttachmentIntegrationTest in 13.857 seconds (process running for 15.379)
Consume Time：2 ms Mapper ID：org.namewta.notify.mapper.NotifyIntentAttachmentMapper.selectList Command Type：SELECT
Consume Time：2 ms Mapper ID：org.namewta.notify.mapper.NotifyOutboxMapper.databaseNow Command Type：SELECT
Consume Time：2 ms Mapper ID：org.namewta.notify.mapper.NotifyOutboxMapper.selectClaimable Command Type：SELECT
Consume Time：2 ms Mapper ID：org.namewta.system.mapper.SysOssConfigMapper.selectList Command Type：SELECT
2026-09-24 02:21:41 [schedule-pool-3] INFO  o.n.n.a.worker.NotifyOutboxWorker
 - notify outbox drain trigger=POLL claimed=0 batches=1
2026-09-24 02:21:41 [main] INFO  o.n.s.runner.SystemApplicationRunner
 - 初始化OSS配置成功
Mockito is currently self-attaching to enable the inline-mock-maker. This will no longer work in future releases of the JDK. Please add Mockito as an agent to your build as described in Mockito's documentation: https://javadoc.io/doc/org.mockito/mockito-core/latest/org.mockito/org/mockito/Mockito.html#0.3
OpenJDK 64-Bit Server VM warning: Sharing is only supported for boot loader classes because bootstrap classpath has been appended
WARNING: A Java agent has been loaded dynamically (/root/.m2/repository/net/bytebuddy/byte-buddy-agent/1.18.10/byte-buddy-agent-1.18.10.jar)
WARNING: If a serviceability tool is in use, please run with -XX:+EnableDynamicAgentLoading to hide this warning
WARNING: If a serviceability tool is not in use, please run with -Djdk.instrument.traceUsage for more information
WARNING: Dynamic loading of agents will be disallowed by default in a future release
2026-09-24 02:21:43 [async-1] INFO  o.n.s.s.impl.SysLoginInfoServiceImpl
 - [127.0.0.1]内网IP[WTA][Success][登录成功]
Consume Time：5 ms Mapper ID：org.namewta.system.mapper.SysUserMapper.updateById Command Type：UPDATE
2026-09-24 02:21:43 [main] INFO  o.n.w.l.UserLoginSuccessListener
 - user doLogin, userId:sys_user:1761100000000000001, token:***rmm5gyKQ
Consume Time：6 ms Mapper ID：org.namewta.system.mapper.SysLoginInfoMapper.insert Command Type：INSERT
2026-09-24 02:21:44 [async-2] INFO  o.n.s.s.impl.SysLoginInfoServiceImpl
 - [127.0.0.1]内网IP[WTA][Success][登录成功]
Consume Time：2 ms Mapper ID：org.namewta.system.mapper.SysUserMapper.updateById Command Type：UPDATE
2026-09-24 02:21:44 [main] INFO  o.n.w.l.UserLoginSuccessListener
 - user doLogin, userId:sys_user:1761100000000000001, token:***3kj7DYZg
Consume Time：2 ms Mapper ID：org.namewta.system.mapper.SysLoginInfoMapper.insert Command Type：INSERT
2026-09-24 02:21:44 [async-3] INFO  o.n.s.s.impl.SysLoginInfoServiceImpl
 - [127.0.0.1]内网IP[WTA][Success][登录成功]
Consume Time：2 ms Mapper ID：org.namewta.system.mapper.SysLoginInfoMapper.insert Command Type：INSERT
Consume Time：1 ms Mapper ID：org.namewta.system.mapper.SysUserMapper.updateById Command Type：UPDATE
2026-09-24 02:21:44 [main] INFO  o.n.w.l.UserLoginSuccessListener
 - user doLogin, userId:sys_user:1761100000000000001, token:***_Pjowvec
2026-09-24 02:21:44 [async-4] INFO  o.n.s.s.impl.SysLoginInfoServiceImpl
 - [127.0.0.1]内网IP[WTA][Success][登录成功]
Consume Time：2 ms Mapper ID：org.namewta.system.mapper.SysLoginInfoMapper.insert Command Type：INSERT
Consume Time：2 ms Mapper ID：org.namewta.system.mapper.SysUserMapper.updateById Command Type：UPDATE
2026-09-24 02:21:44 [main] INFO  o.n.w.l.UserLoginSuccessListener
 - user doLogin, userId:sys_user:1761100000000000001, token:***8T48wP94
2026-09-24 02:21:44 [async-5] INFO  o.n.s.s.impl.SysLoginInfoServiceImpl
 - [127.0.0.1]内网IP[WTA][Success][登录成功]
Consume Time：1 ms Mapper ID：org.namewta.system.mapper.SysUserMapper.updateById Command Type：UPDATE
2026-09-24 02:21:44 [main] INFO  o.n.w.l.UserLoginSuccessListener
 - user doLogin, userId:sys_user:1761100000000000001, token:***XpOBLwLk
Consume Time：2 ms Mapper ID：org.namewta.system.mapper.SysLoginInfoMapper.insert Command Type：INSERT
2026-09-24 02:21:44 [async-6] INFO  o.n.s.s.impl.SysLoginInfoServiceImpl
 - [127.0.0.1]内网IP[WTA][Success][登录成功]
Consume Time：1 ms Mapper ID：org.namewta.system.mapper.SysUserMapper.updateById Command Type：UPDATE
2026-09-24 02:21:44 [main] INFO  o.n.w.l.UserLoginSuccessListener
 - user doLogin, userId:sys_user:1761100000000000001, token:***2k02DHVg
Consume Time：6 ms Mapper ID：org.namewta.system.mapper.SysLoginInfoMapper.insert Command Type：INSERT
2026-09-24 02:21:44 [async-7] INFO  o.n.s.s.impl.SysLoginInfoServiceImpl
 - [127.0.0.1]内网IP[WTA][Success][登录成功]
Consume Time：1 ms Mapper ID：org.namewta.system.mapper.SysUserMapper.updateById Command Type：UPDATE
2026-09-24 02:21:44 [main] INFO  o.n.w.l.UserLoginSuccessListener
 - user doLogin, userId:sys_user:1761100000000000001, token:***J2Y0x980
Consume Time：2 ms Mapper ID：org.namewta.system.mapper.SysLoginInfoMapper.insert Command Type：INSERT
2026-09-24 02:21:44 [async-8] INFO  o.n.s.s.impl.SysLoginInfoServiceImpl
 - [127.0.0.1]内网IP[WTA][Success][登录成功]
Consume Time：1 ms Mapper ID：org.namewta.system.mapper.SysUserMapper.updateById Command Type：UPDATE
2026-09-24 02:21:44 [main] INFO  o.n.w.l.UserLoginSuccessListener
 - user doLogin, userId:sys_user:1761100000000000001, token:***QG_pdQS4
Consume Time：2 ms Mapper ID：org.namewta.system.mapper.SysLoginInfoMapper.insert Command Type：INSERT
2026-09-24 02:21:45 [async-1] INFO  o.n.s.s.impl.SysLoginInfoServiceImpl
 - [127.0.0.1]内网IP[WTA][Success][登录成功]
Consume Time：1 ms Mapper ID：org.namewta.system.mapper.SysUserMapper.updateById Command Type：UPDATE
2026-09-24 02:21:45 [main] INFO  o.n.w.l.UserLoginSuccessListener
 - user doLogin, userId:sys_user:1761100000000000001, token:***LX-nHRiE
Consume Time：2 ms Mapper ID：org.namewta.system.mapper.SysLoginInfoMapper.insert Command Type：INSERT
2026-09-24 02:21:45 [async-2] INFO  o.n.s.s.impl.SysLoginInfoServiceImpl
 - [127.0.0.1]内网IP[WTA][Success][登录成功]
Consume Time：1 ms Mapper ID：org.namewta.system.mapper.SysUserMapper.updateById Command Type：UPDATE
2026-09-24 02:21:45 [main] INFO  o.n.w.l.UserLoginSuccessListener
 - user doLogin, userId:sys_user:1761100000000000001, token:***zU0ppSjc
Consume Time：3 ms Mapper ID：org.namewta.system.mapper.SysLoginInfoMapper.insert Command Type：INSERT
2026-09-24 02:21:45 [async-3] INFO  o.n.s.s.impl.SysLoginInfoServiceImpl
 - [127.0.0.1]内网IP[WTA][Success][登录成功]
Consume Time：1 ms Mapper ID：org.namewta.system.mapper.SysUserMapper.updateById Command Type：UPDATE
2026-09-24 02:21:45 [main] INFO  o.n.w.l.UserLoginSuccessListener
 - user doLogin, userId:sys_user:1761100000000000001, token:***BpF7uNik
Consume Time：2 ms Mapper ID：org.namewta.system.mapper.SysLoginInfoMapper.insert Command Type：INSERT
2026-09-24 02:21:45 [async-4] INFO  o.n.s.s.impl.SysLoginInfoServiceImpl
 - [127.0.0.1]内网IP[WTA][Success][登录成功]
Consume Time：3 ms Mapper ID：org.namewta.system.mapper.SysUserMapper.updateById Command Type：UPDATE
2026-09-24 02:21:45 [main] INFO  o.n.w.l.UserLoginSuccessListener
 - user doLogin, userId:sys_user:1761100000000000001, token:***iF_EEv0k
Consume Time：5 ms Mapper ID：org.namewta.system.mapper.SysLoginInfoMapper.insert Command Type：INSERT
2026-09-24 02:21:45 [async-5] INFO  o.n.s.s.impl.SysLoginInfoServiceImpl
 - [127.0.0.1]内网IP[WTA][Success][登录成功]
Consume Time：1 ms Mapper ID：org.namewta.system.mapper.SysUserMapper.updateById Command Type：UPDATE
2026-09-24 02:21:45 [main] INFO  o.n.w.l.UserLoginSuccessListener
 - user doLogin, userId:sys_user:1761100000000000001, token:***qc_a47bw
Consume Time：2 ms Mapper ID：org.namewta.system.mapper.SysLoginInfoMapper.insert Command Type：INSERT
2026-09-24 02:21:45 [main] INFO  o.n.web.listener.UserActionListener
 - user doLogout, userId:sys_user:1761100000000000001, token:***rmm5gyKQ
2026-09-24 02:21:45 [async-6] INFO  o.n.s.s.impl.SysLoginInfoServiceImpl
 - [127.0.0.1]内网IP[WTA][Success][登录成功]
2026-09-24 02:21:45 [async-7] INFO  o.n.s.s.impl.SysLoginInfoServiceImpl
 - [127.0.0.1]内网IP[WTA][Success][登录成功]
Consume Time：3 ms Mapper ID：org.namewta.system.mapper.SysLoginInfoMapper.insert Command Type：INSERT
Consume Time：4 ms Mapper ID：org.namewta.system.mapper.SysUserMapper.updateById Command Type：UPDATE
Consume Time：2 ms Mapper ID：org.namewta.system.mapper.SysLoginInfoMapper.insert Command Type：INSERT
Consume Time：2 ms Mapper ID：org.namewta.system.mapper.SysUserMapper.updateById Command Type：UPDATE
2026-09-24 02:21:45 [pool-51-thread-1] INFO  o.n.w.l.UserLoginSuccessListener
 - user doLogin, userId:sys_user:1761100000000000001, token:***QmV4Ifa4
2026-09-24 02:21:45 [pool-51-thread-2] INFO  o.n.w.l.UserLoginSuccessListener
 - user doLogin, userId:sys_user:1761100000000000001, token:***Y6pBiNIE
2026-09-24 02:21:45 [pool-51-thread-1] INFO  o.n.web.listener.UserActionListener
 - user doLogout, userId:sys_user:1761100000000000001, token:***3kj7DYZg
2026-09-24 02:21:45 [pool-51-thread-2] INFO  o.n.web.listener.UserActionListener
 - user doLogout, userId:sys_user:1761100000000000001, token:***_Pjowvec
2026-09-24 02:21:45 [pool-51-thread-1] INFO  o.n.web.listener.UserActionListener
 - user doLogout, userId:sys_user:1761100000000000001, token:***_Pjowvec
2026-09-24 02:21:45 [async-8] INFO  o.n.s.s.impl.SysLoginInfoServiceImpl
 - [127.0.0.1]内网IP[WTA][Success][登录成功]
Consume Time：1 ms Mapper ID：org.namewta.system.mapper.SysUserMapper.updateById Command Type：UPDATE
2026-09-24 02:21:45 [main] INFO  o.n.w.l.UserLoginSuccessListener
 - user doLogin, userId:sys_user:1761100000000000001, token:***tbrVT8pA
Consume Time：2 ms Mapper ID：org.namewta.system.mapper.SysLoginInfoMapper.insert Command Type：INSERT
2026-09-24 02:21:45 [main] INFO  o.n.web.listener.UserActionListener
 - user doLogout, userId:sys_user:1761100000000000001, token:***8T48wP94
2026-09-24 02:21:45 [async-1] INFO  o.n.s.s.impl.SysLoginInfoServiceImpl
 - [127.0.0.1]内网IP[WTA][Success][登录成功]
Consume Time：1 ms Mapper ID：org.namewta.system.mapper.SysUserMapper.updateById Command Type：UPDATE
2026-09-24 02:21:45 [main] INFO  o.n.w.l.UserLoginSuccessListener
 - user doLogin, userId:sys_user:1761100000000000001, token:***N4NkF9Pc
Consume Time：2 ms Mapper ID：org.namewta.system.mapper.SysLoginInfoMapper.insert Command Type：INSERT
2026-09-24 02:21:45 [main] INFO  o.n.web.listener.UserActionListener
 - user doLogout, userId:sys_user:1761100000000000001, token:***XpOBLwLk
2026-09-24 02:21:46 [async-2] INFO  o.n.s.s.impl.SysLoginInfoServiceImpl
 - [127.0.0.1]内网IP[WTA][Success][登录成功]
Consume Time：1 ms Mapper ID：org.namewta.system.mapper.SysUserMapper.updateById Command Type：UPDATE
2026-09-24 02:21:46 [main] INFO  o.n.w.l.UserLoginSuccessListener
 - user doLogin, userId:sys_user:1761100000000000001, token:***INmuhE6w
Consume Time：3 ms Mapper ID：org.namewta.system.mapper.SysLoginInfoMapper.insert Command Type：INSERT
2026-09-24 02:21:46 [main] INFO  o.n.web.listener.UserActionListener
 - user doLogout, userId:sys_user:1761100000000000001, token:***2k02DHVg
2026-09-24 02:21:46 [async-3] INFO  o.n.s.s.impl.SysLoginInfoServiceImpl
 - [127.0.0.1]内网IP[WTA][Success][登录成功]
Consume Time：1 ms Mapper ID：org.namewta.system.mapper.SysUserMapper.updateById Command Type：UPDATE
2026-09-24 02:21:46 [main] INFO  o.n.w.l.UserLoginSuccessListener
 - user doLogin, userId:sys_user:1761100000000000001, token:***vdnjnbQg
Consume Time：3 ms Mapper ID：org.namewta.system.mapper.SysLoginInfoMapper.insert Command Type：INSERT
2026-09-24 02:21:46 [main] INFO  o.n.web.listener.UserActionListener
 - user doLogout, userId:sys_user:1761100000000000001, token:***J2Y0x980
2026-09-24 02:21:46 [async-4] INFO  o.n.s.s.impl.SysLoginInfoServiceImpl
 - [127.0.0.1]内网IP[WTA][Success][登录成功]
Consume Time：1 ms Mapper ID：org.namewta.system.mapper.SysUserMapper.updateById Command Type：UPDATE
2026-09-24 02:21:46 [main] INFO  o.n.w.l.UserLoginSuccessListener
 - user doLogin, userId:sys_user:1761100000000000001, token:***O9E-Z3QU
Consume Time：2 ms Mapper ID：org.namewta.system.mapper.SysLoginInfoMapper.insert Command Type：INSERT
2026-09-24 02:21:46 [main] INFO  o.n.web.listener.UserActionListener
 - user doLogout, userId:sys_user:1761100000000000001, token:***QG_pdQS4
2026-09-24 02:21:46 [async-5] INFO  o.n.s.s.impl.SysLoginInfoServiceImpl
 - [127.0.0.1]内网IP[WTA][Success][登录成功]
Consume Time：1 ms Mapper ID：org.namewta.system.mapper.SysUserMapper.updateById Command Type：UPDATE
2026-09-24 02:21:46 [main] INFO  o.n.w.l.UserLoginSuccessListener
 - user doLogin, userId:sys_user:1761100000000000001, token:***3EgATcNU
Consume Time：2 ms Mapper ID：org.namewta.system.mapper.SysLoginInfoMapper.insert Command Type：INSERT
2026-09-24 02:21:46 [main] INFO  o.n.web.listener.UserActionListener
 - user doLogout, userId:sys_user:1761100000000000001, token:***LX-nHRiE
2026-09-24 02:21:46 [async-6] INFO  o.n.s.s.impl.SysLoginInfoServiceImpl
 - [127.0.0.1]内网IP[WTA][Success][登录成功]
Consume Time：2 ms Mapper ID：org.namewta.system.mapper.SysLoginInfoMapper.insert Command Type：INSERT
Consume Time：2 ms Mapper ID：org.namewta.system.mapper.SysUserMapper.updateById Command Type：UPDATE
2026-09-24 02:21:46 [main] INFO  o.n.w.l.UserLoginSuccessListener
 - user doLogin, userId:sys_user:1761100000000000001, token:***BfiurKXw
2026-09-24 02:21:46 [main] INFO  o.n.web.listener.UserActionListener
 - user doLogout, userId:sys_user:1761100000000000001, token:***zU0ppSjc
2026-09-24 02:21:46 [async-7] INFO  o.n.s.s.impl.SysLoginInfoServiceImpl
 - [127.0.0.1]内网IP[WTA][Success][登录成功]
Consume Time：1 ms Mapper ID：org.namewta.system.mapper.SysUserMapper.updateById Command Type：UPDATE
2026-09-24 02:21:46 [main] INFO  o.n.w.l.UserLoginSuccessListener
 - user doLogin, userId:sys_user:1761100000000000001, token:***Qkd7Oml8
Consume Time：2 ms Mapper ID：org.namewta.system.mapper.SysLoginInfoMapper.insert Command Type：INSERT
2026-09-24 02:21:46 [main] INFO  o.n.web.listener.UserActionListener
 - user doLogout, userId:sys_user:1761100000000000001, token:***BpF7uNik
[ERROR] Tests run: 20, Failures: 0, Errors: 20, Skipped: 0, Time elapsed: 19.97 s <<< FAILURE! -- in org.namewta.test.notify.NotifyMailAttachmentIntegrationTest
[ERROR] org.namewta.test.notify.NotifyMailAttachmentIntegrationTest.noAttachmentSubmitAndWorkerEachMakeZeroOssRequests -- Time elapsed: 1.402 s <<< ERROR!
cn.dev33.satoken.exception.SaTokenContextException: SaTokenContext 上下文尚未初始化
	at cn.dev33.satoken.context.SaTokenContextForThreadLocalStaff.getModelBox(SaTokenContextForThreadLocalStaff.java:73)
	at cn.dev33.satoken.context.SaTokenContextForThreadLocal.getModelBox(SaTokenContextForThreadLocal.java:55)
	at cn.dev33.satoken.context.SaTokenContext.getStorage(SaTokenContext.java:86)
	at cn.dev33.satoken.context.SaHolder.getStorage(SaHolder.java:69)
	at cn.dev33.satoken.stp.StpLogic.setTokenValueToStorage(StpLogic.java:225)
	at cn.dev33.satoken.stp.StpLogic.setTokenValue(StpLogic.java:205)
	at cn.dev33.satoken.stp.StpLogic.login(StpLogic.java:465)
	at cn.dev33.satoken.stp.StpUtil.login(StpUtil.java:216)
	at org.namewta.common.satoken.utils.LoginHelper.login(LoginHelper.java:56)
	at org.namewta.test.notify.NotifyMailAttachmentIntegrationTest.login(NotifyMailAttachmentIntegrationTest.java:841)
	at org.namewta.test.notify.NotifyMailAttachmentIntegrationTest.submit(NotifyMailAttachmentIntegrationTest.java:817)
	at org.namewta.test.notify.NotifyMailAttachmentIntegrationTest.submit(NotifyMailAttachmentIntegrationTest.java:811)
	at org.namewta.test.notify.NotifyMailAttachmentIntegrationTest.noAttachmentSubmitAndWorkerEachMakeZeroOssRequests(NotifyMailAttachmentIntegrationTest.java:240)

[ERROR] org.namewta.test.notify.NotifyMailAttachmentIntegrationTest.authorizedSourceIsPrivateSnapshotWithRealBytesAndStableOwner -- Time elapsed: 0.964 s <<< ERROR!
cn.dev33.satoken.exception.SaTokenContextException: SaTokenContext 上下文尚未初始化
	at cn.dev33.satoken.context.SaTokenContextForThreadLocalStaff.getModelBox(SaTokenContextForThreadLocalStaff.java:73)
	at cn.dev33.satoken.context.SaTokenContextForThreadLocal.getModelBox(SaTokenContextForThreadLocal.java:55)
	at cn.dev33.satoken.context.SaTokenContext.getStorage(SaTokenContext.java:86)
	at cn.dev33.satoken.context.SaHolder.getStorage(SaHolder.java:69)
	at cn.dev33.satoken.stp.StpLogic.setTokenValueToStorage(StpLogic.java:225)
	at cn.dev33.satoken.stp.StpLogic.setTokenValue(StpLogic.java:205)
	at cn.dev33.satoken.stp.StpLogic.login(StpLogic.java:465)
	at cn.dev33.satoken.stp.StpUtil.login(StpUtil.java:216)
	at org.namewta.common.satoken.utils.LoginHelper.login(LoginHelper.java:56)
	at org.namewta.test.notify.NotifyMailAttachmentIntegrationTest.login(NotifyMailAttachmentIntegrationTest.java:841)
	at org.namewta.test.notify.NotifyMailAttachmentIntegrationTest.submit(NotifyMailAttachmentIntegrationTest.java:817)
	at org.namewta.test.notify.NotifyMailAttachmentIntegrationTest.submit(NotifyMailAttachmentIntegrationTest.java:811)
	at org.namewta.test.notify.NotifyMailAttachmentIntegrationTest.authorizedSourceIsPrivateSnapshotWithRealBytesAndStableOwner(NotifyMailAttachmentIntegrationTest.java:259)

[ERROR] org.namewta.test.notify.NotifyMailAttachmentIntegrationTest.duplicateKeepsOneIntentAndRejectsChangedAttachmentSet -- Time elapsed: 0.119 s <<< ERROR!
cn.dev33.satoken.exception.SaTokenContextException: SaTokenContext 上下文尚未初始化
	at cn.dev33.satoken.context.SaTokenContextForThreadLocalStaff.getModelBox(SaTokenContextForThreadLocalStaff.java:73)
	at cn.dev33.satoken.context.SaTokenContextForThreadLocal.getModelBox(SaTokenContextForThreadLocal.java:55)
	at cn.dev33.satoken.context.SaTokenContext.getStorage(SaTokenContext.java:86)
	at cn.dev33.satoken.context.SaHolder.getStorage(SaHolder.java:69)
	at cn.dev33.satoken.stp.StpLogic.setTokenValueToStorage(StpLogic.java:225)
	at cn.dev33.satoken.stp.StpLogic.setTokenValue(StpLogic.java:205)
	at cn.dev33.satoken.stp.StpLogic.login(StpLogic.java:465)
	at cn.dev33.satoken.stp.StpUtil.login(StpUtil.java:216)
	at org.namewta.common.satoken.utils.LoginHelper.login(LoginHelper.java:56)
	at org.namewta.test.notify.NotifyMailAttachmentIntegrationTest.login(NotifyMailAttachmentIntegrationTest.java:841)
	at org.namewta.test.notify.NotifyMailAttachmentIntegrationTest.submit(NotifyMailAttachmentIntegrationTest.java:817)
	at org.namewta.test.notify.NotifyMailAttachmentIntegrationTest.duplicateKeepsOneIntentAndRejectsChangedAttachmentSet(NotifyMailAttachmentIntegrationTest.java:288)

[ERROR] org.namewta.test.notify.NotifyMailAttachmentIntegrationTest.invalidOwnerAndQueuedSourceRevocationNeverReachSmtp -- Time elapsed: 0.258 s <<< ERROR!
cn.dev33.satoken.exception.SaTokenContextException: SaTokenContext 上下文尚未初始化
	at cn.dev33.satoken.context.SaTokenContextForThreadLocalStaff.getModelBox(SaTokenContextForThreadLocalStaff.java:73)
	at cn.dev33.satoken.context.SaTokenContextForThreadLocal.getModelBox(SaTokenContextForThreadLocal.java:55)
	at cn.dev33.satoken.context.SaTokenContext.getStorage(SaTokenContext.java:86)
	at cn.dev33.satoken.context.SaHolder.getStorage(SaHolder.java:69)
	at cn.dev33.satoken.stp.StpLogic.setTokenValueToStorage(StpLogic.java:225)
	at cn.dev33.satoken.stp.StpLogic.setTokenValue(StpLogic.java:205)
	at cn.dev33.satoken.stp.StpLogic.login(StpLogic.java:465)
	at cn.dev33.satoken.stp.StpUtil.login(StpUtil.java:216)
	at org.namewta.common.satoken.utils.LoginHelper.login(LoginHelper.java:56)
	at org.namewta.test.notify.NotifyMailAttachmentIntegrationTest.login(NotifyMailAttachmentIntegrationTest.java:841)
	at org.namewta.test.notify.NotifyMailAttachmentIntegrationTest.submit(NotifyMailAttachmentIntegrationTest.java:817)
	at org.namewta.test.notify.NotifyMailAttachmentIntegrationTest.submit(NotifyMailAttachmentIntegrationTest.java:811)
	at org.namewta.test.notify.NotifyMailAttachmentIntegrationTest.invalidOwnerAndQueuedSourceRevocationNeverReachSmtp(NotifyMailAttachmentIntegrationTest.java:327)

[ERROR] org.namewta.test.notify.NotifyMailAttachmentIntegrationTest.twoRecipientsShareOneOrderedPrivateSnapshot -- Time elapsed: 0.094 s <<< ERROR!
cn.dev33.satoken.exception.SaTokenContextException: SaTokenContext 上下文尚未初始化
	at cn.dev33.satoken.context.SaTokenContextForThreadLocalStaff.getModelBox(SaTokenContextForThreadLocalStaff.java:73)
	at cn.dev33.satoken.context.SaTokenContextForThreadLocal.getModelBox(SaTokenContextForThreadLocal.java:55)
	at cn.dev33.satoken.context.SaTokenContext.getStorage(SaTokenContext.java:86)
	at cn.dev33.satoken.context.SaHolder.getStorage(SaHolder.java:69)
	at cn.dev33.satoken.stp.StpLogic.setTokenValueToStorage(StpLogic.java:225)
	at cn.dev33.satoken.stp.StpLogic.setTokenValue(StpLogic.java:205)
	at cn.dev33.satoken.stp.StpLogic.login(StpLogic.java:465)
	at cn.dev33.satoken.stp.StpUtil.login(StpUtil.java:216)
	at org.namewta.common.satoken.utils.LoginHelper.login(LoginHelper.java:56)
	at org.namewta.test.notify.NotifyMailAttachmentIntegrationTest.login(NotifyMailAttachmentIntegrationTest.java:841)
	at org.namewta.test.notify.NotifyMailAttachmentIntegrationTest.twoRecipientsShareOneOrderedPrivateSnapshot(NotifyMailAttachmentIntegrationTest.java:358)

[ERROR] org.namewta.test.notify.NotifyMailAttachmentIntegrationTest.relationResultWriteFailureRetainsOwnedUnknownAndNoSmtp -- Time elapsed: 0.084 s <<< ERROR!
cn.dev33.satoken.exception.SaTokenContextException: SaTokenContext 上下文尚未初始化
	at cn.dev33.satoken.context.SaTokenContextForThreadLocalStaff.getModelBox(SaTokenContextForThreadLocalStaff.java:73)
	at cn.dev33.satoken.context.SaTokenContextForThreadLocal.getModelBox(SaTokenContextForThreadLocal.java:55)
	at cn.dev33.satoken.context.SaTokenContext.getStorage(SaTokenContext.java:86)
	at cn.dev33.satoken.context.SaHolder.getStorage(SaHolder.java:69)
	at cn.dev33.satoken.stp.StpLogic.setTokenValueToStorage(StpLogic.java:225)
	at cn.dev33.satoken.stp.StpLogic.setTokenValue(StpLogic.java:205)
	at cn.dev33.satoken.stp.StpLogic.login(StpLogic.java:465)
	at cn.dev33.satoken.stp.StpUtil.login(StpUtil.java:216)
	at org.namewta.common.satoken.utils.LoginHelper.login(LoginHelper.java:56)
	at org.namewta.test.notify.NotifyMailAttachmentIntegrationTest.login(NotifyMailAttachmentIntegrationTest.java:841)
	at org.namewta.test.notify.NotifyMailAttachmentIntegrationTest.submit(NotifyMailAttachmentIntegrationTest.java:817)
	at org.namewta.test.notify.NotifyMailAttachmentIntegrationTest.submit(NotifyMailAttachmentIntegrationTest.java:811)
	at org.namewta.test.notify.NotifyMailAttachmentIntegrationTest.relationResultWriteFailureRetainsOwnedUnknownAndNoSmtp(NotifyMailAttachmentIntegrationTest.java:388)

[ERROR] org.namewta.test.notify.NotifyMailAttachmentIntegrationTest.lostPutAcknowledgementStaysUnknownWithoutResendOrUnownedSnapshot -- Time elapsed: 0.076 s <<< ERROR!
cn.dev33.satoken.exception.SaTokenContextException: SaTokenContext 上下文尚未初始化
	at cn.dev33.satoken.context.SaTokenContextForThreadLocalStaff.getModelBox(SaTokenContextForThreadLocalStaff.java:73)
	at cn.dev33.satoken.context.SaTokenContextForThreadLocal.getModelBox(SaTokenContextForThreadLocal.java:55)
	at cn.dev33.satoken.context.SaTokenContext.getStorage(SaTokenContext.java:86)
	at cn.dev33.satoken.context.SaHolder.getStorage(SaHolder.java:69)
	at cn.dev33.satoken.stp.StpLogic.setTokenValueToStorage(StpLogic.java:225)
	at cn.dev33.satoken.stp.StpLogic.setTokenValue(StpLogic.java:205)
	at cn.dev33.satoken.stp.StpLogic.login(StpLogic.java:465)
	at cn.dev33.satoken.stp.StpUtil.login(StpUtil.java:216)
	at org.namewta.common.satoken.utils.LoginHelper.login(LoginHelper.java:56)
	at org.namewta.test.notify.NotifyMailAttachmentIntegrationTest.login(NotifyMailAttachmentIntegrationTest.java:841)
	at org.namewta.test.notify.NotifyMailAttachmentIntegrationTest.submit(NotifyMailAttachmentIntegrationTest.java:817)
	at org.namewta.test.notify.NotifyMailAttachmentIntegrationTest.submit(NotifyMailAttachmentIntegrationTest.java:811)
	at org.namewta.test.notify.NotifyMailAttachmentIntegrationTest.lostPutAcknowledgementStaysUnknownWithoutResendOrUnownedSnapshot(NotifyMailAttachmentIntegrationTest.java:416)

[ERROR] org.namewta.test.notify.NotifyMailAttachmentIntegrationTest.copyCrossingLeaseFenceCannotInvokePhysicalMailSender -- Time elapsed: 0.080 s <<< ERROR!
cn.dev33.satoken.exception.SaTokenContextException: SaTokenContext 上下文尚未初始化
	at cn.dev33.satoken.context.SaTokenContextForThreadLocalStaff.getModelBox(SaTokenContextForThreadLocalStaff.java:73)
	at cn.dev33.satoken.context.SaTokenContextForThreadLocal.getModelBox(SaTokenContextForThreadLocal.java:55)
	at cn.dev33.satoken.context.SaTokenContext.getStorage(SaTokenContext.java:86)
	at cn.dev33.satoken.context.SaHolder.getStorage(SaHolder.java:69)
	at cn.dev33.satoken.stp.StpLogic.setTokenValueToStorage(StpLogic.java:225)
	at cn.dev33.satoken.stp.StpLogic.setTokenValue(StpLogic.java:205)
	at cn.dev33.satoken.stp.StpLogic.login(StpLogic.java:465)
	at cn.dev33.satoken.stp.StpUtil.login(StpUtil.java:216)
	at org.namewta.common.satoken.utils.LoginHelper.login(LoginHelper.java:56)
	at org.namewta.test.notify.NotifyMailAttachmentIntegrationTest.login(NotifyMailAttachmentIntegrationTest.java:841)
	at org.namewta.test.notify.NotifyMailAttachmentIntegrationTest.submit(NotifyMailAttachmentIntegrationTest.java:817)
	at org.namewta.test.notify.NotifyMailAttachmentIntegrationTest.submit(NotifyMailAttachmentIntegrationTest.java:811)
	at org.namewta.test.notify.NotifyMailAttachmentIntegrationTest.copyCrossingLeaseFenceCannotInvokePhysicalMailSender(NotifyMailAttachmentIntegrationTest.java:442)

[ERROR] org.namewta.test.notify.NotifyMailAttachmentIntegrationTest.latePutAfterSharedDeadlineRemainsOwnedUnknownAndCannotSend -- Time elapsed: 0.094 s <<< ERROR!
cn.dev33.satoken.exception.SaTokenContextException: SaTokenContext 上下文尚未初始化
	at cn.dev33.satoken.context.SaTokenContextForThreadLocalStaff.getModelBox(SaTokenContextForThreadLocalStaff.java:73)
	at cn.dev33.satoken.context.SaTokenContextForThreadLocal.getModelBox(SaTokenContextForThreadLocal.java:55)
	at cn.dev33.satoken.context.SaTokenContext.getStorage(SaTokenContext.java:86)
	at cn.dev33.satoken.context.SaHolder.getStorage(SaHolder.java:69)
	at cn.dev33.satoken.stp.StpLogic.setTokenValueToStorage(StpLogic.java:225)
	at cn.dev33.satoken.stp.StpLogic.setTokenValue(StpLogic.java:205)
	at cn.dev33.satoken.stp.StpLogic.login(StpLogic.java:465)
	at cn.dev33.satoken.stp.StpUtil.login(StpUtil.java:216)
	at org.namewta.common.satoken.utils.LoginHelper.login(LoginHelper.java:56)
	at org.namewta.test.notify.NotifyMailAttachmentIntegrationTest.login(NotifyMailAttachmentIntegrationTest.java:841)
	at org.namewta.test.notify.NotifyMailAttachmentIntegrationTest.submit(NotifyMailAttachmentIntegrationTest.java:817)
	at org.namewta.test.notify.NotifyMailAttachmentIntegrationTest.submit(NotifyMailAttachmentIntegrationTest.java:811)
	at org.namewta.test.notify.NotifyMailAttachmentIntegrationTest.latePutAfterSharedDeadlineRemainsOwnedUnknownAndCannotSend(NotifyMailAttachmentIntegrationTest.java:462)

[ERROR] org.namewta.test.notify.NotifyMailAttachmentIntegrationTest.publicReadSourceCopiesIntoCurrentPrivateTargetAndMissingPrivateFailsClosed -- Time elapsed: 0.113 s <<< ERROR!
cn.dev33.satoken.exception.SaTokenContextException: SaTokenContext 上下文尚未初始化
	at cn.dev33.satoken.context.SaTokenContextForThreadLocalStaff.getModelBox(SaTokenContextForThreadLocalStaff.java:73)
	at cn.dev33.satoken.context.SaTokenContextForThreadLocal.getModelBox(SaTokenContextForThreadLocal.java:55)
	at cn.dev33.satoken.context.SaTokenContext.getStorage(SaTokenContext.java:86)
	at cn.dev33.satoken.context.SaHolder.getStorage(SaHolder.java:69)
	at cn.dev33.satoken.stp.StpLogic.setTokenValueToStorage(StpLogic.java:225)
	at cn.dev33.satoken.stp.StpLogic.setTokenValue(StpLogic.java:205)
	at cn.dev33.satoken.stp.StpLogic.login(StpLogic.java:465)
	at cn.dev33.satoken.stp.StpUtil.login(StpUtil.java:216)
	at org.namewta.common.satoken.utils.LoginHelper.login(LoginHelper.java:56)
	at org.namewta.test.notify.NotifyMailAttachmentIntegrationTest.login(NotifyMailAttachmentIntegrationTest.java:841)
	at org.namewta.test.notify.NotifyMailAttachmentIntegrationTest.submit(NotifyMailAttachmentIntegrationTest.java:817)
	at org.namewta.test.notify.NotifyMailAttachmentIntegrationTest.submit(NotifyMailAttachmentIntegrationTest.java:811)
	at org.namewta.test.notify.NotifyMailAttachmentIntegrationTest.publicReadSourceCopiesIntoCurrentPrivateTargetAndMissingPrivateFailsClosed(NotifyMailAttachmentIntegrationTest.java:494)

[ERROR] org.namewta.test.notify.NotifyMailAttachmentIntegrationTest.multipleAttachmentsReachMailSenderInSubmissionOrder -- Time elapsed: 0.182 s <<< ERROR!
cn.dev33.satoken.exception.SaTokenContextException: SaTokenContext 上下文尚未初始化
	at cn.dev33.satoken.context.SaTokenContextForThreadLocalStaff.getModelBox(SaTokenContextForThreadLocalStaff.java:73)
	at cn.dev33.satoken.context.SaTokenContextForThreadLocal.getModelBox(SaTokenContextForThreadLocal.java:55)
	at cn.dev33.satoken.context.SaTokenContext.getStorage(SaTokenContext.java:86)
	at cn.dev33.satoken.context.SaHolder.getStorage(SaHolder.java:69)
	at cn.dev33.satoken.stp.StpLogic.setTokenValueToStorage(StpLogic.java:225)
	at cn.dev33.satoken.stp.StpLogic.setTokenValue(StpLogic.java:205)
	at cn.dev33.satoken.stp.StpLogic.login(StpLogic.java:465)
	at cn.dev33.satoken.stp.StpUtil.login(StpUtil.java:216)
	at org.namewta.common.satoken.utils.LoginHelper.login(LoginHelper.java:56)
	at org.namewta.test.notify.NotifyMailAttachmentIntegrationTest.login(NotifyMailAttachmentIntegrationTest.java:841)
	at org.namewta.test.notify.NotifyMailAttachmentIntegrationTest.submit(NotifyMailAttachmentIntegrationTest.java:817)
	at org.namewta.test.notify.NotifyMailAttachmentIntegrationTest.submit(NotifyMailAttachmentIntegrationTest.java:811)
	at org.namewta.test.notify.NotifyMailAttachmentIntegrationTest.multipleAttachmentsReachMailSenderInSubmissionOrder(NotifyMailAttachmentIntegrationTest.java:526)

[ERROR] org.namewta.test.notify.NotifyMailAttachmentIntegrationTest.sameIdempotencyKeyConcurrentSubmissionReturnsOneOwnedRelation -- Time elapsed: 0.190 s <<< ERROR!
java.util.concurrent.ExecutionException: cn.dev33.satoken.exception.SaTokenContextException: SaTokenContext 上下文尚未初始化
	at java.base/java.util.concurrent.FutureTask.report(FutureTask.java:122)
	at java.base/java.util.concurrent.FutureTask.get(FutureTask.java:205)
	at org.namewta.test.notify.NotifyMailAttachmentIntegrationTest.sameIdempotencyKeyConcurrentSubmissionReturnsOneOwnedRelation(NotifyMailAttachmentIntegrationTest.java:555)
Caused by: cn.dev33.satoken.exception.SaTokenContextException: SaTokenContext 上下文尚未初始化
	at cn.dev33.satoken.context.SaTokenContextForThreadLocalStaff.getModelBox(SaTokenContextForThreadLocalStaff.java:73)
	at cn.dev33.satoken.context.SaTokenContextForThreadLocal.getModelBox(SaTokenContextForThreadLocal.java:55)
	at cn.dev33.satoken.context.SaTokenContext.getStorage(SaTokenContext.java:86)
	at cn.dev33.satoken.context.SaHolder.getStorage(SaHolder.java:69)
	at cn.dev33.satoken.stp.StpLogic.setTokenValueToStorage(StpLogic.java:225)
	at cn.dev33.satoken.stp.StpLogic.setTokenValue(StpLogic.java:205)
	at cn.dev33.satoken.stp.StpLogic.login(StpLogic.java:465)
	at cn.dev33.satoken.stp.StpUtil.login(StpUtil.java:216)
	at org.namewta.common.satoken.utils.LoginHelper.login(LoginHelper.java:56)
	at org.namewta.test.notify.NotifyMailAttachmentIntegrationTest.login(NotifyMailAttachmentIntegrationTest.java:841)
	at org.namewta.test.notify.NotifyMailAttachmentIntegrationTest.submit(NotifyMailAttachmentIntegrationTest.java:817)
	at org.namewta.test.notify.NotifyMailAttachmentIntegrationTest.lambda$sameIdempotencyKeyConcurrentSubmissionReturnsOneOwnedRelation$6(NotifyMailAttachmentIntegrationTest.java:551)

[ERROR] org.namewta.test.notify.NotifyMailAttachmentIntegrationTest.copyCrossingPersistedExpiryCannotInvokePhysicalMailSender -- Time elapsed: 0.126 s <<< ERROR!
cn.dev33.satoken.exception.SaTokenContextException: SaTokenContext 上下文尚未初始化
	at cn.dev33.satoken.context.SaTokenContextForThreadLocalStaff.getModelBox(SaTokenContextForThreadLocalStaff.java:73)
	at cn.dev33.satoken.context.SaTokenContextForThreadLocal.getModelBox(SaTokenContextForThreadLocal.java:55)
	at cn.dev33.satoken.context.SaTokenContext.getStorage(SaTokenContext.java:86)
	at cn.dev33.satoken.context.SaHolder.getStorage(SaHolder.java:69)
	at cn.dev33.satoken.stp.StpLogic.setTokenValueToStorage(StpLogic.java:225)
	at cn.dev33.satoken.stp.StpLogic.setTokenValue(StpLogic.java:205)
	at cn.dev33.satoken.stp.StpLogic.login(StpLogic.java:465)
	at cn.dev33.satoken.stp.StpUtil.login(StpUtil.java:216)
	at org.namewta.common.satoken.utils.LoginHelper.login(LoginHelper.java:56)
	at org.namewta.test.notify.NotifyMailAttachmentIntegrationTest.login(NotifyMailAttachmentIntegrationTest.java:841)
	at org.namewta.test.notify.NotifyMailAttachmentIntegrationTest.submit(NotifyMailAttachmentIntegrationTest.java:817)
	at org.namewta.test.notify.NotifyMailAttachmentIntegrationTest.submit(NotifyMailAttachmentIntegrationTest.java:811)
	at org.namewta.test.notify.NotifyMailAttachmentIntegrationTest.copyCrossingPersistedExpiryCannotInvokePhysicalMailSender(NotifyMailAttachmentIntegrationTest.java:571)

[ERROR] org.namewta.test.notify.NotifyMailAttachmentIntegrationTest.readySnapshotRechecksCurrentClientGrantAndPrivateTarget -- Time elapsed: 0.135 s <<< ERROR!
cn.dev33.satoken.exception.SaTokenContextException: SaTokenContext 上下文尚未初始化
	at cn.dev33.satoken.context.SaTokenContextForThreadLocalStaff.getModelBox(SaTokenContextForThreadLocalStaff.java:73)
	at cn.dev33.satoken.context.SaTokenContextForThreadLocal.getModelBox(SaTokenContextForThreadLocal.java:55)
	at cn.dev33.satoken.context.SaTokenContext.getStorage(SaTokenContext.java:86)
	at cn.dev33.satoken.context.SaHolder.getStorage(SaHolder.java:69)
	at cn.dev33.satoken.stp.StpLogic.setTokenValueToStorage(StpLogic.java:225)
	at cn.dev33.satoken.stp.StpLogic.setTokenValue(StpLogic.java:205)
	at cn.dev33.satoken.stp.StpLogic.login(StpLogic.java:465)
	at cn.dev33.satoken.stp.StpUtil.login(StpUtil.java:216)
	at org.namewta.common.satoken.utils.LoginHelper.login(LoginHelper.java:56)
	at org.namewta.test.notify.NotifyMailAttachmentIntegrationTest.login(NotifyMailAttachmentIntegrationTest.java:841)
	at org.namewta.test.notify.NotifyMailAttachmentIntegrationTest.submit(NotifyMailAttachmentIntegrationTest.java:817)
	at org.namewta.test.notify.NotifyMailAttachmentIntegrationTest.submit(NotifyMailAttachmentIntegrationTest.java:811)
	at org.namewta.test.notify.NotifyMailAttachmentIntegrationTest.readySnapshotRechecksCurrentClientGrantAndPrivateTarget(NotifyMailAttachmentIntegrationTest.java:594)

[ERROR] org.namewta.test.notify.NotifyMailAttachmentIntegrationTest.cancelledUnsentIntentReleasesOnlyItsReferencesAndCannotRequeueReleasedSnapshot -- Time elapsed: 0.140 s <<< ERROR!
cn.dev33.satoken.exception.SaTokenContextException: SaTokenContext 上下文尚未初始化
	at cn.dev33.satoken.context.SaTokenContextForThreadLocalStaff.getModelBox(SaTokenContextForThreadLocalStaff.java:73)
	at cn.dev33.satoken.context.SaTokenContextForThreadLocal.getModelBox(SaTokenContextForThreadLocal.java:55)
	at cn.dev33.satoken.context.SaTokenContext.getStorage(SaTokenContext.java:86)
	at cn.dev33.satoken.context.SaHolder.getStorage(SaHolder.java:69)
	at cn.dev33.satoken.stp.StpLogic.setTokenValueToStorage(StpLogic.java:225)
	at cn.dev33.satoken.stp.StpLogic.setTokenValue(StpLogic.java:205)
	at cn.dev33.satoken.stp.StpLogic.login(StpLogic.java:465)
	at cn.dev33.satoken.stp.StpUtil.login(StpUtil.java:216)
	at org.namewta.common.satoken.utils.LoginHelper.login(LoginHelper.java:56)
	at org.namewta.test.notify.NotifyMailAttachmentIntegrationTest.login(NotifyMailAttachmentIntegrationTest.java:841)
	at org.namewta.test.notify.NotifyMailAttachmentIntegrationTest.submit(NotifyMailAttachmentIntegrationTest.java:817)
	at org.namewta.test.notify.NotifyMailAttachmentIntegrationTest.submit(NotifyMailAttachmentIntegrationTest.java:811)
	at org.namewta.test.notify.NotifyMailAttachmentIntegrationTest.cancelledUnsentIntentReleasesOnlyItsReferencesAndCannotRequeueReleasedSnapshot(NotifyMailAttachmentIntegrationTest.java:623)

[ERROR] org.namewta.test.notify.NotifyMailAttachmentIntegrationTest.undeliverableMailWithoutOutboxReleasesItsSourceReference -- Time elapsed: 0.159 s <<< ERROR!
cn.dev33.satoken.exception.SaTokenContextException: SaTokenContext 上下文尚未初始化
	at cn.dev33.satoken.context.SaTokenContextForThreadLocalStaff.getModelBox(SaTokenContextForThreadLocalStaff.java:73)
	at cn.dev33.satoken.context.SaTokenContextForThreadLocal.getModelBox(SaTokenContextForThreadLocal.java:55)
	at cn.dev33.satoken.context.SaTokenContext.getStorage(SaTokenContext.java:86)
	at cn.dev33.satoken.context.SaHolder.getStorage(SaHolder.java:69)
	at cn.dev33.satoken.stp.StpLogic.setTokenValueToStorage(StpLogic.java:225)
	at cn.dev33.satoken.stp.StpLogic.setTokenValue(StpLogic.java:205)
	at cn.dev33.satoken.stp.StpLogic.login(StpLogic.java:465)
	at cn.dev33.satoken.stp.StpUtil.login(StpUtil.java:216)
	at org.namewta.common.satoken.utils.LoginHelper.login(LoginHelper.java:56)
	at org.namewta.test.notify.NotifyMailAttachmentIntegrationTest.login(NotifyMailAttachmentIntegrationTest.java:841)
	at org.namewta.test.notify.NotifyMailAttachmentIntegrationTest.undeliverableMailWithoutOutboxReleasesItsSourceReference(NotifyMailAttachmentIntegrationTest.java:652)

[ERROR] org.namewta.test.notify.NotifyMailAttachmentIntegrationTest.reservedPhysicalSendSurvivesCancelAndExpiredLeaseReclaim -- Time elapsed: 0.145 s <<< ERROR!
cn.dev33.satoken.exception.SaTokenContextException: SaTokenContext 上下文尚未初始化
	at cn.dev33.satoken.context.SaTokenContextForThreadLocalStaff.getModelBox(SaTokenContextForThreadLocalStaff.java:73)
	at cn.dev33.satoken.context.SaTokenContextForThreadLocal.getModelBox(SaTokenContextForThreadLocal.java:55)
	at cn.dev33.satoken.context.SaTokenContext.getStorage(SaTokenContext.java:86)
	at cn.dev33.satoken.context.SaHolder.getStorage(SaHolder.java:69)
	at cn.dev33.satoken.stp.StpLogic.setTokenValueToStorage(StpLogic.java:225)
	at cn.dev33.satoken.stp.StpLogic.setTokenValue(StpLogic.java:205)
	at cn.dev33.satoken.stp.StpLogic.login(StpLogic.java:465)
	at cn.dev33.satoken.stp.StpUtil.login(StpUtil.java:216)
	at org.namewta.common.satoken.utils.LoginHelper.login(LoginHelper.java:56)
	at org.namewta.test.notify.NotifyMailAttachmentIntegrationTest.login(NotifyMailAttachmentIntegrationTest.java:841)
	at org.namewta.test.notify.NotifyMailAttachmentIntegrationTest.submit(NotifyMailAttachmentIntegrationTest.java:817)
	at org.namewta.test.notify.NotifyMailAttachmentIntegrationTest.submit(NotifyMailAttachmentIntegrationTest.java:811)
	at org.namewta.test.notify.NotifyMailAttachmentIntegrationTest.reservedPhysicalSendSurvivesCancelAndExpiredLeaseReclaim(NotifyMailAttachmentIntegrationTest.java:684)

[ERROR] org.namewta.test.notify.NotifyMailAttachmentIntegrationTest.attachmentMapperRejectsStaleVersionAndHidesLogicalDelete -- Time elapsed: 0.135 s <<< ERROR!
cn.dev33.satoken.exception.SaTokenContextException: SaTokenContext 上下文尚未初始化
	at cn.dev33.satoken.context.SaTokenContextForThreadLocalStaff.getModelBox(SaTokenContextForThreadLocalStaff.java:73)
	at cn.dev33.satoken.context.SaTokenContextForThreadLocal.getModelBox(SaTokenContextForThreadLocal.java:55)
	at cn.dev33.satoken.context.SaTokenContext.getStorage(SaTokenContext.java:86)
	at cn.dev33.satoken.context.SaHolder.getStorage(SaHolder.java:69)
	at cn.dev33.satoken.stp.StpLogic.setTokenValueToStorage(StpLogic.java:225)
	at cn.dev33.satoken.stp.StpLogic.setTokenValue(StpLogic.java:205)
	at cn.dev33.satoken.stp.StpLogic.login(StpLogic.java:465)
	at cn.dev33.satoken.stp.StpUtil.login(StpUtil.java:216)
	at org.namewta.common.satoken.utils.LoginHelper.login(LoginHelper.java:56)
	at org.namewta.test.notify.NotifyMailAttachmentIntegrationTest.login(NotifyMailAttachmentIntegrationTest.java:841)
	at org.namewta.test.notify.NotifyMailAttachmentIntegrationTest.submit(NotifyMailAttachmentIntegrationTest.java:817)
	at org.namewta.test.notify.NotifyMailAttachmentIntegrationTest.submit(NotifyMailAttachmentIntegrationTest.java:811)
	at org.namewta.test.notify.NotifyMailAttachmentIntegrationTest.attachmentMapperRejectsStaleVersionAndHidesLogicalDelete(NotifyMailAttachmentIntegrationTest.java:730)

[ERROR] org.namewta.test.notify.NotifyMailAttachmentIntegrationTest.secondAttachmentConfirmationFailureKeepsFirstReadyAndAllReferences -- Time elapsed: 0.141 s <<< ERROR!
cn.dev33.satoken.exception.SaTokenContextException: SaTokenContext 上下文尚未初始化
	at cn.dev33.satoken.context.SaTokenContextForThreadLocalStaff.getModelBox(SaTokenContextForThreadLocalStaff.java:73)
	at cn.dev33.satoken.context.SaTokenContextForThreadLocal.getModelBox(SaTokenContextForThreadLocal.java:55)
	at cn.dev33.satoken.context.SaTokenContext.getStorage(SaTokenContext.java:86)
	at cn.dev33.satoken.context.SaHolder.getStorage(SaHolder.java:69)
	at cn.dev33.satoken.stp.StpLogic.setTokenValueToStorage(StpLogic.java:225)
	at cn.dev33.satoken.stp.StpLogic.setTokenValue(StpLogic.java:205)
	at cn.dev33.satoken.stp.StpLogic.login(StpLogic.java:465)
	at cn.dev33.satoken.stp.StpUtil.login(StpUtil.java:216)
	at org.namewta.common.satoken.utils.LoginHelper.login(LoginHelper.java:56)
	at org.namewta.test.notify.NotifyMailAttachmentIntegrationTest.login(NotifyMailAttachmentIntegrationTest.java:841)
	at org.namewta.test.notify.NotifyMailAttachmentIntegrationTest.submit(NotifyMailAttachmentIntegrationTest.java:817)
	at org.namewta.test.notify.NotifyMailAttachmentIntegrationTest.submit(NotifyMailAttachmentIntegrationTest.java:811)
	at org.namewta.test.notify.NotifyMailAttachmentIntegrationTest.secondAttachmentConfirmationFailureKeepsFirstReadyAndAllReferences(NotifyMailAttachmentIntegrationTest.java:754)

[ERROR] org.namewta.test.notify.NotifyMailAttachmentIntegrationTest.failedSecondSendReservationRollsBackEveryRelationAndNeverCallsSender -- Time elapsed: 0.158 s <<< ERROR!
cn.dev33.satoken.exception.SaTokenContextException: SaTokenContext 上下文尚未初始化
	at cn.dev33.satoken.context.SaTokenContextForThreadLocalStaff.getModelBox(SaTokenContextForThreadLocalStaff.java:73)
	at cn.dev33.satoken.context.SaTokenContextForThreadLocal.getModelBox(SaTokenContextForThreadLocal.java:55)
	at cn.dev33.satoken.context.SaTokenContext.getStorage(SaTokenContext.java:86)
	at cn.dev33.satoken.context.SaHolder.getStorage(SaHolder.java:69)
	at cn.dev33.satoken.stp.StpLogic.setTokenValueToStorage(StpLogic.java:225)
	at cn.dev33.satoken.stp.StpLogic.setTokenValue(StpLogic.java:205)
	at cn.dev33.satoken.stp.StpLogic.login(StpLogic.java:465)
	at cn.dev33.satoken.stp.StpUtil.login(StpUtil.java:216)
	at org.namewta.common.satoken.utils.LoginHelper.login(LoginHelper.java:56)
	at org.namewta.test.notify.NotifyMailAttachmentIntegrationTest.login(NotifyMailAttachmentIntegrationTest.java:841)
	at org.namewta.test.notify.NotifyMailAttachmentIntegrationTest.submit(NotifyMailAttachmentIntegrationTest.java:817)
	at org.namewta.test.notify.NotifyMailAttachmentIntegrationTest.submit(NotifyMailAttachmentIntegrationTest.java:811)
	at org.namewta.test.notify.NotifyMailAttachmentIntegrationTest.failedSecondSendReservationRollsBackEveryRelationAndNeverCallsSender(NotifyMailAttachmentIntegrationTest.java:787)

[INFO] 
[INFO] Results:
[INFO] 
[ERROR] Errors: 
[ERROR]   NotifyMailAttachmentIntegrationTest.attachmentMapperRejectsStaleVersionAndHidesLogicalDelete:730->submit:811->submit:817->login:841 » SaTokenContext SaTokenContext 上下文尚未初始化
[ERROR]   NotifyMailAttachmentIntegrationTest.authorizedSourceIsPrivateSnapshotWithRealBytesAndStableOwner:259->submit:811->submit:817->login:841 » SaTokenContext SaTokenContext 上下文尚未初始化
[ERROR]   NotifyMailAttachmentIntegrationTest.cancelledUnsentIntentReleasesOnlyItsReferencesAndCannotRequeueReleasedSnapshot:623->submit:811->submit:817->login:841 » SaTokenContext SaTokenContext 上下文尚未初始化
[ERROR]   NotifyMailAttachmentIntegrationTest.copyCrossingLeaseFenceCannotInvokePhysicalMailSender:442->submit:811->submit:817->login:841 » SaTokenContext SaTokenContext 上下文尚未初始化
[ERROR]   NotifyMailAttachmentIntegrationTest.copyCrossingPersistedExpiryCannotInvokePhysicalMailSender:571->submit:811->submit:817->login:841 » SaTokenContext SaTokenContext 上下文尚未初始化
[ERROR]   NotifyMailAttachmentIntegrationTest.duplicateKeepsOneIntentAndRejectsChangedAttachmentSet:288->submit:817->login:841 » SaTokenContext SaTokenContext 上下文尚未初始化
[ERROR]   NotifyMailAttachmentIntegrationTest.failedSecondSendReservationRollsBackEveryRelationAndNeverCallsSender:787->submit:811->submit:817->login:841 » SaTokenContext SaTokenContext 上下文尚未初始化
[ERROR]   NotifyMailAttachmentIntegrationTest.invalidOwnerAndQueuedSourceRevocationNeverReachSmtp:327->submit:811->submit:817->login:841 » SaTokenContext SaTokenContext 上下文尚未初始化
[ERROR]   NotifyMailAttachmentIntegrationTest.latePutAfterSharedDeadlineRemainsOwnedUnknownAndCannotSend:462->submit:811->submit:817->login:841 » SaTokenContext SaTokenContext 上下文尚未初始化
[ERROR]   NotifyMailAttachmentIntegrationTest.lostPutAcknowledgementStaysUnknownWithoutResendOrUnownedSnapshot:416->submit:811->submit:817->login:841 » SaTokenContext SaTokenContext 上下文尚未初始化
[ERROR]   NotifyMailAttachmentIntegrationTest.multipleAttachmentsReachMailSenderInSubmissionOrder:526->submit:811->submit:817->login:841 » SaTokenContext SaTokenContext 上下文尚未初始化
[ERROR]   NotifyMailAttachmentIntegrationTest.noAttachmentSubmitAndWorkerEachMakeZeroOssRequests:240->submit:811->submit:817->login:841 » SaTokenContext SaTokenContext 上下文尚未初始化
[ERROR]   NotifyMailAttachmentIntegrationTest.publicReadSourceCopiesIntoCurrentPrivateTargetAndMissingPrivateFailsClosed:494->submit:811->submit:817->login:841 » SaTokenContext SaTokenContext 上下文尚未初始化
[ERROR]   NotifyMailAttachmentIntegrationTest.readySnapshotRechecksCurrentClientGrantAndPrivateTarget:594->submit:811->submit:817->login:841 » SaTokenContext SaTokenContext 上下文尚未初始化
[ERROR]   NotifyMailAttachmentIntegrationTest.relationResultWriteFailureRetainsOwnedUnknownAndNoSmtp:388->submit:811->submit:817->login:841 » SaTokenContext SaTokenContext 上下文尚未初始化
[ERROR]   NotifyMailAttachmentIntegrationTest.reservedPhysicalSendSurvivesCancelAndExpiredLeaseReclaim:684->submit:811->submit:817->login:841 » SaTokenContext SaTokenContext 上下文尚未初始化
[ERROR]   NotifyMailAttachmentIntegrationTest.sameIdempotencyKeyConcurrentSubmissionReturnsOneOwnedRelation:555 » Execution cn.dev33.satoken.exception.SaTokenContextException: SaTokenContext 上下文尚未初始化
[ERROR]   NotifyMailAttachmentIntegrationTest.secondAttachmentConfirmationFailureKeepsFirstReadyAndAllReferences:754->submit:811->submit:817->login:841 » SaTokenContext SaTokenContext 上下文尚未初始化
[ERROR]   NotifyMailAttachmentIntegrationTest.twoRecipientsShareOneOrderedPrivateSnapshot:358->login:841 » SaTokenContext SaTokenContext 上下文尚未初始化
[ERROR]   NotifyMailAttachmentIntegrationTest.undeliverableMailWithoutOutboxReleasesItsSourceReference:652->login:841 » SaTokenContext SaTokenContext 上下文尚未初始化
[INFO] 
[ERROR] Tests run: 20, Failures: 0, Errors: 20, Skipped: 0
[INFO] 
[INFO] ------------------------------------------------------------------------
[INFO] Reactor Summary for WTA-Plus 6.0.0:
[INFO] 
[INFO] WTA-Plus ........................................... SUCCESS [  0.250 s]
[INFO] wta-common ......................................... SUCCESS [  0.122 s]
[INFO] wta-common-core .................................... SUCCESS [  0.597 s]
[INFO] wta-common-doc ..................................... SUCCESS [  0.210 s]
[INFO] wta-common-json .................................... SUCCESS [  0.082 s]
[INFO] wta-common-redis ................................... SUCCESS [  0.238 s]
[INFO] wta-common-social .................................. SUCCESS [  0.096 s]
[INFO] wta-common-nacos ................................... SUCCESS [  0.119 s]
[INFO] wta-common-notify .................................. SUCCESS [  0.087 s]
[INFO] wta-common-mail .................................... SUCCESS [  0.081 s]
[INFO] wta-common-mcp ..................................... SUCCESS [  0.133 s]
[INFO] wta-api ............................................ SUCCESS [  0.068 s]
[INFO] wta-common-satoken ................................. SUCCESS [  0.088 s]
[INFO] wta-common-openapi ................................. SUCCESS [  0.094 s]
[INFO] wta-common-mybatis ................................. SUCCESS [  0.205 s]
[INFO] wta-common-translation ............................. SUCCESS [  0.068 s]
[INFO] wta-common-oss ..................................... SUCCESS [  0.195 s]
[INFO] wta-common-log ..................................... SUCCESS [  0.082 s]
[INFO] wta-common-excel ................................... SUCCESS [  0.101 s]
[INFO] wta-common-sms ..................................... SUCCESS [  0.073 s]
[INFO] wta-common-security ................................ SUCCESS [  0.053 s]
[INFO] wta-common-web ..................................... SUCCESS [  0.144 s]
[INFO] wta-common-sensitive ............................... SUCCESS [  0.051 s]
[INFO] wta-common-encrypt ................................. SUCCESS [  0.056 s]
[INFO] wta-common-push .................................... SUCCESS [  0.066 s]
[INFO] wta-modules ........................................ SUCCESS [  0.034 s]
[INFO] wta-system ......................................... SUCCESS [  0.118 s]
[INFO] wta-third .......................................... SUCCESS [  0.105 s]
[INFO] wta-notify ......................................... SUCCESS [  3.035 s]
[INFO] wta-sso ............................................ SUCCESS [  0.101 s]
[INFO] wta-common-job ..................................... SUCCESS [  0.126 s]
[INFO] wta-job ............................................ SUCCESS [  0.057 s]
[INFO] wta-common-ai ...................................... SUCCESS [  0.068 s]
[INFO] wta-ai ............................................. SUCCESS [  0.051 s]
[INFO] wta-common-richtext ................................ SUCCESS [  0.055 s]
[INFO] wta-common-elasticsearch ........................... SUCCESS [  0.073 s]
[INFO] wta-common-mqtt .................................... SUCCESS [  0.053 s]
[INFO] wta-demo ........................................... SUCCESS [  0.102 s]
[INFO] wta-common-liteflow ................................ SUCCESS [  0.074 s]
[INFO] wta-workflow ....................................... SUCCESS [  0.134 s]
[INFO] wta-profile ........................................ SUCCESS [  0.041 s]
[INFO] wta-profile-person ................................. SUCCESS [  1.711 s]
[INFO] wta-profile-enterprise ............................. SUCCESS [  1.291 s]
[INFO] wta-admin .......................................... FAILURE [ 27.583 s]
[INFO] ------------------------------------------------------------------------
[INFO] BUILD FAILURE
[INFO] ------------------------------------------------------------------------
[INFO] Total time:  38.762 s
[INFO] Finished at: 2026-09-24T02:21:47-04:00
[INFO] ------------------------------------------------------------------------
[ERROR] Failed to execute goal org.apache.maven.plugins:maven-surefire-plugin:3.5.5:test (default-test) on project wta-admin: 
[ERROR] 
[ERROR] See /srv/WTA-plus/backend/wta-admin/target/surefire-reports for the individual test results.
[ERROR] See dump files (if any exist) [date].dump, [date]-jvmRun[N].dump and [date].dumpstream.
[ERROR] -> [Help 1]
[ERROR] 
[ERROR] To see the full stack trace of the errors, re-run Maven with the -e switch.
[ERROR] Re-run Maven using the -X switch to enable full debug logging.
[ERROR] 
[ERROR] For more information about the errors and possible solutions, please read the following articles:
[ERROR] [Help 1] http://cwiki.apache.org/confluence/display/MAVEN/MojoFailureException
[ERROR] 
[ERROR] After correcting the problems, you can resume the build with the command
[ERROR]   mvn <args> -rf :wta-admin
