[INFO] Scanning for projects...
[INFO] ------------------------------------------------------------------------
[INFO] Reactor Build Order:
[INFO] 
[INFO] WTA-Plus                                                           [pom]
[INFO] wta-common                                                         [pom]
[INFO] wta-common-core                                                    [jar]
[INFO] wta-common-doc                                                     [jar]
[INFO] wta-common-json                                                    [jar]
[INFO] wta-common-redis                                                   [jar]
[INFO] wta-common-social                                                  [jar]
[INFO] wta-common-nacos                                                   [jar]
[INFO] wta-common-notify                                                  [jar]
[INFO] wta-common-mail                                                    [jar]
[INFO] wta-common-mcp                                                     [jar]
[INFO] wta-api                                                            [jar]
[INFO] wta-common-satoken                                                 [jar]
[INFO] wta-common-openapi                                                 [jar]
[INFO] wta-common-mybatis                                                 [jar]
[INFO] wta-common-translation                                             [jar]
[INFO] wta-common-oss                                                     [jar]
[INFO] wta-common-log                                                     [jar]
[INFO] wta-common-excel                                                   [jar]
[INFO] wta-common-sms                                                     [jar]
[INFO] wta-common-security                                                [jar]
[INFO] wta-common-web                                                     [jar]
[INFO] wta-common-sensitive                                               [jar]
[INFO] wta-common-encrypt                                                 [jar]
[INFO] wta-common-push                                                    [jar]
[INFO] wta-modules                                                        [pom]
[INFO] wta-system                                                         [jar]
[INFO] wta-third                                                          [jar]
[INFO] wta-notify                                                         [jar]
[INFO] wta-sso                                                            [jar]
[INFO] wta-common-job                                                     [jar]
[INFO] wta-job                                                            [jar]
[INFO] wta-common-ai                                                      [jar]
[INFO] wta-ai                                                             [jar]
[INFO] wta-common-richtext                                                [jar]
[INFO] wta-common-elasticsearch                                           [jar]
[INFO] wta-common-mqtt                                                    [jar]
[INFO] wta-demo                                                           [jar]
[INFO] wta-common-liteflow                                                [jar]
[INFO] wta-workflow                                                       [jar]
[INFO] wta-profile                                                        [pom]
[INFO] wta-profile-person                                                 [jar]
[INFO] wta-profile-enterprise                                             [jar]
[INFO] wta-admin                                                          [jar]
[INFO] 
[INFO] ----------------------< org.namewta:wta-vue-plus >----------------------
[INFO] Building WTA-Plus 6.0.0                                           [1/44]
[INFO]   from pom.xml
[INFO] --------------------------------[ pom ]---------------------------------
[INFO] 
[INFO] --- flatten:1.7.3:flatten (flatten) @ wta-vue-plus ---
[INFO] Generating flattened POM of project org.namewta:wta-vue-plus:pom:6.0.0...
[INFO] 
[INFO] -----------------------< org.namewta:wta-common >-----------------------
[INFO] Building wta-common 6.0.0                                         [2/44]
[INFO]   from wta-common/pom.xml
[INFO] --------------------------------[ pom ]---------------------------------
[INFO] 
[INFO] --- flatten:1.7.3:flatten (flatten) @ wta-common ---
[INFO] Generating flattened POM of project org.namewta:wta-common:pom:6.0.0...
[INFO] 
[INFO] --------------------< org.namewta:wta-common-core >---------------------
[INFO] Building wta-common-core 6.0.0                                    [3/44]
[INFO]   from wta-common/wta-common-core/pom.xml
[INFO] --------------------------------[ jar ]---------------------------------
[INFO] 
[INFO] --- resources:3.3.1:resources (default-resources) @ wta-common-core ---
[INFO] Copying 1 resource from src/main/resources to target/classes
[INFO] Copying 0 resource from src/main/resources to target/classes
[INFO] 
[INFO] --- flatten:1.7.3:flatten (flatten) @ wta-common-core ---
[INFO] Generating flattened POM of project org.namewta:wta-common-core:jar:6.0.0...
[INFO] 
[INFO] --- compiler:3.15.0:compile (default-compile) @ wta-common-core ---
[INFO] Nothing to compile - all classes are up to date.
[INFO] 
[INFO] --- resources:3.3.1:testResources (default-testResources) @ wta-common-core ---
[INFO] skip non existing resourceDirectory /srv/WTA-plus/backend/wta-common/wta-common-core/src/test/resources
[INFO] 
[INFO] --- compiler:3.15.0:testCompile (default-testCompile) @ wta-common-core ---
[INFO] Nothing to compile - all classes are up to date.
[INFO] 
[INFO] --- surefire:3.5.5:test (default-test) @ wta-common-core ---
[INFO] 
[INFO] ---------------------< org.namewta:wta-common-doc >---------------------
[INFO] Building wta-common-doc 6.0.0                                     [4/44]
[INFO]   from wta-common/wta-common-doc/pom.xml
[INFO] --------------------------------[ jar ]---------------------------------
[INFO] 
[INFO] --- resources:3.3.1:resources (default-resources) @ wta-common-doc ---
[INFO] Copying 1 resource from src/main/resources to target/classes
[INFO] Copying 0 resource from src/main/resources to target/classes
[INFO] 
[INFO] --- flatten:1.7.3:flatten (flatten) @ wta-common-doc ---
[INFO] Generating flattened POM of project org.namewta:wta-common-doc:jar:6.0.0...
[INFO] 
[INFO] --- compiler:3.15.0:compile (default-compile) @ wta-common-doc ---
[INFO] Nothing to compile - all classes are up to date.
[INFO] 
[INFO] --- resources:3.3.1:testResources (default-testResources) @ wta-common-doc ---
[INFO] skip non existing resourceDirectory /srv/WTA-plus/backend/wta-common/wta-common-doc/src/test/resources
[INFO] 
[INFO] --- compiler:3.15.0:testCompile (default-testCompile) @ wta-common-doc ---
[INFO] No sources to compile
[INFO] 
[INFO] --- surefire:3.5.5:test (default-test) @ wta-common-doc ---
[INFO] No tests to run.
[INFO] 
[INFO] --------------------< org.namewta:wta-common-json >---------------------
[INFO] Building wta-common-json 6.0.0                                    [5/44]
[INFO]   from wta-common/wta-common-json/pom.xml
[INFO] --------------------------------[ jar ]---------------------------------
[INFO] 
[INFO] --- resources:3.3.1:resources (default-resources) @ wta-common-json ---
[INFO] Copying 1 resource from src/main/resources to target/classes
[INFO] Copying 0 resource from src/main/resources to target/classes
[INFO] 
[INFO] --- flatten:1.7.3:flatten (flatten) @ wta-common-json ---
[INFO] Generating flattened POM of project org.namewta:wta-common-json:jar:6.0.0...
[INFO] 
[INFO] --- compiler:3.15.0:compile (default-compile) @ wta-common-json ---
[INFO] Nothing to compile - all classes are up to date.
[INFO] 
[INFO] --- resources:3.3.1:testResources (default-testResources) @ wta-common-json ---
[INFO] skip non existing resourceDirectory /srv/WTA-plus/backend/wta-common/wta-common-json/src/test/resources
[INFO] 
[INFO] --- compiler:3.15.0:testCompile (default-testCompile) @ wta-common-json ---
[INFO] Nothing to compile - all classes are up to date.
[INFO] 
[INFO] --- surefire:3.5.5:test (default-test) @ wta-common-json ---
[INFO] 
[INFO] --------------------< org.namewta:wta-common-redis >--------------------
[INFO] Building wta-common-redis 6.0.0                                   [6/44]
[INFO]   from wta-common/wta-common-redis/pom.xml
[INFO] --------------------------------[ jar ]---------------------------------
[INFO] 
[INFO] --- resources:3.3.1:resources (default-resources) @ wta-common-redis ---
[INFO] Copying 2 resources from src/main/resources to target/classes
[INFO] Copying 0 resource from src/main/resources to target/classes
[INFO] 
[INFO] --- flatten:1.7.3:flatten (flatten) @ wta-common-redis ---
[INFO] Generating flattened POM of project org.namewta:wta-common-redis:jar:6.0.0...
[INFO] 
[INFO] --- compiler:3.15.0:compile (default-compile) @ wta-common-redis ---
[INFO] Nothing to compile - all classes are up to date.
[INFO] 
[INFO] --- resources:3.3.1:testResources (default-testResources) @ wta-common-redis ---
[INFO] skip non existing resourceDirectory /srv/WTA-plus/backend/wta-common/wta-common-redis/src/test/resources
[INFO] 
[INFO] --- compiler:3.15.0:testCompile (default-testCompile) @ wta-common-redis ---
[INFO] Nothing to compile - all classes are up to date.
[INFO] 
[INFO] --- surefire:3.5.5:test (default-test) @ wta-common-redis ---
[INFO] Using auto detected provider org.apache.maven.surefire.junitplatform.JUnitPlatformProvider
[INFO] 
[INFO] -------------------------------------------------------
[INFO]  T E S T S
[INFO] -------------------------------------------------------
[INFO] Running org.namewta.common.redis.utils.RedisUtilsDeadlineIntegrationTest
09:58:08.445 [main] INFO org.namewta.common.redis.config.RedisConfig -- 初始化 redis 配置
09:58:08.493 [main] INFO org.redisson.Version -- Redisson 4.6.1
09:58:08.819 [redisson-netty-1-1] INFO org.redisson.connection.ConnectionsHolder -- 1 connections initialized for 127.0.0.1/127.0.0.1:32829
09:58:08.819 [redisson-netty-1-2] INFO org.redisson.connection.ConnectionsHolder -- 1 connections initialized for 127.0.0.1/127.0.0.1:32829
[INFO] Tests run: 2, Failures: 0, Errors: 0, Skipped: 0, Time elapsed: 1.204 s -- in org.namewta.common.redis.utils.RedisUtilsDeadlineIntegrationTest
[INFO] 
[INFO] Results:
[INFO] 
[INFO] Tests run: 2, Failures: 0, Errors: 0, Skipped: 0
[INFO] 
[INFO] 
[INFO] -------------------< org.namewta:wta-common-social >--------------------
[INFO] Building wta-common-social 6.0.0                                  [7/44]
[INFO]   from wta-common/wta-common-social/pom.xml
[INFO] --------------------------------[ jar ]---------------------------------
[INFO] 
[INFO] --- resources:3.3.1:resources (default-resources) @ wta-common-social ---
[INFO] Copying 1 resource from src/main/resources to target/classes
[INFO] Copying 0 resource from src/main/resources to target/classes
[INFO] 
[INFO] --- flatten:1.7.3:flatten (flatten) @ wta-common-social ---
[INFO] Generating flattened POM of project org.namewta:wta-common-social:jar:6.0.0...
[INFO] 
[INFO] --- compiler:3.15.0:compile (default-compile) @ wta-common-social ---
[INFO] Nothing to compile - all classes are up to date.
[INFO] 
[INFO] --- resources:3.3.1:testResources (default-testResources) @ wta-common-social ---
[INFO] skip non existing resourceDirectory /srv/WTA-plus/backend/wta-common/wta-common-social/src/test/resources
[INFO] 
[INFO] --- compiler:3.15.0:testCompile (default-testCompile) @ wta-common-social ---
[INFO] No sources to compile
[INFO] 
[INFO] --- surefire:3.5.5:test (default-test) @ wta-common-social ---
[INFO] No tests to run.
[INFO] 
[INFO] --------------------< org.namewta:wta-common-nacos >--------------------
[INFO] Building wta-common-nacos 6.0.0                                   [8/44]
[INFO]   from wta-common/wta-common-nacos/pom.xml
[INFO] --------------------------------[ jar ]---------------------------------
[INFO] 
[INFO] --- resources:3.3.1:resources (default-resources) @ wta-common-nacos ---
[INFO] Copying 2 resources from src/main/resources to target/classes
[INFO] Copying 0 resource from src/main/resources to target/classes
[INFO] 
[INFO] --- flatten:1.7.3:flatten (flatten) @ wta-common-nacos ---
[INFO] Generating flattened POM of project org.namewta:wta-common-nacos:jar:6.0.0...
[INFO] 
[INFO] --- compiler:3.15.0:compile (default-compile) @ wta-common-nacos ---
[INFO] Nothing to compile - all classes are up to date.
[INFO] 
[INFO] --- resources:3.3.1:testResources (default-testResources) @ wta-common-nacos ---
[INFO] skip non existing resourceDirectory /srv/WTA-plus/backend/wta-common/wta-common-nacos/src/test/resources
[INFO] 
[INFO] --- compiler:3.15.0:testCompile (default-testCompile) @ wta-common-nacos ---
[INFO] Nothing to compile - all classes are up to date.
[INFO] 
[INFO] --- surefire:3.5.5:test (default-test) @ wta-common-nacos ---
[INFO] 
[INFO] -------------------< org.namewta:wta-common-notify >--------------------
[INFO] Building wta-common-notify 6.0.0                                  [9/44]
[INFO]   from wta-common/wta-common-notify/pom.xml
[INFO] --------------------------------[ jar ]---------------------------------
[INFO] 
[INFO] --- resources:3.3.1:resources (default-resources) @ wta-common-notify ---
[INFO] Copying 1 resource from src/main/resources to target/classes
[INFO] Copying 0 resource from src/main/resources to target/classes
[INFO] 
[INFO] --- flatten:1.7.3:flatten (flatten) @ wta-common-notify ---
[INFO] Generating flattened POM of project org.namewta:wta-common-notify:jar:6.0.0...
[INFO] 
[INFO] --- compiler:3.15.0:compile (default-compile) @ wta-common-notify ---
[INFO] Nothing to compile - all classes are up to date.
[INFO] 
[INFO] --- resources:3.3.1:testResources (default-testResources) @ wta-common-notify ---
[INFO] skip non existing resourceDirectory /srv/WTA-plus/backend/wta-common/wta-common-notify/src/test/resources
[INFO] 
[INFO] --- compiler:3.15.0:testCompile (default-testCompile) @ wta-common-notify ---
[INFO] No sources to compile
[INFO] 
[INFO] --- surefire:3.5.5:test (default-test) @ wta-common-notify ---
[INFO] No tests to run.
[INFO] 
[INFO] --------------------< org.namewta:wta-common-mail >---------------------
[INFO] Building wta-common-mail 6.0.0                                   [10/44]
[INFO]   from wta-common/wta-common-mail/pom.xml
[INFO] --------------------------------[ jar ]---------------------------------
[INFO] 
[INFO] --- resources:3.3.1:resources (default-resources) @ wta-common-mail ---
[INFO] Copying 1 resource from src/main/resources to target/classes
[INFO] Copying 0 resource from src/main/resources to target/classes
[INFO] 
[INFO] --- flatten:1.7.3:flatten (flatten) @ wta-common-mail ---
[INFO] Generating flattened POM of project org.namewta:wta-common-mail:jar:6.0.0...
[INFO] 
[INFO] --- compiler:3.15.0:compile (default-compile) @ wta-common-mail ---
[INFO] Nothing to compile - all classes are up to date.
[INFO] 
[INFO] --- resources:3.3.1:testResources (default-testResources) @ wta-common-mail ---
[INFO] skip non existing resourceDirectory /srv/WTA-plus/backend/wta-common/wta-common-mail/src/test/resources
[INFO] 
[INFO] --- compiler:3.15.0:testCompile (default-testCompile) @ wta-common-mail ---
[INFO] No sources to compile
[INFO] 
[INFO] --- surefire:3.5.5:test (default-test) @ wta-common-mail ---
[INFO] No tests to run.
[INFO] 
[INFO] ---------------------< org.namewta:wta-common-mcp >---------------------
[INFO] Building wta-common-mcp 6.0.0                                    [11/44]
[INFO]   from wta-common/wta-common-mcp/pom.xml
[INFO] --------------------------------[ jar ]---------------------------------
[INFO] 
[INFO] --- resources:3.3.1:resources (default-resources) @ wta-common-mcp ---
[INFO] Copying 1 resource from src/main/resources to target/classes
[INFO] Copying 0 resource from src/main/resources to target/classes
[INFO] 
[INFO] --- flatten:1.7.3:flatten (flatten) @ wta-common-mcp ---
[INFO] Generating flattened POM of project org.namewta:wta-common-mcp:jar:6.0.0...
[INFO] 
[INFO] --- compiler:3.15.0:compile (default-compile) @ wta-common-mcp ---
[INFO] Nothing to compile - all classes are up to date.
[INFO] 
[INFO] --- resources:3.3.1:testResources (default-testResources) @ wta-common-mcp ---
[INFO] skip non existing resourceDirectory /srv/WTA-plus/backend/wta-common/wta-common-mcp/src/test/resources
[INFO] 
[INFO] --- compiler:3.15.0:testCompile (default-testCompile) @ wta-common-mcp ---
[INFO] No sources to compile
[INFO] 
[INFO] --- surefire:3.5.5:test (default-test) @ wta-common-mcp ---
[INFO] No tests to run.
[INFO] 
[INFO] ------------------------< org.namewta:wta-api >-------------------------
[INFO] Building wta-api 6.0.0                                           [12/44]
[INFO]   from wta-api/pom.xml
[INFO] --------------------------------[ jar ]---------------------------------
[INFO] 
[INFO] --- resources:3.3.1:resources (default-resources) @ wta-api ---
[INFO] skip non existing resourceDirectory /srv/WTA-plus/backend/wta-api/src/main/resources
[INFO] skip non existing resourceDirectory /srv/WTA-plus/backend/wta-api/src/main/resources
[INFO] 
[INFO] --- flatten:1.7.3:flatten (flatten) @ wta-api ---
[INFO] Generating flattened POM of project org.namewta:wta-api:jar:6.0.0...
[INFO] 
[INFO] --- compiler:3.15.0:compile (default-compile) @ wta-api ---
[INFO] Nothing to compile - all classes are up to date.
[INFO] 
[INFO] --- resources:3.3.1:testResources (default-testResources) @ wta-api ---
[INFO] skip non existing resourceDirectory /srv/WTA-plus/backend/wta-api/src/test/resources
[INFO] 
[INFO] --- compiler:3.15.0:testCompile (default-testCompile) @ wta-api ---
[INFO] No sources to compile
[INFO] 
[INFO] --- surefire:3.5.5:test (default-test) @ wta-api ---
[INFO] No tests to run.
[INFO] 
[INFO] -------------------< org.namewta:wta-common-satoken >-------------------
[INFO] Building wta-common-satoken 6.0.0                                [13/44]
[INFO]   from wta-common/wta-common-satoken/pom.xml
[INFO] --------------------------------[ jar ]---------------------------------
[INFO] 
[INFO] --- resources:3.3.1:resources (default-resources) @ wta-common-satoken ---
[INFO] Copying 2 resources from src/main/resources to target/classes
[INFO] Copying 0 resource from src/main/resources to target/classes
[INFO] 
[INFO] --- flatten:1.7.3:flatten (flatten) @ wta-common-satoken ---
[INFO] Generating flattened POM of project org.namewta:wta-common-satoken:jar:6.0.0...
[INFO] 
[INFO] --- compiler:3.15.0:compile (default-compile) @ wta-common-satoken ---
[INFO] Nothing to compile - all classes are up to date.
[INFO] 
[INFO] --- resources:3.3.1:testResources (default-testResources) @ wta-common-satoken ---
[INFO] skip non existing resourceDirectory /srv/WTA-plus/backend/wta-common/wta-common-satoken/src/test/resources
[INFO] 
[INFO] --- compiler:3.15.0:testCompile (default-testCompile) @ wta-common-satoken ---
[INFO] No sources to compile
[INFO] 
[INFO] --- surefire:3.5.5:test (default-test) @ wta-common-satoken ---
[INFO] No tests to run.
[INFO] 
[INFO] -------------------< org.namewta:wta-common-openapi >-------------------
[INFO] Building wta-common-openapi 6.0.0                                [14/44]
[INFO]   from wta-common/wta-common-openapi/pom.xml
[INFO] --------------------------------[ jar ]---------------------------------
[INFO] 
[INFO] --- resources:3.3.1:resources (default-resources) @ wta-common-openapi ---
[INFO] Copying 1 resource from src/main/resources to target/classes
[INFO] Copying 0 resource from src/main/resources to target/classes
[INFO] 
[INFO] --- flatten:1.7.3:flatten (flatten) @ wta-common-openapi ---
[INFO] Generating flattened POM of project org.namewta:wta-common-openapi:jar:6.0.0...
[INFO] 
[INFO] --- compiler:3.15.0:compile (default-compile) @ wta-common-openapi ---
[INFO] Nothing to compile - all classes are up to date.
[INFO] 
[INFO] --- resources:3.3.1:testResources (default-testResources) @ wta-common-openapi ---
[INFO] skip non existing resourceDirectory /srv/WTA-plus/backend/wta-common/wta-common-openapi/src/test/resources
[INFO] 
[INFO] --- compiler:3.15.0:testCompile (default-testCompile) @ wta-common-openapi ---
[INFO] Nothing to compile - all classes are up to date.
[INFO] 
[INFO] --- surefire:3.5.5:test (default-test) @ wta-common-openapi ---
[INFO] 
[INFO] -------------------< org.namewta:wta-common-mybatis >-------------------
[INFO] Building wta-common-mybatis 6.0.0                                [15/44]
[INFO]   from wta-common/wta-common-mybatis/pom.xml
[INFO] --------------------------------[ jar ]---------------------------------
[INFO] 
[INFO] --- resources:3.3.1:resources (default-resources) @ wta-common-mybatis ---
[INFO] Copying 2 resources from src/main/resources to target/classes
[INFO] Copying 0 resource from src/main/resources to target/classes
[INFO] 
[INFO] --- flatten:1.7.3:flatten (flatten) @ wta-common-mybatis ---
[INFO] Generating flattened POM of project org.namewta:wta-common-mybatis:jar:6.0.0...
[INFO] 
[INFO] --- compiler:3.15.0:compile (default-compile) @ wta-common-mybatis ---
[INFO] Nothing to compile - all classes are up to date.
[INFO] 
[INFO] --- resources:3.3.1:testResources (default-testResources) @ wta-common-mybatis ---
[INFO] skip non existing resourceDirectory /srv/WTA-plus/backend/wta-common/wta-common-mybatis/src/test/resources
[INFO] 
[INFO] --- compiler:3.15.0:testCompile (default-testCompile) @ wta-common-mybatis ---
[INFO] No sources to compile
[INFO] 
[INFO] --- surefire:3.5.5:test (default-test) @ wta-common-mybatis ---
[INFO] No tests to run.
[INFO] 
[INFO] -----------------< org.namewta:wta-common-translation >-----------------
[INFO] Building wta-common-translation 6.0.0                            [16/44]
[INFO]   from wta-common/wta-common-translation/pom.xml
[INFO] --------------------------------[ jar ]---------------------------------
[INFO] 
[INFO] --- resources:3.3.1:resources (default-resources) @ wta-common-translation ---
[INFO] Copying 1 resource from src/main/resources to target/classes
[INFO] Copying 0 resource from src/main/resources to target/classes
[INFO] 
[INFO] --- flatten:1.7.3:flatten (flatten) @ wta-common-translation ---
[INFO] Generating flattened POM of project org.namewta:wta-common-translation:jar:6.0.0...
[INFO] 
[INFO] --- compiler:3.15.0:compile (default-compile) @ wta-common-translation ---
[INFO] Nothing to compile - all classes are up to date.
[INFO] 
[INFO] --- resources:3.3.1:testResources (default-testResources) @ wta-common-translation ---
[INFO] skip non existing resourceDirectory /srv/WTA-plus/backend/wta-common/wta-common-translation/src/test/resources
[INFO] 
[INFO] --- compiler:3.15.0:testCompile (default-testCompile) @ wta-common-translation ---
[INFO] No sources to compile
[INFO] 
[INFO] --- surefire:3.5.5:test (default-test) @ wta-common-translation ---
[INFO] No tests to run.
[INFO] 
[INFO] ---------------------< org.namewta:wta-common-oss >---------------------
[INFO] Building wta-common-oss 6.0.0                                    [17/44]
[INFO]   from wta-common/wta-common-oss/pom.xml
[INFO] --------------------------------[ jar ]---------------------------------
[INFO] 
[INFO] --- resources:3.3.1:resources (default-resources) @ wta-common-oss ---
[INFO] skip non existing resourceDirectory /srv/WTA-plus/backend/wta-common/wta-common-oss/src/main/resources
[INFO] skip non existing resourceDirectory /srv/WTA-plus/backend/wta-common/wta-common-oss/src/main/resources
[INFO] 
[INFO] --- flatten:1.7.3:flatten (flatten) @ wta-common-oss ---
[INFO] Generating flattened POM of project org.namewta:wta-common-oss:jar:6.0.0...
[INFO] 
[INFO] --- compiler:3.15.0:compile (default-compile) @ wta-common-oss ---
[INFO] Nothing to compile - all classes are up to date.
[INFO] 
[INFO] --- resources:3.3.1:testResources (default-testResources) @ wta-common-oss ---
[INFO] skip non existing resourceDirectory /srv/WTA-plus/backend/wta-common/wta-common-oss/src/test/resources
[INFO] 
[INFO] --- compiler:3.15.0:testCompile (default-testCompile) @ wta-common-oss ---
[INFO] No sources to compile
[INFO] 
[INFO] --- surefire:3.5.5:test (default-test) @ wta-common-oss ---
[INFO] No tests to run.
[INFO] 
[INFO] ---------------------< org.namewta:wta-common-log >---------------------
[INFO] Building wta-common-log 6.0.0                                    [18/44]
[INFO]   from wta-common/wta-common-log/pom.xml
[INFO] --------------------------------[ jar ]---------------------------------
[INFO] 
[INFO] --- resources:3.3.1:resources (default-resources) @ wta-common-log ---
[INFO] Copying 1 resource from src/main/resources to target/classes
[INFO] Copying 0 resource from src/main/resources to target/classes
[INFO] 
[INFO] --- flatten:1.7.3:flatten (flatten) @ wta-common-log ---
[INFO] Generating flattened POM of project org.namewta:wta-common-log:jar:6.0.0...
[INFO] 
[INFO] --- compiler:3.15.0:compile (default-compile) @ wta-common-log ---
[INFO] Nothing to compile - all classes are up to date.
[INFO] 
[INFO] --- resources:3.3.1:testResources (default-testResources) @ wta-common-log ---
[INFO] skip non existing resourceDirectory /srv/WTA-plus/backend/wta-common/wta-common-log/src/test/resources
[INFO] 
[INFO] --- compiler:3.15.0:testCompile (default-testCompile) @ wta-common-log ---
[INFO] Nothing to compile - all classes are up to date.
[INFO] 
[INFO] --- surefire:3.5.5:test (default-test) @ wta-common-log ---
[INFO] 
[INFO] --------------------< org.namewta:wta-common-excel >--------------------
[INFO] Building wta-common-excel 6.0.0                                  [19/44]
[INFO]   from wta-common/wta-common-excel/pom.xml
[INFO] --------------------------------[ jar ]---------------------------------
[INFO] 
[INFO] --- resources:3.3.1:resources (default-resources) @ wta-common-excel ---
[INFO] skip non existing resourceDirectory /srv/WTA-plus/backend/wta-common/wta-common-excel/src/main/resources
[INFO] skip non existing resourceDirectory /srv/WTA-plus/backend/wta-common/wta-common-excel/src/main/resources
[INFO] 
[INFO] --- flatten:1.7.3:flatten (flatten) @ wta-common-excel ---
[INFO] Generating flattened POM of project org.namewta:wta-common-excel:jar:6.0.0...
[INFO] 
[INFO] --- compiler:3.15.0:compile (default-compile) @ wta-common-excel ---
[INFO] Nothing to compile - all classes are up to date.
[INFO] 
[INFO] --- resources:3.3.1:testResources (default-testResources) @ wta-common-excel ---
[INFO] skip non existing resourceDirectory /srv/WTA-plus/backend/wta-common/wta-common-excel/src/test/resources
[INFO] 
[INFO] --- compiler:3.15.0:testCompile (default-testCompile) @ wta-common-excel ---
[INFO] No sources to compile
[INFO] 
[INFO] --- surefire:3.5.5:test (default-test) @ wta-common-excel ---
[INFO] No tests to run.
[INFO] 
[INFO] ---------------------< org.namewta:wta-common-sms >---------------------
[INFO] Building wta-common-sms 6.0.0                                    [20/44]
[INFO]   from wta-common/wta-common-sms/pom.xml
[INFO] --------------------------------[ jar ]---------------------------------
[INFO] 
[INFO] --- resources:3.3.1:resources (default-resources) @ wta-common-sms ---
[INFO] Copying 1 resource from src/main/resources to target/classes
[INFO] Copying 0 resource from src/main/resources to target/classes
[INFO] 
[INFO] --- flatten:1.7.3:flatten (flatten) @ wta-common-sms ---
[INFO] Generating flattened POM of project org.namewta:wta-common-sms:jar:6.0.0...
[INFO] 
[INFO] --- compiler:3.15.0:compile (default-compile) @ wta-common-sms ---
[INFO] Nothing to compile - all classes are up to date.
[INFO] 
[INFO] --- resources:3.3.1:testResources (default-testResources) @ wta-common-sms ---
[INFO] skip non existing resourceDirectory /srv/WTA-plus/backend/wta-common/wta-common-sms/src/test/resources
[INFO] 
[INFO] --- compiler:3.15.0:testCompile (default-testCompile) @ wta-common-sms ---
[INFO] Nothing to compile - all classes are up to date.
[INFO] 
[INFO] --- surefire:3.5.5:test (default-test) @ wta-common-sms ---
[INFO] 
[INFO] ------------------< org.namewta:wta-common-security >-------------------
[INFO] Building wta-common-security 6.0.0                               [21/44]
[INFO]   from wta-common/wta-common-security/pom.xml
[INFO] --------------------------------[ jar ]---------------------------------
[INFO] 
[INFO] --- resources:3.3.1:resources (default-resources) @ wta-common-security ---
[INFO] Copying 1 resource from src/main/resources to target/classes
[INFO] Copying 0 resource from src/main/resources to target/classes
[INFO] 
[INFO] --- flatten:1.7.3:flatten (flatten) @ wta-common-security ---
[INFO] Generating flattened POM of project org.namewta:wta-common-security:jar:6.0.0...
[INFO] 
[INFO] --- compiler:3.15.0:compile (default-compile) @ wta-common-security ---
[INFO] Nothing to compile - all classes are up to date.
[INFO] 
[INFO] --- resources:3.3.1:testResources (default-testResources) @ wta-common-security ---
[INFO] skip non existing resourceDirectory /srv/WTA-plus/backend/wta-common/wta-common-security/src/test/resources
[INFO] 
[INFO] --- compiler:3.15.0:testCompile (default-testCompile) @ wta-common-security ---
[INFO] No sources to compile
[INFO] 
[INFO] --- surefire:3.5.5:test (default-test) @ wta-common-security ---
[INFO] No tests to run.
[INFO] 
[INFO] ---------------------< org.namewta:wta-common-web >---------------------
[INFO] Building wta-common-web 6.0.0                                    [22/44]
[INFO]   from wta-common/wta-common-web/pom.xml
[INFO] --------------------------------[ jar ]---------------------------------
[INFO] 
[INFO] --- resources:3.3.1:resources (default-resources) @ wta-common-web ---
[INFO] Copying 1 resource from src/main/resources to target/classes
[INFO] Copying 0 resource from src/main/resources to target/classes
[INFO] 
[INFO] --- flatten:1.7.3:flatten (flatten) @ wta-common-web ---
[INFO] Generating flattened POM of project org.namewta:wta-common-web:jar:6.0.0...
[INFO] 
[INFO] --- compiler:3.15.0:compile (default-compile) @ wta-common-web ---
[INFO] Nothing to compile - all classes are up to date.
[INFO] 
[INFO] --- resources:3.3.1:testResources (default-testResources) @ wta-common-web ---
[INFO] skip non existing resourceDirectory /srv/WTA-plus/backend/wta-common/wta-common-web/src/test/resources
[INFO] 
[INFO] --- compiler:3.15.0:testCompile (default-testCompile) @ wta-common-web ---
[INFO] Nothing to compile - all classes are up to date.
[INFO] 
[INFO] --- surefire:3.5.5:test (default-test) @ wta-common-web ---
[INFO] 
[INFO] ------------------< org.namewta:wta-common-sensitive >------------------
[INFO] Building wta-common-sensitive 6.0.0                              [23/44]
[INFO]   from wta-common/wta-common-sensitive/pom.xml
[INFO] --------------------------------[ jar ]---------------------------------
[INFO] 
[INFO] --- resources:3.3.1:resources (default-resources) @ wta-common-sensitive ---
[INFO] Copying 1 resource from src/main/resources to target/classes
[INFO] Copying 0 resource from src/main/resources to target/classes
[INFO] 
[INFO] --- flatten:1.7.3:flatten (flatten) @ wta-common-sensitive ---
[INFO] Generating flattened POM of project org.namewta:wta-common-sensitive:jar:6.0.0...
[INFO] 
[INFO] --- compiler:3.15.0:compile (default-compile) @ wta-common-sensitive ---
[INFO] Nothing to compile - all classes are up to date.
[INFO] 
[INFO] --- resources:3.3.1:testResources (default-testResources) @ wta-common-sensitive ---
[INFO] skip non existing resourceDirectory /srv/WTA-plus/backend/wta-common/wta-common-sensitive/src/test/resources
[INFO] 
[INFO] --- compiler:3.15.0:testCompile (default-testCompile) @ wta-common-sensitive ---
[INFO] No sources to compile
[INFO] 
[INFO] --- surefire:3.5.5:test (default-test) @ wta-common-sensitive ---
[INFO] No tests to run.
[INFO] 
[INFO] -------------------< org.namewta:wta-common-encrypt >-------------------
[INFO] Building wta-common-encrypt 6.0.0                                [24/44]
[INFO]   from wta-common/wta-common-encrypt/pom.xml
[INFO] --------------------------------[ jar ]---------------------------------
[INFO] 
[INFO] --- resources:3.3.1:resources (default-resources) @ wta-common-encrypt ---
[INFO] Copying 1 resource from src/main/resources to target/classes
[INFO] Copying 0 resource from src/main/resources to target/classes
[INFO] 
[INFO] --- flatten:1.7.3:flatten (flatten) @ wta-common-encrypt ---
[INFO] Generating flattened POM of project org.namewta:wta-common-encrypt:jar:6.0.0...
[INFO] 
[INFO] --- compiler:3.15.0:compile (default-compile) @ wta-common-encrypt ---
[INFO] Nothing to compile - all classes are up to date.
[INFO] 
[INFO] --- resources:3.3.1:testResources (default-testResources) @ wta-common-encrypt ---
[INFO] skip non existing resourceDirectory /srv/WTA-plus/backend/wta-common/wta-common-encrypt/src/test/resources
[INFO] 
[INFO] --- compiler:3.15.0:testCompile (default-testCompile) @ wta-common-encrypt ---
[INFO] No sources to compile
[INFO] 
[INFO] --- surefire:3.5.5:test (default-test) @ wta-common-encrypt ---
[INFO] No tests to run.
[INFO] 
[INFO] --------------------< org.namewta:wta-common-push >---------------------
[INFO] Building wta-common-push 6.0.0                                   [25/44]
[INFO]   from wta-common/wta-common-push/pom.xml
[INFO] --------------------------------[ jar ]---------------------------------
[INFO] 
[INFO] --- resources:3.3.1:resources (default-resources) @ wta-common-push ---
[INFO] Copying 1 resource from src/main/resources to target/classes
[INFO] Copying 0 resource from src/main/resources to target/classes
[INFO] 
[INFO] --- flatten:1.7.3:flatten (flatten) @ wta-common-push ---
[INFO] Generating flattened POM of project org.namewta:wta-common-push:jar:6.0.0...
[INFO] 
[INFO] --- compiler:3.15.0:compile (default-compile) @ wta-common-push ---
[INFO] Nothing to compile - all classes are up to date.
[INFO] 
[INFO] --- resources:3.3.1:testResources (default-testResources) @ wta-common-push ---
[INFO] skip non existing resourceDirectory /srv/WTA-plus/backend/wta-common/wta-common-push/src/test/resources
[INFO] 
[INFO] --- compiler:3.15.0:testCompile (default-testCompile) @ wta-common-push ---
[INFO] Nothing to compile - all classes are up to date.
[INFO] 
[INFO] --- surefire:3.5.5:test (default-test) @ wta-common-push ---
[INFO] 
[INFO] ----------------------< org.namewta:wta-modules >-----------------------
[INFO] Building wta-modules 6.0.0                                       [26/44]
[INFO]   from wta-modules/pom.xml
[INFO] --------------------------------[ pom ]---------------------------------
[INFO] 
[INFO] --- flatten:1.7.3:flatten (flatten) @ wta-modules ---
[INFO] Generating flattened POM of project org.namewta:wta-modules:pom:6.0.0...
[INFO] 
[INFO] -----------------------< org.namewta:wta-system >-----------------------
[INFO] Building wta-system 6.0.0                                        [27/44]
[INFO]   from wta-modules/wta-system/pom.xml
[INFO] --------------------------------[ jar ]---------------------------------
[INFO] 
[INFO] --- resources:3.3.1:resources (default-resources) @ wta-system ---
[INFO] Copying 23 resources from src/main/resources to target/classes
[INFO] Copying 0 resource from src/main/resources to target/classes
[INFO] 
[INFO] --- flatten:1.7.3:flatten (flatten) @ wta-system ---
[INFO] Generating flattened POM of project org.namewta:wta-system:jar:6.0.0...
[INFO] 
[INFO] --- compiler:3.15.0:compile (default-compile) @ wta-system ---
[INFO] Nothing to compile - all classes are up to date.
[INFO] 
[INFO] --- resources:3.3.1:testResources (default-testResources) @ wta-system ---
[INFO] skip non existing resourceDirectory /srv/WTA-plus/backend/wta-modules/wta-system/src/test/resources
[INFO] 
[INFO] --- compiler:3.15.0:testCompile (default-testCompile) @ wta-system ---
[INFO] Nothing to compile - all classes are up to date.
[INFO] 
[INFO] --- surefire:3.5.5:test (default-test) @ wta-system ---
[INFO] 
[INFO] -----------------------< org.namewta:wta-third >------------------------
[INFO] Building wta-third 6.0.0                                         [28/44]
[INFO]   from wta-modules/wta-third/pom.xml
[INFO] --------------------------------[ jar ]---------------------------------
[INFO] 
[INFO] --- resources:3.3.1:resources (default-resources) @ wta-third ---
[INFO] Copying 1 resource from src/main/resources to target/classes
[INFO] Copying 0 resource from src/main/resources to target/classes
[INFO] 
[INFO] --- flatten:1.7.3:flatten (flatten) @ wta-third ---
[INFO] Generating flattened POM of project org.namewta:wta-third:jar:6.0.0...
[INFO] 
[INFO] --- compiler:3.15.0:compile (default-compile) @ wta-third ---
[INFO] Nothing to compile - all classes are up to date.
[INFO] 
[INFO] --- resources:3.3.1:testResources (default-testResources) @ wta-third ---
[INFO] skip non existing resourceDirectory /srv/WTA-plus/backend/wta-modules/wta-third/src/test/resources
[INFO] 
[INFO] --- compiler:3.15.0:testCompile (default-testCompile) @ wta-third ---
[INFO] Nothing to compile - all classes are up to date.
[INFO] 
[INFO] --- surefire:3.5.5:test (default-test) @ wta-third ---
[INFO] 
[INFO] -----------------------< org.namewta:wta-notify >-----------------------
[INFO] Building wta-notify 6.0.0                                        [29/44]
[INFO]   from wta-modules/wta-notify/pom.xml
[INFO] --------------------------------[ jar ]---------------------------------
[INFO] 
[INFO] --- resources:3.3.1:resources (default-resources) @ wta-notify ---
[INFO] Copying 4 resources from src/main/resources to target/classes
[INFO] Copying 0 resource from src/main/resources to target/classes
[INFO] 
[INFO] --- flatten:1.7.3:flatten (flatten) @ wta-notify ---
[INFO] Generating flattened POM of project org.namewta:wta-notify:jar:6.0.0...
[INFO] 
[INFO] --- compiler:3.15.0:compile (default-compile) @ wta-notify ---
[INFO] Nothing to compile - all classes are up to date.
[INFO] 
[INFO] --- resources:3.3.1:testResources (default-testResources) @ wta-notify ---
[INFO] skip non existing resourceDirectory /srv/WTA-plus/backend/wta-modules/wta-notify/src/test/resources
[INFO] 
[INFO] --- compiler:3.15.0:testCompile (default-testCompile) @ wta-notify ---
[INFO] Recompiling the module because of changed source code.
[INFO] Compiling 22 source files with javac [debug release 21] to target/test-classes
[INFO] /srv/WTA-plus/backend/wta-modules/wta-notify/src/test/java/org/namewta/notify/support/outbox/NotifyOutboxWakeRedisGate.java: /srv/WTA-plus/backend/wta-modules/wta-notify/src/test/java/org/namewta/notify/support/outbox/NotifyOutboxWakeRedisGate.java uses or overrides a deprecated API.
[INFO] /srv/WTA-plus/backend/wta-modules/wta-notify/src/test/java/org/namewta/notify/support/outbox/NotifyOutboxWakeRedisGate.java: Recompile with -Xlint:deprecation for details.
[INFO] /srv/WTA-plus/backend/wta-modules/wta-notify/src/test/java/org/namewta/notify/adapter/provider/Sms4jReceiptTest.java: Some input files use unchecked or unsafe operations.
[INFO] /srv/WTA-plus/backend/wta-modules/wta-notify/src/test/java/org/namewta/notify/adapter/provider/Sms4jReceiptTest.java: Recompile with -Xlint:unchecked for details.
[INFO] 
[INFO] --- surefire:3.5.5:test (default-test) @ wta-notify ---
[INFO] 
[INFO] ------------------------< org.namewta:wta-sso >-------------------------
[INFO] Building wta-sso 6.0.0                                           [30/44]
[INFO]   from wta-modules/wta-sso/pom.xml
[INFO] --------------------------------[ jar ]---------------------------------
[INFO] 
[INFO] --- resources:3.3.1:resources (default-resources) @ wta-sso ---
[INFO] Copying 1 resource from src/main/resources to target/classes
[INFO] Copying 0 resource from src/main/resources to target/classes
[INFO] 
[INFO] --- flatten:1.7.3:flatten (flatten) @ wta-sso ---
[INFO] Generating flattened POM of project org.namewta:wta-sso:jar:6.0.0...
[INFO] 
[INFO] --- compiler:3.15.0:compile (default-compile) @ wta-sso ---
[INFO] Nothing to compile - all classes are up to date.
[INFO] 
[INFO] --- resources:3.3.1:testResources (default-testResources) @ wta-sso ---
[INFO] skip non existing resourceDirectory /srv/WTA-plus/backend/wta-modules/wta-sso/src/test/resources
[INFO] 
[INFO] --- compiler:3.15.0:testCompile (default-testCompile) @ wta-sso ---
[INFO] Nothing to compile - all classes are up to date.
[INFO] 
[INFO] --- surefire:3.5.5:test (default-test) @ wta-sso ---
[INFO] 
[INFO] ---------------------< org.namewta:wta-common-job >---------------------
[INFO] Building wta-common-job 6.0.0                                    [31/44]
[INFO]   from wta-common/wta-common-job/pom.xml
[INFO] --------------------------------[ jar ]---------------------------------
[INFO] 
[INFO] --- resources:3.3.1:resources (default-resources) @ wta-common-job ---
[INFO] Copying 1 resource from src/main/resources to target/classes
[INFO] Copying 0 resource from src/main/resources to target/classes
[INFO] 
[INFO] --- flatten:1.7.3:flatten (flatten) @ wta-common-job ---
[INFO] Generating flattened POM of project org.namewta:wta-common-job:jar:6.0.0...
[INFO] 
[INFO] --- compiler:3.15.0:compile (default-compile) @ wta-common-job ---
[INFO] Nothing to compile - all classes are up to date.
[INFO] 
[INFO] --- resources:3.3.1:testResources (default-testResources) @ wta-common-job ---
[INFO] skip non existing resourceDirectory /srv/WTA-plus/backend/wta-common/wta-common-job/src/test/resources
[INFO] 
[INFO] --- compiler:3.15.0:testCompile (default-testCompile) @ wta-common-job ---
[INFO] No sources to compile
[INFO] 
[INFO] --- surefire:3.5.5:test (default-test) @ wta-common-job ---
[INFO] No tests to run.
[INFO] 
[INFO] ------------------------< org.namewta:wta-job >-------------------------
[INFO] Building wta-job 6.0.0                                           [32/44]
[INFO]   from wta-modules/wta-job/pom.xml
[INFO] --------------------------------[ jar ]---------------------------------
[INFO] 
[INFO] --- resources:3.3.1:resources (default-resources) @ wta-job ---
[INFO] skip non existing resourceDirectory /srv/WTA-plus/backend/wta-modules/wta-job/src/main/resources
[INFO] skip non existing resourceDirectory /srv/WTA-plus/backend/wta-modules/wta-job/src/main/resources
[INFO] 
[INFO] --- flatten:1.7.3:flatten (flatten) @ wta-job ---
[INFO] Generating flattened POM of project org.namewta:wta-job:jar:6.0.0...
[INFO] 
[INFO] --- compiler:3.15.0:compile (default-compile) @ wta-job ---
[INFO] Nothing to compile - all classes are up to date.
[INFO] 
[INFO] --- resources:3.3.1:testResources (default-testResources) @ wta-job ---
[INFO] skip non existing resourceDirectory /srv/WTA-plus/backend/wta-modules/wta-job/src/test/resources
[INFO] 
[INFO] --- compiler:3.15.0:testCompile (default-testCompile) @ wta-job ---
[INFO] No sources to compile
[INFO] 
[INFO] --- surefire:3.5.5:test (default-test) @ wta-job ---
[INFO] No tests to run.
[INFO] 
[INFO] ---------------------< org.namewta:wta-common-ai >----------------------
[INFO] Building wta-common-ai 6.0.0                                     [33/44]
[INFO]   from wta-common/wta-common-ai/pom.xml
[INFO] --------------------------------[ jar ]---------------------------------
[INFO] 
[INFO] --- resources:3.3.1:resources (default-resources) @ wta-common-ai ---
[INFO] Copying 0 resource from src/main/resources to target/classes
[INFO] Copying 0 resource from src/main/resources to target/classes
[INFO] 
[INFO] --- flatten:1.7.3:flatten (flatten) @ wta-common-ai ---
[INFO] Generating flattened POM of project org.namewta:wta-common-ai:jar:6.0.0...
[INFO] 
[INFO] --- compiler:3.15.0:compile (default-compile) @ wta-common-ai ---
[INFO] Nothing to compile - all classes are up to date.
[INFO] 
[INFO] --- resources:3.3.1:testResources (default-testResources) @ wta-common-ai ---
[INFO] skip non existing resourceDirectory /srv/WTA-plus/backend/wta-common/wta-common-ai/src/test/resources
[INFO] 
[INFO] --- compiler:3.15.0:testCompile (default-testCompile) @ wta-common-ai ---
[INFO] No sources to compile
[INFO] 
[INFO] --- surefire:3.5.5:test (default-test) @ wta-common-ai ---
[INFO] No tests to run.
[INFO] 
[INFO] -------------------------< org.namewta:wta-ai >-------------------------
[INFO] Building wta-ai 6.0.0                                            [34/44]
[INFO]   from wta-modules/wta-ai/pom.xml
[INFO] --------------------------------[ jar ]---------------------------------
[INFO] 
[INFO] --- resources:3.3.1:resources (default-resources) @ wta-ai ---
[INFO] skip non existing resourceDirectory /srv/WTA-plus/backend/wta-modules/wta-ai/src/main/resources
[INFO] skip non existing resourceDirectory /srv/WTA-plus/backend/wta-modules/wta-ai/src/main/resources
[INFO] 
[INFO] --- flatten:1.7.3:flatten (flatten) @ wta-ai ---
[INFO] Generating flattened POM of project org.namewta:wta-ai:jar:6.0.0...
[INFO] 
[INFO] --- compiler:3.15.0:compile (default-compile) @ wta-ai ---
[INFO] Nothing to compile - all classes are up to date.
[INFO] 
[INFO] --- resources:3.3.1:testResources (default-testResources) @ wta-ai ---
[INFO] skip non existing resourceDirectory /srv/WTA-plus/backend/wta-modules/wta-ai/src/test/resources
[INFO] 
[INFO] --- compiler:3.15.0:testCompile (default-testCompile) @ wta-ai ---
[INFO] No sources to compile
[INFO] 
[INFO] --- surefire:3.5.5:test (default-test) @ wta-ai ---
[INFO] No tests to run.
[INFO] 
[INFO] ------------------< org.namewta:wta-common-richtext >-------------------
[INFO] Building wta-common-richtext 6.0.0                               [35/44]
[INFO]   from wta-common/wta-common-richtext/pom.xml
[INFO] --------------------------------[ jar ]---------------------------------
[INFO] 
[INFO] --- resources:3.3.1:resources (default-resources) @ wta-common-richtext ---
[INFO] skip non existing resourceDirectory /srv/WTA-plus/backend/wta-common/wta-common-richtext/src/main/resources
[INFO] skip non existing resourceDirectory /srv/WTA-plus/backend/wta-common/wta-common-richtext/src/main/resources
[INFO] 
[INFO] --- flatten:1.7.3:flatten (flatten) @ wta-common-richtext ---
[INFO] Generating flattened POM of project org.namewta:wta-common-richtext:jar:6.0.0...
[INFO] 
[INFO] --- compiler:3.15.0:compile (default-compile) @ wta-common-richtext ---
[INFO] Nothing to compile - all classes are up to date.
[INFO] 
[INFO] --- resources:3.3.1:testResources (default-testResources) @ wta-common-richtext ---
[INFO] skip non existing resourceDirectory /srv/WTA-plus/backend/wta-common/wta-common-richtext/src/test/resources
[INFO] 
[INFO] --- compiler:3.15.0:testCompile (default-testCompile) @ wta-common-richtext ---
[INFO] Nothing to compile - all classes are up to date.
[INFO] 
[INFO] --- surefire:3.5.5:test (default-test) @ wta-common-richtext ---
[INFO] 
[INFO] ----------------< org.namewta:wta-common-elasticsearch >----------------
[INFO] Building wta-common-elasticsearch 6.0.0                          [36/44]
[INFO]   from wta-common/wta-common-elasticsearch/pom.xml
[INFO] --------------------------------[ jar ]---------------------------------
[INFO] 
[INFO] --- resources:3.3.1:resources (default-resources) @ wta-common-elasticsearch ---
[INFO] Copying 2 resources from src/main/resources to target/classes
[INFO] Copying 0 resource from src/main/resources to target/classes
[INFO] 
[INFO] --- flatten:1.7.3:flatten (flatten) @ wta-common-elasticsearch ---
[INFO] Generating flattened POM of project org.namewta:wta-common-elasticsearch:jar:6.0.0...
[INFO] 
[INFO] --- compiler:3.15.0:compile (default-compile) @ wta-common-elasticsearch ---
[INFO] Nothing to compile - all classes are up to date.
[INFO] 
[INFO] --- resources:3.3.1:testResources (default-testResources) @ wta-common-elasticsearch ---
[INFO] skip non existing resourceDirectory /srv/WTA-plus/backend/wta-common/wta-common-elasticsearch/src/test/resources
[INFO] 
[INFO] --- compiler:3.15.0:testCompile (default-testCompile) @ wta-common-elasticsearch ---
[INFO] No sources to compile
[INFO] 
[INFO] --- surefire:3.5.5:test (default-test) @ wta-common-elasticsearch ---
[INFO] No tests to run.
[INFO] 
[INFO] --------------------< org.namewta:wta-common-mqtt >---------------------
[INFO] Building wta-common-mqtt 6.0.0                                   [37/44]
[INFO]   from wta-common/wta-common-mqtt/pom.xml
[INFO] --------------------------------[ jar ]---------------------------------
[INFO] 
[INFO] --- resources:3.3.1:resources (default-resources) @ wta-common-mqtt ---
[INFO] Copying 1 resource from src/main/resources to target/classes
[INFO] Copying 0 resource from src/main/resources to target/classes
[INFO] 
[INFO] --- flatten:1.7.3:flatten (flatten) @ wta-common-mqtt ---
[INFO] Generating flattened POM of project org.namewta:wta-common-mqtt:jar:6.0.0...
[INFO] 
[INFO] --- compiler:3.15.0:compile (default-compile) @ wta-common-mqtt ---
[INFO] Nothing to compile - all classes are up to date.
[INFO] 
[INFO] --- resources:3.3.1:testResources (default-testResources) @ wta-common-mqtt ---
[INFO] skip non existing resourceDirectory /srv/WTA-plus/backend/wta-common/wta-common-mqtt/src/test/resources
[INFO] 
[INFO] --- compiler:3.15.0:testCompile (default-testCompile) @ wta-common-mqtt ---
[INFO] No sources to compile
[INFO] 
[INFO] --- surefire:3.5.5:test (default-test) @ wta-common-mqtt ---
[INFO] No tests to run.
[INFO] 
[INFO] ------------------------< org.namewta:wta-demo >------------------------
[INFO] Building wta-demo 6.0.0                                          [38/44]
[INFO]   from wta-modules/wta-demo/pom.xml
[INFO] --------------------------------[ jar ]---------------------------------
[INFO] 
[INFO] --- resources:3.3.1:resources (default-resources) @ wta-demo ---
[INFO] Copying 6 resources from src/main/resources to target/classes
[INFO] Copying 0 resource from src/main/resources to target/classes
[INFO] 
[INFO] --- flatten:1.7.3:flatten (flatten) @ wta-demo ---
[INFO] Generating flattened POM of project org.namewta:wta-demo:jar:6.0.0...
[INFO] 
[INFO] --- compiler:3.15.0:compile (default-compile) @ wta-demo ---
[INFO] Nothing to compile - all classes are up to date.
[INFO] 
[INFO] --- resources:3.3.1:testResources (default-testResources) @ wta-demo ---
[INFO] skip non existing resourceDirectory /srv/WTA-plus/backend/wta-modules/wta-demo/src/test/resources
[INFO] 
[INFO] --- compiler:3.15.0:testCompile (default-testCompile) @ wta-demo ---
[INFO] Nothing to compile - all classes are up to date.
[INFO] 
[INFO] --- surefire:3.5.5:test (default-test) @ wta-demo ---
[INFO] 
[INFO] ------------------< org.namewta:wta-common-liteflow >-------------------
[INFO] Building wta-common-liteflow 6.0.0                               [39/44]
[INFO]   from wta-common/wta-common-liteflow/pom.xml
[INFO] --------------------------------[ jar ]---------------------------------
[INFO] 
[INFO] --- resources:3.3.1:resources (default-resources) @ wta-common-liteflow ---
[INFO] Copying 1 resource from src/main/resources to target/classes
[INFO] Copying 0 resource from src/main/resources to target/classes
[INFO] 
[INFO] --- flatten:1.7.3:flatten (flatten) @ wta-common-liteflow ---
[INFO] Generating flattened POM of project org.namewta:wta-common-liteflow:jar:6.0.0...
[INFO] 
[INFO] --- compiler:3.15.0:compile (default-compile) @ wta-common-liteflow ---
[INFO] Nothing to compile - all classes are up to date.
[INFO] 
[INFO] --- resources:3.3.1:testResources (default-testResources) @ wta-common-liteflow ---
[INFO] skip non existing resourceDirectory /srv/WTA-plus/backend/wta-common/wta-common-liteflow/src/test/resources
[INFO] 
[INFO] --- compiler:3.15.0:testCompile (default-testCompile) @ wta-common-liteflow ---
[INFO] No sources to compile
[INFO] 
[INFO] --- surefire:3.5.5:test (default-test) @ wta-common-liteflow ---
[INFO] No tests to run.
[INFO] 
[INFO] ----------------------< org.namewta:wta-workflow >----------------------
[INFO] Building wta-workflow 6.0.0                                      [40/44]
[INFO]   from wta-modules/wta-workflow/pom.xml
[INFO] --------------------------------[ jar ]---------------------------------
[INFO] 
[INFO] --- resources:3.3.1:resources (default-resources) @ wta-workflow ---
[INFO] Copying 11 resources from src/main/resources to target/classes
[INFO] Copying 0 resource from src/main/resources to target/classes
[INFO] 
[INFO] --- flatten:1.7.3:flatten (flatten) @ wta-workflow ---
[INFO] Generating flattened POM of project org.namewta:wta-workflow:jar:6.0.0...
[INFO] 
[INFO] --- compiler:3.15.0:compile (default-compile) @ wta-workflow ---
[INFO] Nothing to compile - all classes are up to date.
[INFO] 
[INFO] --- resources:3.3.1:testResources (default-testResources) @ wta-workflow ---
[INFO] skip non existing resourceDirectory /srv/WTA-plus/backend/wta-modules/wta-workflow/src/test/resources
[INFO] 
[INFO] --- compiler:3.15.0:testCompile (default-testCompile) @ wta-workflow ---
[INFO] No sources to compile
[INFO] 
[INFO] --- surefire:3.5.5:test (default-test) @ wta-workflow ---
[INFO] No tests to run.
[INFO] 
[INFO] ----------------------< org.namewta:wta-profile >-----------------------
[INFO] Building wta-profile 6.0.0                                       [41/44]
[INFO]   from wta-modules/wta-profile/pom.xml
[INFO] --------------------------------[ pom ]---------------------------------
[INFO] 
[INFO] --- flatten:1.7.3:flatten (flatten) @ wta-profile ---
[INFO] Generating flattened POM of project org.namewta:wta-profile:pom:6.0.0...
[INFO] 
[INFO] -------------------< org.namewta:wta-profile-person >-------------------
[INFO] Building wta-profile-person 6.0.0                                [42/44]
[INFO]   from wta-modules/wta-profile/wta-profile-person/pom.xml
[INFO] --------------------------------[ jar ]---------------------------------
[INFO] 
[INFO] --- resources:3.3.1:resources (default-resources) @ wta-profile-person ---
[INFO] Copying 6 resources from src/main/resources to target/classes
[INFO] Copying 0 resource from src/main/resources to target/classes
[INFO] 
[INFO] --- flatten:1.7.3:flatten (flatten) @ wta-profile-person ---
[INFO] Generating flattened POM of project org.namewta:wta-profile-person:jar:6.0.0...
[INFO] 
[INFO] --- compiler:3.15.0:compile (default-compile) @ wta-profile-person ---
[INFO] Nothing to compile - all classes are up to date.
[INFO] 
[INFO] --- resources:3.3.1:testResources (default-testResources) @ wta-profile-person ---
[INFO] skip non existing resourceDirectory /srv/WTA-plus/backend/wta-modules/wta-profile/wta-profile-person/src/test/resources
[INFO] 
[INFO] --- compiler:3.15.0:testCompile (default-testCompile) @ wta-profile-person ---
[INFO] Recompiling the module because of changed source code.
[INFO] Compiling 38 source files with javac [debug release 21] to target/test-classes
[INFO] /srv/WTA-plus/backend/wta-modules/wta-profile/wta-profile-person/src/test/java/org/namewta/profile/person/controller/admin/PersonAdminHttpContractTest.java: Some input files use unchecked or unsafe operations.
[INFO] /srv/WTA-plus/backend/wta-modules/wta-profile/wta-profile-person/src/test/java/org/namewta/profile/person/controller/admin/PersonAdminHttpContractTest.java: Recompile with -Xlint:unchecked for details.
[INFO] 
[INFO] --- surefire:3.5.5:test (default-test) @ wta-profile-person ---
[INFO] 
[INFO] -----------------< org.namewta:wta-profile-enterprise >-----------------
[INFO] Building wta-profile-enterprise 6.0.0                            [43/44]
[INFO]   from wta-modules/wta-profile/wta-profile-enterprise/pom.xml
[INFO] --------------------------------[ jar ]---------------------------------
[INFO] 
[INFO] --- resources:3.3.1:resources (default-resources) @ wta-profile-enterprise ---
[INFO] Copying 4 resources from src/main/resources to target/classes
[INFO] Copying 0 resource from src/main/resources to target/classes
[INFO] 
[INFO] --- flatten:1.7.3:flatten (flatten) @ wta-profile-enterprise ---
[INFO] Generating flattened POM of project org.namewta:wta-profile-enterprise:jar:6.0.0...
[INFO] 
[INFO] --- compiler:3.15.0:compile (default-compile) @ wta-profile-enterprise ---
[INFO] Nothing to compile - all classes are up to date.
[INFO] 
[INFO] --- resources:3.3.1:testResources (default-testResources) @ wta-profile-enterprise ---
[INFO] skip non existing resourceDirectory /srv/WTA-plus/backend/wta-modules/wta-profile/wta-profile-enterprise/src/test/resources
[INFO] 
[INFO] --- compiler:3.15.0:testCompile (default-testCompile) @ wta-profile-enterprise ---
[INFO] Recompiling the module because of changed source code.
[INFO] Compiling 31 source files with javac [debug release 21] to target/test-classes
[INFO] /srv/WTA-plus/backend/wta-modules/wta-profile/wta-profile-enterprise/src/test/java/org/namewta/profile/enterprise/service/impl/EnterpriseTransferMySqlRedisE2ETest.java: Some input files use or override a deprecated API.
[INFO] /srv/WTA-plus/backend/wta-modules/wta-profile/wta-profile-enterprise/src/test/java/org/namewta/profile/enterprise/service/impl/EnterpriseTransferMySqlRedisE2ETest.java: Recompile with -Xlint:deprecation for details.
[INFO] /srv/WTA-plus/backend/wta-modules/wta-profile/wta-profile-enterprise/src/test/java/org/namewta/profile/enterprise/controller/admin/EnterpriseAdminHttpContractTest.java: Some input files use unchecked or unsafe operations.
[INFO] /srv/WTA-plus/backend/wta-modules/wta-profile/wta-profile-enterprise/src/test/java/org/namewta/profile/enterprise/controller/admin/EnterpriseAdminHttpContractTest.java: Recompile with -Xlint:unchecked for details.
[INFO] 
[INFO] --- surefire:3.5.5:test (default-test) @ wta-profile-enterprise ---
[INFO] 
[INFO] -----------------------< org.namewta:wta-admin >------------------------
[INFO] Building wta-admin 6.0.0                                         [44/44]
[INFO]   from wta-admin/pom.xml
[INFO] --------------------------------[ jar ]---------------------------------
[INFO] 
[INFO] --- resources:3.3.1:resources (default-resources) @ wta-admin ---
[INFO] Copying 9 resources from src/main/resources to target/classes
[INFO] Copying 4 resources from src/main/resources to target/classes
[INFO] 
[INFO] --- flatten:1.7.3:flatten (flatten) @ wta-admin ---
[INFO] Generating flattened POM of project org.namewta:wta-admin:jar:6.0.0...
[INFO] 
[INFO] --- compiler:3.15.0:compile (default-compile) @ wta-admin ---
[INFO] Nothing to compile - all classes are up to date.
[INFO] 
[INFO] --- resources:3.3.1:testResources (default-testResources) @ wta-admin ---
[INFO] Copying 2 resources from src/test/resources to target/test-classes
[INFO] 
[INFO] --- compiler:3.15.0:testCompile (default-testCompile) @ wta-admin ---
[INFO] Recompiling the module because of changed source code.
[INFO] Compiling 158 source files with javac [debug release 21] to target/test-classes
[INFO] /srv/WTA-plus/backend/wta-admin/src/test/java/org/namewta/common/redis/cache/ThirdRedisIntegrationTest.java: Some input files use or override a deprecated API.
[INFO] /srv/WTA-plus/backend/wta-admin/src/test/java/org/namewta/common/redis/cache/ThirdRedisIntegrationTest.java: Recompile with -Xlint:deprecation for details.
[INFO] /srv/WTA-plus/backend/wta-admin/src/test/java/org/namewta/test/notify/NotifyDeadlineIntegrationTest.java: Some input files use unchecked or unsafe operations.
[INFO] /srv/WTA-plus/backend/wta-admin/src/test/java/org/namewta/test/notify/NotifyDeadlineIntegrationTest.java: Recompile with -Xlint:unchecked for details.
[INFO] 
[INFO] --- surefire:3.5.5:test (default-test) @ wta-admin ---
[INFO] Using auto detected provider org.apache.maven.surefire.junitplatform.JUnitPlatformProvider
[INFO] 
[INFO] -------------------------------------------------------
[INFO]  T E S T S
[INFO] -------------------------------------------------------
[INFO] Running org.namewta.test.notify.NotifyDeadlineIntegrationTest
09:58:32.982 [main] INFO com.baomidou.dynamic.datasource.DynamicRoutingDataSource -- dynamic-datasource - add a datasource named [master] success
09:58:34.002 [main] INFO org.redisson.Version -- Redisson 4.6.1
09:58:34.437 [redisson-netty-1-1] INFO org.redisson.connection.ConnectionsHolder -- 1 connections initialized for 127.0.0.1/127.0.0.1:32829
09:58:34.437 [redisson-netty-1-2] INFO org.redisson.connection.ConnectionsHolder -- 1 connections initialized for 127.0.0.1/127.0.0.1:32829
Mockito is currently self-attaching to enable the inline-mock-maker. This will no longer work in future releases of the JDK. Please add Mockito as an agent to your build as described in Mockito's documentation: https://javadoc.io/doc/org.mockito/mockito-core/latest/org.mockito/org/mockito/Mockito.html#0.3
OpenJDK 64-Bit Server VM warning: Sharing is only supported for boot loader classes because bootstrap classpath has been appended
WARNING: A Java agent has been loaded dynamically (/root/.m2/repository/net/bytebuddy/byte-buddy-agent/1.18.10/byte-buddy-agent-1.18.10.jar)
WARNING: If a serviceability tool is in use, please run with -XX:+EnableDynamicAgentLoading to hide this warning
WARNING: If a serviceability tool is not in use, please run with -Djdk.instrument.traceUsage for more information
WARNING: Dynamic loading of agents will be disallowed by default in a future release
09:58:36.296 [main] INFO com.zaxxer.hikari.HikariDataSource -- HikariPool-1 - Starting...
09:58:36.808 [main] INFO com.zaxxer.hikari.pool.HikariPool -- HikariPool-1 - Added connection com.mysql.cj.jdbc.ConnectionImpl@59c08cf1
09:58:36.813 [main] INFO com.zaxxer.hikari.HikariDataSource -- HikariPool-1 - Start completed.
09:58:37.652 [main] INFO com.baomidou.dynamic.datasource.DynamicRoutingDataSource -- dynamic-datasource start closing ....
09:58:37.655 [main] INFO com.baomidou.dynamic.datasource.DynamicRoutingDataSource -- dynamic-datasource all closed success,bye
09:58:37.656 [main] INFO com.zaxxer.hikari.HikariDataSource -- HikariPool-1 - Shutdown initiated...
09:58:37.676 [main] INFO com.zaxxer.hikari.HikariDataSource -- HikariPool-1 - Shutdown completed.
09:58:37.690 [main] INFO com.baomidou.dynamic.datasource.DynamicRoutingDataSource -- dynamic-datasource - add a datasource named [master] success
09:58:38.005 [main] INFO org.redisson.Version -- Redisson 4.6.1
09:58:38.024 [redisson-netty-5-1] INFO org.redisson.connection.ConnectionsHolder -- 1 connections initialized for 127.0.0.1/127.0.0.1:32829
09:58:38.030 [redisson-netty-5-2] INFO org.redisson.connection.ConnectionsHolder -- 1 connections initialized for 127.0.0.1/127.0.0.1:32829
09:58:38.088 [main] INFO com.zaxxer.hikari.HikariDataSource -- HikariPool-2 - Starting...
09:58:38.100 [main] INFO com.zaxxer.hikari.pool.HikariPool -- HikariPool-2 - Added connection com.mysql.cj.jdbc.ConnectionImpl@766db6f9
09:58:38.101 [main] INFO com.zaxxer.hikari.HikariDataSource -- HikariPool-2 - Start completed.
09:58:38.204 [main] INFO com.baomidou.dynamic.datasource.DynamicRoutingDataSource -- dynamic-datasource start closing ....
09:58:38.204 [main] INFO com.baomidou.dynamic.datasource.DynamicRoutingDataSource -- dynamic-datasource all closed success,bye
09:58:38.204 [main] INFO com.zaxxer.hikari.HikariDataSource -- HikariPool-2 - Shutdown initiated...
09:58:38.241 [main] INFO com.zaxxer.hikari.HikariDataSource -- HikariPool-2 - Shutdown completed.
09:58:38.245 [main] INFO com.baomidou.dynamic.datasource.DynamicRoutingDataSource -- dynamic-datasource - add a datasource named [master] success
09:58:38.479 [main] INFO org.redisson.Version -- Redisson 4.6.1
09:58:38.487 [redisson-netty-8-1] INFO org.redisson.connection.ConnectionsHolder -- 1 connections initialized for 127.0.0.1/127.0.0.1:32829
09:58:38.487 [redisson-netty-8-2] INFO org.redisson.connection.ConnectionsHolder -- 1 connections initialized for 127.0.0.1/127.0.0.1:32829
09:58:38.530 [main] INFO com.zaxxer.hikari.HikariDataSource -- HikariPool-3 - Starting...
09:58:38.538 [main] INFO com.zaxxer.hikari.pool.HikariPool -- HikariPool-3 - Added connection com.mysql.cj.jdbc.ConnectionImpl@43201f84
09:58:38.539 [main] INFO com.zaxxer.hikari.HikariDataSource -- HikariPool-3 - Start completed.
09:58:38.799 [main] INFO com.baomidou.dynamic.datasource.DynamicRoutingDataSource -- dynamic-datasource start closing ....
09:58:38.800 [main] INFO com.baomidou.dynamic.datasource.DynamicRoutingDataSource -- dynamic-datasource all closed success,bye
09:58:38.800 [main] INFO com.zaxxer.hikari.HikariDataSource -- HikariPool-3 - Shutdown initiated...
09:58:38.830 [main] INFO com.zaxxer.hikari.HikariDataSource -- HikariPool-3 - Shutdown completed.
09:58:38.833 [main] INFO com.baomidou.dynamic.datasource.DynamicRoutingDataSource -- dynamic-datasource - add a datasource named [master] success
09:58:39.070 [main] INFO org.redisson.Version -- Redisson 4.6.1
09:58:39.079 [redisson-netty-11-2] INFO org.redisson.connection.ConnectionsHolder -- 1 connections initialized for 127.0.0.1/127.0.0.1:32829
09:58:39.081 [redisson-netty-11-1] INFO org.redisson.connection.ConnectionsHolder -- 1 connections initialized for 127.0.0.1/127.0.0.1:32829
09:58:39.119 [main] INFO com.zaxxer.hikari.HikariDataSource -- HikariPool-4 - Starting...
09:58:39.127 [main] INFO com.zaxxer.hikari.pool.HikariPool -- HikariPool-4 - Added connection com.mysql.cj.jdbc.ConnectionImpl@4fc8163
09:58:39.129 [main] INFO com.zaxxer.hikari.HikariDataSource -- HikariPool-4 - Start completed.
09:58:39.384 [main] INFO com.baomidou.dynamic.datasource.DynamicRoutingDataSource -- dynamic-datasource start closing ....
09:58:39.384 [main] INFO com.baomidou.dynamic.datasource.DynamicRoutingDataSource -- dynamic-datasource all closed success,bye
09:58:39.384 [main] INFO com.zaxxer.hikari.HikariDataSource -- HikariPool-4 - Shutdown initiated...
09:58:39.422 [main] INFO com.zaxxer.hikari.HikariDataSource -- HikariPool-4 - Shutdown completed.
09:58:39.425 [main] INFO com.baomidou.dynamic.datasource.DynamicRoutingDataSource -- dynamic-datasource - add a datasource named [master] success
09:58:39.586 [main] INFO org.redisson.Version -- Redisson 4.6.1
09:58:39.592 [redisson-netty-14-1] INFO org.redisson.connection.ConnectionsHolder -- 1 connections initialized for 127.0.0.1/127.0.0.1:32829
09:58:39.592 [redisson-netty-14-2] INFO org.redisson.connection.ConnectionsHolder -- 1 connections initialized for 127.0.0.1/127.0.0.1:32829
09:58:39.618 [main] INFO com.zaxxer.hikari.HikariDataSource -- HikariPool-5 - Starting...
09:58:39.625 [main] INFO com.zaxxer.hikari.pool.HikariPool -- HikariPool-5 - Added connection com.mysql.cj.jdbc.ConnectionImpl@39a1e1e6
09:58:39.626 [main] INFO com.zaxxer.hikari.HikariDataSource -- HikariPool-5 - Start completed.
09:58:39.806 [main] INFO com.baomidou.dynamic.datasource.DynamicRoutingDataSource -- dynamic-datasource start closing ....
09:58:39.807 [main] INFO com.baomidou.dynamic.datasource.DynamicRoutingDataSource -- dynamic-datasource all closed success,bye
09:58:39.807 [main] INFO com.zaxxer.hikari.HikariDataSource -- HikariPool-5 - Shutdown initiated...
09:58:39.843 [main] INFO com.zaxxer.hikari.HikariDataSource -- HikariPool-5 - Shutdown completed.
09:58:39.847 [main] INFO com.baomidou.dynamic.datasource.DynamicRoutingDataSource -- dynamic-datasource - add a datasource named [master] success
09:58:40.012 [main] INFO org.redisson.Version -- Redisson 4.6.1
09:58:40.021 [redisson-netty-17-1] INFO org.redisson.connection.ConnectionsHolder -- 1 connections initialized for 127.0.0.1/127.0.0.1:32829
09:58:40.021 [redisson-netty-17-2] INFO org.redisson.connection.ConnectionsHolder -- 1 connections initialized for 127.0.0.1/127.0.0.1:32829
09:58:40.048 [main] INFO com.zaxxer.hikari.HikariDataSource -- HikariPool-6 - Starting...
09:58:40.054 [main] INFO com.zaxxer.hikari.pool.HikariPool -- HikariPool-6 - Added connection com.mysql.cj.jdbc.ConnectionImpl@6662974a
09:58:40.054 [main] INFO com.zaxxer.hikari.HikariDataSource -- HikariPool-6 - Start completed.
09:58:40.124 [main] INFO com.baomidou.dynamic.datasource.DynamicRoutingDataSource -- dynamic-datasource start closing ....
09:58:40.125 [main] INFO com.baomidou.dynamic.datasource.DynamicRoutingDataSource -- dynamic-datasource all closed success,bye
09:58:40.125 [main] INFO com.zaxxer.hikari.HikariDataSource -- HikariPool-6 - Shutdown initiated...
09:58:40.127 [main] INFO com.zaxxer.hikari.HikariDataSource -- HikariPool-6 - Shutdown completed.
09:58:40.130 [main] INFO com.baomidou.dynamic.datasource.DynamicRoutingDataSource -- dynamic-datasource - add a datasource named [master] success
09:58:40.310 [main] INFO org.redisson.Version -- Redisson 4.6.1
09:58:40.316 [redisson-netty-20-2] INFO org.redisson.connection.ConnectionsHolder -- 1 connections initialized for 127.0.0.1/127.0.0.1:32829
09:58:40.316 [redisson-netty-20-1] INFO org.redisson.connection.ConnectionsHolder -- 1 connections initialized for 127.0.0.1/127.0.0.1:32829
09:58:40.336 [main] INFO com.zaxxer.hikari.HikariDataSource -- HikariPool-7 - Starting...
09:58:40.341 [main] INFO com.zaxxer.hikari.pool.HikariPool -- HikariPool-7 - Added connection com.mysql.cj.jdbc.ConnectionImpl@2fb24ad8
09:58:40.342 [main] INFO com.zaxxer.hikari.HikariDataSource -- HikariPool-7 - Start completed.
09:58:40.475 [main] INFO com.baomidou.dynamic.datasource.DynamicRoutingDataSource -- dynamic-datasource start closing ....
09:58:40.475 [main] INFO com.baomidou.dynamic.datasource.DynamicRoutingDataSource -- dynamic-datasource all closed success,bye
09:58:40.475 [main] INFO com.zaxxer.hikari.HikariDataSource -- HikariPool-7 - Shutdown initiated...
09:58:40.480 [main] INFO com.zaxxer.hikari.HikariDataSource -- HikariPool-7 - Shutdown completed.
09:58:40.482 [main] INFO com.baomidou.dynamic.datasource.DynamicRoutingDataSource -- dynamic-datasource - add a datasource named [master] success
09:58:40.617 [main] INFO org.redisson.Version -- Redisson 4.6.1
09:58:40.624 [redisson-netty-23-1] INFO org.redisson.connection.ConnectionsHolder -- 1 connections initialized for 127.0.0.1/127.0.0.1:32829
09:58:40.624 [redisson-netty-23-2] INFO org.redisson.connection.ConnectionsHolder -- 1 connections initialized for 127.0.0.1/127.0.0.1:32829
09:58:40.653 [main] INFO com.zaxxer.hikari.HikariDataSource -- HikariPool-8 - Starting...
09:58:40.659 [main] INFO com.zaxxer.hikari.pool.HikariPool -- HikariPool-8 - Added connection com.mysql.cj.jdbc.ConnectionImpl@33fc92d6
09:58:40.660 [main] INFO com.zaxxer.hikari.HikariDataSource -- HikariPool-8 - Start completed.
09:58:40.782 [main] INFO com.baomidou.dynamic.datasource.DynamicRoutingDataSource -- dynamic-datasource start closing ....
09:58:40.783 [main] INFO com.baomidou.dynamic.datasource.DynamicRoutingDataSource -- dynamic-datasource all closed success,bye
09:58:40.783 [main] INFO com.zaxxer.hikari.HikariDataSource -- HikariPool-8 - Shutdown initiated...
09:58:40.794 [main] INFO com.zaxxer.hikari.HikariDataSource -- HikariPool-8 - Shutdown completed.
09:58:40.796 [main] INFO com.baomidou.dynamic.datasource.DynamicRoutingDataSource -- dynamic-datasource - add a datasource named [master] success
09:58:40.946 [main] INFO org.redisson.Version -- Redisson 4.6.1
09:58:40.950 [redisson-netty-26-1] INFO org.redisson.connection.ConnectionsHolder -- 1 connections initialized for 127.0.0.1/127.0.0.1:32829
09:58:40.951 [redisson-netty-26-2] INFO org.redisson.connection.ConnectionsHolder -- 1 connections initialized for 127.0.0.1/127.0.0.1:32829
09:58:40.970 [main] INFO com.zaxxer.hikari.HikariDataSource -- HikariPool-9 - Starting...
09:58:40.977 [main] INFO com.zaxxer.hikari.pool.HikariPool -- HikariPool-9 - Added connection com.mysql.cj.jdbc.ConnectionImpl@2e53f980
09:58:40.977 [main] INFO com.zaxxer.hikari.HikariDataSource -- HikariPool-9 - Start completed.
09:58:41.087 [main] INFO com.baomidou.dynamic.datasource.DynamicRoutingDataSource -- dynamic-datasource start closing ....
09:58:41.087 [main] INFO com.baomidou.dynamic.datasource.DynamicRoutingDataSource -- dynamic-datasource all closed success,bye
09:58:41.087 [main] INFO com.zaxxer.hikari.HikariDataSource -- HikariPool-9 - Shutdown initiated...
09:58:41.116 [main] INFO com.zaxxer.hikari.HikariDataSource -- HikariPool-9 - Shutdown completed.
09:58:41.118 [main] INFO com.baomidou.dynamic.datasource.DynamicRoutingDataSource -- dynamic-datasource - add a datasource named [master] success
09:58:41.258 [main] INFO org.redisson.Version -- Redisson 4.6.1
09:58:41.265 [redisson-netty-29-1] INFO org.redisson.connection.ConnectionsHolder -- 1 connections initialized for 127.0.0.1/127.0.0.1:32829
09:58:41.265 [redisson-netty-29-2] INFO org.redisson.connection.ConnectionsHolder -- 1 connections initialized for 127.0.0.1/127.0.0.1:32829
09:58:41.284 [main] INFO com.zaxxer.hikari.HikariDataSource -- HikariPool-10 - Starting...
09:58:41.289 [main] INFO com.zaxxer.hikari.pool.HikariPool -- HikariPool-10 - Added connection com.mysql.cj.jdbc.ConnectionImpl@6aa7d7a0
09:58:41.289 [main] INFO com.zaxxer.hikari.HikariDataSource -- HikariPool-10 - Start completed.
09:58:41.411 [main] INFO com.baomidou.dynamic.datasource.DynamicRoutingDataSource -- dynamic-datasource start closing ....
09:58:41.411 [main] INFO com.baomidou.dynamic.datasource.DynamicRoutingDataSource -- dynamic-datasource all closed success,bye
09:58:41.411 [main] INFO com.zaxxer.hikari.HikariDataSource -- HikariPool-10 - Shutdown initiated...
09:58:41.424 [main] INFO com.zaxxer.hikari.HikariDataSource -- HikariPool-10 - Shutdown completed.
09:58:41.427 [main] INFO com.baomidou.dynamic.datasource.DynamicRoutingDataSource -- dynamic-datasource - add a datasource named [master] success
09:58:41.555 [main] INFO org.redisson.Version -- Redisson 4.6.1
09:58:41.560 [redisson-netty-32-1] INFO org.redisson.connection.ConnectionsHolder -- 1 connections initialized for 127.0.0.1/127.0.0.1:32829
09:58:41.560 [redisson-netty-32-2] INFO org.redisson.connection.ConnectionsHolder -- 1 connections initialized for 127.0.0.1/127.0.0.1:32829
09:58:41.582 [main] INFO com.zaxxer.hikari.HikariDataSource -- HikariPool-11 - Starting...
09:58:41.585 [main] INFO com.zaxxer.hikari.pool.HikariPool -- HikariPool-11 - Added connection com.mysql.cj.jdbc.ConnectionImpl@dfe2875
09:58:41.586 [main] INFO com.zaxxer.hikari.HikariDataSource -- HikariPool-11 - Start completed.
09:58:41.656 [main] INFO com.baomidou.dynamic.datasource.DynamicRoutingDataSource -- dynamic-datasource start closing ....
09:58:41.656 [main] INFO com.baomidou.dynamic.datasource.DynamicRoutingDataSource -- dynamic-datasource all closed success,bye
09:58:41.656 [main] INFO com.zaxxer.hikari.HikariDataSource -- HikariPool-11 - Shutdown initiated...
09:58:41.657 [main] INFO com.zaxxer.hikari.HikariDataSource -- HikariPool-11 - Shutdown completed.
09:58:41.658 [main] INFO com.baomidou.dynamic.datasource.DynamicRoutingDataSource -- dynamic-datasource - add a datasource named [master] success
09:58:41.803 [main] INFO org.redisson.Version -- Redisson 4.6.1
09:58:41.808 [redisson-netty-35-1] INFO org.redisson.connection.ConnectionsHolder -- 1 connections initialized for 127.0.0.1/127.0.0.1:32829
09:58:41.808 [redisson-netty-35-2] INFO org.redisson.connection.ConnectionsHolder -- 1 connections initialized for 127.0.0.1/127.0.0.1:32829
09:58:41.832 [main] INFO com.zaxxer.hikari.HikariDataSource -- HikariPool-12 - Starting...
09:58:41.837 [main] INFO com.zaxxer.hikari.pool.HikariPool -- HikariPool-12 - Added connection com.mysql.cj.jdbc.ConnectionImpl@731a5a39
09:58:41.837 [main] INFO com.zaxxer.hikari.HikariDataSource -- HikariPool-12 - Start completed.
09:58:41.927 [main] INFO com.baomidou.dynamic.datasource.DynamicRoutingDataSource -- dynamic-datasource start closing ....
09:58:41.927 [main] INFO com.baomidou.dynamic.datasource.DynamicRoutingDataSource -- dynamic-datasource all closed success,bye
09:58:41.927 [main] INFO com.zaxxer.hikari.HikariDataSource -- HikariPool-12 - Shutdown initiated...
09:58:41.928 [main] INFO com.zaxxer.hikari.HikariDataSource -- HikariPool-12 - Shutdown completed.
09:58:41.931 [main] INFO com.baomidou.dynamic.datasource.DynamicRoutingDataSource -- dynamic-datasource - add a datasource named [master] success
09:58:42.066 [main] INFO org.redisson.Version -- Redisson 4.6.1
09:58:42.071 [redisson-netty-38-1] INFO org.redisson.connection.ConnectionsHolder -- 1 connections initialized for 127.0.0.1/127.0.0.1:32829
09:58:42.071 [redisson-netty-38-2] INFO org.redisson.connection.ConnectionsHolder -- 1 connections initialized for 127.0.0.1/127.0.0.1:32829
09:58:42.089 [main] INFO com.zaxxer.hikari.HikariDataSource -- HikariPool-13 - Starting...
09:58:42.093 [main] INFO com.zaxxer.hikari.pool.HikariPool -- HikariPool-13 - Added connection com.mysql.cj.jdbc.ConnectionImpl@2c62f56f
09:58:42.094 [main] INFO com.zaxxer.hikari.HikariDataSource -- HikariPool-13 - Start completed.
09:58:42.221 [main] INFO com.baomidou.dynamic.datasource.DynamicRoutingDataSource -- dynamic-datasource start closing ....
09:58:42.221 [main] INFO com.baomidou.dynamic.datasource.DynamicRoutingDataSource -- dynamic-datasource all closed success,bye
09:58:42.221 [main] INFO com.zaxxer.hikari.HikariDataSource -- HikariPool-13 - Shutdown initiated...
09:58:42.231 [main] INFO com.zaxxer.hikari.HikariDataSource -- HikariPool-13 - Shutdown completed.
09:58:42.233 [main] INFO com.baomidou.dynamic.datasource.DynamicRoutingDataSource -- dynamic-datasource - add a datasource named [master] success
09:58:42.398 [main] INFO org.redisson.Version -- Redisson 4.6.1
09:58:42.408 [redisson-netty-41-1] INFO org.redisson.connection.ConnectionsHolder -- 1 connections initialized for 127.0.0.1/127.0.0.1:32829
09:58:42.409 [redisson-netty-41-2] INFO org.redisson.connection.ConnectionsHolder -- 1 connections initialized for 127.0.0.1/127.0.0.1:32829
09:58:42.435 [main] INFO com.zaxxer.hikari.HikariDataSource -- HikariPool-14 - Starting...
09:58:42.440 [main] INFO com.zaxxer.hikari.pool.HikariPool -- HikariPool-14 - Added connection com.mysql.cj.jdbc.ConnectionImpl@12b0440b
09:58:42.440 [main] INFO com.zaxxer.hikari.HikariDataSource -- HikariPool-14 - Start completed.
09:58:42.539 [main] INFO com.baomidou.dynamic.datasource.DynamicRoutingDataSource -- dynamic-datasource start closing ....
09:58:42.540 [main] INFO com.baomidou.dynamic.datasource.DynamicRoutingDataSource -- dynamic-datasource all closed success,bye
09:58:42.541 [main] INFO com.zaxxer.hikari.HikariDataSource -- HikariPool-14 - Shutdown initiated...
09:58:42.578 [main] INFO com.zaxxer.hikari.HikariDataSource -- HikariPool-14 - Shutdown completed.
09:58:42.584 [main] INFO com.baomidou.dynamic.datasource.DynamicRoutingDataSource -- dynamic-datasource - add a datasource named [master] success
09:58:42.733 [main] INFO org.redisson.Version -- Redisson 4.6.1
09:58:42.738 [redisson-netty-44-2] INFO org.redisson.connection.ConnectionsHolder -- 1 connections initialized for 127.0.0.1/127.0.0.1:32829
09:58:42.738 [redisson-netty-44-1] INFO org.redisson.connection.ConnectionsHolder -- 1 connections initialized for 127.0.0.1/127.0.0.1:32829
09:58:42.764 [main] INFO com.zaxxer.hikari.HikariDataSource -- HikariPool-15 - Starting...
09:58:42.770 [main] INFO com.zaxxer.hikari.pool.HikariPool -- HikariPool-15 - Added connection com.mysql.cj.jdbc.ConnectionImpl@72e36d0f
09:58:42.771 [main] INFO com.zaxxer.hikari.HikariDataSource -- HikariPool-15 - Start completed.
09:58:43.136 [main] INFO com.baomidou.dynamic.datasource.DynamicRoutingDataSource -- dynamic-datasource start closing ....
09:58:43.136 [main] INFO com.baomidou.dynamic.datasource.DynamicRoutingDataSource -- dynamic-datasource all closed success,bye
09:58:43.136 [main] INFO com.zaxxer.hikari.HikariDataSource -- HikariPool-15 - Shutdown initiated...
09:58:43.138 [main] INFO com.zaxxer.hikari.HikariDataSource -- HikariPool-15 - Shutdown completed.
[INFO] Tests run: 15, Failures: 0, Errors: 0, Skipped: 0, Time elapsed: 10.43 s -- in org.namewta.test.notify.NotifyDeadlineIntegrationTest
[INFO] Running org.namewta.test.notify.NotifyWakeIntegrationTest
09:58:44.621 [main] INFO com.baomidou.dynamic.datasource.DynamicRoutingDataSource -- dynamic-datasource - add a datasource named [master] success
09:58:45.599 [main] INFO org.redisson.Version -- Redisson 4.6.1
09:58:46.081 [redisson-netty-1-1] INFO org.redisson.connection.ConnectionsHolder -- 1 connections initialized for 127.0.0.1/127.0.0.1:32829
09:58:46.081 [redisson-netty-1-2] INFO org.redisson.connection.ConnectionsHolder -- 1 connections initialized for 127.0.0.1/127.0.0.1:32829
Mockito is currently self-attaching to enable the inline-mock-maker. This will no longer work in future releases of the JDK. Please add Mockito as an agent to your build as described in Mockito's documentation: https://javadoc.io/doc/org.mockito/mockito-core/latest/org.mockito/org/mockito/Mockito.html#0.3
OpenJDK 64-Bit Server VM warning: Sharing is only supported for boot loader classes because bootstrap classpath has been appended
WARNING: A Java agent has been loaded dynamically (/root/.m2/repository/net/bytebuddy/byte-buddy-agent/1.18.10/byte-buddy-agent-1.18.10.jar)
WARNING: If a serviceability tool is in use, please run with -XX:+EnableDynamicAgentLoading to hide this warning
WARNING: If a serviceability tool is not in use, please run with -Djdk.instrument.traceUsage for more information
WARNING: Dynamic loading of agents will be disallowed by default in a future release
09:58:47.903 [main] INFO com.zaxxer.hikari.HikariDataSource -- HikariPool-1 - Starting...
09:58:48.340 [main] INFO com.zaxxer.hikari.pool.HikariPool -- HikariPool-1 - Added connection com.mysql.cj.jdbc.ConnectionImpl@6ab50d1c
09:58:48.343 [main] INFO com.zaxxer.hikari.HikariDataSource -- HikariPool-1 - Start completed.
09:58:48.416 [main] INFO org.redisson.Version -- Redisson 4.6.1
09:58:48.433 [redisson-netty-5-1] INFO org.redisson.connection.ConnectionsHolder -- 1 connections initialized for 127.0.0.1/127.0.0.1:32829
09:58:48.433 [redisson-netty-5-2] INFO org.redisson.connection.ConnectionsHolder -- 1 connections initialized for 127.0.0.1/127.0.0.1:32829
09:58:49.279 [redisson-6-1] INFO org.namewta.notify.adapter.worker.NotifyOutboxWorker -- notify outbox drain trigger=WAKE claimed=0 batches=1
09:58:49.482 [redisson-6-2] INFO org.namewta.notify.adapter.worker.NotifyOutboxWorker -- notify outbox drain trigger=WAKE claimed=0 batches=1
09:58:49.491 [redisson-6-2] INFO org.namewta.notify.adapter.worker.NotifyOutboxWorker -- notify outbox drain trigger=WAKE claimed=0 batches=1
09:58:49.498 [redisson-6-2] INFO org.namewta.notify.adapter.worker.NotifyOutboxWorker -- notify outbox drain trigger=WAKE claimed=0 batches=1
09:58:49.503 [redisson-6-2] INFO org.namewta.notify.adapter.worker.NotifyOutboxWorker -- notify outbox drain trigger=WAKE claimed=0 batches=1
09:58:49.511 [redisson-6-2] INFO org.namewta.notify.adapter.worker.NotifyOutboxWorker -- notify outbox drain trigger=WAKE claimed=0 batches=1
09:58:49.516 [redisson-6-2] INFO org.namewta.notify.adapter.worker.NotifyOutboxWorker -- notify outbox drain trigger=WAKE claimed=0 batches=1
09:58:49.523 [redisson-6-2] INFO org.namewta.notify.adapter.worker.NotifyOutboxWorker -- notify outbox drain trigger=WAKE claimed=0 batches=1
09:58:49.531 [redisson-6-2] INFO org.namewta.notify.adapter.worker.NotifyOutboxWorker -- notify outbox drain trigger=WAKE claimed=0 batches=1
09:58:49.535 [redisson-6-2] INFO org.namewta.notify.adapter.worker.NotifyOutboxWorker -- notify outbox drain trigger=WAKE claimed=0 batches=1
09:58:49.540 [redisson-6-2] INFO org.namewta.notify.adapter.worker.NotifyOutboxWorker -- notify outbox drain trigger=WAKE claimed=0 batches=1
09:58:49.549 [redisson-6-2] INFO org.namewta.notify.adapter.worker.NotifyOutboxWorker -- notify outbox drain trigger=WAKE claimed=0 batches=1
09:58:49.555 [redisson-6-2] INFO org.namewta.notify.adapter.worker.NotifyOutboxWorker -- notify outbox drain trigger=WAKE claimed=0 batches=1
09:58:49.564 [redisson-6-2] INFO org.namewta.notify.adapter.worker.NotifyOutboxWorker -- notify outbox drain trigger=WAKE claimed=0 batches=1
09:58:49.569 [redisson-6-2] INFO org.namewta.notify.adapter.worker.NotifyOutboxWorker -- notify outbox drain trigger=WAKE claimed=0 batches=1
09:58:49.577 [redisson-6-2] INFO org.namewta.notify.adapter.worker.NotifyOutboxWorker -- notify outbox drain trigger=WAKE claimed=0 batches=1
09:58:49.586 [redisson-6-2] INFO org.namewta.notify.adapter.worker.NotifyOutboxWorker -- notify outbox drain trigger=WAKE claimed=0 batches=1
09:58:49.593 [redisson-6-2] INFO org.namewta.notify.adapter.worker.NotifyOutboxWorker -- notify outbox drain trigger=WAKE claimed=0 batches=1
09:58:49.600 [redisson-6-2] INFO org.namewta.notify.adapter.worker.NotifyOutboxWorker -- notify outbox drain trigger=WAKE claimed=0 batches=1
09:58:49.611 [redisson-6-2] INFO org.namewta.notify.adapter.worker.NotifyOutboxWorker -- notify outbox drain trigger=WAKE claimed=0 batches=1
09:58:49.616 [redisson-6-2] INFO org.namewta.notify.adapter.worker.NotifyOutboxWorker -- notify outbox drain trigger=WAKE claimed=0 batches=1
09:58:49.621 [redisson-6-2] INFO org.namewta.notify.adapter.worker.NotifyOutboxWorker -- notify outbox drain trigger=WAKE claimed=0 batches=1
09:58:49.628 [redisson-6-2] INFO org.namewta.notify.adapter.worker.NotifyOutboxWorker -- notify outbox drain trigger=WAKE claimed=0 batches=1
09:58:49.634 [redisson-6-2] INFO org.namewta.notify.adapter.worker.NotifyOutboxWorker -- notify outbox drain trigger=WAKE claimed=0 batches=1
09:58:49.643 [redisson-6-2] INFO org.namewta.notify.adapter.worker.NotifyOutboxWorker -- notify outbox drain trigger=WAKE claimed=0 batches=1
09:58:49.651 [redisson-6-2] INFO org.namewta.notify.adapter.worker.NotifyOutboxWorker -- notify outbox drain trigger=WAKE claimed=0 batches=1
09:58:49.657 [redisson-6-2] INFO org.namewta.notify.adapter.worker.NotifyOutboxWorker -- notify outbox drain trigger=WAKE claimed=0 batches=1
09:58:49.667 [redisson-6-2] INFO org.namewta.notify.adapter.worker.NotifyOutboxWorker -- notify outbox drain trigger=WAKE claimed=0 batches=1
09:58:49.676 [redisson-6-2] INFO org.namewta.notify.adapter.worker.NotifyOutboxWorker -- notify outbox drain trigger=WAKE claimed=0 batches=1
09:58:49.681 [redisson-6-2] INFO org.namewta.notify.adapter.worker.NotifyOutboxWorker -- notify outbox drain trigger=WAKE claimed=0 batches=1
09:58:49.685 [redisson-6-2] INFO org.namewta.notify.adapter.worker.NotifyOutboxWorker -- notify outbox drain trigger=WAKE claimed=0 batches=1
09:58:49.688 [redisson-3-1] WARN org.namewta.notify.adapter.event.InAppCommittedPushListener -- 站内实时提示失败，messageId=2102759592322400257, reason=IllegalStateException
09:58:49.691 [redisson-6-2] INFO org.namewta.notify.adapter.worker.NotifyOutboxWorker -- notify outbox drain trigger=WAKE claimed=0 batches=1
09:58:49.695 [redisson-6-2] INFO org.namewta.notify.adapter.worker.NotifyOutboxWorker -- notify outbox drain trigger=WAKE claimed=0 batches=1
09:58:49.695 [redisson-3-1] INFO org.namewta.notify.adapter.worker.NotifyOutboxWorker -- notify outbox drain trigger=WAKE claimed=1 batches=2
09:58:49.699 [redisson-6-2] INFO org.namewta.notify.adapter.worker.NotifyOutboxWorker -- notify outbox drain trigger=WAKE claimed=0 batches=1
09:58:49.699 [redisson-3-1] INFO org.namewta.notify.adapter.worker.NotifyOutboxWorker -- notify outbox drain trigger=WAKE claimed=0 batches=1
09:58:49.702 [redisson-3-1] INFO org.namewta.notify.adapter.worker.NotifyOutboxWorker -- notify outbox drain trigger=WAKE claimed=0 batches=1
09:58:49.702 [redisson-6-2] INFO org.namewta.notify.adapter.worker.NotifyOutboxWorker -- notify outbox drain trigger=WAKE claimed=0 batches=1
09:58:49.705 [redisson-3-1] INFO org.namewta.notify.adapter.worker.NotifyOutboxWorker -- notify outbox drain trigger=WAKE claimed=0 batches=1
09:58:49.712 [redisson-6-2] INFO org.namewta.notify.adapter.worker.NotifyOutboxWorker -- notify outbox drain trigger=WAKE claimed=0 batches=1
09:58:49.718 [redisson-6-2] INFO org.namewta.notify.adapter.worker.NotifyOutboxWorker -- notify outbox drain trigger=WAKE claimed=0 batches=1
09:58:49.718 [redisson-3-1] INFO org.namewta.notify.adapter.worker.NotifyOutboxWorker -- notify outbox drain trigger=WAKE claimed=0 batches=1
09:58:49.722 [redisson-3-1] INFO org.namewta.notify.adapter.worker.NotifyOutboxWorker -- notify outbox drain trigger=WAKE claimed=0 batches=1
09:58:49.724 [redisson-6-2] INFO org.namewta.notify.adapter.worker.NotifyOutboxWorker -- notify outbox drain trigger=WAKE claimed=0 batches=1
09:58:49.729 [redisson-3-1] INFO org.namewta.notify.adapter.worker.NotifyOutboxWorker -- notify outbox drain trigger=WAKE claimed=0 batches=1
09:58:49.729 [redisson-6-2] INFO org.namewta.notify.adapter.worker.NotifyOutboxWorker -- notify outbox drain trigger=WAKE claimed=0 batches=1
09:58:49.732 [redisson-6-2] INFO org.namewta.notify.adapter.worker.NotifyOutboxWorker -- notify outbox drain trigger=WAKE claimed=0 batches=1
09:58:49.732 [redisson-3-1] INFO org.namewta.notify.adapter.worker.NotifyOutboxWorker -- notify outbox drain trigger=WAKE claimed=0 batches=1
09:58:49.734 [redisson-6-2] INFO org.namewta.notify.adapter.worker.NotifyOutboxWorker -- notify outbox drain trigger=WAKE claimed=0 batches=1
09:58:49.735 [redisson-3-1] INFO org.namewta.notify.adapter.worker.NotifyOutboxWorker -- notify outbox drain trigger=WAKE claimed=0 batches=1
09:58:49.739 [redisson-3-1] INFO org.namewta.notify.adapter.worker.NotifyOutboxWorker -- notify outbox drain trigger=WAKE claimed=0 batches=1
09:58:49.740 [redisson-6-2] INFO org.namewta.notify.adapter.worker.NotifyOutboxWorker -- notify outbox drain trigger=WAKE claimed=0 batches=1
09:58:49.745 [redisson-6-2] INFO org.namewta.notify.adapter.worker.NotifyOutboxWorker -- notify outbox drain trigger=WAKE claimed=0 batches=1
09:58:49.749 [redisson-6-2] INFO org.namewta.notify.adapter.worker.NotifyOutboxWorker -- notify outbox drain trigger=WAKE claimed=0 batches=1
09:58:49.890 [main] WARN org.namewta.notify.adapter.event.InAppCommittedPushListener -- 站内实时提示失败，messageId=2102759596105662465, reason=IllegalStateException
09:58:49.894 [main] INFO org.namewta.notify.adapter.worker.NotifyOutboxWorker -- notify outbox drain trigger=POLL claimed=1 batches=2
09:58:50.175 [main] WARN org.namewta.notify.adapter.event.NotifyOutboxWakePublisher -- notify outbox cross-process wake publish failed, outboxId=2102759596785139714, reason=TimeoutException, fallback poll remains
09:58:51.288 [main] WARN org.namewta.notify.adapter.event.InAppCommittedPushListener -- 站内实时提示失败，messageId=2102759596739002370, reason=IllegalStateException
09:58:51.296 [main] INFO org.namewta.notify.adapter.worker.NotifyOutboxWorker -- notify outbox drain trigger=POLL claimed=1 batches=2
T-28: commitMs=612, firstProviderMs=815, pausedRedisCommitMs=275, scenarios=slow-provider,wake-storm,lost-wake,redis-timeout,poll-recovery
09:58:51.397 [main] INFO com.baomidou.dynamic.datasource.DynamicRoutingDataSource -- dynamic-datasource start closing ....
09:58:51.400 [main] INFO com.baomidou.dynamic.datasource.DynamicRoutingDataSource -- dynamic-datasource all closed success,bye
09:58:51.400 [main] INFO com.zaxxer.hikari.HikariDataSource -- HikariPool-1 - Shutdown initiated...
09:58:51.407 [main] INFO com.zaxxer.hikari.HikariDataSource -- HikariPool-1 - Shutdown completed.
[INFO] Tests run: 1, Failures: 0, Errors: 0, Skipped: 0, Time elapsed: 7.172 s -- in org.namewta.test.notify.NotifyWakeIntegrationTest
[INFO] Running org.namewta.test.notify.NotifySmsDispatchIntegrationTest
09:58:52.847 [main] INFO org.redisson.Version -- Redisson 4.6.1
09:58:53.201 [redisson-netty-1-1] INFO org.redisson.connection.ConnectionsHolder -- 1 connections initialized for 127.0.0.1/127.0.0.1:32829
09:58:53.201 [redisson-netty-1-2] INFO org.redisson.connection.ConnectionsHolder -- 1 connections initialized for 127.0.0.1/127.0.0.1:32829
09:58:53.527 [main] INFO com.baomidou.dynamic.datasource.DynamicRoutingDataSource -- dynamic-datasource - add a datasource named [master] success
09:58:54.560 [main] INFO com.zaxxer.hikari.HikariDataSource -- HikariPool-1 - Starting...
09:58:54.892 [main] INFO com.zaxxer.hikari.pool.HikariPool -- HikariPool-1 - Added connection com.mysql.cj.jdbc.ConnectionImpl@1de5cc88
09:58:54.894 [main] INFO com.zaxxer.hikari.HikariDataSource -- HikariPool-1 - Start completed.
09:58:55.699 [main] INFO com.baomidou.dynamic.datasource.DynamicRoutingDataSource -- dynamic-datasource start closing ....
09:58:55.702 [main] INFO com.zaxxer.hikari.HikariDataSource -- HikariPool-1 - Shutdown initiated...
09:58:55.709 [main] INFO com.zaxxer.hikari.HikariDataSource -- HikariPool-1 - Shutdown completed.
09:58:55.709 [main] INFO com.baomidou.dynamic.datasource.destroyer.DefaultDataSourceDestroyer -- dynamic-datasource close the datasource named [master] success,
09:58:55.709 [main] INFO com.baomidou.dynamic.datasource.DynamicRoutingDataSource -- dynamic-datasource all closed success,bye
09:58:55.721 [main] INFO com.baomidou.dynamic.datasource.DynamicRoutingDataSource -- dynamic-datasource - add a datasource named [master] success
09:58:55.991 [main] INFO com.zaxxer.hikari.HikariDataSource -- HikariPool-2 - Starting...
09:58:55.995 [main] INFO com.zaxxer.hikari.pool.HikariPool -- HikariPool-2 - Added connection com.mysql.cj.jdbc.ConnectionImpl@51813065
09:58:55.995 [main] INFO com.zaxxer.hikari.HikariDataSource -- HikariPool-2 - Start completed.
09:58:56.262 [main] INFO com.baomidou.dynamic.datasource.DynamicRoutingDataSource -- dynamic-datasource start closing ....
09:58:56.262 [main] INFO com.zaxxer.hikari.HikariDataSource -- HikariPool-2 - Shutdown initiated...
09:58:56.289 [main] INFO com.zaxxer.hikari.HikariDataSource -- HikariPool-2 - Shutdown completed.
09:58:56.290 [main] INFO com.baomidou.dynamic.datasource.destroyer.DefaultDataSourceDestroyer -- dynamic-datasource close the datasource named [master] success,
09:58:56.290 [main] INFO com.baomidou.dynamic.datasource.DynamicRoutingDataSource -- dynamic-datasource all closed success,bye
09:58:56.296 [main] INFO com.baomidou.dynamic.datasource.DynamicRoutingDataSource -- dynamic-datasource - add a datasource named [master] success
09:58:56.560 [main] INFO com.zaxxer.hikari.HikariDataSource -- HikariPool-3 - Starting...
09:58:56.566 [main] INFO com.zaxxer.hikari.pool.HikariPool -- HikariPool-3 - Added connection com.mysql.cj.jdbc.ConnectionImpl@628b503a
09:58:56.566 [main] INFO com.zaxxer.hikari.HikariDataSource -- HikariPool-3 - Start completed.
09:58:56.702 [main] INFO com.baomidou.dynamic.datasource.DynamicRoutingDataSource -- dynamic-datasource start closing ....
09:58:56.702 [main] INFO com.zaxxer.hikari.HikariDataSource -- HikariPool-3 - Shutdown initiated...
09:58:56.704 [main] INFO com.zaxxer.hikari.HikariDataSource -- HikariPool-3 - Shutdown completed.
09:58:56.704 [main] INFO com.baomidou.dynamic.datasource.destroyer.DefaultDataSourceDestroyer -- dynamic-datasource close the datasource named [master] success,
09:58:56.704 [main] INFO com.baomidou.dynamic.datasource.DynamicRoutingDataSource -- dynamic-datasource all closed success,bye
09:58:56.710 [main] INFO com.baomidou.dynamic.datasource.DynamicRoutingDataSource -- dynamic-datasource - add a datasource named [master] success
09:58:56.920 [main] INFO com.zaxxer.hikari.HikariDataSource -- HikariPool-4 - Starting...
09:58:56.928 [main] INFO com.zaxxer.hikari.pool.HikariPool -- HikariPool-4 - Added connection com.mysql.cj.jdbc.ConnectionImpl@68d8ae27
09:58:56.928 [main] INFO com.zaxxer.hikari.HikariDataSource -- HikariPool-4 - Start completed.
09:58:57.084 [main] INFO com.baomidou.dynamic.datasource.DynamicRoutingDataSource -- dynamic-datasource start closing ....
09:58:57.084 [main] INFO com.zaxxer.hikari.HikariDataSource -- HikariPool-4 - Shutdown initiated...
09:58:57.101 [main] INFO com.zaxxer.hikari.HikariDataSource -- HikariPool-4 - Shutdown completed.
09:58:57.101 [main] INFO com.baomidou.dynamic.datasource.destroyer.DefaultDataSourceDestroyer -- dynamic-datasource close the datasource named [master] success,
09:58:57.102 [main] INFO com.baomidou.dynamic.datasource.DynamicRoutingDataSource -- dynamic-datasource all closed success,bye
09:58:57.105 [main] INFO com.baomidou.dynamic.datasource.DynamicRoutingDataSource -- dynamic-datasource - add a datasource named [master] success
09:58:57.327 [main] INFO com.zaxxer.hikari.HikariDataSource -- HikariPool-5 - Starting...
09:58:57.334 [main] INFO com.zaxxer.hikari.pool.HikariPool -- HikariPool-5 - Added connection com.mysql.cj.jdbc.ConnectionImpl@13ee97af
09:58:57.334 [main] INFO com.zaxxer.hikari.HikariDataSource -- HikariPool-5 - Start completed.
09:58:57.663 [main] INFO com.baomidou.dynamic.datasource.DynamicRoutingDataSource -- dynamic-datasource start closing ....
09:58:57.663 [main] INFO com.zaxxer.hikari.HikariDataSource -- HikariPool-5 - Shutdown initiated...
09:58:57.665 [main] INFO com.zaxxer.hikari.HikariDataSource -- HikariPool-5 - Shutdown completed.
09:58:57.665 [main] INFO com.baomidou.dynamic.datasource.destroyer.DefaultDataSourceDestroyer -- dynamic-datasource close the datasource named [master] success,
09:58:57.665 [main] INFO com.baomidou.dynamic.datasource.DynamicRoutingDataSource -- dynamic-datasource all closed success,bye
09:58:57.667 [main] INFO com.baomidou.dynamic.datasource.DynamicRoutingDataSource -- dynamic-datasource - add a datasource named [master] success
09:58:57.875 [main] INFO com.zaxxer.hikari.HikariDataSource -- HikariPool-6 - Starting...
09:58:57.881 [main] INFO com.zaxxer.hikari.pool.HikariPool -- HikariPool-6 - Added connection com.mysql.cj.jdbc.ConnectionImpl@7fcc3745
09:58:57.881 [main] INFO com.zaxxer.hikari.HikariDataSource -- HikariPool-6 - Start completed.
09:58:58.091 [main] INFO com.baomidou.dynamic.datasource.DynamicRoutingDataSource -- dynamic-datasource start closing ....
09:58:58.091 [main] INFO com.zaxxer.hikari.HikariDataSource -- HikariPool-6 - Shutdown initiated...
09:58:58.094 [main] INFO com.zaxxer.hikari.HikariDataSource -- HikariPool-6 - Shutdown completed.
09:58:58.094 [main] INFO com.baomidou.dynamic.datasource.destroyer.DefaultDataSourceDestroyer -- dynamic-datasource close the datasource named [master] success,
09:58:58.094 [main] INFO com.baomidou.dynamic.datasource.DynamicRoutingDataSource -- dynamic-datasource all closed success,bye
09:58:58.097 [main] INFO com.baomidou.dynamic.datasource.DynamicRoutingDataSource -- dynamic-datasource - add a datasource named [master] success
09:58:58.283 [main] INFO com.zaxxer.hikari.HikariDataSource -- HikariPool-7 - Starting...
09:58:58.288 [main] INFO com.zaxxer.hikari.pool.HikariPool -- HikariPool-7 - Added connection com.mysql.cj.jdbc.ConnectionImpl@151a6598
09:58:58.288 [main] INFO com.zaxxer.hikari.HikariDataSource -- HikariPool-7 - Start completed.
09:58:58.452 [main] INFO com.baomidou.dynamic.datasource.DynamicRoutingDataSource -- dynamic-datasource start closing ....
09:58:58.453 [main] INFO com.zaxxer.hikari.HikariDataSource -- HikariPool-7 - Shutdown initiated...
09:58:58.460 [main] INFO com.zaxxer.hikari.HikariDataSource -- HikariPool-7 - Shutdown completed.
09:58:58.460 [main] INFO com.baomidou.dynamic.datasource.destroyer.DefaultDataSourceDestroyer -- dynamic-datasource close the datasource named [master] success,
09:58:58.460 [main] INFO com.baomidou.dynamic.datasource.DynamicRoutingDataSource -- dynamic-datasource all closed success,bye
09:58:58.462 [main] INFO com.baomidou.dynamic.datasource.DynamicRoutingDataSource -- dynamic-datasource - add a datasource named [master] success
09:58:58.597 [main] INFO com.zaxxer.hikari.HikariDataSource -- HikariPool-8 - Starting...
09:58:58.602 [main] INFO com.zaxxer.hikari.pool.HikariPool -- HikariPool-8 - Added connection com.mysql.cj.jdbc.ConnectionImpl@1a66be41
09:58:58.602 [main] INFO com.zaxxer.hikari.HikariDataSource -- HikariPool-8 - Start completed.
09:58:58.633 [main] INFO com.baomidou.dynamic.datasource.DynamicRoutingDataSource -- dynamic-datasource start closing ....
09:58:58.633 [main] INFO com.zaxxer.hikari.HikariDataSource -- HikariPool-8 - Shutdown initiated...
09:58:58.634 [main] INFO com.zaxxer.hikari.HikariDataSource -- HikariPool-8 - Shutdown completed.
09:58:58.634 [main] INFO com.baomidou.dynamic.datasource.destroyer.DefaultDataSourceDestroyer -- dynamic-datasource close the datasource named [master] success,
09:58:58.634 [main] INFO com.baomidou.dynamic.datasource.DynamicRoutingDataSource -- dynamic-datasource all closed success,bye
09:58:58.636 [main] INFO com.baomidou.dynamic.datasource.DynamicRoutingDataSource -- dynamic-datasource - add a datasource named [master] success
09:58:58.777 [main] INFO com.zaxxer.hikari.HikariDataSource -- HikariPool-9 - Starting...
09:58:58.781 [main] INFO com.zaxxer.hikari.pool.HikariPool -- HikariPool-9 - Added connection com.mysql.cj.jdbc.ConnectionImpl@7d17906
09:58:58.781 [main] INFO com.zaxxer.hikari.HikariDataSource -- HikariPool-9 - Start completed.
Mockito is currently self-attaching to enable the inline-mock-maker. This will no longer work in future releases of the JDK. Please add Mockito as an agent to your build as described in Mockito's documentation: https://javadoc.io/doc/org.mockito/mockito-core/latest/org.mockito/org/mockito/Mockito.html#0.3
OpenJDK 64-Bit Server VM warning: Sharing is only supported for boot loader classes because bootstrap classpath has been appended
WARNING: A Java agent has been loaded dynamically (/root/.m2/repository/net/bytebuddy/byte-buddy-agent/1.18.10/byte-buddy-agent-1.18.10.jar)
WARNING: If a serviceability tool is in use, please run with -XX:+EnableDynamicAgentLoading to hide this warning
WARNING: If a serviceability tool is not in use, please run with -Djdk.instrument.traceUsage for more information
WARNING: Dynamic loading of agents will be disallowed by default in a future release
09:59:00.281 [main] INFO com.baomidou.dynamic.datasource.DynamicRoutingDataSource -- dynamic-datasource start closing ....
09:59:00.281 [main] INFO com.zaxxer.hikari.HikariDataSource -- HikariPool-9 - Shutdown initiated...
09:59:00.284 [main] INFO com.zaxxer.hikari.HikariDataSource -- HikariPool-9 - Shutdown completed.
09:59:00.285 [main] INFO com.baomidou.dynamic.datasource.destroyer.DefaultDataSourceDestroyer -- dynamic-datasource close the datasource named [master] success,
09:59:00.285 [main] INFO com.baomidou.dynamic.datasource.DynamicRoutingDataSource -- dynamic-datasource all closed success,bye
09:59:00.294 [main] INFO com.baomidou.dynamic.datasource.DynamicRoutingDataSource -- dynamic-datasource - add a datasource named [master] success
09:59:00.727 [main] INFO com.zaxxer.hikari.HikariDataSource -- HikariPool-10 - Starting...
09:59:00.734 [main] INFO com.zaxxer.hikari.pool.HikariPool -- HikariPool-10 - Added connection com.mysql.cj.jdbc.ConnectionImpl@792eeae6
09:59:00.734 [main] INFO com.zaxxer.hikari.HikariDataSource -- HikariPool-10 - Start completed.
09:59:01.096 [main] INFO com.baomidou.dynamic.datasource.DynamicRoutingDataSource -- dynamic-datasource start closing ....
09:59:01.097 [main] INFO com.zaxxer.hikari.HikariDataSource -- HikariPool-10 - Shutdown initiated...
09:59:01.099 [main] INFO com.zaxxer.hikari.HikariDataSource -- HikariPool-10 - Shutdown completed.
09:59:01.099 [main] INFO com.baomidou.dynamic.datasource.destroyer.DefaultDataSourceDestroyer -- dynamic-datasource close the datasource named [master] success,
09:59:01.099 [main] INFO com.baomidou.dynamic.datasource.DynamicRoutingDataSource -- dynamic-datasource all closed success,bye
[INFO] Tests run: 10, Failures: 0, Errors: 0, Skipped: 0, Time elapsed: 8.543 s -- in org.namewta.test.notify.NotifySmsDispatchIntegrationTest
[INFO] Running org.namewta.test.notify.EnterpriseQueuedNotificationIntegrationTest
09:59:02.372 [main] INFO com.baomidou.dynamic.datasource.DynamicRoutingDataSource -- dynamic-datasource - add a datasource named [master] success
09:59:03.172 [main] INFO org.redisson.Version -- Redisson 4.6.1
09:59:03.666 [redisson-netty-1-1] INFO org.redisson.connection.ConnectionsHolder -- 1 connections initialized for 127.0.0.1/127.0.0.1:32829
09:59:03.666 [redisson-netty-1-2] INFO org.redisson.connection.ConnectionsHolder -- 1 connections initialized for 127.0.0.1/127.0.0.1:32829
Mockito is currently self-attaching to enable the inline-mock-maker. This will no longer work in future releases of the JDK. Please add Mockito as an agent to your build as described in Mockito's documentation: https://javadoc.io/doc/org.mockito/mockito-core/latest/org.mockito/org/mockito/Mockito.html#0.3
OpenJDK 64-Bit Server VM warning: Sharing is only supported for boot loader classes because bootstrap classpath has been appended
WARNING: A Java agent has been loaded dynamically (/root/.m2/repository/net/bytebuddy/byte-buddy-agent/1.18.10/byte-buddy-agent-1.18.10.jar)
WARNING: If a serviceability tool is in use, please run with -XX:+EnableDynamicAgentLoading to hide this warning
WARNING: If a serviceability tool is not in use, please run with -Djdk.instrument.traceUsage for more information
WARNING: Dynamic loading of agents will be disallowed by default in a future release
09:59:05.463 [main] INFO com.zaxxer.hikari.HikariDataSource -- HikariPool-1 - Starting...
09:59:05.850 [main] INFO com.zaxxer.hikari.pool.HikariPool -- HikariPool-1 - Added connection com.mysql.cj.jdbc.ConnectionImpl@7ebc5be6
09:59:05.853 [main] INFO com.zaxxer.hikari.HikariDataSource -- HikariPool-1 - Start completed.
09:59:07.177 [main] INFO org.namewta.notify.adapter.worker.NotifyOutboxWorker -- notify outbox drain trigger=POLL claimed=1 batches=2
09:59:07.679 [main] INFO org.namewta.notify.adapter.worker.NotifyOutboxWorker -- notify outbox drain trigger=POLL claimed=1 batches=2
09:59:07.911 [main] INFO com.baomidou.dynamic.datasource.DynamicRoutingDataSource -- dynamic-datasource start closing ....
09:59:07.913 [main] INFO com.baomidou.dynamic.datasource.DynamicRoutingDataSource -- dynamic-datasource all closed success,bye
09:59:07.913 [main] INFO com.zaxxer.hikari.HikariDataSource -- HikariPool-1 - Shutdown initiated...
09:59:07.918 [main] INFO com.zaxxer.hikari.HikariDataSource -- HikariPool-1 - Shutdown completed.
09:59:07.934 [main] INFO com.baomidou.dynamic.datasource.DynamicRoutingDataSource -- dynamic-datasource - add a datasource named [master] success
09:59:08.215 [main] INFO org.redisson.Version -- Redisson 4.6.1
09:59:08.223 [redisson-netty-5-1] INFO org.redisson.connection.ConnectionsHolder -- 1 connections initialized for 127.0.0.1/127.0.0.1:32829
09:59:08.228 [redisson-netty-5-2] INFO org.redisson.connection.ConnectionsHolder -- 1 connections initialized for 127.0.0.1/127.0.0.1:32829
09:59:08.268 [main] INFO com.zaxxer.hikari.HikariDataSource -- HikariPool-2 - Starting...
09:59:08.277 [main] INFO com.zaxxer.hikari.pool.HikariPool -- HikariPool-2 - Added connection com.mysql.cj.jdbc.ConnectionImpl@786cc1df
09:59:08.278 [main] INFO com.zaxxer.hikari.HikariDataSource -- HikariPool-2 - Start completed.
09:59:08.545 [main] INFO org.namewta.notify.adapter.worker.NotifyOutboxWorker -- notify outbox drain trigger=POLL claimed=1 batches=2
09:59:08.733 [main] INFO com.baomidou.dynamic.datasource.DynamicRoutingDataSource -- dynamic-datasource start closing ....
09:59:08.734 [main] INFO com.baomidou.dynamic.datasource.DynamicRoutingDataSource -- dynamic-datasource all closed success,bye
09:59:08.734 [main] INFO com.zaxxer.hikari.HikariDataSource -- HikariPool-2 - Shutdown initiated...
09:59:08.737 [main] INFO com.zaxxer.hikari.HikariDataSource -- HikariPool-2 - Shutdown completed.
09:59:08.740 [main] INFO com.baomidou.dynamic.datasource.DynamicRoutingDataSource -- dynamic-datasource - add a datasource named [master] success
09:59:09.008 [main] INFO org.redisson.Version -- Redisson 4.6.1
09:59:09.020 [redisson-netty-8-1] INFO org.redisson.connection.ConnectionsHolder -- 1 connections initialized for 127.0.0.1/127.0.0.1:32829
09:59:09.021 [redisson-netty-8-2] INFO org.redisson.connection.ConnectionsHolder -- 1 connections initialized for 127.0.0.1/127.0.0.1:32829
09:59:09.063 [main] INFO com.zaxxer.hikari.HikariDataSource -- HikariPool-3 - Starting...
09:59:09.069 [main] INFO com.zaxxer.hikari.pool.HikariPool -- HikariPool-3 - Added connection com.mysql.cj.jdbc.ConnectionImpl@7ead0b51
09:59:09.069 [main] INFO com.zaxxer.hikari.HikariDataSource -- HikariPool-3 - Start completed.
09:59:09.362 [main] INFO com.baomidou.dynamic.datasource.DynamicRoutingDataSource -- dynamic-datasource start closing ....
09:59:09.362 [main] INFO com.baomidou.dynamic.datasource.DynamicRoutingDataSource -- dynamic-datasource all closed success,bye
09:59:09.362 [main] INFO com.zaxxer.hikari.HikariDataSource -- HikariPool-3 - Shutdown initiated...
09:59:09.399 [main] INFO com.zaxxer.hikari.HikariDataSource -- HikariPool-3 - Shutdown completed.
09:59:09.402 [main] INFO com.baomidou.dynamic.datasource.DynamicRoutingDataSource -- dynamic-datasource - add a datasource named [master] success
09:59:09.639 [main] INFO org.redisson.Version -- Redisson 4.6.1
09:59:09.647 [redisson-netty-11-1] INFO org.redisson.connection.ConnectionsHolder -- 1 connections initialized for 127.0.0.1/127.0.0.1:32829
09:59:09.648 [redisson-netty-11-2] INFO org.redisson.connection.ConnectionsHolder -- 1 connections initialized for 127.0.0.1/127.0.0.1:32829
09:59:09.673 [main] INFO com.zaxxer.hikari.HikariDataSource -- HikariPool-4 - Starting...
09:59:09.680 [main] INFO com.zaxxer.hikari.pool.HikariPool -- HikariPool-4 - Added connection com.mysql.cj.jdbc.ConnectionImpl@f31b991
09:59:09.681 [main] INFO com.zaxxer.hikari.HikariDataSource -- HikariPool-4 - Start completed.
09:59:09.975 [main] INFO org.namewta.notify.adapter.worker.NotifyOutboxWorker -- notify outbox drain trigger=POLL claimed=1 batches=2
09:59:10.202 [main] INFO com.baomidou.dynamic.datasource.DynamicRoutingDataSource -- dynamic-datasource start closing ....
09:59:10.202 [main] INFO com.baomidou.dynamic.datasource.DynamicRoutingDataSource -- dynamic-datasource all closed success,bye
09:59:10.203 [main] INFO com.zaxxer.hikari.HikariDataSource -- HikariPool-4 - Shutdown initiated...
09:59:10.208 [main] INFO com.zaxxer.hikari.HikariDataSource -- HikariPool-4 - Shutdown completed.
09:59:10.213 [main] INFO com.baomidou.dynamic.datasource.DynamicRoutingDataSource -- dynamic-datasource - add a datasource named [master] success
09:59:10.368 [main] INFO org.redisson.Version -- Redisson 4.6.1
09:59:10.375 [redisson-netty-14-1] INFO org.redisson.connection.ConnectionsHolder -- 1 connections initialized for 127.0.0.1/127.0.0.1:32829
09:59:10.378 [redisson-netty-14-2] INFO org.redisson.connection.ConnectionsHolder -- 1 connections initialized for 127.0.0.1/127.0.0.1:32829
09:59:10.399 [main] INFO com.zaxxer.hikari.HikariDataSource -- HikariPool-5 - Starting...
09:59:10.404 [main] INFO com.zaxxer.hikari.pool.HikariPool -- HikariPool-5 - Added connection com.mysql.cj.jdbc.ConnectionImpl@2bbaf1bc
09:59:10.404 [main] INFO com.zaxxer.hikari.HikariDataSource -- HikariPool-5 - Start completed.
09:59:10.654 [main] INFO org.namewta.notify.adapter.worker.NotifyOutboxWorker -- notify outbox drain trigger=POLL claimed=1 batches=2
09:59:10.733 [main] INFO com.baomidou.dynamic.datasource.DynamicRoutingDataSource -- dynamic-datasource start closing ....
09:59:10.734 [main] INFO com.baomidou.dynamic.datasource.DynamicRoutingDataSource -- dynamic-datasource all closed success,bye
09:59:10.734 [main] INFO com.zaxxer.hikari.HikariDataSource -- HikariPool-5 - Shutdown initiated...
09:59:10.760 [main] INFO com.zaxxer.hikari.HikariDataSource -- HikariPool-5 - Shutdown completed.
09:59:10.762 [main] INFO com.baomidou.dynamic.datasource.DynamicRoutingDataSource -- dynamic-datasource - add a datasource named [master] success
09:59:10.915 [main] INFO org.redisson.Version -- Redisson 4.6.1
09:59:10.919 [redisson-netty-17-2] INFO org.redisson.connection.ConnectionsHolder -- 1 connections initialized for 127.0.0.1/127.0.0.1:32829
09:59:10.919 [redisson-netty-17-1] INFO org.redisson.connection.ConnectionsHolder -- 1 connections initialized for 127.0.0.1/127.0.0.1:32829
09:59:10.939 [main] INFO com.zaxxer.hikari.HikariDataSource -- HikariPool-6 - Starting...
09:59:10.945 [main] INFO com.zaxxer.hikari.pool.HikariPool -- HikariPool-6 - Added connection com.mysql.cj.jdbc.ConnectionImpl@2bab1821
09:59:10.946 [main] INFO com.zaxxer.hikari.HikariDataSource -- HikariPool-6 - Start completed.
09:59:11.176 [main] INFO org.namewta.notify.adapter.worker.NotifyOutboxWorker -- notify outbox drain trigger=POLL claimed=1 batches=2
09:59:11.325 [main] INFO com.baomidou.dynamic.datasource.DynamicRoutingDataSource -- dynamic-datasource start closing ....
09:59:11.325 [main] INFO com.baomidou.dynamic.datasource.DynamicRoutingDataSource -- dynamic-datasource all closed success,bye
09:59:11.325 [main] INFO com.zaxxer.hikari.HikariDataSource -- HikariPool-6 - Shutdown initiated...
09:59:11.327 [main] INFO com.zaxxer.hikari.HikariDataSource -- HikariPool-6 - Shutdown completed.
09:59:11.332 [main] INFO com.baomidou.dynamic.datasource.DynamicRoutingDataSource -- dynamic-datasource - add a datasource named [master] success
09:59:11.489 [main] INFO org.redisson.Version -- Redisson 4.6.1
09:59:11.496 [redisson-netty-20-1] INFO org.redisson.connection.ConnectionsHolder -- 1 connections initialized for 127.0.0.1/127.0.0.1:32829
09:59:11.497 [redisson-netty-20-2] INFO org.redisson.connection.ConnectionsHolder -- 1 connections initialized for 127.0.0.1/127.0.0.1:32829
09:59:11.522 [main] INFO com.zaxxer.hikari.HikariDataSource -- HikariPool-7 - Starting...
09:59:11.527 [main] INFO com.zaxxer.hikari.pool.HikariPool -- HikariPool-7 - Added connection com.mysql.cj.jdbc.ConnectionImpl@dcf64d2
09:59:11.527 [main] INFO com.zaxxer.hikari.HikariDataSource -- HikariPool-7 - Start completed.
09:59:11.960 [main] INFO org.namewta.notify.adapter.worker.NotifyOutboxWorker -- notify outbox drain trigger=POLL claimed=2 batches=2
09:59:12.187 [main] INFO com.baomidou.dynamic.datasource.DynamicRoutingDataSource -- dynamic-datasource start closing ....
09:59:12.188 [main] INFO com.baomidou.dynamic.datasource.DynamicRoutingDataSource -- dynamic-datasource all closed success,bye
09:59:12.188 [main] INFO com.zaxxer.hikari.HikariDataSource -- HikariPool-7 - Shutdown initiated...
09:59:12.193 [main] INFO com.zaxxer.hikari.HikariDataSource -- HikariPool-7 - Shutdown completed.
09:59:12.195 [main] INFO com.baomidou.dynamic.datasource.DynamicRoutingDataSource -- dynamic-datasource - add a datasource named [master] success
09:59:12.382 [main] INFO org.redisson.Version -- Redisson 4.6.1
09:59:12.389 [redisson-netty-23-2] INFO org.redisson.connection.ConnectionsHolder -- 1 connections initialized for 127.0.0.1/127.0.0.1:32829
09:59:12.389 [redisson-netty-23-1] INFO org.redisson.connection.ConnectionsHolder -- 1 connections initialized for 127.0.0.1/127.0.0.1:32829
09:59:12.412 [main] INFO com.zaxxer.hikari.HikariDataSource -- HikariPool-8 - Starting...
09:59:12.421 [main] INFO com.zaxxer.hikari.pool.HikariPool -- HikariPool-8 - Added connection com.mysql.cj.jdbc.ConnectionImpl@70c68e4e
09:59:12.422 [main] INFO com.zaxxer.hikari.HikariDataSource -- HikariPool-8 - Start completed.
09:59:12.881 [main] INFO com.baomidou.dynamic.datasource.DynamicRoutingDataSource -- dynamic-datasource start closing ....
09:59:12.882 [main] INFO com.baomidou.dynamic.datasource.DynamicRoutingDataSource -- dynamic-datasource all closed success,bye
09:59:12.882 [main] INFO com.zaxxer.hikari.HikariDataSource -- HikariPool-8 - Shutdown initiated...
09:59:12.883 [main] INFO com.zaxxer.hikari.HikariDataSource -- HikariPool-8 - Shutdown completed.
[INFO] Tests run: 8, Failures: 0, Errors: 0, Skipped: 0, Time elapsed: 10.71 s -- in org.namewta.test.notify.EnterpriseQueuedNotificationIntegrationTest
[INFO] Running org.namewta.test.notify.idempotency.RedisNotifyIdempotencyStoreIntegrationTest
09:59:14.100 [main] INFO org.redisson.Version -- Redisson 4.6.1
09:59:14.423 [redisson-netty-1-5] INFO org.redisson.connection.ConnectionsHolder -- 1 connections initialized for 127.0.0.1/127.0.0.1:32829
09:59:14.535 [redisson-netty-1-19] INFO org.redisson.connection.ConnectionsHolder -- 24 connections initialized for 127.0.0.1/127.0.0.1:32829
09:59:15.043 [main] INFO org.redisson.Version -- Redisson 4.6.1
09:59:15.049 [redisson-netty-5-4] INFO org.redisson.connection.ConnectionsHolder -- 1 connections initialized for 127.0.0.1/127.0.0.1:32829
09:59:15.123 [redisson-netty-5-19] INFO org.redisson.connection.ConnectionsHolder -- 24 connections initialized for 127.0.0.1/127.0.0.1:32829
09:59:15.269 [main] INFO org.redisson.Version -- Redisson 4.6.1
09:59:15.279 [redisson-netty-8-6] INFO org.redisson.connection.ConnectionsHolder -- 1 connections initialized for 127.0.0.1/127.0.0.1:32829
09:59:15.354 [redisson-netty-8-19] INFO org.redisson.connection.ConnectionsHolder -- 24 connections initialized for 127.0.0.1/127.0.0.1:32829
[INFO] Tests run: 3, Failures: 0, Errors: 0, Skipped: 0, Time elapsed: 1.517 s -- in org.namewta.test.notify.idempotency.RedisNotifyIdempotencyStoreIntegrationTest
[INFO] Running org.namewta.test.notify.NotifyAtomicResultIntegrationTest
09:59:16.830 [main] INFO com.baomidou.dynamic.datasource.DynamicRoutingDataSource -- dynamic-datasource - add a datasource named [master] success
09:59:17.644 [main] INFO org.redisson.Version -- Redisson 4.6.1
09:59:17.990 [redisson-netty-1-1] INFO org.redisson.connection.ConnectionsHolder -- 1 connections initialized for 127.0.0.1/127.0.0.1:32829
09:59:17.990 [redisson-netty-1-2] INFO org.redisson.connection.ConnectionsHolder -- 1 connections initialized for 127.0.0.1/127.0.0.1:32829
Mockito is currently self-attaching to enable the inline-mock-maker. This will no longer work in future releases of the JDK. Please add Mockito as an agent to your build as described in Mockito's documentation: https://javadoc.io/doc/org.mockito/mockito-core/latest/org.mockito/org/mockito/Mockito.html#0.3
OpenJDK 64-Bit Server VM warning: Sharing is only supported for boot loader classes because bootstrap classpath has been appended
WARNING: A Java agent has been loaded dynamically (/root/.m2/repository/net/bytebuddy/byte-buddy-agent/1.18.10/byte-buddy-agent-1.18.10.jar)
WARNING: If a serviceability tool is in use, please run with -XX:+EnableDynamicAgentLoading to hide this warning
WARNING: If a serviceability tool is not in use, please run with -Djdk.instrument.traceUsage for more information
WARNING: Dynamic loading of agents will be disallowed by default in a future release
09:59:19.836 [main] INFO com.zaxxer.hikari.HikariDataSource -- HikariPool-1 - Starting...
09:59:20.225 [main] INFO com.zaxxer.hikari.pool.HikariPool -- HikariPool-1 - Added connection com.mysql.cj.jdbc.ConnectionImpl@49b9ba6a
09:59:20.228 [main] INFO com.zaxxer.hikari.HikariDataSource -- HikariPool-1 - Start completed.
09:59:20.847 [main] INFO com.baomidou.dynamic.datasource.DynamicRoutingDataSource -- dynamic-datasource start closing ....
09:59:20.852 [main] INFO com.baomidou.dynamic.datasource.DynamicRoutingDataSource -- dynamic-datasource all closed success,bye
09:59:20.852 [main] INFO com.zaxxer.hikari.HikariDataSource -- HikariPool-1 - Shutdown initiated...
09:59:20.863 [main] INFO com.zaxxer.hikari.HikariDataSource -- HikariPool-1 - Shutdown completed.
09:59:20.880 [main] INFO com.baomidou.dynamic.datasource.DynamicRoutingDataSource -- dynamic-datasource - add a datasource named [master] success
09:59:21.314 [main] INFO org.redisson.Version -- Redisson 4.6.1
09:59:21.328 [redisson-netty-5-1] INFO org.redisson.connection.ConnectionsHolder -- 1 connections initialized for 127.0.0.1/127.0.0.1:32829
09:59:21.328 [redisson-netty-5-2] INFO org.redisson.connection.ConnectionsHolder -- 1 connections initialized for 127.0.0.1/127.0.0.1:32829
09:59:21.397 [main] INFO com.zaxxer.hikari.HikariDataSource -- HikariPool-2 - Starting...
09:59:21.407 [main] INFO com.zaxxer.hikari.pool.HikariPool -- HikariPool-2 - Added connection com.mysql.cj.jdbc.ConnectionImpl@1d3e5a05
09:59:21.408 [main] INFO com.zaxxer.hikari.HikariDataSource -- HikariPool-2 - Start completed.
09:59:21.756 [main] INFO com.baomidou.dynamic.datasource.DynamicRoutingDataSource -- dynamic-datasource start closing ....
09:59:21.756 [main] INFO com.baomidou.dynamic.datasource.DynamicRoutingDataSource -- dynamic-datasource all closed success,bye
09:59:21.756 [main] INFO com.zaxxer.hikari.HikariDataSource -- HikariPool-2 - Shutdown initiated...
09:59:21.796 [main] INFO com.zaxxer.hikari.HikariDataSource -- HikariPool-2 - Shutdown completed.
09:59:21.800 [main] INFO com.baomidou.dynamic.datasource.DynamicRoutingDataSource -- dynamic-datasource - add a datasource named [master] success
09:59:22.097 [main] INFO org.redisson.Version -- Redisson 4.6.1
09:59:22.101 [redisson-netty-8-1] INFO org.redisson.connection.ConnectionsHolder -- 1 connections initialized for 127.0.0.1/127.0.0.1:32829
09:59:22.103 [redisson-netty-8-2] INFO org.redisson.connection.ConnectionsHolder -- 1 connections initialized for 127.0.0.1/127.0.0.1:32829
09:59:22.139 [main] INFO com.zaxxer.hikari.HikariDataSource -- HikariPool-3 - Starting...
09:59:22.148 [main] INFO com.zaxxer.hikari.pool.HikariPool -- HikariPool-3 - Added connection com.mysql.cj.jdbc.ConnectionImpl@75d402d4
09:59:22.148 [main] INFO com.zaxxer.hikari.HikariDataSource -- HikariPool-3 - Start completed.
09:59:22.436 [pool-3-thread-1] WARN org.namewta.notify.adapter.event.InAppCommittedPushListener -- 站内实时提示失败，messageId=9220001, reason=IllegalStateException
09:59:22.504 [pool-3-thread-2] WARN org.namewta.notify.adapter.event.InAppCommittedPushListener -- 站内实时提示失败，messageId=9220001, reason=IllegalStateException
09:59:22.608 [main] INFO com.baomidou.dynamic.datasource.DynamicRoutingDataSource -- dynamic-datasource start closing ....
09:59:22.608 [main] INFO com.baomidou.dynamic.datasource.DynamicRoutingDataSource -- dynamic-datasource all closed success,bye
09:59:22.608 [main] INFO com.zaxxer.hikari.HikariDataSource -- HikariPool-3 - Shutdown initiated...
09:59:22.614 [main] INFO com.zaxxer.hikari.HikariDataSource -- HikariPool-3 - Shutdown completed.
09:59:22.617 [main] INFO com.baomidou.dynamic.datasource.DynamicRoutingDataSource -- dynamic-datasource - add a datasource named [master] success
09:59:22.802 [main] INFO org.redisson.Version -- Redisson 4.6.1
09:59:22.808 [redisson-netty-11-1] INFO org.redisson.connection.ConnectionsHolder -- 1 connections initialized for 127.0.0.1/127.0.0.1:32829
09:59:22.808 [redisson-netty-11-2] INFO org.redisson.connection.ConnectionsHolder -- 1 connections initialized for 127.0.0.1/127.0.0.1:32829
09:59:22.832 [main] INFO com.zaxxer.hikari.HikariDataSource -- HikariPool-4 - Starting...
09:59:22.841 [main] INFO com.zaxxer.hikari.pool.HikariPool -- HikariPool-4 - Added connection com.mysql.cj.jdbc.ConnectionImpl@5b4b6f3b
09:59:22.841 [main] INFO com.zaxxer.hikari.HikariDataSource -- HikariPool-4 - Start completed.
09:59:23.200 [main] INFO com.baomidou.dynamic.datasource.DynamicRoutingDataSource -- dynamic-datasource start closing ....
09:59:23.200 [main] INFO com.baomidou.dynamic.datasource.DynamicRoutingDataSource -- dynamic-datasource all closed success,bye
09:59:23.200 [main] INFO com.zaxxer.hikari.HikariDataSource -- HikariPool-4 - Shutdown initiated...
09:59:23.207 [main] INFO com.zaxxer.hikari.HikariDataSource -- HikariPool-4 - Shutdown completed.
09:59:23.263 [main] INFO com.baomidou.dynamic.datasource.DynamicRoutingDataSource -- dynamic-datasource - add a datasource named [master] success
09:59:23.427 [main] INFO org.redisson.Version -- Redisson 4.6.1
09:59:23.435 [redisson-netty-14-1] INFO org.redisson.connection.ConnectionsHolder -- 1 connections initialized for 127.0.0.1/127.0.0.1:32829
09:59:23.438 [redisson-netty-14-2] INFO org.redisson.connection.ConnectionsHolder -- 1 connections initialized for 127.0.0.1/127.0.0.1:32829
09:59:23.471 [main] INFO com.zaxxer.hikari.HikariDataSource -- HikariPool-5 - Starting...
09:59:23.480 [main] INFO com.zaxxer.hikari.pool.HikariPool -- HikariPool-5 - Added connection com.mysql.cj.jdbc.ConnectionImpl@5cf39df6
09:59:23.480 [main] INFO com.zaxxer.hikari.HikariDataSource -- HikariPool-5 - Start completed.
09:59:23.560 [main] WARN com.zaxxer.hikari.pool.ProxyConnection -- HikariPool-5 - Connection com.mysql.cj.jdbc.ConnectionImpl@5cf39df6 marked as broken because of SQLSTATE(08S01), ErrorCode(0)
com.mysql.cj.jdbc.exceptions.CommunicationsException: Communications link failure

The last packet successfully received from the server was 13 milliseconds ago. The last packet sent successfully to the server was 14 milliseconds ago.
	at com.mysql.cj.jdbc.exceptions.SQLError.createCommunicationsException(SQLError.java:165)
	at com.mysql.cj.jdbc.exceptions.SQLExceptionsMapping.translateException(SQLExceptionsMapping.java:55)
	at com.mysql.cj.jdbc.ConnectionImpl.commit(ConnectionImpl.java:814)
	at com.zaxxer.hikari.pool.ProxyConnection.commit(ProxyConnection.java:378)
	at com.zaxxer.hikari.pool.HikariProxyConnection.commit(HikariProxyConnection.java)
	at java.base/jdk.internal.reflect.DirectMethodHandleAccessor.invoke(DirectMethodHandleAccessor.java:103)
	at java.base/java.lang.reflect.Method.invoke(Method.java:580)
	at org.namewta.test.notify.NotifyAtomicResultIntegrationTest$1.lambda$getConnection$0(NotifyAtomicResultIntegrationTest.java:118)
	at jdk.proxy2/jdk.proxy2.$Proxy131.commit(Unknown Source)
	at com.baomidou.dynamic.datasource.tx.ConnectionProxy.notify(ConnectionProxy.java:62)
	at com.baomidou.dynamic.datasource.tx.ConnectionFactory.notify(ConnectionFactory.java:153)
	at com.baomidou.dynamic.datasource.tx.LocalTxUtil.commit(LocalTxUtil.java:91)
	at com.baomidou.dynamic.datasource.tx.TransactionalTemplate.doExecute(TransactionalTemplate.java:126)
	at com.baomidou.dynamic.datasource.tx.TransactionalTemplate.execute(TransactionalTemplate.java:94)
	at com.baomidou.dynamic.datasource.aop.DynamicLocalTransactionInterceptor.invoke(DynamicLocalTransactionInterceptor.java:59)
	at org.springframework.aop.framework.ReflectiveMethodInvocation.proceed(ReflectiveMethodInvocation.java:179)
	at org.springframework.aop.framework.CglibAopProxy$DynamicAdvisedInterceptor.intercept(CglibAopProxy.java:719)
	at org.namewta.notify.usecase.ProviderCallbackUseCase$$SpringCGLIB$$5.confirm(<generated>)
	at org.namewta.test.notify.NotifyAtomicResultIntegrationTest.lambda$nativeReceiptCommitFailureCanRetrySameInternalIdentity$57(NotifyAtomicResultIntegrationTest.java:1156)
	at org.assertj.core.api.ThrowableAssert.catchThrowable(ThrowableAssert.java:66)
	at org.assertj.core.api.AssertionsForClassTypes.catchThrowable(AssertionsForClassTypes.java:908)
	at org.assertj.core.api.Assertions.catchThrowable(Assertions.java:1476)
	at org.assertj.core.api.Assertions.assertThatThrownBy(Assertions.java:1319)
	at org.namewta.test.notify.NotifyAtomicResultIntegrationTest.nativeReceiptCommitFailureCanRetrySameInternalIdentity(NotifyAtomicResultIntegrationTest.java:1156)
	at java.base/jdk.internal.reflect.DirectMethodHandleAccessor.invoke(DirectMethodHandleAccessor.java:103)
	at java.base/java.lang.reflect.Method.invoke(Method.java:580)
	at org.junit.platform.commons.util.ReflectionUtils.invokeMethod(ReflectionUtils.java:701)
	at org.junit.platform.commons.support.ReflectionSupport.invokeMethod(ReflectionSupport.java:502)
	at org.junit.jupiter.engine.support.MethodReflectionUtils.invoke(MethodReflectionUtils.java:45)
	at org.junit.jupiter.engine.execution.MethodInvocation.proceed(MethodInvocation.java:61)
	at org.junit.jupiter.engine.execution.InvocationInterceptorChain$ValidatingInvocation.proceed(InvocationInterceptorChain.java:124)
	at org.junit.jupiter.engine.extension.TimeoutExtension.intercept(TimeoutExtension.java:163)
	at org.junit.jupiter.engine.extension.TimeoutExtension.interceptTestableMethod(TimeoutExtension.java:148)
	at org.junit.jupiter.engine.extension.TimeoutExtension.interceptTestTemplateMethod(TimeoutExtension.java:94)
	at org.junit.jupiter.engine.execution.InterceptingExecutableInvoker$ReflectiveInterceptorCall.lambda$ofVoidMethod$0(InterceptingExecutableInvoker.java:123)
	at org.junit.jupiter.engine.execution.InterceptingExecutableInvoker.lambda$invoke$0(InterceptingExecutableInvoker.java:105)
	at org.junit.jupiter.engine.execution.InvocationInterceptorChain$InterceptedInvocation.proceed(InvocationInterceptorChain.java:99)
	at org.junit.jupiter.engine.execution.InvocationInterceptorChain.proceed(InvocationInterceptorChain.java:66)
	at org.junit.jupiter.engine.execution.InvocationInterceptorChain.chainAndInvoke(InvocationInterceptorChain.java:47)
	at org.junit.jupiter.engine.execution.InvocationInterceptorChain.invoke(InvocationInterceptorChain.java:39)
	at org.junit.jupiter.engine.execution.InterceptingExecutableInvoker.invoke(InterceptingExecutableInvoker.java:104)
	at org.junit.jupiter.engine.execution.InterceptingExecutableInvoker.invoke(InterceptingExecutableInvoker.java:98)
	at org.junit.jupiter.engine.execution.InterceptingExecutableInvoker.invokeVoid(InterceptingExecutableInvoker.java:71)
	at org.junit.jupiter.engine.descriptor.TestMethodTestDescriptor.lambda$invokeTestMethod$0(TestMethodTestDescriptor.java:219)
	at org.junit.platform.engine.support.hierarchical.ThrowableCollector.execute(ThrowableCollector.java:74)
	at org.junit.jupiter.engine.descriptor.TestMethodTestDescriptor.invokeTestMethod(TestMethodTestDescriptor.java:215)
	at org.junit.jupiter.engine.descriptor.TestMethodTestDescriptor.execute(TestMethodTestDescriptor.java:157)
	at org.junit.jupiter.engine.descriptor.TestMethodTestDescriptor.execute(TestMethodTestDescriptor.java:70)
	at org.junit.platform.engine.support.hierarchical.NodeTestTask.lambda$executeRecursively$2(NodeTestTask.java:176)
	at org.junit.platform.engine.support.hierarchical.ThrowableCollector.execute(ThrowableCollector.java:74)
	at org.junit.platform.engine.support.hierarchical.NodeTestTask.lambda$executeRecursively$1(NodeTestTask.java:166)
	at org.junit.platform.engine.support.hierarchical.Node.around(Node.java:138)
	at org.junit.platform.engine.support.hierarchical.NodeTestTask.lambda$executeRecursively$0(NodeTestTask.java:164)
	at org.junit.platform.engine.support.hierarchical.ThrowableCollector.execute(ThrowableCollector.java:74)
	at org.junit.platform.engine.support.hierarchical.NodeTestTask.executeRecursively(NodeTestTask.java:163)
	at org.junit.platform.engine.support.hierarchical.NodeTestTask.execute(NodeTestTask.java:116)
	at org.junit.platform.engine.support.hierarchical.SameThreadHierarchicalTestExecutorService.submit(SameThreadHierarchicalTestExecutorService.java:36)
	at org.junit.platform.engine.support.hierarchical.NodeTestTask$DefaultDynamicTestExecutor.execute(NodeTestTask.java:268)
	at org.junit.platform.engine.support.hierarchical.NodeTestTask$DefaultDynamicTestExecutor.execute(NodeTestTask.java:246)
	at org.junit.jupiter.engine.descriptor.TemplateExecutor.execute(TemplateExecutor.java:96)
	at org.junit.jupiter.engine.descriptor.TemplateExecutor.lambda$executeForProvider$1(TemplateExecutor.java:59)
	at java.base/java.util.Optional.ifPresent(Optional.java:178)
	at org.junit.jupiter.engine.descriptor.TemplateExecutor.lambda$executeForProvider$0(TemplateExecutor.java:59)
	at java.base/java.util.stream.ForEachOps$ForEachOp$OfRef.accept(ForEachOps.java:184)
	at java.base/java.util.stream.ReferencePipeline$3$1.accept(ReferencePipeline.java:197)
	at java.base/java.util.stream.ForEachOps$ForEachOp$OfRef.accept(ForEachOps.java:184)
	at java.base/java.util.ArrayList$ArrayListSpliterator.forEachRemaining(ArrayList.java:1708)
	at java.base/java.util.stream.ReferencePipeline$Head.forEach(ReferencePipeline.java:762)
	at java.base/java.util.stream.ReferencePipeline$7$1.accept(ReferencePipeline.java:276)
	at java.base/java.util.ArrayList$ArrayListSpliterator.forEachRemaining(ArrayList.java:1708)
	at java.base/java.util.stream.AbstractPipeline.copyInto(AbstractPipeline.java:509)
	at java.base/java.util.stream.AbstractPipeline.wrapAndCopyInto(AbstractPipeline.java:499)
	at java.base/java.util.stream.ForEachOps$ForEachOp.evaluateSequential(ForEachOps.java:151)
	at java.base/java.util.stream.ForEachOps$ForEachOp$OfRef.evaluateSequential(ForEachOps.java:174)
	at java.base/java.util.stream.AbstractPipeline.evaluate(AbstractPipeline.java:234)
	at java.base/java.util.stream.ReferencePipeline.forEach(ReferencePipeline.java:596)
	at java.base/java.util.stream.ReferencePipeline$7$1.accept(ReferencePipeline.java:276)
	at java.base/java.util.stream.ReferencePipeline$3$1.accept(ReferencePipeline.java:197)
	at java.base/java.util.stream.ReferencePipeline$3$1.accept(ReferencePipeline.java:197)
	at java.base/java.util.stream.ReferencePipeline$3$1.accept(ReferencePipeline.java:197)
	at java.base/java.util.AbstractList$RandomAccessSpliterator.forEachRemaining(AbstractList.java:722)
	at java.base/java.util.stream.AbstractPipeline.copyInto(AbstractPipeline.java:509)
	at java.base/java.util.stream.AbstractPipeline.wrapAndCopyInto(AbstractPipeline.java:499)
	at java.base/java.util.stream.ForEachOps$ForEachOp.evaluateSequential(ForEachOps.java:151)
	at java.base/java.util.stream.ForEachOps$ForEachOp$OfRef.evaluateSequential(ForEachOps.java:174)
	at java.base/java.util.stream.AbstractPipeline.evaluate(AbstractPipeline.java:234)
	at java.base/java.util.stream.ReferencePipeline.forEach(ReferencePipeline.java:596)
	at org.junit.jupiter.engine.descriptor.TemplateExecutor.executeForProvider(TemplateExecutor.java:57)
	at org.junit.jupiter.engine.descriptor.TemplateExecutor.execute(TemplateExecutor.java:46)
	at org.junit.jupiter.engine.descriptor.TestTemplateTestDescriptor.execute(TestTemplateTestDescriptor.java:112)
	at org.junit.jupiter.engine.descriptor.TestTemplateTestDescriptor.execute(TestTemplateTestDescriptor.java:40)
	at org.junit.platform.engine.support.hierarchical.NodeTestTask.lambda$executeRecursively$2(NodeTestTask.java:176)
	at org.junit.platform.engine.support.hierarchical.ThrowableCollector.execute(ThrowableCollector.java:74)
	at org.junit.platform.engine.support.hierarchical.NodeTestTask.lambda$executeRecursively$1(NodeTestTask.java:166)
	at org.junit.platform.engine.support.hierarchical.Node.around(Node.java:138)
	at org.junit.platform.engine.support.hierarchical.NodeTestTask.lambda$executeRecursively$0(NodeTestTask.java:164)
	at org.junit.platform.engine.support.hierarchical.ThrowableCollector.execute(ThrowableCollector.java:74)
	at org.junit.platform.engine.support.hierarchical.NodeTestTask.executeRecursively(NodeTestTask.java:163)
	at org.junit.platform.engine.support.hierarchical.NodeTestTask.execute(NodeTestTask.java:116)
	at java.base/java.util.ArrayList.forEach(ArrayList.java:1596)
	at org.junit.platform.engine.support.hierarchical.SameThreadHierarchicalTestExecutorService.invokeAll(SameThreadHierarchicalTestExecutorService.java:42)
	at org.junit.platform.engine.support.hierarchical.NodeTestTask.lambda$executeRecursively$2(NodeTestTask.java:180)
	at org.junit.platform.engine.support.hierarchical.ThrowableCollector.execute(ThrowableCollector.java:74)
	at org.junit.platform.engine.support.hierarchical.NodeTestTask.lambda$executeRecursively$1(NodeTestTask.java:166)
	at org.junit.platform.engine.support.hierarchical.Node.around(Node.java:138)
	at org.junit.platform.engine.support.hierarchical.NodeTestTask.lambda$executeRecursively$0(NodeTestTask.java:164)
	at org.junit.platform.engine.support.hierarchical.ThrowableCollector.execute(ThrowableCollector.java:74)
	at org.junit.platform.engine.support.hierarchical.NodeTestTask.executeRecursively(NodeTestTask.java:163)
	at org.junit.platform.engine.support.hierarchical.NodeTestTask.execute(NodeTestTask.java:116)
	at java.base/java.util.ArrayList.forEach(ArrayList.java:1596)
	at org.junit.platform.engine.support.hierarchical.SameThreadHierarchicalTestExecutorService.invokeAll(SameThreadHierarchicalTestExecutorService.java:42)
	at org.junit.platform.engine.support.hierarchical.NodeTestTask.lambda$executeRecursively$2(NodeTestTask.java:180)
	at org.junit.platform.engine.support.hierarchical.ThrowableCollector.execute(ThrowableCollector.java:74)
	at org.junit.platform.engine.support.hierarchical.NodeTestTask.lambda$executeRecursively$1(NodeTestTask.java:166)
	at org.junit.platform.engine.support.hierarchical.Node.around(Node.java:138)
	at org.junit.platform.engine.support.hierarchical.NodeTestTask.lambda$executeRecursively$0(NodeTestTask.java:164)
	at org.junit.platform.engine.support.hierarchical.ThrowableCollector.execute(ThrowableCollector.java:74)
	at org.junit.platform.engine.support.hierarchical.NodeTestTask.executeRecursively(NodeTestTask.java:163)
	at org.junit.platform.engine.support.hierarchical.NodeTestTask.execute(NodeTestTask.java:116)
	at org.junit.platform.engine.support.hierarchical.SameThreadHierarchicalTestExecutorService.submit(SameThreadHierarchicalTestExecutorService.java:36)
	at org.junit.platform.engine.support.hierarchical.HierarchicalTestExecutor.execute(HierarchicalTestExecutor.java:52)
	at org.junit.platform.engine.support.hierarchical.HierarchicalTestEngine.execute(HierarchicalTestEngine.java:58)
	at org.junit.platform.launcher.core.EngineExecutionOrchestrator.executeEngine(EngineExecutionOrchestrator.java:246)
	at org.junit.platform.launcher.core.EngineExecutionOrchestrator.failOrExecuteEngine(EngineExecutionOrchestrator.java:218)
	at org.junit.platform.launcher.core.EngineExecutionOrchestrator.execute(EngineExecutionOrchestrator.java:179)
	at org.junit.platform.launcher.core.EngineExecutionOrchestrator.execute(EngineExecutionOrchestrator.java:108)
	at org.junit.platform.launcher.core.EngineExecutionOrchestrator.lambda$execute$0(EngineExecutionOrchestrator.java:66)
	at org.junit.platform.launcher.core.EngineExecutionOrchestrator.withInterceptedStreams(EngineExecutionOrchestrator.java:157)
	at org.junit.platform.launcher.core.EngineExecutionOrchestrator.execute(EngineExecutionOrchestrator.java:65)
	at org.junit.platform.launcher.core.DefaultLauncher.execute(DefaultLauncher.java:125)
	at org.junit.platform.launcher.core.DefaultLauncher.execute(DefaultLauncher.java:114)
	at org.junit.platform.launcher.core.DelegatingLauncher.execute(DelegatingLauncher.java:58)
	at org.junit.platform.launcher.core.InterceptingLauncher.lambda$execute$2(InterceptingLauncher.java:57)
	at org.junit.platform.launcher.core.ClasspathAlignmentCheckingLauncherInterceptor.intercept(ClasspathAlignmentCheckingLauncherInterceptor.java:25)
	at org.junit.platform.launcher.core.InterceptingLauncher.execute(InterceptingLauncher.java:56)
	at org.junit.platform.launcher.core.DelegatingLauncher.execute(DelegatingLauncher.java:58)
	at java.base/jdk.internal.reflect.DirectMethodHandleAccessor.invoke(DirectMethodHandleAccessor.java:103)
	at java.base/java.lang.reflect.Method.invoke(Method.java:580)
	at org.apache.maven.surefire.api.util.ReflectionUtils.invokeMethodWithArray(ReflectionUtils.java:125)
	at org.apache.maven.surefire.junitplatform.LauncherAdapter.executeWithCancellationToken(LauncherAdapter.java:68)
	at org.apache.maven.surefire.junitplatform.LauncherAdapter.execute(LauncherAdapter.java:54)
	at org.apache.maven.surefire.junitplatform.JUnitPlatformProvider.execute(JUnitPlatformProvider.java:203)
	at org.apache.maven.surefire.junitplatform.JUnitPlatformProvider.invokeAllTests(JUnitPlatformProvider.java:168)
	at org.apache.maven.surefire.junitplatform.JUnitPlatformProvider.invoke(JUnitPlatformProvider.java:134)
	at org.apache.maven.surefire.booter.ForkedBooter.runSuitesInProcess(ForkedBooter.java:385)
	at org.apache.maven.surefire.booter.ForkedBooter.execute(ForkedBooter.java:162)
	at org.apache.maven.surefire.booter.ForkedBooter.run(ForkedBooter.java:507)
	at org.apache.maven.surefire.booter.ForkedBooter.main(ForkedBooter.java:495)
Caused by: com.mysql.cj.exceptions.CJCommunicationsException: Communications link failure

The last packet successfully received from the server was 13 milliseconds ago. The last packet sent successfully to the server was 14 milliseconds ago.
	at java.base/jdk.internal.reflect.DirectConstructorHandleAccessor.newInstance(DirectConstructorHandleAccessor.java:62)
	at java.base/java.lang.reflect.Constructor.newInstanceWithCaller(Constructor.java:502)
	at java.base/java.lang.reflect.Constructor.newInstance(Constructor.java:486)
	at com.mysql.cj.exceptions.ExceptionFactory.createException(ExceptionFactory.java:52)
	at com.mysql.cj.exceptions.ExceptionFactory.createException(ExceptionFactory.java:95)
	at com.mysql.cj.exceptions.ExceptionFactory.createException(ExceptionFactory.java:140)
	at com.mysql.cj.exceptions.ExceptionFactory.createCommunicationsException(ExceptionFactory.java:156)
	at com.mysql.cj.protocol.a.NativeProtocol.readMessage(NativeProtocol.java:590)
	at com.mysql.cj.protocol.a.NativeProtocol.checkErrorMessage(NativeProtocol.java:767)
	at com.mysql.cj.protocol.a.NativeProtocol.sendCommand(NativeProtocol.java:706)
	at com.mysql.cj.protocol.a.NativeProtocol.sendQueryPacket(NativeProtocol.java:938)
	at com.mysql.cj.NativeSession.execSQL(NativeSession.java:817)
	at com.mysql.cj.jdbc.ConnectionImpl.commit(ConnectionImpl.java:794)
	... 145 common frames omitted
Caused by: java.io.EOFException: Can not read response from server. Expected to read 4 bytes, read 0 bytes before connection was unexpectedly lost.
	at com.mysql.cj.protocol.FullReadInputStream.readFully(FullReadInputStream.java:58)
	at com.mysql.cj.protocol.a.SimplePacketReader.readHeaderLocal(SimplePacketReader.java:72)
	at com.mysql.cj.protocol.a.SimplePacketReader.readHeader(SimplePacketReader.java:54)
	at com.mysql.cj.protocol.a.SimplePacketReader.readHeader(SimplePacketReader.java:36)
	at com.mysql.cj.protocol.a.TimeTrackingPacketReader.readHeader(TimeTrackingPacketReader.java:43)
	at com.mysql.cj.protocol.a.TimeTrackingPacketReader.readHeader(TimeTrackingPacketReader.java:32)
	at com.mysql.cj.protocol.a.MultiPacketReader.readHeader(MultiPacketReader.java:45)
	at com.mysql.cj.protocol.a.MultiPacketReader.readHeader(MultiPacketReader.java:35)
	at com.mysql.cj.protocol.a.NativeProtocol.readMessage(NativeProtocol.java:584)
	... 150 common frames omitted
09:59:23.565 [main] ERROR com.baomidou.dynamic.datasource.tx.ConnectionProxy -- Communications link failure

The last packet successfully received from the server was 13 milliseconds ago. The last packet sent successfully to the server was 14 milliseconds ago.
com.mysql.cj.jdbc.exceptions.CommunicationsException: Communications link failure

The last packet successfully received from the server was 13 milliseconds ago. The last packet sent successfully to the server was 14 milliseconds ago.
	at com.mysql.cj.jdbc.exceptions.SQLError.createCommunicationsException(SQLError.java:165)
	at com.mysql.cj.jdbc.exceptions.SQLExceptionsMapping.translateException(SQLExceptionsMapping.java:55)
	at com.mysql.cj.jdbc.ConnectionImpl.commit(ConnectionImpl.java:814)
	at com.zaxxer.hikari.pool.ProxyConnection.commit(ProxyConnection.java:378)
	at com.zaxxer.hikari.pool.HikariProxyConnection.commit(HikariProxyConnection.java)
	at java.base/jdk.internal.reflect.DirectMethodHandleAccessor.invoke(DirectMethodHandleAccessor.java:103)
	at java.base/java.lang.reflect.Method.invoke(Method.java:580)
	at org.namewta.test.notify.NotifyAtomicResultIntegrationTest$1.lambda$getConnection$0(NotifyAtomicResultIntegrationTest.java:118)
	at jdk.proxy2/jdk.proxy2.$Proxy131.commit(Unknown Source)
	at com.baomidou.dynamic.datasource.tx.ConnectionProxy.notify(ConnectionProxy.java:62)
	at com.baomidou.dynamic.datasource.tx.ConnectionFactory.notify(ConnectionFactory.java:153)
	at com.baomidou.dynamic.datasource.tx.LocalTxUtil.commit(LocalTxUtil.java:91)
	at com.baomidou.dynamic.datasource.tx.TransactionalTemplate.doExecute(TransactionalTemplate.java:126)
	at com.baomidou.dynamic.datasource.tx.TransactionalTemplate.execute(TransactionalTemplate.java:94)
	at com.baomidou.dynamic.datasource.aop.DynamicLocalTransactionInterceptor.invoke(DynamicLocalTransactionInterceptor.java:59)
	at org.springframework.aop.framework.ReflectiveMethodInvocation.proceed(ReflectiveMethodInvocation.java:179)
	at org.springframework.aop.framework.CglibAopProxy$DynamicAdvisedInterceptor.intercept(CglibAopProxy.java:719)
	at org.namewta.notify.usecase.ProviderCallbackUseCase$$SpringCGLIB$$5.confirm(<generated>)
	at org.namewta.test.notify.NotifyAtomicResultIntegrationTest.lambda$nativeReceiptCommitFailureCanRetrySameInternalIdentity$57(NotifyAtomicResultIntegrationTest.java:1156)
	at org.assertj.core.api.ThrowableAssert.catchThrowable(ThrowableAssert.java:66)
	at org.assertj.core.api.AssertionsForClassTypes.catchThrowable(AssertionsForClassTypes.java:908)
	at org.assertj.core.api.Assertions.catchThrowable(Assertions.java:1476)
	at org.assertj.core.api.Assertions.assertThatThrownBy(Assertions.java:1319)
	at org.namewta.test.notify.NotifyAtomicResultIntegrationTest.nativeReceiptCommitFailureCanRetrySameInternalIdentity(NotifyAtomicResultIntegrationTest.java:1156)
	at java.base/jdk.internal.reflect.DirectMethodHandleAccessor.invoke(DirectMethodHandleAccessor.java:103)
	at java.base/java.lang.reflect.Method.invoke(Method.java:580)
	at org.junit.platform.commons.util.ReflectionUtils.invokeMethod(ReflectionUtils.java:701)
	at org.junit.platform.commons.support.ReflectionSupport.invokeMethod(ReflectionSupport.java:502)
	at org.junit.jupiter.engine.support.MethodReflectionUtils.invoke(MethodReflectionUtils.java:45)
	at org.junit.jupiter.engine.execution.MethodInvocation.proceed(MethodInvocation.java:61)
	at org.junit.jupiter.engine.execution.InvocationInterceptorChain$ValidatingInvocation.proceed(InvocationInterceptorChain.java:124)
	at org.junit.jupiter.engine.extension.TimeoutExtension.intercept(TimeoutExtension.java:163)
	at org.junit.jupiter.engine.extension.TimeoutExtension.interceptTestableMethod(TimeoutExtension.java:148)
	at org.junit.jupiter.engine.extension.TimeoutExtension.interceptTestTemplateMethod(TimeoutExtension.java:94)
	at org.junit.jupiter.engine.execution.InterceptingExecutableInvoker$ReflectiveInterceptorCall.lambda$ofVoidMethod$0(InterceptingExecutableInvoker.java:123)
	at org.junit.jupiter.engine.execution.InterceptingExecutableInvoker.lambda$invoke$0(InterceptingExecutableInvoker.java:105)
	at org.junit.jupiter.engine.execution.InvocationInterceptorChain$InterceptedInvocation.proceed(InvocationInterceptorChain.java:99)
	at org.junit.jupiter.engine.execution.InvocationInterceptorChain.proceed(InvocationInterceptorChain.java:66)
	at org.junit.jupiter.engine.execution.InvocationInterceptorChain.chainAndInvoke(InvocationInterceptorChain.java:47)
	at org.junit.jupiter.engine.execution.InvocationInterceptorChain.invoke(InvocationInterceptorChain.java:39)
	at org.junit.jupiter.engine.execution.InterceptingExecutableInvoker.invoke(InterceptingExecutableInvoker.java:104)
	at org.junit.jupiter.engine.execution.InterceptingExecutableInvoker.invoke(InterceptingExecutableInvoker.java:98)
	at org.junit.jupiter.engine.execution.InterceptingExecutableInvoker.invokeVoid(InterceptingExecutableInvoker.java:71)
	at org.junit.jupiter.engine.descriptor.TestMethodTestDescriptor.lambda$invokeTestMethod$0(TestMethodTestDescriptor.java:219)
	at org.junit.platform.engine.support.hierarchical.ThrowableCollector.execute(ThrowableCollector.java:74)
	at org.junit.jupiter.engine.descriptor.TestMethodTestDescriptor.invokeTestMethod(TestMethodTestDescriptor.java:215)
	at org.junit.jupiter.engine.descriptor.TestMethodTestDescriptor.execute(TestMethodTestDescriptor.java:157)
	at org.junit.jupiter.engine.descriptor.TestMethodTestDescriptor.execute(TestMethodTestDescriptor.java:70)
	at org.junit.platform.engine.support.hierarchical.NodeTestTask.lambda$executeRecursively$2(NodeTestTask.java:176)
	at org.junit.platform.engine.support.hierarchical.ThrowableCollector.execute(ThrowableCollector.java:74)
	at org.junit.platform.engine.support.hierarchical.NodeTestTask.lambda$executeRecursively$1(NodeTestTask.java:166)
	at org.junit.platform.engine.support.hierarchical.Node.around(Node.java:138)
	at org.junit.platform.engine.support.hierarchical.NodeTestTask.lambda$executeRecursively$0(NodeTestTask.java:164)
	at org.junit.platform.engine.support.hierarchical.ThrowableCollector.execute(ThrowableCollector.java:74)
	at org.junit.platform.engine.support.hierarchical.NodeTestTask.executeRecursively(NodeTestTask.java:163)
	at org.junit.platform.engine.support.hierarchical.NodeTestTask.execute(NodeTestTask.java:116)
	at org.junit.platform.engine.support.hierarchical.SameThreadHierarchicalTestExecutorService.submit(SameThreadHierarchicalTestExecutorService.java:36)
	at org.junit.platform.engine.support.hierarchical.NodeTestTask$DefaultDynamicTestExecutor.execute(NodeTestTask.java:268)
	at org.junit.platform.engine.support.hierarchical.NodeTestTask$DefaultDynamicTestExecutor.execute(NodeTestTask.java:246)
	at org.junit.jupiter.engine.descriptor.TemplateExecutor.execute(TemplateExecutor.java:96)
	at org.junit.jupiter.engine.descriptor.TemplateExecutor.lambda$executeForProvider$1(TemplateExecutor.java:59)
	at java.base/java.util.Optional.ifPresent(Optional.java:178)
	at org.junit.jupiter.engine.descriptor.TemplateExecutor.lambda$executeForProvider$0(TemplateExecutor.java:59)
	at java.base/java.util.stream.ForEachOps$ForEachOp$OfRef.accept(ForEachOps.java:184)
	at java.base/java.util.stream.ReferencePipeline$3$1.accept(ReferencePipeline.java:197)
	at java.base/java.util.stream.ForEachOps$ForEachOp$OfRef.accept(ForEachOps.java:184)
	at java.base/java.util.ArrayList$ArrayListSpliterator.forEachRemaining(ArrayList.java:1708)
	at java.base/java.util.stream.ReferencePipeline$Head.forEach(ReferencePipeline.java:762)
	at java.base/java.util.stream.ReferencePipeline$7$1.accept(ReferencePipeline.java:276)
	at java.base/java.util.ArrayList$ArrayListSpliterator.forEachRemaining(ArrayList.java:1708)
	at java.base/java.util.stream.AbstractPipeline.copyInto(AbstractPipeline.java:509)
	at java.base/java.util.stream.AbstractPipeline.wrapAndCopyInto(AbstractPipeline.java:499)
	at java.base/java.util.stream.ForEachOps$ForEachOp.evaluateSequential(ForEachOps.java:151)
	at java.base/java.util.stream.ForEachOps$ForEachOp$OfRef.evaluateSequential(ForEachOps.java:174)
	at java.base/java.util.stream.AbstractPipeline.evaluate(AbstractPipeline.java:234)
	at java.base/java.util.stream.ReferencePipeline.forEach(ReferencePipeline.java:596)
	at java.base/java.util.stream.ReferencePipeline$7$1.accept(ReferencePipeline.java:276)
	at java.base/java.util.stream.ReferencePipeline$3$1.accept(ReferencePipeline.java:197)
	at java.base/java.util.stream.ReferencePipeline$3$1.accept(ReferencePipeline.java:197)
	at java.base/java.util.stream.ReferencePipeline$3$1.accept(ReferencePipeline.java:197)
	at java.base/java.util.AbstractList$RandomAccessSpliterator.forEachRemaining(AbstractList.java:722)
	at java.base/java.util.stream.AbstractPipeline.copyInto(AbstractPipeline.java:509)
	at java.base/java.util.stream.AbstractPipeline.wrapAndCopyInto(AbstractPipeline.java:499)
	at java.base/java.util.stream.ForEachOps$ForEachOp.evaluateSequential(ForEachOps.java:151)
	at java.base/java.util.stream.ForEachOps$ForEachOp$OfRef.evaluateSequential(ForEachOps.java:174)
	at java.base/java.util.stream.AbstractPipeline.evaluate(AbstractPipeline.java:234)
	at java.base/java.util.stream.ReferencePipeline.forEach(ReferencePipeline.java:596)
	at org.junit.jupiter.engine.descriptor.TemplateExecutor.executeForProvider(TemplateExecutor.java:57)
	at org.junit.jupiter.engine.descriptor.TemplateExecutor.execute(TemplateExecutor.java:46)
	at org.junit.jupiter.engine.descriptor.TestTemplateTestDescriptor.execute(TestTemplateTestDescriptor.java:112)
	at org.junit.jupiter.engine.descriptor.TestTemplateTestDescriptor.execute(TestTemplateTestDescriptor.java:40)
	at org.junit.platform.engine.support.hierarchical.NodeTestTask.lambda$executeRecursively$2(NodeTestTask.java:176)
	at org.junit.platform.engine.support.hierarchical.ThrowableCollector.execute(ThrowableCollector.java:74)
	at org.junit.platform.engine.support.hierarchical.NodeTestTask.lambda$executeRecursively$1(NodeTestTask.java:166)
	at org.junit.platform.engine.support.hierarchical.Node.around(Node.java:138)
	at org.junit.platform.engine.support.hierarchical.NodeTestTask.lambda$executeRecursively$0(NodeTestTask.java:164)
	at org.junit.platform.engine.support.hierarchical.ThrowableCollector.execute(ThrowableCollector.java:74)
	at org.junit.platform.engine.support.hierarchical.NodeTestTask.executeRecursively(NodeTestTask.java:163)
	at org.junit.platform.engine.support.hierarchical.NodeTestTask.execute(NodeTestTask.java:116)
	at java.base/java.util.ArrayList.forEach(ArrayList.java:1596)
	at org.junit.platform.engine.support.hierarchical.SameThreadHierarchicalTestExecutorService.invokeAll(SameThreadHierarchicalTestExecutorService.java:42)
	at org.junit.platform.engine.support.hierarchical.NodeTestTask.lambda$executeRecursively$2(NodeTestTask.java:180)
	at org.junit.platform.engine.support.hierarchical.ThrowableCollector.execute(ThrowableCollector.java:74)
	at org.junit.platform.engine.support.hierarchical.NodeTestTask.lambda$executeRecursively$1(NodeTestTask.java:166)
	at org.junit.platform.engine.support.hierarchical.Node.around(Node.java:138)
	at org.junit.platform.engine.support.hierarchical.NodeTestTask.lambda$executeRecursively$0(NodeTestTask.java:164)
	at org.junit.platform.engine.support.hierarchical.ThrowableCollector.execute(ThrowableCollector.java:74)
	at org.junit.platform.engine.support.hierarchical.NodeTestTask.executeRecursively(NodeTestTask.java:163)
	at org.junit.platform.engine.support.hierarchical.NodeTestTask.execute(NodeTestTask.java:116)
	at java.base/java.util.ArrayList.forEach(ArrayList.java:1596)
	at org.junit.platform.engine.support.hierarchical.SameThreadHierarchicalTestExecutorService.invokeAll(SameThreadHierarchicalTestExecutorService.java:42)
	at org.junit.platform.engine.support.hierarchical.NodeTestTask.lambda$executeRecursively$2(NodeTestTask.java:180)
	at org.junit.platform.engine.support.hierarchical.ThrowableCollector.execute(ThrowableCollector.java:74)
	at org.junit.platform.engine.support.hierarchical.NodeTestTask.lambda$executeRecursively$1(NodeTestTask.java:166)
	at org.junit.platform.engine.support.hierarchical.Node.around(Node.java:138)
	at org.junit.platform.engine.support.hierarchical.NodeTestTask.lambda$executeRecursively$0(NodeTestTask.java:164)
	at org.junit.platform.engine.support.hierarchical.ThrowableCollector.execute(ThrowableCollector.java:74)
	at org.junit.platform.engine.support.hierarchical.NodeTestTask.executeRecursively(NodeTestTask.java:163)
	at org.junit.platform.engine.support.hierarchical.NodeTestTask.execute(NodeTestTask.java:116)
	at org.junit.platform.engine.support.hierarchical.SameThreadHierarchicalTestExecutorService.submit(SameThreadHierarchicalTestExecutorService.java:36)
	at org.junit.platform.engine.support.hierarchical.HierarchicalTestExecutor.execute(HierarchicalTestExecutor.java:52)
	at org.junit.platform.engine.support.hierarchical.HierarchicalTestEngine.execute(HierarchicalTestEngine.java:58)
	at org.junit.platform.launcher.core.EngineExecutionOrchestrator.executeEngine(EngineExecutionOrchestrator.java:246)
	at org.junit.platform.launcher.core.EngineExecutionOrchestrator.failOrExecuteEngine(EngineExecutionOrchestrator.java:218)
	at org.junit.platform.launcher.core.EngineExecutionOrchestrator.execute(EngineExecutionOrchestrator.java:179)
	at org.junit.platform.launcher.core.EngineExecutionOrchestrator.execute(EngineExecutionOrchestrator.java:108)
	at org.junit.platform.launcher.core.EngineExecutionOrchestrator.lambda$execute$0(EngineExecutionOrchestrator.java:66)
	at org.junit.platform.launcher.core.EngineExecutionOrchestrator.withInterceptedStreams(EngineExecutionOrchestrator.java:157)
	at org.junit.platform.launcher.core.EngineExecutionOrchestrator.execute(EngineExecutionOrchestrator.java:65)
	at org.junit.platform.launcher.core.DefaultLauncher.execute(DefaultLauncher.java:125)
	at org.junit.platform.launcher.core.DefaultLauncher.execute(DefaultLauncher.java:114)
	at org.junit.platform.launcher.core.DelegatingLauncher.execute(DelegatingLauncher.java:58)
	at org.junit.platform.launcher.core.InterceptingLauncher.lambda$execute$2(InterceptingLauncher.java:57)
	at org.junit.platform.launcher.core.ClasspathAlignmentCheckingLauncherInterceptor.intercept(ClasspathAlignmentCheckingLauncherInterceptor.java:25)
	at org.junit.platform.launcher.core.InterceptingLauncher.execute(InterceptingLauncher.java:56)
	at org.junit.platform.launcher.core.DelegatingLauncher.execute(DelegatingLauncher.java:58)
	at java.base/jdk.internal.reflect.DirectMethodHandleAccessor.invoke(DirectMethodHandleAccessor.java:103)
	at java.base/java.lang.reflect.Method.invoke(Method.java:580)
	at org.apache.maven.surefire.api.util.ReflectionUtils.invokeMethodWithArray(ReflectionUtils.java:125)
	at org.apache.maven.surefire.junitplatform.LauncherAdapter.executeWithCancellationToken(LauncherAdapter.java:68)
	at org.apache.maven.surefire.junitplatform.LauncherAdapter.execute(LauncherAdapter.java:54)
	at org.apache.maven.surefire.junitplatform.JUnitPlatformProvider.execute(JUnitPlatformProvider.java:203)
	at org.apache.maven.surefire.junitplatform.JUnitPlatformProvider.invokeAllTests(JUnitPlatformProvider.java:168)
	at org.apache.maven.surefire.junitplatform.JUnitPlatformProvider.invoke(JUnitPlatformProvider.java:134)
	at org.apache.maven.surefire.booter.ForkedBooter.runSuitesInProcess(ForkedBooter.java:385)
	at org.apache.maven.surefire.booter.ForkedBooter.execute(ForkedBooter.java:162)
	at org.apache.maven.surefire.booter.ForkedBooter.run(ForkedBooter.java:507)
	at org.apache.maven.surefire.booter.ForkedBooter.main(ForkedBooter.java:495)
Caused by: com.mysql.cj.exceptions.CJCommunicationsException: Communications link failure

The last packet successfully received from the server was 13 milliseconds ago. The last packet sent successfully to the server was 14 milliseconds ago.
	at java.base/jdk.internal.reflect.DirectConstructorHandleAccessor.newInstance(DirectConstructorHandleAccessor.java:62)
	at java.base/java.lang.reflect.Constructor.newInstanceWithCaller(Constructor.java:502)
	at java.base/java.lang.reflect.Constructor.newInstance(Constructor.java:486)
	at com.mysql.cj.exceptions.ExceptionFactory.createException(ExceptionFactory.java:52)
	at com.mysql.cj.exceptions.ExceptionFactory.createException(ExceptionFactory.java:95)
	at com.mysql.cj.exceptions.ExceptionFactory.createException(ExceptionFactory.java:140)
	at com.mysql.cj.exceptions.ExceptionFactory.createCommunicationsException(ExceptionFactory.java:156)
	at com.mysql.cj.protocol.a.NativeProtocol.readMessage(NativeProtocol.java:590)
	at com.mysql.cj.protocol.a.NativeProtocol.checkErrorMessage(NativeProtocol.java:767)
	at com.mysql.cj.protocol.a.NativeProtocol.sendCommand(NativeProtocol.java:706)
	at com.mysql.cj.protocol.a.NativeProtocol.sendQueryPacket(NativeProtocol.java:938)
	at com.mysql.cj.NativeSession.execSQL(NativeSession.java:817)
	at com.mysql.cj.jdbc.ConnectionImpl.commit(ConnectionImpl.java:794)
	... 145 common frames omitted
Caused by: java.io.EOFException: Can not read response from server. Expected to read 4 bytes, read 0 bytes before connection was unexpectedly lost.
	at com.mysql.cj.protocol.FullReadInputStream.readFully(FullReadInputStream.java:58)
	at com.mysql.cj.protocol.a.SimplePacketReader.readHeaderLocal(SimplePacketReader.java:72)
	at com.mysql.cj.protocol.a.SimplePacketReader.readHeader(SimplePacketReader.java:54)
	at com.mysql.cj.protocol.a.SimplePacketReader.readHeader(SimplePacketReader.java:36)
	at com.mysql.cj.protocol.a.TimeTrackingPacketReader.readHeader(TimeTrackingPacketReader.java:43)
	at com.mysql.cj.protocol.a.TimeTrackingPacketReader.readHeader(TimeTrackingPacketReader.java:32)
	at com.mysql.cj.protocol.a.MultiPacketReader.readHeader(MultiPacketReader.java:45)
	at com.mysql.cj.protocol.a.MultiPacketReader.readHeader(MultiPacketReader.java:35)
	at com.mysql.cj.protocol.a.NativeProtocol.readMessage(NativeProtocol.java:584)
	... 150 common frames omitted
09:59:23.630 [main] INFO com.baomidou.dynamic.datasource.DynamicRoutingDataSource -- dynamic-datasource start closing ....
09:59:23.630 [main] INFO com.baomidou.dynamic.datasource.DynamicRoutingDataSource -- dynamic-datasource all closed success,bye
09:59:23.630 [main] INFO com.zaxxer.hikari.HikariDataSource -- HikariPool-5 - Shutdown initiated...
09:59:23.657 [main] INFO com.zaxxer.hikari.HikariDataSource -- HikariPool-5 - Shutdown completed.
09:59:23.664 [main] INFO com.baomidou.dynamic.datasource.DynamicRoutingDataSource -- dynamic-datasource - add a datasource named [master] success
09:59:23.805 [main] INFO org.redisson.Version -- Redisson 4.6.1
09:59:23.812 [redisson-netty-17-1] INFO org.redisson.connection.ConnectionsHolder -- 1 connections initialized for 127.0.0.1/127.0.0.1:32829
09:59:23.812 [redisson-netty-17-2] INFO org.redisson.connection.ConnectionsHolder -- 1 connections initialized for 127.0.0.1/127.0.0.1:32829
09:59:23.830 [main] INFO com.zaxxer.hikari.HikariDataSource -- HikariPool-6 - Starting...
09:59:23.833 [main] INFO com.zaxxer.hikari.pool.HikariPool -- HikariPool-6 - Added connection com.mysql.cj.jdbc.ConnectionImpl@80081d7
09:59:23.834 [main] INFO com.zaxxer.hikari.HikariDataSource -- HikariPool-6 - Start completed.
09:59:23.870 [main] ERROR com.baomidou.dynamic.datasource.tx.ConnectionProxy -- owned lost commit acknowledgement
java.sql.SQLRecoverableException: owned lost commit acknowledgement
	at org.namewta.test.notify.NotifyAtomicResultIntegrationTest$1.lambda$getConnection$0(NotifyAtomicResultIntegrationTest.java:115)
	at jdk.proxy2/jdk.proxy2.$Proxy131.commit(Unknown Source)
	at com.baomidou.dynamic.datasource.tx.ConnectionProxy.notify(ConnectionProxy.java:62)
	at com.baomidou.dynamic.datasource.tx.ConnectionFactory.notify(ConnectionFactory.java:153)
	at com.baomidou.dynamic.datasource.tx.LocalTxUtil.commit(LocalTxUtil.java:91)
	at com.baomidou.dynamic.datasource.tx.TransactionalTemplate.doExecute(TransactionalTemplate.java:126)
	at com.baomidou.dynamic.datasource.tx.TransactionalTemplate.execute(TransactionalTemplate.java:94)
	at com.baomidou.dynamic.datasource.aop.DynamicLocalTransactionInterceptor.invoke(DynamicLocalTransactionInterceptor.java:59)
	at org.springframework.aop.framework.ReflectiveMethodInvocation.proceed(ReflectiveMethodInvocation.java:179)
	at org.springframework.aop.framework.CglibAopProxy$DynamicAdvisedInterceptor.intercept(CglibAopProxy.java:719)
	at org.namewta.notify.usecase.ProviderCallbackUseCase$$SpringCGLIB$$6.confirm(<generated>)
	at org.namewta.test.notify.NotifyAtomicResultIntegrationTest.lambda$nativeReceiptCommitFailureCanRetrySameInternalIdentity$57(NotifyAtomicResultIntegrationTest.java:1156)
	at org.assertj.core.api.ThrowableAssert.catchThrowable(ThrowableAssert.java:66)
	at org.assertj.core.api.AssertionsForClassTypes.catchThrowable(AssertionsForClassTypes.java:908)
	at org.assertj.core.api.Assertions.catchThrowable(Assertions.java:1476)
	at org.assertj.core.api.Assertions.assertThatThrownBy(Assertions.java:1319)
	at org.namewta.test.notify.NotifyAtomicResultIntegrationTest.nativeReceiptCommitFailureCanRetrySameInternalIdentity(NotifyAtomicResultIntegrationTest.java:1156)
	at java.base/jdk.internal.reflect.DirectMethodHandleAccessor.invoke(DirectMethodHandleAccessor.java:103)
	at java.base/java.lang.reflect.Method.invoke(Method.java:580)
	at org.junit.platform.commons.util.ReflectionUtils.invokeMethod(ReflectionUtils.java:701)
	at org.junit.platform.commons.support.ReflectionSupport.invokeMethod(ReflectionSupport.java:502)
	at org.junit.jupiter.engine.support.MethodReflectionUtils.invoke(MethodReflectionUtils.java:45)
	at org.junit.jupiter.engine.execution.MethodInvocation.proceed(MethodInvocation.java:61)
	at org.junit.jupiter.engine.execution.InvocationInterceptorChain$ValidatingInvocation.proceed(InvocationInterceptorChain.java:124)
	at org.junit.jupiter.engine.extension.TimeoutExtension.intercept(TimeoutExtension.java:163)
	at org.junit.jupiter.engine.extension.TimeoutExtension.interceptTestableMethod(TimeoutExtension.java:148)
	at org.junit.jupiter.engine.extension.TimeoutExtension.interceptTestTemplateMethod(TimeoutExtension.java:94)
	at org.junit.jupiter.engine.execution.InterceptingExecutableInvoker$ReflectiveInterceptorCall.lambda$ofVoidMethod$0(InterceptingExecutableInvoker.java:123)
	at org.junit.jupiter.engine.execution.InterceptingExecutableInvoker.lambda$invoke$0(InterceptingExecutableInvoker.java:105)
	at org.junit.jupiter.engine.execution.InvocationInterceptorChain$InterceptedInvocation.proceed(InvocationInterceptorChain.java:99)
	at org.junit.jupiter.engine.execution.InvocationInterceptorChain.proceed(InvocationInterceptorChain.java:66)
	at org.junit.jupiter.engine.execution.InvocationInterceptorChain.chainAndInvoke(InvocationInterceptorChain.java:47)
	at org.junit.jupiter.engine.execution.InvocationInterceptorChain.invoke(InvocationInterceptorChain.java:39)
	at org.junit.jupiter.engine.execution.InterceptingExecutableInvoker.invoke(InterceptingExecutableInvoker.java:104)
	at org.junit.jupiter.engine.execution.InterceptingExecutableInvoker.invoke(InterceptingExecutableInvoker.java:98)
	at org.junit.jupiter.engine.execution.InterceptingExecutableInvoker.invokeVoid(InterceptingExecutableInvoker.java:71)
	at org.junit.jupiter.engine.descriptor.TestMethodTestDescriptor.lambda$invokeTestMethod$0(TestMethodTestDescriptor.java:219)
	at org.junit.platform.engine.support.hierarchical.ThrowableCollector.execute(ThrowableCollector.java:74)
	at org.junit.jupiter.engine.descriptor.TestMethodTestDescriptor.invokeTestMethod(TestMethodTestDescriptor.java:215)
	at org.junit.jupiter.engine.descriptor.TestMethodTestDescriptor.execute(TestMethodTestDescriptor.java:157)
	at org.junit.jupiter.engine.descriptor.TestMethodTestDescriptor.execute(TestMethodTestDescriptor.java:70)
	at org.junit.platform.engine.support.hierarchical.NodeTestTask.lambda$executeRecursively$2(NodeTestTask.java:176)
	at org.junit.platform.engine.support.hierarchical.ThrowableCollector.execute(ThrowableCollector.java:74)
	at org.junit.platform.engine.support.hierarchical.NodeTestTask.lambda$executeRecursively$1(NodeTestTask.java:166)
	at org.junit.platform.engine.support.hierarchical.Node.around(Node.java:138)
	at org.junit.platform.engine.support.hierarchical.NodeTestTask.lambda$executeRecursively$0(NodeTestTask.java:164)
	at org.junit.platform.engine.support.hierarchical.ThrowableCollector.execute(ThrowableCollector.java:74)
	at org.junit.platform.engine.support.hierarchical.NodeTestTask.executeRecursively(NodeTestTask.java:163)
	at org.junit.platform.engine.support.hierarchical.NodeTestTask.execute(NodeTestTask.java:116)
	at org.junit.platform.engine.support.hierarchical.SameThreadHierarchicalTestExecutorService.submit(SameThreadHierarchicalTestExecutorService.java:36)
	at org.junit.platform.engine.support.hierarchical.NodeTestTask$DefaultDynamicTestExecutor.execute(NodeTestTask.java:268)
	at org.junit.platform.engine.support.hierarchical.NodeTestTask$DefaultDynamicTestExecutor.execute(NodeTestTask.java:246)
	at org.junit.jupiter.engine.descriptor.TemplateExecutor.execute(TemplateExecutor.java:96)
	at org.junit.jupiter.engine.descriptor.TemplateExecutor.lambda$executeForProvider$1(TemplateExecutor.java:59)
	at java.base/java.util.Optional.ifPresent(Optional.java:178)
	at org.junit.jupiter.engine.descriptor.TemplateExecutor.lambda$executeForProvider$0(TemplateExecutor.java:59)
	at java.base/java.util.stream.ForEachOps$ForEachOp$OfRef.accept(ForEachOps.java:184)
	at java.base/java.util.stream.ReferencePipeline$3$1.accept(ReferencePipeline.java:197)
	at java.base/java.util.stream.ForEachOps$ForEachOp$OfRef.accept(ForEachOps.java:184)
	at java.base/java.util.ArrayList$ArrayListSpliterator.forEachRemaining(ArrayList.java:1708)
	at java.base/java.util.stream.ReferencePipeline$Head.forEach(ReferencePipeline.java:762)
	at java.base/java.util.stream.ReferencePipeline$7$1.accept(ReferencePipeline.java:276)
	at java.base/java.util.ArrayList$ArrayListSpliterator.forEachRemaining(ArrayList.java:1708)
	at java.base/java.util.stream.AbstractPipeline.copyInto(AbstractPipeline.java:509)
	at java.base/java.util.stream.AbstractPipeline.wrapAndCopyInto(AbstractPipeline.java:499)
	at java.base/java.util.stream.ForEachOps$ForEachOp.evaluateSequential(ForEachOps.java:151)
	at java.base/java.util.stream.ForEachOps$ForEachOp$OfRef.evaluateSequential(ForEachOps.java:174)
	at java.base/java.util.stream.AbstractPipeline.evaluate(AbstractPipeline.java:234)
	at java.base/java.util.stream.ReferencePipeline.forEach(ReferencePipeline.java:596)
	at java.base/java.util.stream.ReferencePipeline$7$1.accept(ReferencePipeline.java:276)
	at java.base/java.util.stream.ReferencePipeline$3$1.accept(ReferencePipeline.java:197)
	at java.base/java.util.stream.ReferencePipeline$3$1.accept(ReferencePipeline.java:197)
	at java.base/java.util.stream.ReferencePipeline$3$1.accept(ReferencePipeline.java:197)
	at java.base/java.util.AbstractList$RandomAccessSpliterator.forEachRemaining(AbstractList.java:722)
	at java.base/java.util.stream.AbstractPipeline.copyInto(AbstractPipeline.java:509)
	at java.base/java.util.stream.AbstractPipeline.wrapAndCopyInto(AbstractPipeline.java:499)
	at java.base/java.util.stream.ForEachOps$ForEachOp.evaluateSequential(ForEachOps.java:151)
	at java.base/java.util.stream.ForEachOps$ForEachOp$OfRef.evaluateSequential(ForEachOps.java:174)
	at java.base/java.util.stream.AbstractPipeline.evaluate(AbstractPipeline.java:234)
	at java.base/java.util.stream.ReferencePipeline.forEach(ReferencePipeline.java:596)
	at org.junit.jupiter.engine.descriptor.TemplateExecutor.executeForProvider(TemplateExecutor.java:57)
	at org.junit.jupiter.engine.descriptor.TemplateExecutor.execute(TemplateExecutor.java:46)
	at org.junit.jupiter.engine.descriptor.TestTemplateTestDescriptor.execute(TestTemplateTestDescriptor.java:112)
	at org.junit.jupiter.engine.descriptor.TestTemplateTestDescriptor.execute(TestTemplateTestDescriptor.java:40)
	at org.junit.platform.engine.support.hierarchical.NodeTestTask.lambda$executeRecursively$2(NodeTestTask.java:176)
	at org.junit.platform.engine.support.hierarchical.ThrowableCollector.execute(ThrowableCollector.java:74)
	at org.junit.platform.engine.support.hierarchical.NodeTestTask.lambda$executeRecursively$1(NodeTestTask.java:166)
	at org.junit.platform.engine.support.hierarchical.Node.around(Node.java:138)
	at org.junit.platform.engine.support.hierarchical.NodeTestTask.lambda$executeRecursively$0(NodeTestTask.java:164)
	at org.junit.platform.engine.support.hierarchical.ThrowableCollector.execute(ThrowableCollector.java:74)
	at org.junit.platform.engine.support.hierarchical.NodeTestTask.executeRecursively(NodeTestTask.java:163)
	at org.junit.platform.engine.support.hierarchical.NodeTestTask.execute(NodeTestTask.java:116)
	at java.base/java.util.ArrayList.forEach(ArrayList.java:1596)
	at org.junit.platform.engine.support.hierarchical.SameThreadHierarchicalTestExecutorService.invokeAll(SameThreadHierarchicalTestExecutorService.java:42)
	at org.junit.platform.engine.support.hierarchical.NodeTestTask.lambda$executeRecursively$2(NodeTestTask.java:180)
	at org.junit.platform.engine.support.hierarchical.ThrowableCollector.execute(ThrowableCollector.java:74)
	at org.junit.platform.engine.support.hierarchical.NodeTestTask.lambda$executeRecursively$1(NodeTestTask.java:166)
	at org.junit.platform.engine.support.hierarchical.Node.around(Node.java:138)
	at org.junit.platform.engine.support.hierarchical.NodeTestTask.lambda$executeRecursively$0(NodeTestTask.java:164)
	at org.junit.platform.engine.support.hierarchical.ThrowableCollector.execute(ThrowableCollector.java:74)
	at org.junit.platform.engine.support.hierarchical.NodeTestTask.executeRecursively(NodeTestTask.java:163)
	at org.junit.platform.engine.support.hierarchical.NodeTestTask.execute(NodeTestTask.java:116)
	at java.base/java.util.ArrayList.forEach(ArrayList.java:1596)
	at org.junit.platform.engine.support.hierarchical.SameThreadHierarchicalTestExecutorService.invokeAll(SameThreadHierarchicalTestExecutorService.java:42)
	at org.junit.platform.engine.support.hierarchical.NodeTestTask.lambda$executeRecursively$2(NodeTestTask.java:180)
	at org.junit.platform.engine.support.hierarchical.ThrowableCollector.execute(ThrowableCollector.java:74)
	at org.junit.platform.engine.support.hierarchical.NodeTestTask.lambda$executeRecursively$1(NodeTestTask.java:166)
	at org.junit.platform.engine.support.hierarchical.Node.around(Node.java:138)
	at org.junit.platform.engine.support.hierarchical.NodeTestTask.lambda$executeRecursively$0(NodeTestTask.java:164)
	at org.junit.platform.engine.support.hierarchical.ThrowableCollector.execute(ThrowableCollector.java:74)
	at org.junit.platform.engine.support.hierarchical.NodeTestTask.executeRecursively(NodeTestTask.java:163)
	at org.junit.platform.engine.support.hierarchical.NodeTestTask.execute(NodeTestTask.java:116)
	at org.junit.platform.engine.support.hierarchical.SameThreadHierarchicalTestExecutorService.submit(SameThreadHierarchicalTestExecutorService.java:36)
	at org.junit.platform.engine.support.hierarchical.HierarchicalTestExecutor.execute(HierarchicalTestExecutor.java:52)
	at org.junit.platform.engine.support.hierarchical.HierarchicalTestEngine.execute(HierarchicalTestEngine.java:58)
	at org.junit.platform.launcher.core.EngineExecutionOrchestrator.executeEngine(EngineExecutionOrchestrator.java:246)
	at org.junit.platform.launcher.core.EngineExecutionOrchestrator.failOrExecuteEngine(EngineExecutionOrchestrator.java:218)
	at org.junit.platform.launcher.core.EngineExecutionOrchestrator.execute(EngineExecutionOrchestrator.java:179)
	at org.junit.platform.launcher.core.EngineExecutionOrchestrator.execute(EngineExecutionOrchestrator.java:108)
	at org.junit.platform.launcher.core.EngineExecutionOrchestrator.lambda$execute$0(EngineExecutionOrchestrator.java:66)
	at org.junit.platform.launcher.core.EngineExecutionOrchestrator.withInterceptedStreams(EngineExecutionOrchestrator.java:157)
	at org.junit.platform.launcher.core.EngineExecutionOrchestrator.execute(EngineExecutionOrchestrator.java:65)
	at org.junit.platform.launcher.core.DefaultLauncher.execute(DefaultLauncher.java:125)
	at org.junit.platform.launcher.core.DefaultLauncher.execute(DefaultLauncher.java:114)
	at org.junit.platform.launcher.core.DelegatingLauncher.execute(DelegatingLauncher.java:58)
	at org.junit.platform.launcher.core.InterceptingLauncher.lambda$execute$2(InterceptingLauncher.java:57)
	at org.junit.platform.launcher.core.ClasspathAlignmentCheckingLauncherInterceptor.intercept(ClasspathAlignmentCheckingLauncherInterceptor.java:25)
	at org.junit.platform.launcher.core.InterceptingLauncher.execute(InterceptingLauncher.java:56)
	at org.junit.platform.launcher.core.DelegatingLauncher.execute(DelegatingLauncher.java:58)
	at java.base/jdk.internal.reflect.DirectMethodHandleAccessor.invoke(DirectMethodHandleAccessor.java:103)
	at java.base/java.lang.reflect.Method.invoke(Method.java:580)
	at org.apache.maven.surefire.api.util.ReflectionUtils.invokeMethodWithArray(ReflectionUtils.java:125)
	at org.apache.maven.surefire.junitplatform.LauncherAdapter.executeWithCancellationToken(LauncherAdapter.java:68)
	at org.apache.maven.surefire.junitplatform.LauncherAdapter.execute(LauncherAdapter.java:54)
	at org.apache.maven.surefire.junitplatform.JUnitPlatformProvider.execute(JUnitPlatformProvider.java:203)
	at org.apache.maven.surefire.junitplatform.JUnitPlatformProvider.invokeAllTests(JUnitPlatformProvider.java:168)
	at org.apache.maven.surefire.junitplatform.JUnitPlatformProvider.invoke(JUnitPlatformProvider.java:134)
	at org.apache.maven.surefire.booter.ForkedBooter.runSuitesInProcess(ForkedBooter.java:385)
	at org.apache.maven.surefire.booter.ForkedBooter.execute(ForkedBooter.java:162)
	at org.apache.maven.surefire.booter.ForkedBooter.run(ForkedBooter.java:507)
	at org.apache.maven.surefire.booter.ForkedBooter.main(ForkedBooter.java:495)
09:59:23.913 [main] INFO com.baomidou.dynamic.datasource.DynamicRoutingDataSource -- dynamic-datasource start closing ....
09:59:23.913 [main] INFO com.baomidou.dynamic.datasource.DynamicRoutingDataSource -- dynamic-datasource all closed success,bye
09:59:23.913 [main] INFO com.zaxxer.hikari.HikariDataSource -- HikariPool-6 - Shutdown initiated...
09:59:23.914 [main] INFO com.zaxxer.hikari.HikariDataSource -- HikariPool-6 - Shutdown completed.
09:59:23.917 [main] INFO com.baomidou.dynamic.datasource.DynamicRoutingDataSource -- dynamic-datasource - add a datasource named [master] success
09:59:24.050 [main] INFO org.redisson.Version -- Redisson 4.6.1
09:59:24.055 [redisson-netty-20-1] INFO org.redisson.connection.ConnectionsHolder -- 1 connections initialized for 127.0.0.1/127.0.0.1:32829
09:59:24.055 [redisson-netty-20-2] INFO org.redisson.connection.ConnectionsHolder -- 1 connections initialized for 127.0.0.1/127.0.0.1:32829
09:59:24.078 [main] INFO com.zaxxer.hikari.HikariDataSource -- HikariPool-7 - Starting...
09:59:24.084 [main] INFO com.zaxxer.hikari.pool.HikariPool -- HikariPool-7 - Added connection com.mysql.cj.jdbc.ConnectionImpl@58397dd
09:59:24.084 [main] INFO com.zaxxer.hikari.HikariDataSource -- HikariPool-7 - Start completed.
09:59:24.218 [main] INFO com.baomidou.dynamic.datasource.DynamicRoutingDataSource -- dynamic-datasource start closing ....
09:59:24.219 [main] INFO com.baomidou.dynamic.datasource.DynamicRoutingDataSource -- dynamic-datasource all closed success,bye
09:59:24.219 [main] INFO com.zaxxer.hikari.HikariDataSource -- HikariPool-7 - Shutdown initiated...
09:59:24.221 [main] INFO com.zaxxer.hikari.HikariDataSource -- HikariPool-7 - Shutdown completed.
09:59:24.223 [main] INFO com.baomidou.dynamic.datasource.DynamicRoutingDataSource -- dynamic-datasource - add a datasource named [master] success
09:59:24.384 [main] INFO org.redisson.Version -- Redisson 4.6.1
09:59:24.392 [redisson-netty-23-1] INFO org.redisson.connection.ConnectionsHolder -- 1 connections initialized for 127.0.0.1/127.0.0.1:32829
09:59:24.393 [redisson-netty-23-2] INFO org.redisson.connection.ConnectionsHolder -- 1 connections initialized for 127.0.0.1/127.0.0.1:32829
09:59:24.417 [main] INFO com.zaxxer.hikari.HikariDataSource -- HikariPool-8 - Starting...
09:59:24.424 [main] INFO com.zaxxer.hikari.pool.HikariPool -- HikariPool-8 - Added connection com.mysql.cj.jdbc.ConnectionImpl@174e5929
09:59:24.425 [main] INFO com.zaxxer.hikari.HikariDataSource -- HikariPool-8 - Start completed.
09:59:25.071 [main] INFO org.hibernate.validator.internal.util.Version -- HV000001: Hibernate Validator 9.1.0.Final
09:59:25.609 [main] INFO org.eclipse.jetty.server.Server -- jetty-12.1.10; built: 2026-05-31T04:45:52.925Z; git: 986024525891c2c20ff08c58ba300dc3b9847586; jvm 21.0.12.1+1-LTS
09:59:25.639 [main] INFO org.eclipse.jetty.server.handler.ContextHandler -- Started oeje11s.ServletContextHandler@30f74965{ROOT,/,b=null,a=AVAILABLE,h=oeje11s.ServletHandler@65c75870{STARTED}}
09:59:25.648 [main] INFO org.eclipse.jetty.server.handler.ContextHandler.ROOT -- Initializing Spring DispatcherServlet 'org.springframework.web.servlet.DispatcherServlet-7ce09850'
09:59:25.648 [main] INFO org.springframework.web.servlet.DispatcherServlet -- Initializing Servlet 'org.springframework.web.servlet.DispatcherServlet-7ce09850'
09:59:25.650 [main] INFO org.springframework.web.servlet.DispatcherServlet -- Completed initialization in 2 ms
09:59:25.650 [main] INFO org.eclipse.jetty.ee11.servlet.ServletContextHandler -- Started oeje11s.ServletContextHandler@30f74965{ROOT,/,b=null,a=AVAILABLE,h=oeje11s.ServletHandler@65c75870{STARTED}}
09:59:25.665 [main] INFO org.eclipse.jetty.server.AbstractConnector -- Started oejs.ServerConnector@2a57532e{HTTP/1.1, (http/1.1)}{localhost:36949}
09:59:25.666 [main] INFO org.eclipse.jetty.server.Server -- Started oejs.Server@ddd0e97{STARTING}[12.1.10,sto=0] @62ms
09:59:26.115 [main] INFO org.eclipse.jetty.server.Server -- Stopped oejs.Server@ddd0e97{STOPPING}[12.1.10,sto=0]
09:59:26.120 [main] INFO org.eclipse.jetty.server.AbstractConnector -- Stopped oejs.ServerConnector@2a57532e{HTTP/1.1, (http/1.1)}{localhost:0}
09:59:26.121 [main] INFO org.eclipse.jetty.server.handler.ContextHandler.ROOT -- Destroying Spring FrameworkServlet 'org.springframework.web.servlet.DispatcherServlet-7ce09850'
09:59:26.122 [main] INFO org.eclipse.jetty.ee11.servlet.ServletContextHandler -- Stopped oeje11s.ServletContextHandler@30f74965{ROOT,/,b=null,a=AVAILABLE,h=oeje11s.ServletHandler@65c75870{STOPPED}}
09:59:26.157 [main] INFO com.baomidou.dynamic.datasource.DynamicRoutingDataSource -- dynamic-datasource start closing ....
09:59:26.157 [main] INFO com.baomidou.dynamic.datasource.DynamicRoutingDataSource -- dynamic-datasource all closed success,bye
09:59:26.157 [main] INFO com.zaxxer.hikari.HikariDataSource -- HikariPool-8 - Shutdown initiated...
09:59:26.160 [main] INFO com.zaxxer.hikari.HikariDataSource -- HikariPool-8 - Shutdown completed.
09:59:26.163 [main] INFO com.baomidou.dynamic.datasource.DynamicRoutingDataSource -- dynamic-datasource - add a datasource named [master] success
09:59:26.333 [main] INFO org.redisson.Version -- Redisson 4.6.1
09:59:26.341 [redisson-netty-26-1] INFO org.redisson.connection.ConnectionsHolder -- 1 connections initialized for 127.0.0.1/127.0.0.1:32829
09:59:26.341 [redisson-netty-26-2] INFO org.redisson.connection.ConnectionsHolder -- 1 connections initialized for 127.0.0.1/127.0.0.1:32829
09:59:26.368 [main] INFO com.zaxxer.hikari.HikariDataSource -- HikariPool-9 - Starting...
09:59:26.374 [main] INFO com.zaxxer.hikari.pool.HikariPool -- HikariPool-9 - Added connection com.mysql.cj.jdbc.ConnectionImpl@6fa73db5
09:59:26.375 [main] INFO com.zaxxer.hikari.HikariDataSource -- HikariPool-9 - Start completed.
09:59:26.584 [main] INFO com.baomidou.dynamic.datasource.DynamicRoutingDataSource -- dynamic-datasource start closing ....
09:59:26.585 [main] INFO com.baomidou.dynamic.datasource.DynamicRoutingDataSource -- dynamic-datasource all closed success,bye
09:59:26.585 [main] INFO com.zaxxer.hikari.HikariDataSource -- HikariPool-9 - Shutdown initiated...
09:59:26.614 [main] INFO com.zaxxer.hikari.HikariDataSource -- HikariPool-9 - Shutdown completed.
09:59:26.616 [main] INFO com.baomidou.dynamic.datasource.DynamicRoutingDataSource -- dynamic-datasource - add a datasource named [master] success
09:59:26.765 [main] INFO org.redisson.Version -- Redisson 4.6.1
09:59:26.779 [redisson-netty-29-1] INFO org.redisson.connection.ConnectionsHolder -- 1 connections initialized for 127.0.0.1/127.0.0.1:32829
09:59:26.779 [redisson-netty-29-2] INFO org.redisson.connection.ConnectionsHolder -- 1 connections initialized for 127.0.0.1/127.0.0.1:32829
09:59:26.798 [main] INFO com.zaxxer.hikari.HikariDataSource -- HikariPool-10 - Starting...
09:59:26.808 [main] INFO com.zaxxer.hikari.pool.HikariPool -- HikariPool-10 - Added connection com.mysql.cj.jdbc.ConnectionImpl@a809a62
09:59:26.809 [main] INFO com.zaxxer.hikari.HikariDataSource -- HikariPool-10 - Start completed.
09:59:33.317 [main] INFO com.baomidou.dynamic.datasource.DynamicRoutingDataSource -- dynamic-datasource start closing ....
09:59:33.317 [main] INFO com.baomidou.dynamic.datasource.DynamicRoutingDataSource -- dynamic-datasource all closed success,bye
09:59:33.318 [main] INFO com.zaxxer.hikari.HikariDataSource -- HikariPool-10 - Shutdown initiated...
09:59:33.319 [main] INFO com.zaxxer.hikari.HikariDataSource -- HikariPool-10 - Shutdown completed.
09:59:33.322 [main] INFO com.baomidou.dynamic.datasource.DynamicRoutingDataSource -- dynamic-datasource - add a datasource named [master] success
09:59:33.484 [main] INFO org.redisson.Version -- Redisson 4.6.1
09:59:33.490 [redisson-netty-32-1] INFO org.redisson.connection.ConnectionsHolder -- 1 connections initialized for 127.0.0.1/127.0.0.1:32829
09:59:33.490 [redisson-netty-32-2] INFO org.redisson.connection.ConnectionsHolder -- 1 connections initialized for 127.0.0.1/127.0.0.1:32829
09:59:33.533 [main] INFO com.zaxxer.hikari.HikariDataSource -- HikariPool-11 - Starting...
09:59:33.540 [main] INFO com.zaxxer.hikari.pool.HikariPool -- HikariPool-11 - Added connection com.mysql.cj.jdbc.ConnectionImpl@6cf50207
09:59:33.540 [main] INFO com.zaxxer.hikari.HikariDataSource -- HikariPool-11 - Start completed.
09:59:33.715 [main] WARN org.namewta.notify.adapter.event.InAppCommittedPushListener -- 站内实时提示失败，messageId=9220001, reason=IllegalStateException
09:59:33.793 [main] INFO com.baomidou.dynamic.datasource.DynamicRoutingDataSource -- dynamic-datasource start closing ....
09:59:33.794 [main] INFO com.baomidou.dynamic.datasource.DynamicRoutingDataSource -- dynamic-datasource all closed success,bye
09:59:33.795 [main] INFO com.zaxxer.hikari.HikariDataSource -- HikariPool-11 - Shutdown initiated...
09:59:33.829 [main] INFO com.zaxxer.hikari.HikariDataSource -- HikariPool-11 - Shutdown completed.
09:59:33.839 [main] INFO com.baomidou.dynamic.datasource.DynamicRoutingDataSource -- dynamic-datasource - add a datasource named [master] success
09:59:33.970 [main] INFO org.redisson.Version -- Redisson 4.6.1
09:59:33.978 [redisson-netty-35-1] INFO org.redisson.connection.ConnectionsHolder -- 1 connections initialized for 127.0.0.1/127.0.0.1:32829
09:59:33.978 [redisson-netty-35-2] INFO org.redisson.connection.ConnectionsHolder -- 1 connections initialized for 127.0.0.1/127.0.0.1:32829
09:59:34.003 [main] INFO com.zaxxer.hikari.HikariDataSource -- HikariPool-12 - Starting...
09:59:34.009 [main] INFO com.zaxxer.hikari.pool.HikariPool -- HikariPool-12 - Added connection com.mysql.cj.jdbc.ConnectionImpl@6c861b25
09:59:34.009 [main] INFO com.zaxxer.hikari.HikariDataSource -- HikariPool-12 - Start completed.
09:59:34.044 [main] WARN com.zaxxer.hikari.pool.ProxyConnection -- HikariPool-12 - Connection com.mysql.cj.jdbc.ConnectionImpl@6c861b25 marked as broken because of SQLSTATE(08S01), ErrorCode(0)
com.mysql.cj.jdbc.exceptions.CommunicationsException: Communications link failure

The last packet successfully received from the server was 7 milliseconds ago. The last packet sent successfully to the server was 7 milliseconds ago.
	at com.mysql.cj.jdbc.exceptions.SQLError.createCommunicationsException(SQLError.java:165)
	at com.mysql.cj.jdbc.exceptions.SQLExceptionsMapping.translateException(SQLExceptionsMapping.java:55)
	at com.mysql.cj.jdbc.ConnectionImpl.commit(ConnectionImpl.java:814)
	at com.zaxxer.hikari.pool.ProxyConnection.commit(ProxyConnection.java:378)
	at com.zaxxer.hikari.pool.HikariProxyConnection.commit(HikariProxyConnection.java)
	at java.base/jdk.internal.reflect.DirectMethodHandleAccessor.invoke(DirectMethodHandleAccessor.java:103)
	at java.base/java.lang.reflect.Method.invoke(Method.java:580)
	at org.namewta.test.notify.NotifyAtomicResultIntegrationTest$1.lambda$getConnection$0(NotifyAtomicResultIntegrationTest.java:118)
	at jdk.proxy2/jdk.proxy2.$Proxy131.commit(Unknown Source)
	at com.baomidou.dynamic.datasource.tx.ConnectionProxy.notify(ConnectionProxy.java:62)
	at com.baomidou.dynamic.datasource.tx.ConnectionFactory.notify(ConnectionFactory.java:153)
	at com.baomidou.dynamic.datasource.tx.LocalTxUtil.commit(LocalTxUtil.java:91)
	at com.baomidou.dynamic.datasource.tx.TransactionalTemplate.doExecute(TransactionalTemplate.java:126)
	at com.baomidou.dynamic.datasource.tx.TransactionalTemplate.execute(TransactionalTemplate.java:94)
	at com.baomidou.dynamic.datasource.aop.DynamicLocalTransactionInterceptor.invoke(DynamicLocalTransactionInterceptor.java:59)
	at org.springframework.aop.framework.ReflectiveMethodInvocation.proceed(ReflectiveMethodInvocation.java:179)
	at org.springframework.aop.framework.CglibAopProxy$DynamicAdvisedInterceptor.intercept(CglibAopProxy.java:719)
	at org.namewta.notify.usecase.NotifyDispatchResultUseCase$$SpringCGLIB$$11.beginInAppAttempt(<generated>)
	at org.namewta.test.notify.NotifyAtomicResultIntegrationTest.lambda$uncertainBudgetCommitNeverEntersPersistBeforeReclaim$15(NotifyAtomicResultIntegrationTest.java:488)
	at org.assertj.core.api.ThrowableAssert.catchThrowable(ThrowableAssert.java:66)
	at org.assertj.core.api.AssertionsForClassTypes.catchThrowable(AssertionsForClassTypes.java:908)
	at org.assertj.core.api.Assertions.catchThrowable(Assertions.java:1476)
	at org.assertj.core.api.Assertions.assertThatThrownBy(Assertions.java:1319)
	at org.namewta.test.notify.NotifyAtomicResultIntegrationTest.uncertainBudgetCommitNeverEntersPersistBeforeReclaim(NotifyAtomicResultIntegrationTest.java:488)
	at java.base/jdk.internal.reflect.DirectMethodHandleAccessor.invoke(DirectMethodHandleAccessor.java:103)
	at java.base/java.lang.reflect.Method.invoke(Method.java:580)
	at org.junit.platform.commons.util.ReflectionUtils.invokeMethod(ReflectionUtils.java:701)
	at org.junit.platform.commons.support.ReflectionSupport.invokeMethod(ReflectionSupport.java:502)
	at org.junit.jupiter.engine.support.MethodReflectionUtils.invoke(MethodReflectionUtils.java:45)
	at org.junit.jupiter.engine.execution.MethodInvocation.proceed(MethodInvocation.java:61)
	at org.junit.jupiter.engine.execution.InvocationInterceptorChain$ValidatingInvocation.proceed(InvocationInterceptorChain.java:124)
	at org.junit.jupiter.engine.extension.TimeoutExtension.intercept(TimeoutExtension.java:163)
	at org.junit.jupiter.engine.extension.TimeoutExtension.interceptTestableMethod(TimeoutExtension.java:148)
	at org.junit.jupiter.engine.extension.TimeoutExtension.interceptTestTemplateMethod(TimeoutExtension.java:94)
	at org.junit.jupiter.engine.execution.InterceptingExecutableInvoker$ReflectiveInterceptorCall.lambda$ofVoidMethod$0(InterceptingExecutableInvoker.java:123)
	at org.junit.jupiter.engine.execution.InterceptingExecutableInvoker.lambda$invoke$0(InterceptingExecutableInvoker.java:105)
	at org.junit.jupiter.engine.execution.InvocationInterceptorChain$InterceptedInvocation.proceed(InvocationInterceptorChain.java:99)
	at org.junit.jupiter.engine.execution.InvocationInterceptorChain.proceed(InvocationInterceptorChain.java:66)
	at org.junit.jupiter.engine.execution.InvocationInterceptorChain.chainAndInvoke(InvocationInterceptorChain.java:47)
	at org.junit.jupiter.engine.execution.InvocationInterceptorChain.invoke(InvocationInterceptorChain.java:39)
	at org.junit.jupiter.engine.execution.InterceptingExecutableInvoker.invoke(InterceptingExecutableInvoker.java:104)
	at org.junit.jupiter.engine.execution.InterceptingExecutableInvoker.invoke(InterceptingExecutableInvoker.java:98)
	at org.junit.jupiter.engine.execution.InterceptingExecutableInvoker.invokeVoid(InterceptingExecutableInvoker.java:71)
	at org.junit.jupiter.engine.descriptor.TestMethodTestDescriptor.lambda$invokeTestMethod$0(TestMethodTestDescriptor.java:219)
	at org.junit.platform.engine.support.hierarchical.ThrowableCollector.execute(ThrowableCollector.java:74)
	at org.junit.jupiter.engine.descriptor.TestMethodTestDescriptor.invokeTestMethod(TestMethodTestDescriptor.java:215)
	at org.junit.jupiter.engine.descriptor.TestMethodTestDescriptor.execute(TestMethodTestDescriptor.java:157)
	at org.junit.jupiter.engine.descriptor.TestMethodTestDescriptor.execute(TestMethodTestDescriptor.java:70)
	at org.junit.platform.engine.support.hierarchical.NodeTestTask.lambda$executeRecursively$2(NodeTestTask.java:176)
	at org.junit.platform.engine.support.hierarchical.ThrowableCollector.execute(ThrowableCollector.java:74)
	at org.junit.platform.engine.support.hierarchical.NodeTestTask.lambda$executeRecursively$1(NodeTestTask.java:166)
	at org.junit.platform.engine.support.hierarchical.Node.around(Node.java:138)
	at org.junit.platform.engine.support.hierarchical.NodeTestTask.lambda$executeRecursively$0(NodeTestTask.java:164)
	at org.junit.platform.engine.support.hierarchical.ThrowableCollector.execute(ThrowableCollector.java:74)
	at org.junit.platform.engine.support.hierarchical.NodeTestTask.executeRecursively(NodeTestTask.java:163)
	at org.junit.platform.engine.support.hierarchical.NodeTestTask.execute(NodeTestTask.java:116)
	at org.junit.platform.engine.support.hierarchical.SameThreadHierarchicalTestExecutorService.submit(SameThreadHierarchicalTestExecutorService.java:36)
	at org.junit.platform.engine.support.hierarchical.NodeTestTask$DefaultDynamicTestExecutor.execute(NodeTestTask.java:268)
	at org.junit.platform.engine.support.hierarchical.NodeTestTask$DefaultDynamicTestExecutor.execute(NodeTestTask.java:246)
	at org.junit.jupiter.engine.descriptor.TemplateExecutor.execute(TemplateExecutor.java:96)
	at org.junit.jupiter.engine.descriptor.TemplateExecutor.lambda$executeForProvider$1(TemplateExecutor.java:59)
	at java.base/java.util.Optional.ifPresent(Optional.java:178)
	at org.junit.jupiter.engine.descriptor.TemplateExecutor.lambda$executeForProvider$0(TemplateExecutor.java:59)
	at java.base/java.util.stream.ForEachOps$ForEachOp$OfRef.accept(ForEachOps.java:184)
	at java.base/java.util.stream.ReferencePipeline$3$1.accept(ReferencePipeline.java:197)
	at java.base/java.util.stream.ForEachOps$ForEachOp$OfRef.accept(ForEachOps.java:184)
	at java.base/java.util.stream.ForEachOps$ForEachOp$OfRef.accept(ForEachOps.java:184)
	at java.base/java.util.stream.ReferencePipeline$3$1.accept(ReferencePipeline.java:197)
	at java.base/java.util.Spliterators$ArraySpliterator.forEachRemaining(Spliterators.java:1024)
	at java.base/java.util.stream.AbstractPipeline.copyInto(AbstractPipeline.java:509)
	at java.base/java.util.stream.AbstractPipeline.wrapAndCopyInto(AbstractPipeline.java:499)
	at java.base/java.util.stream.ForEachOps$ForEachOp.evaluateSequential(ForEachOps.java:151)
	at java.base/java.util.stream.ForEachOps$ForEachOp$OfRef.evaluateSequential(ForEachOps.java:174)
	at java.base/java.util.stream.AbstractPipeline.evaluate(AbstractPipeline.java:234)
	at java.base/java.util.stream.ReferencePipeline.forEach(ReferencePipeline.java:596)
	at java.base/java.util.stream.ReferencePipeline$7$1.accept(ReferencePipeline.java:276)
	at java.base/java.util.ArrayList$ArrayListSpliterator.forEachRemaining(ArrayList.java:1708)
	at java.base/java.util.stream.AbstractPipeline.copyInto(AbstractPipeline.java:509)
	at java.base/java.util.stream.AbstractPipeline.wrapAndCopyInto(AbstractPipeline.java:499)
	at java.base/java.util.stream.ForEachOps$ForEachOp.evaluateSequential(ForEachOps.java:151)
	at java.base/java.util.stream.ForEachOps$ForEachOp$OfRef.evaluateSequential(ForEachOps.java:174)
	at java.base/java.util.stream.AbstractPipeline.evaluate(AbstractPipeline.java:234)
	at java.base/java.util.stream.ReferencePipeline.forEach(ReferencePipeline.java:596)
	at java.base/java.util.stream.ReferencePipeline$7$1.accept(ReferencePipeline.java:276)
	at java.base/java.util.stream.ReferencePipeline$3$1.accept(ReferencePipeline.java:197)
	at java.base/java.util.stream.ReferencePipeline$3$1.accept(ReferencePipeline.java:197)
	at java.base/java.util.stream.ReferencePipeline$3$1.accept(ReferencePipeline.java:197)
	at java.base/java.util.AbstractList$RandomAccessSpliterator.forEachRemaining(AbstractList.java:722)
	at java.base/java.util.stream.AbstractPipeline.copyInto(AbstractPipeline.java:509)
	at java.base/java.util.stream.AbstractPipeline.wrapAndCopyInto(AbstractPipeline.java:499)
	at java.base/java.util.stream.ForEachOps$ForEachOp.evaluateSequential(ForEachOps.java:151)
	at java.base/java.util.stream.ForEachOps$ForEachOp$OfRef.evaluateSequential(ForEachOps.java:174)
	at java.base/java.util.stream.AbstractPipeline.evaluate(AbstractPipeline.java:234)
	at java.base/java.util.stream.ReferencePipeline.forEach(ReferencePipeline.java:596)
	at org.junit.jupiter.engine.descriptor.TemplateExecutor.executeForProvider(TemplateExecutor.java:57)
	at org.junit.jupiter.engine.descriptor.TemplateExecutor.execute(TemplateExecutor.java:46)
	at org.junit.jupiter.engine.descriptor.TestTemplateTestDescriptor.execute(TestTemplateTestDescriptor.java:112)
	at org.junit.jupiter.engine.descriptor.TestTemplateTestDescriptor.execute(TestTemplateTestDescriptor.java:40)
	at org.junit.platform.engine.support.hierarchical.NodeTestTask.lambda$executeRecursively$2(NodeTestTask.java:176)
	at org.junit.platform.engine.support.hierarchical.ThrowableCollector.execute(ThrowableCollector.java:74)
	at org.junit.platform.engine.support.hierarchical.NodeTestTask.lambda$executeRecursively$1(NodeTestTask.java:166)
	at org.junit.platform.engine.support.hierarchical.Node.around(Node.java:138)
	at org.junit.platform.engine.support.hierarchical.NodeTestTask.lambda$executeRecursively$0(NodeTestTask.java:164)
	at org.junit.platform.engine.support.hierarchical.ThrowableCollector.execute(ThrowableCollector.java:74)
	at org.junit.platform.engine.support.hierarchical.NodeTestTask.executeRecursively(NodeTestTask.java:163)
	at org.junit.platform.engine.support.hierarchical.NodeTestTask.execute(NodeTestTask.java:116)
	at java.base/java.util.ArrayList.forEach(ArrayList.java:1596)
	at org.junit.platform.engine.support.hierarchical.SameThreadHierarchicalTestExecutorService.invokeAll(SameThreadHierarchicalTestExecutorService.java:42)
	at org.junit.platform.engine.support.hierarchical.NodeTestTask.lambda$executeRecursively$2(NodeTestTask.java:180)
	at org.junit.platform.engine.support.hierarchical.ThrowableCollector.execute(ThrowableCollector.java:74)
	at org.junit.platform.engine.support.hierarchical.NodeTestTask.lambda$executeRecursively$1(NodeTestTask.java:166)
	at org.junit.platform.engine.support.hierarchical.Node.around(Node.java:138)
	at org.junit.platform.engine.support.hierarchical.NodeTestTask.lambda$executeRecursively$0(NodeTestTask.java:164)
	at org.junit.platform.engine.support.hierarchical.ThrowableCollector.execute(ThrowableCollector.java:74)
	at org.junit.platform.engine.support.hierarchical.NodeTestTask.executeRecursively(NodeTestTask.java:163)
	at org.junit.platform.engine.support.hierarchical.NodeTestTask.execute(NodeTestTask.java:116)
	at java.base/java.util.ArrayList.forEach(ArrayList.java:1596)
	at org.junit.platform.engine.support.hierarchical.SameThreadHierarchicalTestExecutorService.invokeAll(SameThreadHierarchicalTestExecutorService.java:42)
	at org.junit.platform.engine.support.hierarchical.NodeTestTask.lambda$executeRecursively$2(NodeTestTask.java:180)
	at org.junit.platform.engine.support.hierarchical.ThrowableCollector.execute(ThrowableCollector.java:74)
	at org.junit.platform.engine.support.hierarchical.NodeTestTask.lambda$executeRecursively$1(NodeTestTask.java:166)
	at org.junit.platform.engine.support.hierarchical.Node.around(Node.java:138)
	at org.junit.platform.engine.support.hierarchical.NodeTestTask.lambda$executeRecursively$0(NodeTestTask.java:164)
	at org.junit.platform.engine.support.hierarchical.ThrowableCollector.execute(ThrowableCollector.java:74)
	at org.junit.platform.engine.support.hierarchical.NodeTestTask.executeRecursively(NodeTestTask.java:163)
	at org.junit.platform.engine.support.hierarchical.NodeTestTask.execute(NodeTestTask.java:116)
	at org.junit.platform.engine.support.hierarchical.SameThreadHierarchicalTestExecutorService.submit(SameThreadHierarchicalTestExecutorService.java:36)
	at org.junit.platform.engine.support.hierarchical.HierarchicalTestExecutor.execute(HierarchicalTestExecutor.java:52)
	at org.junit.platform.engine.support.hierarchical.HierarchicalTestEngine.execute(HierarchicalTestEngine.java:58)
	at org.junit.platform.launcher.core.EngineExecutionOrchestrator.executeEngine(EngineExecutionOrchestrator.java:246)
	at org.junit.platform.launcher.core.EngineExecutionOrchestrator.failOrExecuteEngine(EngineExecutionOrchestrator.java:218)
	at org.junit.platform.launcher.core.EngineExecutionOrchestrator.execute(EngineExecutionOrchestrator.java:179)
	at org.junit.platform.launcher.core.EngineExecutionOrchestrator.execute(EngineExecutionOrchestrator.java:108)
	at org.junit.platform.launcher.core.EngineExecutionOrchestrator.lambda$execute$0(EngineExecutionOrchestrator.java:66)
	at org.junit.platform.launcher.core.EngineExecutionOrchestrator.withInterceptedStreams(EngineExecutionOrchestrator.java:157)
	at org.junit.platform.launcher.core.EngineExecutionOrchestrator.execute(EngineExecutionOrchestrator.java:65)
	at org.junit.platform.launcher.core.DefaultLauncher.execute(DefaultLauncher.java:125)
	at org.junit.platform.launcher.core.DefaultLauncher.execute(DefaultLauncher.java:114)
	at org.junit.platform.launcher.core.DelegatingLauncher.execute(DelegatingLauncher.java:58)
	at org.junit.platform.launcher.core.InterceptingLauncher.lambda$execute$2(InterceptingLauncher.java:57)
	at org.junit.platform.launcher.core.ClasspathAlignmentCheckingLauncherInterceptor.intercept(ClasspathAlignmentCheckingLauncherInterceptor.java:25)
	at org.junit.platform.launcher.core.InterceptingLauncher.execute(InterceptingLauncher.java:56)
	at org.junit.platform.launcher.core.DelegatingLauncher.execute(DelegatingLauncher.java:58)
	at java.base/jdk.internal.reflect.DirectMethodHandleAccessor.invoke(DirectMethodHandleAccessor.java:103)
	at java.base/java.lang.reflect.Method.invoke(Method.java:580)
	at org.apache.maven.surefire.api.util.ReflectionUtils.invokeMethodWithArray(ReflectionUtils.java:125)
	at org.apache.maven.surefire.junitplatform.LauncherAdapter.executeWithCancellationToken(LauncherAdapter.java:68)
	at org.apache.maven.surefire.junitplatform.LauncherAdapter.execute(LauncherAdapter.java:54)
	at org.apache.maven.surefire.junitplatform.JUnitPlatformProvider.execute(JUnitPlatformProvider.java:203)
	at org.apache.maven.surefire.junitplatform.JUnitPlatformProvider.invokeAllTests(JUnitPlatformProvider.java:168)
	at org.apache.maven.surefire.junitplatform.JUnitPlatformProvider.invoke(JUnitPlatformProvider.java:134)
	at org.apache.maven.surefire.booter.ForkedBooter.runSuitesInProcess(ForkedBooter.java:385)
	at org.apache.maven.surefire.booter.ForkedBooter.execute(ForkedBooter.java:162)
	at org.apache.maven.surefire.booter.ForkedBooter.run(ForkedBooter.java:507)
	at org.apache.maven.surefire.booter.ForkedBooter.main(ForkedBooter.java:495)
Caused by: com.mysql.cj.exceptions.CJCommunicationsException: Communications link failure

The last packet successfully received from the server was 7 milliseconds ago. The last packet sent successfully to the server was 7 milliseconds ago.
	at java.base/jdk.internal.reflect.DirectConstructorHandleAccessor.newInstance(DirectConstructorHandleAccessor.java:62)
	at java.base/java.lang.reflect.Constructor.newInstanceWithCaller(Constructor.java:502)
	at java.base/java.lang.reflect.Constructor.newInstance(Constructor.java:486)
	at com.mysql.cj.exceptions.ExceptionFactory.createException(ExceptionFactory.java:52)
	at com.mysql.cj.exceptions.ExceptionFactory.createException(ExceptionFactory.java:95)
	at com.mysql.cj.exceptions.ExceptionFactory.createException(ExceptionFactory.java:140)
	at com.mysql.cj.exceptions.ExceptionFactory.createCommunicationsException(ExceptionFactory.java:156)
	at com.mysql.cj.protocol.a.NativeProtocol.readMessage(NativeProtocol.java:590)
	at com.mysql.cj.protocol.a.NativeProtocol.checkErrorMessage(NativeProtocol.java:767)
	at com.mysql.cj.protocol.a.NativeProtocol.sendCommand(NativeProtocol.java:706)
	at com.mysql.cj.protocol.a.NativeProtocol.sendQueryPacket(NativeProtocol.java:938)
	at com.mysql.cj.NativeSession.execSQL(NativeSession.java:817)
	at com.mysql.cj.jdbc.ConnectionImpl.commit(ConnectionImpl.java:794)
	... 152 common frames omitted
Caused by: java.io.EOFException: Can not read response from server. Expected to read 4 bytes, read 0 bytes before connection was unexpectedly lost.
	at com.mysql.cj.protocol.FullReadInputStream.readFully(FullReadInputStream.java:58)
	at com.mysql.cj.protocol.a.SimplePacketReader.readHeaderLocal(SimplePacketReader.java:72)
	at com.mysql.cj.protocol.a.SimplePacketReader.readHeader(SimplePacketReader.java:54)
	at com.mysql.cj.protocol.a.SimplePacketReader.readHeader(SimplePacketReader.java:36)
	at com.mysql.cj.protocol.a.TimeTrackingPacketReader.readHeader(TimeTrackingPacketReader.java:43)
	at com.mysql.cj.protocol.a.TimeTrackingPacketReader.readHeader(TimeTrackingPacketReader.java:32)
	at com.mysql.cj.protocol.a.MultiPacketReader.readHeader(MultiPacketReader.java:45)
	at com.mysql.cj.protocol.a.MultiPacketReader.readHeader(MultiPacketReader.java:35)
	at com.mysql.cj.protocol.a.NativeProtocol.readMessage(NativeProtocol.java:584)
	... 157 common frames omitted
09:59:34.046 [main] ERROR com.baomidou.dynamic.datasource.tx.ConnectionProxy -- Communications link failure

The last packet successfully received from the server was 7 milliseconds ago. The last packet sent successfully to the server was 7 milliseconds ago.
com.mysql.cj.jdbc.exceptions.CommunicationsException: Communications link failure

The last packet successfully received from the server was 7 milliseconds ago. The last packet sent successfully to the server was 7 milliseconds ago.
	at com.mysql.cj.jdbc.exceptions.SQLError.createCommunicationsException(SQLError.java:165)
	at com.mysql.cj.jdbc.exceptions.SQLExceptionsMapping.translateException(SQLExceptionsMapping.java:55)
	at com.mysql.cj.jdbc.ConnectionImpl.commit(ConnectionImpl.java:814)
	at com.zaxxer.hikari.pool.ProxyConnection.commit(ProxyConnection.java:378)
	at com.zaxxer.hikari.pool.HikariProxyConnection.commit(HikariProxyConnection.java)
	at java.base/jdk.internal.reflect.DirectMethodHandleAccessor.invoke(DirectMethodHandleAccessor.java:103)
	at java.base/java.lang.reflect.Method.invoke(Method.java:580)
	at org.namewta.test.notify.NotifyAtomicResultIntegrationTest$1.lambda$getConnection$0(NotifyAtomicResultIntegrationTest.java:118)
	at jdk.proxy2/jdk.proxy2.$Proxy131.commit(Unknown Source)
	at com.baomidou.dynamic.datasource.tx.ConnectionProxy.notify(ConnectionProxy.java:62)
	at com.baomidou.dynamic.datasource.tx.ConnectionFactory.notify(ConnectionFactory.java:153)
	at com.baomidou.dynamic.datasource.tx.LocalTxUtil.commit(LocalTxUtil.java:91)
	at com.baomidou.dynamic.datasource.tx.TransactionalTemplate.doExecute(TransactionalTemplate.java:126)
	at com.baomidou.dynamic.datasource.tx.TransactionalTemplate.execute(TransactionalTemplate.java:94)
	at com.baomidou.dynamic.datasource.aop.DynamicLocalTransactionInterceptor.invoke(DynamicLocalTransactionInterceptor.java:59)
	at org.springframework.aop.framework.ReflectiveMethodInvocation.proceed(ReflectiveMethodInvocation.java:179)
	at org.springframework.aop.framework.CglibAopProxy$DynamicAdvisedInterceptor.intercept(CglibAopProxy.java:719)
	at org.namewta.notify.usecase.NotifyDispatchResultUseCase$$SpringCGLIB$$11.beginInAppAttempt(<generated>)
	at org.namewta.test.notify.NotifyAtomicResultIntegrationTest.lambda$uncertainBudgetCommitNeverEntersPersistBeforeReclaim$15(NotifyAtomicResultIntegrationTest.java:488)
	at org.assertj.core.api.ThrowableAssert.catchThrowable(ThrowableAssert.java:66)
	at org.assertj.core.api.AssertionsForClassTypes.catchThrowable(AssertionsForClassTypes.java:908)
	at org.assertj.core.api.Assertions.catchThrowable(Assertions.java:1476)
	at org.assertj.core.api.Assertions.assertThatThrownBy(Assertions.java:1319)
	at org.namewta.test.notify.NotifyAtomicResultIntegrationTest.uncertainBudgetCommitNeverEntersPersistBeforeReclaim(NotifyAtomicResultIntegrationTest.java:488)
	at java.base/jdk.internal.reflect.DirectMethodHandleAccessor.invoke(DirectMethodHandleAccessor.java:103)
	at java.base/java.lang.reflect.Method.invoke(Method.java:580)
	at org.junit.platform.commons.util.ReflectionUtils.invokeMethod(ReflectionUtils.java:701)
	at org.junit.platform.commons.support.ReflectionSupport.invokeMethod(ReflectionSupport.java:502)
	at org.junit.jupiter.engine.support.MethodReflectionUtils.invoke(MethodReflectionUtils.java:45)
	at org.junit.jupiter.engine.execution.MethodInvocation.proceed(MethodInvocation.java:61)
	at org.junit.jupiter.engine.execution.InvocationInterceptorChain$ValidatingInvocation.proceed(InvocationInterceptorChain.java:124)
	at org.junit.jupiter.engine.extension.TimeoutExtension.intercept(TimeoutExtension.java:163)
	at org.junit.jupiter.engine.extension.TimeoutExtension.interceptTestableMethod(TimeoutExtension.java:148)
	at org.junit.jupiter.engine.extension.TimeoutExtension.interceptTestTemplateMethod(TimeoutExtension.java:94)
	at org.junit.jupiter.engine.execution.InterceptingExecutableInvoker$ReflectiveInterceptorCall.lambda$ofVoidMethod$0(InterceptingExecutableInvoker.java:123)
	at org.junit.jupiter.engine.execution.InterceptingExecutableInvoker.lambda$invoke$0(InterceptingExecutableInvoker.java:105)
	at org.junit.jupiter.engine.execution.InvocationInterceptorChain$InterceptedInvocation.proceed(InvocationInterceptorChain.java:99)
	at org.junit.jupiter.engine.execution.InvocationInterceptorChain.proceed(InvocationInterceptorChain.java:66)
	at org.junit.jupiter.engine.execution.InvocationInterceptorChain.chainAndInvoke(InvocationInterceptorChain.java:47)
	at org.junit.jupiter.engine.execution.InvocationInterceptorChain.invoke(InvocationInterceptorChain.java:39)
	at org.junit.jupiter.engine.execution.InterceptingExecutableInvoker.invoke(InterceptingExecutableInvoker.java:104)
	at org.junit.jupiter.engine.execution.InterceptingExecutableInvoker.invoke(InterceptingExecutableInvoker.java:98)
	at org.junit.jupiter.engine.execution.InterceptingExecutableInvoker.invokeVoid(InterceptingExecutableInvoker.java:71)
	at org.junit.jupiter.engine.descriptor.TestMethodTestDescriptor.lambda$invokeTestMethod$0(TestMethodTestDescriptor.java:219)
	at org.junit.platform.engine.support.hierarchical.ThrowableCollector.execute(ThrowableCollector.java:74)
	at org.junit.jupiter.engine.descriptor.TestMethodTestDescriptor.invokeTestMethod(TestMethodTestDescriptor.java:215)
	at org.junit.jupiter.engine.descriptor.TestMethodTestDescriptor.execute(TestMethodTestDescriptor.java:157)
	at org.junit.jupiter.engine.descriptor.TestMethodTestDescriptor.execute(TestMethodTestDescriptor.java:70)
	at org.junit.platform.engine.support.hierarchical.NodeTestTask.lambda$executeRecursively$2(NodeTestTask.java:176)
	at org.junit.platform.engine.support.hierarchical.ThrowableCollector.execute(ThrowableCollector.java:74)
	at org.junit.platform.engine.support.hierarchical.NodeTestTask.lambda$executeRecursively$1(NodeTestTask.java:166)
	at org.junit.platform.engine.support.hierarchical.Node.around(Node.java:138)
	at org.junit.platform.engine.support.hierarchical.NodeTestTask.lambda$executeRecursively$0(NodeTestTask.java:164)
	at org.junit.platform.engine.support.hierarchical.ThrowableCollector.execute(ThrowableCollector.java:74)
	at org.junit.platform.engine.support.hierarchical.NodeTestTask.executeRecursively(NodeTestTask.java:163)
	at org.junit.platform.engine.support.hierarchical.NodeTestTask.execute(NodeTestTask.java:116)
	at org.junit.platform.engine.support.hierarchical.SameThreadHierarchicalTestExecutorService.submit(SameThreadHierarchicalTestExecutorService.java:36)
	at org.junit.platform.engine.support.hierarchical.NodeTestTask$DefaultDynamicTestExecutor.execute(NodeTestTask.java:268)
	at org.junit.platform.engine.support.hierarchical.NodeTestTask$DefaultDynamicTestExecutor.execute(NodeTestTask.java:246)
	at org.junit.jupiter.engine.descriptor.TemplateExecutor.execute(TemplateExecutor.java:96)
	at org.junit.jupiter.engine.descriptor.TemplateExecutor.lambda$executeForProvider$1(TemplateExecutor.java:59)
	at java.base/java.util.Optional.ifPresent(Optional.java:178)
	at org.junit.jupiter.engine.descriptor.TemplateExecutor.lambda$executeForProvider$0(TemplateExecutor.java:59)
	at java.base/java.util.stream.ForEachOps$ForEachOp$OfRef.accept(ForEachOps.java:184)
	at java.base/java.util.stream.ReferencePipeline$3$1.accept(ReferencePipeline.java:197)
	at java.base/java.util.stream.ForEachOps$ForEachOp$OfRef.accept(ForEachOps.java:184)
	at java.base/java.util.stream.ForEachOps$ForEachOp$OfRef.accept(ForEachOps.java:184)
	at java.base/java.util.stream.ReferencePipeline$3$1.accept(ReferencePipeline.java:197)
	at java.base/java.util.Spliterators$ArraySpliterator.forEachRemaining(Spliterators.java:1024)
	at java.base/java.util.stream.AbstractPipeline.copyInto(AbstractPipeline.java:509)
	at java.base/java.util.stream.AbstractPipeline.wrapAndCopyInto(AbstractPipeline.java:499)
	at java.base/java.util.stream.ForEachOps$ForEachOp.evaluateSequential(ForEachOps.java:151)
	at java.base/java.util.stream.ForEachOps$ForEachOp$OfRef.evaluateSequential(ForEachOps.java:174)
	at java.base/java.util.stream.AbstractPipeline.evaluate(AbstractPipeline.java:234)
	at java.base/java.util.stream.ReferencePipeline.forEach(ReferencePipeline.java:596)
	at java.base/java.util.stream.ReferencePipeline$7$1.accept(ReferencePipeline.java:276)
	at java.base/java.util.ArrayList$ArrayListSpliterator.forEachRemaining(ArrayList.java:1708)
	at java.base/java.util.stream.AbstractPipeline.copyInto(AbstractPipeline.java:509)
	at java.base/java.util.stream.AbstractPipeline.wrapAndCopyInto(AbstractPipeline.java:499)
	at java.base/java.util.stream.ForEachOps$ForEachOp.evaluateSequential(ForEachOps.java:151)
	at java.base/java.util.stream.ForEachOps$ForEachOp$OfRef.evaluateSequential(ForEachOps.java:174)
	at java.base/java.util.stream.AbstractPipeline.evaluate(AbstractPipeline.java:234)
	at java.base/java.util.stream.ReferencePipeline.forEach(ReferencePipeline.java:596)
	at java.base/java.util.stream.ReferencePipeline$7$1.accept(ReferencePipeline.java:276)
	at java.base/java.util.stream.ReferencePipeline$3$1.accept(ReferencePipeline.java:197)
	at java.base/java.util.stream.ReferencePipeline$3$1.accept(ReferencePipeline.java:197)
	at java.base/java.util.stream.ReferencePipeline$3$1.accept(ReferencePipeline.java:197)
	at java.base/java.util.AbstractList$RandomAccessSpliterator.forEachRemaining(AbstractList.java:722)
	at java.base/java.util.stream.AbstractPipeline.copyInto(AbstractPipeline.java:509)
	at java.base/java.util.stream.AbstractPipeline.wrapAndCopyInto(AbstractPipeline.java:499)
	at java.base/java.util.stream.ForEachOps$ForEachOp.evaluateSequential(ForEachOps.java:151)
	at java.base/java.util.stream.ForEachOps$ForEachOp$OfRef.evaluateSequential(ForEachOps.java:174)
	at java.base/java.util.stream.AbstractPipeline.evaluate(AbstractPipeline.java:234)
	at java.base/java.util.stream.ReferencePipeline.forEach(ReferencePipeline.java:596)
	at org.junit.jupiter.engine.descriptor.TemplateExecutor.executeForProvider(TemplateExecutor.java:57)
	at org.junit.jupiter.engine.descriptor.TemplateExecutor.execute(TemplateExecutor.java:46)
	at org.junit.jupiter.engine.descriptor.TestTemplateTestDescriptor.execute(TestTemplateTestDescriptor.java:112)
	at org.junit.jupiter.engine.descriptor.TestTemplateTestDescriptor.execute(TestTemplateTestDescriptor.java:40)
	at org.junit.platform.engine.support.hierarchical.NodeTestTask.lambda$executeRecursively$2(NodeTestTask.java:176)
	at org.junit.platform.engine.support.hierarchical.ThrowableCollector.execute(ThrowableCollector.java:74)
	at org.junit.platform.engine.support.hierarchical.NodeTestTask.lambda$executeRecursively$1(NodeTestTask.java:166)
	at org.junit.platform.engine.support.hierarchical.Node.around(Node.java:138)
	at org.junit.platform.engine.support.hierarchical.NodeTestTask.lambda$executeRecursively$0(NodeTestTask.java:164)
	at org.junit.platform.engine.support.hierarchical.ThrowableCollector.execute(ThrowableCollector.java:74)
	at org.junit.platform.engine.support.hierarchical.NodeTestTask.executeRecursively(NodeTestTask.java:163)
	at org.junit.platform.engine.support.hierarchical.NodeTestTask.execute(NodeTestTask.java:116)
	at java.base/java.util.ArrayList.forEach(ArrayList.java:1596)
	at org.junit.platform.engine.support.hierarchical.SameThreadHierarchicalTestExecutorService.invokeAll(SameThreadHierarchicalTestExecutorService.java:42)
	at org.junit.platform.engine.support.hierarchical.NodeTestTask.lambda$executeRecursively$2(NodeTestTask.java:180)
	at org.junit.platform.engine.support.hierarchical.ThrowableCollector.execute(ThrowableCollector.java:74)
	at org.junit.platform.engine.support.hierarchical.NodeTestTask.lambda$executeRecursively$1(NodeTestTask.java:166)
	at org.junit.platform.engine.support.hierarchical.Node.around(Node.java:138)
	at org.junit.platform.engine.support.hierarchical.NodeTestTask.lambda$executeRecursively$0(NodeTestTask.java:164)
	at org.junit.platform.engine.support.hierarchical.ThrowableCollector.execute(ThrowableCollector.java:74)
	at org.junit.platform.engine.support.hierarchical.NodeTestTask.executeRecursively(NodeTestTask.java:163)
	at org.junit.platform.engine.support.hierarchical.NodeTestTask.execute(NodeTestTask.java:116)
	at java.base/java.util.ArrayList.forEach(ArrayList.java:1596)
	at org.junit.platform.engine.support.hierarchical.SameThreadHierarchicalTestExecutorService.invokeAll(SameThreadHierarchicalTestExecutorService.java:42)
	at org.junit.platform.engine.support.hierarchical.NodeTestTask.lambda$executeRecursively$2(NodeTestTask.java:180)
	at org.junit.platform.engine.support.hierarchical.ThrowableCollector.execute(ThrowableCollector.java:74)
	at org.junit.platform.engine.support.hierarchical.NodeTestTask.lambda$executeRecursively$1(NodeTestTask.java:166)
	at org.junit.platform.engine.support.hierarchical.Node.around(Node.java:138)
	at org.junit.platform.engine.support.hierarchical.NodeTestTask.lambda$executeRecursively$0(NodeTestTask.java:164)
	at org.junit.platform.engine.support.hierarchical.ThrowableCollector.execute(ThrowableCollector.java:74)
	at org.junit.platform.engine.support.hierarchical.NodeTestTask.executeRecursively(NodeTestTask.java:163)
	at org.junit.platform.engine.support.hierarchical.NodeTestTask.execute(NodeTestTask.java:116)
	at org.junit.platform.engine.support.hierarchical.SameThreadHierarchicalTestExecutorService.submit(SameThreadHierarchicalTestExecutorService.java:36)
	at org.junit.platform.engine.support.hierarchical.HierarchicalTestExecutor.execute(HierarchicalTestExecutor.java:52)
	at org.junit.platform.engine.support.hierarchical.HierarchicalTestEngine.execute(HierarchicalTestEngine.java:58)
	at org.junit.platform.launcher.core.EngineExecutionOrchestrator.executeEngine(EngineExecutionOrchestrator.java:246)
	at org.junit.platform.launcher.core.EngineExecutionOrchestrator.failOrExecuteEngine(EngineExecutionOrchestrator.java:218)
	at org.junit.platform.launcher.core.EngineExecutionOrchestrator.execute(EngineExecutionOrchestrator.java:179)
	at org.junit.platform.launcher.core.EngineExecutionOrchestrator.execute(EngineExecutionOrchestrator.java:108)
	at org.junit.platform.launcher.core.EngineExecutionOrchestrator.lambda$execute$0(EngineExecutionOrchestrator.java:66)
	at org.junit.platform.launcher.core.EngineExecutionOrchestrator.withInterceptedStreams(EngineExecutionOrchestrator.java:157)
	at org.junit.platform.launcher.core.EngineExecutionOrchestrator.execute(EngineExecutionOrchestrator.java:65)
	at org.junit.platform.launcher.core.DefaultLauncher.execute(DefaultLauncher.java:125)
	at org.junit.platform.launcher.core.DefaultLauncher.execute(DefaultLauncher.java:114)
	at org.junit.platform.launcher.core.DelegatingLauncher.execute(DelegatingLauncher.java:58)
	at org.junit.platform.launcher.core.InterceptingLauncher.lambda$execute$2(InterceptingLauncher.java:57)
	at org.junit.platform.launcher.core.ClasspathAlignmentCheckingLauncherInterceptor.intercept(ClasspathAlignmentCheckingLauncherInterceptor.java:25)
	at org.junit.platform.launcher.core.InterceptingLauncher.execute(InterceptingLauncher.java:56)
	at org.junit.platform.launcher.core.DelegatingLauncher.execute(DelegatingLauncher.java:58)
	at java.base/jdk.internal.reflect.DirectMethodHandleAccessor.invoke(DirectMethodHandleAccessor.java:103)
	at java.base/java.lang.reflect.Method.invoke(Method.java:580)
	at org.apache.maven.surefire.api.util.ReflectionUtils.invokeMethodWithArray(ReflectionUtils.java:125)
	at org.apache.maven.surefire.junitplatform.LauncherAdapter.executeWithCancellationToken(LauncherAdapter.java:68)
	at org.apache.maven.surefire.junitplatform.LauncherAdapter.execute(LauncherAdapter.java:54)
	at org.apache.maven.surefire.junitplatform.JUnitPlatformProvider.execute(JUnitPlatformProvider.java:203)
	at org.apache.maven.surefire.junitplatform.JUnitPlatformProvider.invokeAllTests(JUnitPlatformProvider.java:168)
	at org.apache.maven.surefire.junitplatform.JUnitPlatformProvider.invoke(JUnitPlatformProvider.java:134)
	at org.apache.maven.surefire.booter.ForkedBooter.runSuitesInProcess(ForkedBooter.java:385)
	at org.apache.maven.surefire.booter.ForkedBooter.execute(ForkedBooter.java:162)
	at org.apache.maven.surefire.booter.ForkedBooter.run(ForkedBooter.java:507)
	at org.apache.maven.surefire.booter.ForkedBooter.main(ForkedBooter.java:495)
Caused by: com.mysql.cj.exceptions.CJCommunicationsException: Communications link failure

The last packet successfully received from the server was 7 milliseconds ago. The last packet sent successfully to the server was 7 milliseconds ago.
	at java.base/jdk.internal.reflect.DirectConstructorHandleAccessor.newInstance(DirectConstructorHandleAccessor.java:62)
	at java.base/java.lang.reflect.Constructor.newInstanceWithCaller(Constructor.java:502)
	at java.base/java.lang.reflect.Constructor.newInstance(Constructor.java:486)
	at com.mysql.cj.exceptions.ExceptionFactory.createException(ExceptionFactory.java:52)
	at com.mysql.cj.exceptions.ExceptionFactory.createException(ExceptionFactory.java:95)
	at com.mysql.cj.exceptions.ExceptionFactory.createException(ExceptionFactory.java:140)
	at com.mysql.cj.exceptions.ExceptionFactory.createCommunicationsException(ExceptionFactory.java:156)
	at com.mysql.cj.protocol.a.NativeProtocol.readMessage(NativeProtocol.java:590)
	at com.mysql.cj.protocol.a.NativeProtocol.checkErrorMessage(NativeProtocol.java:767)
	at com.mysql.cj.protocol.a.NativeProtocol.sendCommand(NativeProtocol.java:706)
	at com.mysql.cj.protocol.a.NativeProtocol.sendQueryPacket(NativeProtocol.java:938)
	at com.mysql.cj.NativeSession.execSQL(NativeSession.java:817)
	at com.mysql.cj.jdbc.ConnectionImpl.commit(ConnectionImpl.java:794)
	... 152 common frames omitted
Caused by: java.io.EOFException: Can not read response from server. Expected to read 4 bytes, read 0 bytes before connection was unexpectedly lost.
	at com.mysql.cj.protocol.FullReadInputStream.readFully(FullReadInputStream.java:58)
	at com.mysql.cj.protocol.a.SimplePacketReader.readHeaderLocal(SimplePacketReader.java:72)
	at com.mysql.cj.protocol.a.SimplePacketReader.readHeader(SimplePacketReader.java:54)
	at com.mysql.cj.protocol.a.SimplePacketReader.readHeader(SimplePacketReader.java:36)
	at com.mysql.cj.protocol.a.TimeTrackingPacketReader.readHeader(TimeTrackingPacketReader.java:43)
	at com.mysql.cj.protocol.a.TimeTrackingPacketReader.readHeader(TimeTrackingPacketReader.java:32)
	at com.mysql.cj.protocol.a.MultiPacketReader.readHeader(MultiPacketReader.java:45)
	at com.mysql.cj.protocol.a.MultiPacketReader.readHeader(MultiPacketReader.java:35)
	at com.mysql.cj.protocol.a.NativeProtocol.readMessage(NativeProtocol.java:584)
	... 157 common frames omitted
09:59:34.152 [main] WARN org.namewta.notify.adapter.event.InAppCommittedPushListener -- 站内实时提示失败，messageId=9220001, reason=IllegalStateException
09:59:34.197 [main] INFO com.baomidou.dynamic.datasource.DynamicRoutingDataSource -- dynamic-datasource start closing ....
09:59:34.197 [main] INFO com.baomidou.dynamic.datasource.DynamicRoutingDataSource -- dynamic-datasource all closed success,bye
09:59:34.197 [main] INFO com.zaxxer.hikari.HikariDataSource -- HikariPool-12 - Shutdown initiated...
09:59:34.208 [main] INFO com.zaxxer.hikari.HikariDataSource -- HikariPool-12 - Shutdown completed.
09:59:34.215 [main] INFO com.baomidou.dynamic.datasource.DynamicRoutingDataSource -- dynamic-datasource - add a datasource named [master] success
09:59:34.367 [main] INFO org.redisson.Version -- Redisson 4.6.1
09:59:34.372 [redisson-netty-38-1] INFO org.redisson.connection.ConnectionsHolder -- 1 connections initialized for 127.0.0.1/127.0.0.1:32829
09:59:34.373 [redisson-netty-38-2] INFO org.redisson.connection.ConnectionsHolder -- 1 connections initialized for 127.0.0.1/127.0.0.1:32829
09:59:34.397 [main] INFO com.zaxxer.hikari.HikariDataSource -- HikariPool-13 - Starting...
09:59:34.402 [main] INFO com.zaxxer.hikari.pool.HikariPool -- HikariPool-13 - Added connection com.mysql.cj.jdbc.ConnectionImpl@3bd99944
09:59:34.402 [main] INFO com.zaxxer.hikari.HikariDataSource -- HikariPool-13 - Start completed.
09:59:34.438 [main] ERROR com.baomidou.dynamic.datasource.tx.ConnectionProxy -- owned lost commit acknowledgement
java.sql.SQLRecoverableException: owned lost commit acknowledgement
	at org.namewta.test.notify.NotifyAtomicResultIntegrationTest$1.lambda$getConnection$0(NotifyAtomicResultIntegrationTest.java:115)
	at jdk.proxy2/jdk.proxy2.$Proxy131.commit(Unknown Source)
	at com.baomidou.dynamic.datasource.tx.ConnectionProxy.notify(ConnectionProxy.java:62)
	at com.baomidou.dynamic.datasource.tx.ConnectionFactory.notify(ConnectionFactory.java:153)
	at com.baomidou.dynamic.datasource.tx.LocalTxUtil.commit(LocalTxUtil.java:91)
	at com.baomidou.dynamic.datasource.tx.TransactionalTemplate.doExecute(TransactionalTemplate.java:126)
	at com.baomidou.dynamic.datasource.tx.TransactionalTemplate.execute(TransactionalTemplate.java:94)
	at com.baomidou.dynamic.datasource.aop.DynamicLocalTransactionInterceptor.invoke(DynamicLocalTransactionInterceptor.java:59)
	at org.springframework.aop.framework.ReflectiveMethodInvocation.proceed(ReflectiveMethodInvocation.java:179)
	at org.springframework.aop.framework.CglibAopProxy$DynamicAdvisedInterceptor.intercept(CglibAopProxy.java:719)
	at org.namewta.notify.usecase.NotifyDispatchResultUseCase$$SpringCGLIB$$12.beginInAppAttempt(<generated>)
	at org.namewta.test.notify.NotifyAtomicResultIntegrationTest.lambda$uncertainBudgetCommitNeverEntersPersistBeforeReclaim$15(NotifyAtomicResultIntegrationTest.java:488)
	at org.assertj.core.api.ThrowableAssert.catchThrowable(ThrowableAssert.java:66)
	at org.assertj.core.api.AssertionsForClassTypes.catchThrowable(AssertionsForClassTypes.java:908)
	at org.assertj.core.api.Assertions.catchThrowable(Assertions.java:1476)
	at org.assertj.core.api.Assertions.assertThatThrownBy(Assertions.java:1319)
	at org.namewta.test.notify.NotifyAtomicResultIntegrationTest.uncertainBudgetCommitNeverEntersPersistBeforeReclaim(NotifyAtomicResultIntegrationTest.java:488)
	at java.base/jdk.internal.reflect.DirectMethodHandleAccessor.invoke(DirectMethodHandleAccessor.java:103)
	at java.base/java.lang.reflect.Method.invoke(Method.java:580)
	at org.junit.platform.commons.util.ReflectionUtils.invokeMethod(ReflectionUtils.java:701)
	at org.junit.platform.commons.support.ReflectionSupport.invokeMethod(ReflectionSupport.java:502)
	at org.junit.jupiter.engine.support.MethodReflectionUtils.invoke(MethodReflectionUtils.java:45)
	at org.junit.jupiter.engine.execution.MethodInvocation.proceed(MethodInvocation.java:61)
	at org.junit.jupiter.engine.execution.InvocationInterceptorChain$ValidatingInvocation.proceed(InvocationInterceptorChain.java:124)
	at org.junit.jupiter.engine.extension.TimeoutExtension.intercept(TimeoutExtension.java:163)
	at org.junit.jupiter.engine.extension.TimeoutExtension.interceptTestableMethod(TimeoutExtension.java:148)
	at org.junit.jupiter.engine.extension.TimeoutExtension.interceptTestTemplateMethod(TimeoutExtension.java:94)
	at org.junit.jupiter.engine.execution.InterceptingExecutableInvoker$ReflectiveInterceptorCall.lambda$ofVoidMethod$0(InterceptingExecutableInvoker.java:123)
	at org.junit.jupiter.engine.execution.InterceptingExecutableInvoker.lambda$invoke$0(InterceptingExecutableInvoker.java:105)
	at org.junit.jupiter.engine.execution.InvocationInterceptorChain$InterceptedInvocation.proceed(InvocationInterceptorChain.java:99)
	at org.junit.jupiter.engine.execution.InvocationInterceptorChain.proceed(InvocationInterceptorChain.java:66)
	at org.junit.jupiter.engine.execution.InvocationInterceptorChain.chainAndInvoke(InvocationInterceptorChain.java:47)
	at org.junit.jupiter.engine.execution.InvocationInterceptorChain.invoke(InvocationInterceptorChain.java:39)
	at org.junit.jupiter.engine.execution.InterceptingExecutableInvoker.invoke(InterceptingExecutableInvoker.java:104)
	at org.junit.jupiter.engine.execution.InterceptingExecutableInvoker.invoke(InterceptingExecutableInvoker.java:98)
	at org.junit.jupiter.engine.execution.InterceptingExecutableInvoker.invokeVoid(InterceptingExecutableInvoker.java:71)
	at org.junit.jupiter.engine.descriptor.TestMethodTestDescriptor.lambda$invokeTestMethod$0(TestMethodTestDescriptor.java:219)
	at org.junit.platform.engine.support.hierarchical.ThrowableCollector.execute(ThrowableCollector.java:74)
	at org.junit.jupiter.engine.descriptor.TestMethodTestDescriptor.invokeTestMethod(TestMethodTestDescriptor.java:215)
	at org.junit.jupiter.engine.descriptor.TestMethodTestDescriptor.execute(TestMethodTestDescriptor.java:157)
	at org.junit.jupiter.engine.descriptor.TestMethodTestDescriptor.execute(TestMethodTestDescriptor.java:70)
	at org.junit.platform.engine.support.hierarchical.NodeTestTask.lambda$executeRecursively$2(NodeTestTask.java:176)
	at org.junit.platform.engine.support.hierarchical.ThrowableCollector.execute(ThrowableCollector.java:74)
	at org.junit.platform.engine.support.hierarchical.NodeTestTask.lambda$executeRecursively$1(NodeTestTask.java:166)
	at org.junit.platform.engine.support.hierarchical.Node.around(Node.java:138)
	at org.junit.platform.engine.support.hierarchical.NodeTestTask.lambda$executeRecursively$0(NodeTestTask.java:164)
	at org.junit.platform.engine.support.hierarchical.ThrowableCollector.execute(ThrowableCollector.java:74)
	at org.junit.platform.engine.support.hierarchical.NodeTestTask.executeRecursively(NodeTestTask.java:163)
	at org.junit.platform.engine.support.hierarchical.NodeTestTask.execute(NodeTestTask.java:116)
	at org.junit.platform.engine.support.hierarchical.SameThreadHierarchicalTestExecutorService.submit(SameThreadHierarchicalTestExecutorService.java:36)
	at org.junit.platform.engine.support.hierarchical.NodeTestTask$DefaultDynamicTestExecutor.execute(NodeTestTask.java:268)
	at org.junit.platform.engine.support.hierarchical.NodeTestTask$DefaultDynamicTestExecutor.execute(NodeTestTask.java:246)
	at org.junit.jupiter.engine.descriptor.TemplateExecutor.execute(TemplateExecutor.java:96)
	at org.junit.jupiter.engine.descriptor.TemplateExecutor.lambda$executeForProvider$1(TemplateExecutor.java:59)
	at java.base/java.util.Optional.ifPresent(Optional.java:178)
	at org.junit.jupiter.engine.descriptor.TemplateExecutor.lambda$executeForProvider$0(TemplateExecutor.java:59)
	at java.base/java.util.stream.ForEachOps$ForEachOp$OfRef.accept(ForEachOps.java:184)
	at java.base/java.util.stream.ReferencePipeline$3$1.accept(ReferencePipeline.java:197)
	at java.base/java.util.stream.ForEachOps$ForEachOp$OfRef.accept(ForEachOps.java:184)
	at java.base/java.util.stream.ForEachOps$ForEachOp$OfRef.accept(ForEachOps.java:184)
	at java.base/java.util.stream.ReferencePipeline$3$1.accept(ReferencePipeline.java:197)
	at java.base/java.util.Spliterators$ArraySpliterator.forEachRemaining(Spliterators.java:1024)
	at java.base/java.util.stream.AbstractPipeline.copyInto(AbstractPipeline.java:509)
	at java.base/java.util.stream.AbstractPipeline.wrapAndCopyInto(AbstractPipeline.java:499)
	at java.base/java.util.stream.ForEachOps$ForEachOp.evaluateSequential(ForEachOps.java:151)
	at java.base/java.util.stream.ForEachOps$ForEachOp$OfRef.evaluateSequential(ForEachOps.java:174)
	at java.base/java.util.stream.AbstractPipeline.evaluate(AbstractPipeline.java:234)
	at java.base/java.util.stream.ReferencePipeline.forEach(ReferencePipeline.java:596)
	at java.base/java.util.stream.ReferencePipeline$7$1.accept(ReferencePipeline.java:276)
	at java.base/java.util.ArrayList$ArrayListSpliterator.forEachRemaining(ArrayList.java:1708)
	at java.base/java.util.stream.AbstractPipeline.copyInto(AbstractPipeline.java:509)
	at java.base/java.util.stream.AbstractPipeline.wrapAndCopyInto(AbstractPipeline.java:499)
	at java.base/java.util.stream.ForEachOps$ForEachOp.evaluateSequential(ForEachOps.java:151)
	at java.base/java.util.stream.ForEachOps$ForEachOp$OfRef.evaluateSequential(ForEachOps.java:174)
	at java.base/java.util.stream.AbstractPipeline.evaluate(AbstractPipeline.java:234)
	at java.base/java.util.stream.ReferencePipeline.forEach(ReferencePipeline.java:596)
	at java.base/java.util.stream.ReferencePipeline$7$1.accept(ReferencePipeline.java:276)
	at java.base/java.util.stream.ReferencePipeline$3$1.accept(ReferencePipeline.java:197)
	at java.base/java.util.stream.ReferencePipeline$3$1.accept(ReferencePipeline.java:197)
	at java.base/java.util.stream.ReferencePipeline$3$1.accept(ReferencePipeline.java:197)
	at java.base/java.util.AbstractList$RandomAccessSpliterator.forEachRemaining(AbstractList.java:722)
	at java.base/java.util.stream.AbstractPipeline.copyInto(AbstractPipeline.java:509)
	at java.base/java.util.stream.AbstractPipeline.wrapAndCopyInto(AbstractPipeline.java:499)
	at java.base/java.util.stream.ForEachOps$ForEachOp.evaluateSequential(ForEachOps.java:151)
	at java.base/java.util.stream.ForEachOps$ForEachOp$OfRef.evaluateSequential(ForEachOps.java:174)
	at java.base/java.util.stream.AbstractPipeline.evaluate(AbstractPipeline.java:234)
	at java.base/java.util.stream.ReferencePipeline.forEach(ReferencePipeline.java:596)
	at org.junit.jupiter.engine.descriptor.TemplateExecutor.executeForProvider(TemplateExecutor.java:57)
	at org.junit.jupiter.engine.descriptor.TemplateExecutor.execute(TemplateExecutor.java:46)
	at org.junit.jupiter.engine.descriptor.TestTemplateTestDescriptor.execute(TestTemplateTestDescriptor.java:112)
	at org.junit.jupiter.engine.descriptor.TestTemplateTestDescriptor.execute(TestTemplateTestDescriptor.java:40)
	at org.junit.platform.engine.support.hierarchical.NodeTestTask.lambda$executeRecursively$2(NodeTestTask.java:176)
	at org.junit.platform.engine.support.hierarchical.ThrowableCollector.execute(ThrowableCollector.java:74)
	at org.junit.platform.engine.support.hierarchical.NodeTestTask.lambda$executeRecursively$1(NodeTestTask.java:166)
	at org.junit.platform.engine.support.hierarchical.Node.around(Node.java:138)
	at org.junit.platform.engine.support.hierarchical.NodeTestTask.lambda$executeRecursively$0(NodeTestTask.java:164)
	at org.junit.platform.engine.support.hierarchical.ThrowableCollector.execute(ThrowableCollector.java:74)
	at org.junit.platform.engine.support.hierarchical.NodeTestTask.executeRecursively(NodeTestTask.java:163)
	at org.junit.platform.engine.support.hierarchical.NodeTestTask.execute(NodeTestTask.java:116)
	at java.base/java.util.ArrayList.forEach(ArrayList.java:1596)
	at org.junit.platform.engine.support.hierarchical.SameThreadHierarchicalTestExecutorService.invokeAll(SameThreadHierarchicalTestExecutorService.java:42)
	at org.junit.platform.engine.support.hierarchical.NodeTestTask.lambda$executeRecursively$2(NodeTestTask.java:180)
	at org.junit.platform.engine.support.hierarchical.ThrowableCollector.execute(ThrowableCollector.java:74)
	at org.junit.platform.engine.support.hierarchical.NodeTestTask.lambda$executeRecursively$1(NodeTestTask.java:166)
	at org.junit.platform.engine.support.hierarchical.Node.around(Node.java:138)
	at org.junit.platform.engine.support.hierarchical.NodeTestTask.lambda$executeRecursively$0(NodeTestTask.java:164)
	at org.junit.platform.engine.support.hierarchical.ThrowableCollector.execute(ThrowableCollector.java:74)
	at org.junit.platform.engine.support.hierarchical.NodeTestTask.executeRecursively(NodeTestTask.java:163)
	at org.junit.platform.engine.support.hierarchical.NodeTestTask.execute(NodeTestTask.java:116)
	at java.base/java.util.ArrayList.forEach(ArrayList.java:1596)
	at org.junit.platform.engine.support.hierarchical.SameThreadHierarchicalTestExecutorService.invokeAll(SameThreadHierarchicalTestExecutorService.java:42)
	at org.junit.platform.engine.support.hierarchical.NodeTestTask.lambda$executeRecursively$2(NodeTestTask.java:180)
	at org.junit.platform.engine.support.hierarchical.ThrowableCollector.execute(ThrowableCollector.java:74)
	at org.junit.platform.engine.support.hierarchical.NodeTestTask.lambda$executeRecursively$1(NodeTestTask.java:166)
	at org.junit.platform.engine.support.hierarchical.Node.around(Node.java:138)
	at org.junit.platform.engine.support.hierarchical.NodeTestTask.lambda$executeRecursively$0(NodeTestTask.java:164)
	at org.junit.platform.engine.support.hierarchical.ThrowableCollector.execute(ThrowableCollector.java:74)
	at org.junit.platform.engine.support.hierarchical.NodeTestTask.executeRecursively(NodeTestTask.java:163)
	at org.junit.platform.engine.support.hierarchical.NodeTestTask.execute(NodeTestTask.java:116)
	at org.junit.platform.engine.support.hierarchical.SameThreadHierarchicalTestExecutorService.submit(SameThreadHierarchicalTestExecutorService.java:36)
	at org.junit.platform.engine.support.hierarchical.HierarchicalTestExecutor.execute(HierarchicalTestExecutor.java:52)
	at org.junit.platform.engine.support.hierarchical.HierarchicalTestEngine.execute(HierarchicalTestEngine.java:58)
	at org.junit.platform.launcher.core.EngineExecutionOrchestrator.executeEngine(EngineExecutionOrchestrator.java:246)
	at org.junit.platform.launcher.core.EngineExecutionOrchestrator.failOrExecuteEngine(EngineExecutionOrchestrator.java:218)
	at org.junit.platform.launcher.core.EngineExecutionOrchestrator.execute(EngineExecutionOrchestrator.java:179)
	at org.junit.platform.launcher.core.EngineExecutionOrchestrator.execute(EngineExecutionOrchestrator.java:108)
	at org.junit.platform.launcher.core.EngineExecutionOrchestrator.lambda$execute$0(EngineExecutionOrchestrator.java:66)
	at org.junit.platform.launcher.core.EngineExecutionOrchestrator.withInterceptedStreams(EngineExecutionOrchestrator.java:157)
	at org.junit.platform.launcher.core.EngineExecutionOrchestrator.execute(EngineExecutionOrchestrator.java:65)
	at org.junit.platform.launcher.core.DefaultLauncher.execute(DefaultLauncher.java:125)
	at org.junit.platform.launcher.core.DefaultLauncher.execute(DefaultLauncher.java:114)
	at org.junit.platform.launcher.core.DelegatingLauncher.execute(DelegatingLauncher.java:58)
	at org.junit.platform.launcher.core.InterceptingLauncher.lambda$execute$2(InterceptingLauncher.java:57)
	at org.junit.platform.launcher.core.ClasspathAlignmentCheckingLauncherInterceptor.intercept(ClasspathAlignmentCheckingLauncherInterceptor.java:25)
	at org.junit.platform.launcher.core.InterceptingLauncher.execute(InterceptingLauncher.java:56)
	at org.junit.platform.launcher.core.DelegatingLauncher.execute(DelegatingLauncher.java:58)
	at java.base/jdk.internal.reflect.DirectMethodHandleAccessor.invoke(DirectMethodHandleAccessor.java:103)
	at java.base/java.lang.reflect.Method.invoke(Method.java:580)
	at org.apache.maven.surefire.api.util.ReflectionUtils.invokeMethodWithArray(ReflectionUtils.java:125)
	at org.apache.maven.surefire.junitplatform.LauncherAdapter.executeWithCancellationToken(LauncherAdapter.java:68)
	at org.apache.maven.surefire.junitplatform.LauncherAdapter.execute(LauncherAdapter.java:54)
	at org.apache.maven.surefire.junitplatform.JUnitPlatformProvider.execute(JUnitPlatformProvider.java:203)
	at org.apache.maven.surefire.junitplatform.JUnitPlatformProvider.invokeAllTests(JUnitPlatformProvider.java:168)
	at org.apache.maven.surefire.junitplatform.JUnitPlatformProvider.invoke(JUnitPlatformProvider.java:134)
	at org.apache.maven.surefire.booter.ForkedBooter.runSuitesInProcess(ForkedBooter.java:385)
	at org.apache.maven.surefire.booter.ForkedBooter.execute(ForkedBooter.java:162)
	at org.apache.maven.surefire.booter.ForkedBooter.run(ForkedBooter.java:507)
	at org.apache.maven.surefire.booter.ForkedBooter.main(ForkedBooter.java:495)
09:59:34.568 [main] WARN org.namewta.notify.adapter.event.InAppCommittedPushListener -- 站内实时提示失败，messageId=9220001, reason=IllegalStateException
09:59:34.603 [main] INFO com.baomidou.dynamic.datasource.DynamicRoutingDataSource -- dynamic-datasource start closing ....
09:59:34.603 [main] INFO com.baomidou.dynamic.datasource.DynamicRoutingDataSource -- dynamic-datasource all closed success,bye
09:59:34.603 [main] INFO com.zaxxer.hikari.HikariDataSource -- HikariPool-13 - Shutdown initiated...
09:59:34.606 [main] INFO com.zaxxer.hikari.HikariDataSource -- HikariPool-13 - Shutdown completed.
09:59:34.612 [main] INFO com.baomidou.dynamic.datasource.DynamicRoutingDataSource -- dynamic-datasource - add a datasource named [master] success
09:59:34.726 [main] INFO org.redisson.Version -- Redisson 4.6.1
09:59:34.732 [redisson-netty-41-1] INFO org.redisson.connection.ConnectionsHolder -- 1 connections initialized for 127.0.0.1/127.0.0.1:32829
09:59:34.732 [redisson-netty-41-2] INFO org.redisson.connection.ConnectionsHolder -- 1 connections initialized for 127.0.0.1/127.0.0.1:32829
09:59:34.757 [main] INFO com.zaxxer.hikari.HikariDataSource -- HikariPool-14 - Starting...
09:59:34.763 [main] INFO com.zaxxer.hikari.pool.HikariPool -- HikariPool-14 - Added connection com.mysql.cj.jdbc.ConnectionImpl@5710598e
09:59:34.763 [main] INFO com.zaxxer.hikari.HikariDataSource -- HikariPool-14 - Start completed.
09:59:34.796 [main] WARN com.zaxxer.hikari.pool.ProxyConnection -- HikariPool-14 - Connection com.mysql.cj.jdbc.ConnectionImpl@5710598e marked as broken because of SQLSTATE(08S01), ErrorCode(0)
com.mysql.cj.jdbc.exceptions.CommunicationsException: Communications link failure

The last packet successfully received from the server was 6 milliseconds ago. The last packet sent successfully to the server was 6 milliseconds ago.
	at com.mysql.cj.jdbc.exceptions.SQLError.createCommunicationsException(SQLError.java:165)
	at com.mysql.cj.jdbc.exceptions.SQLExceptionsMapping.translateException(SQLExceptionsMapping.java:55)
	at com.mysql.cj.jdbc.ConnectionImpl.commit(ConnectionImpl.java:814)
	at com.zaxxer.hikari.pool.ProxyConnection.commit(ProxyConnection.java:378)
	at com.zaxxer.hikari.pool.HikariProxyConnection.commit(HikariProxyConnection.java)
	at java.base/jdk.internal.reflect.DirectMethodHandleAccessor.invoke(DirectMethodHandleAccessor.java:103)
	at java.base/java.lang.reflect.Method.invoke(Method.java:580)
	at org.namewta.test.notify.NotifyAtomicResultIntegrationTest$1.lambda$getConnection$0(NotifyAtomicResultIntegrationTest.java:118)
	at jdk.proxy2/jdk.proxy2.$Proxy131.commit(Unknown Source)
	at com.baomidou.dynamic.datasource.tx.ConnectionProxy.notify(ConnectionProxy.java:62)
	at com.baomidou.dynamic.datasource.tx.ConnectionFactory.notify(ConnectionFactory.java:153)
	at com.baomidou.dynamic.datasource.tx.LocalTxUtil.commit(LocalTxUtil.java:91)
	at com.baomidou.dynamic.datasource.tx.TransactionalTemplate.doExecute(TransactionalTemplate.java:126)
	at com.baomidou.dynamic.datasource.tx.TransactionalTemplate.execute(TransactionalTemplate.java:94)
	at com.baomidou.dynamic.datasource.aop.DynamicLocalTransactionInterceptor.invoke(DynamicLocalTransactionInterceptor.java:59)
	at org.springframework.aop.framework.ReflectiveMethodInvocation.proceed(ReflectiveMethodInvocation.java:179)
	at org.springframework.aop.framework.CglibAopProxy$DynamicAdvisedInterceptor.intercept(CglibAopProxy.java:719)
	at org.namewta.notify.usecase.ProviderCallbackUseCase$$SpringCGLIB$$14.apply(<generated>)
	at org.namewta.test.notify.NotifyAtomicResultIntegrationTest.callOn(NotifyAtomicResultIntegrationTest.java:1195)
	at org.namewta.test.notify.NotifyAtomicResultIntegrationTest.signedCallback(NotifyAtomicResultIntegrationTest.java:1189)
	at org.namewta.test.notify.NotifyAtomicResultIntegrationTest.callback(NotifyAtomicResultIntegrationTest.java:1186)
	at org.namewta.test.notify.NotifyAtomicResultIntegrationTest.lambda$commitDisconnectOrLostAcknowledgementCanRetryWithoutLosingTheEvent$45(NotifyAtomicResultIntegrationTest.java:915)
	at org.assertj.core.api.ThrowableAssert.catchThrowable(ThrowableAssert.java:66)
	at org.assertj.core.api.AssertionsForClassTypes.catchThrowable(AssertionsForClassTypes.java:908)
	at org.assertj.core.api.Assertions.catchThrowable(Assertions.java:1476)
	at org.assertj.core.api.Assertions.assertThatThrownBy(Assertions.java:1319)
	at org.namewta.test.notify.NotifyAtomicResultIntegrationTest.commitDisconnectOrLostAcknowledgementCanRetryWithoutLosingTheEvent(NotifyAtomicResultIntegrationTest.java:915)
	at java.base/jdk.internal.reflect.DirectMethodHandleAccessor.invoke(DirectMethodHandleAccessor.java:103)
	at java.base/java.lang.reflect.Method.invoke(Method.java:580)
	at org.junit.platform.commons.util.ReflectionUtils.invokeMethod(ReflectionUtils.java:701)
	at org.junit.platform.commons.support.ReflectionSupport.invokeMethod(ReflectionSupport.java:502)
	at org.junit.jupiter.engine.support.MethodReflectionUtils.invoke(MethodReflectionUtils.java:45)
	at org.junit.jupiter.engine.execution.MethodInvocation.proceed(MethodInvocation.java:61)
	at org.junit.jupiter.engine.execution.InvocationInterceptorChain$ValidatingInvocation.proceed(InvocationInterceptorChain.java:124)
	at org.junit.jupiter.engine.extension.TimeoutExtension.intercept(TimeoutExtension.java:163)
	at org.junit.jupiter.engine.extension.TimeoutExtension.interceptTestableMethod(TimeoutExtension.java:148)
	at org.junit.jupiter.engine.extension.TimeoutExtension.interceptTestTemplateMethod(TimeoutExtension.java:94)
	at org.junit.jupiter.engine.execution.InterceptingExecutableInvoker$ReflectiveInterceptorCall.lambda$ofVoidMethod$0(InterceptingExecutableInvoker.java:123)
	at org.junit.jupiter.engine.execution.InterceptingExecutableInvoker.lambda$invoke$0(InterceptingExecutableInvoker.java:105)
	at org.junit.jupiter.engine.execution.InvocationInterceptorChain$InterceptedInvocation.proceed(InvocationInterceptorChain.java:99)
	at org.junit.jupiter.engine.execution.InvocationInterceptorChain.proceed(InvocationInterceptorChain.java:66)
	at org.junit.jupiter.engine.execution.InvocationInterceptorChain.chainAndInvoke(InvocationInterceptorChain.java:47)
	at org.junit.jupiter.engine.execution.InvocationInterceptorChain.invoke(InvocationInterceptorChain.java:39)
	at org.junit.jupiter.engine.execution.InterceptingExecutableInvoker.invoke(InterceptingExecutableInvoker.java:104)
	at org.junit.jupiter.engine.execution.InterceptingExecutableInvoker.invoke(InterceptingExecutableInvoker.java:98)
	at org.junit.jupiter.engine.execution.InterceptingExecutableInvoker.invokeVoid(InterceptingExecutableInvoker.java:71)
	at org.junit.jupiter.engine.descriptor.TestMethodTestDescriptor.lambda$invokeTestMethod$0(TestMethodTestDescriptor.java:219)
	at org.junit.platform.engine.support.hierarchical.ThrowableCollector.execute(ThrowableCollector.java:74)
	at org.junit.jupiter.engine.descriptor.TestMethodTestDescriptor.invokeTestMethod(TestMethodTestDescriptor.java:215)
	at org.junit.jupiter.engine.descriptor.TestMethodTestDescriptor.execute(TestMethodTestDescriptor.java:157)
	at org.junit.jupiter.engine.descriptor.TestMethodTestDescriptor.execute(TestMethodTestDescriptor.java:70)
	at org.junit.platform.engine.support.hierarchical.NodeTestTask.lambda$executeRecursively$2(NodeTestTask.java:176)
	at org.junit.platform.engine.support.hierarchical.ThrowableCollector.execute(ThrowableCollector.java:74)
	at org.junit.platform.engine.support.hierarchical.NodeTestTask.lambda$executeRecursively$1(NodeTestTask.java:166)
	at org.junit.platform.engine.support.hierarchical.Node.around(Node.java:138)
	at org.junit.platform.engine.support.hierarchical.NodeTestTask.lambda$executeRecursively$0(NodeTestTask.java:164)
	at org.junit.platform.engine.support.hierarchical.ThrowableCollector.execute(ThrowableCollector.java:74)
	at org.junit.platform.engine.support.hierarchical.NodeTestTask.executeRecursively(NodeTestTask.java:163)
	at org.junit.platform.engine.support.hierarchical.NodeTestTask.execute(NodeTestTask.java:116)
	at org.junit.platform.engine.support.hierarchical.SameThreadHierarchicalTestExecutorService.submit(SameThreadHierarchicalTestExecutorService.java:36)
	at org.junit.platform.engine.support.hierarchical.NodeTestTask$DefaultDynamicTestExecutor.execute(NodeTestTask.java:268)
	at org.junit.platform.engine.support.hierarchical.NodeTestTask$DefaultDynamicTestExecutor.execute(NodeTestTask.java:246)
	at org.junit.jupiter.engine.descriptor.TemplateExecutor.execute(TemplateExecutor.java:96)
	at org.junit.jupiter.engine.descriptor.TemplateExecutor.lambda$executeForProvider$1(TemplateExecutor.java:59)
	at java.base/java.util.Optional.ifPresent(Optional.java:178)
	at org.junit.jupiter.engine.descriptor.TemplateExecutor.lambda$executeForProvider$0(TemplateExecutor.java:59)
	at java.base/java.util.stream.ForEachOps$ForEachOp$OfRef.accept(ForEachOps.java:184)
	at java.base/java.util.stream.ReferencePipeline$3$1.accept(ReferencePipeline.java:197)
	at java.base/java.util.stream.ForEachOps$ForEachOp$OfRef.accept(ForEachOps.java:184)
	at java.base/java.util.ArrayList$ArrayListSpliterator.forEachRemaining(ArrayList.java:1708)
	at java.base/java.util.stream.ReferencePipeline$Head.forEach(ReferencePipeline.java:762)
	at java.base/java.util.stream.ReferencePipeline$7$1.accept(ReferencePipeline.java:276)
	at java.base/java.util.ArrayList$ArrayListSpliterator.forEachRemaining(ArrayList.java:1708)
	at java.base/java.util.stream.AbstractPipeline.copyInto(AbstractPipeline.java:509)
	at java.base/java.util.stream.AbstractPipeline.wrapAndCopyInto(AbstractPipeline.java:499)
	at java.base/java.util.stream.ForEachOps$ForEachOp.evaluateSequential(ForEachOps.java:151)
	at java.base/java.util.stream.ForEachOps$ForEachOp$OfRef.evaluateSequential(ForEachOps.java:174)
	at java.base/java.util.stream.AbstractPipeline.evaluate(AbstractPipeline.java:234)
	at java.base/java.util.stream.ReferencePipeline.forEach(ReferencePipeline.java:596)
	at java.base/java.util.stream.ReferencePipeline$7$1.accept(ReferencePipeline.java:276)
	at java.base/java.util.stream.ReferencePipeline$3$1.accept(ReferencePipeline.java:197)
	at java.base/java.util.stream.ReferencePipeline$3$1.accept(ReferencePipeline.java:197)
	at java.base/java.util.stream.ReferencePipeline$3$1.accept(ReferencePipeline.java:197)
	at java.base/java.util.AbstractList$RandomAccessSpliterator.forEachRemaining(AbstractList.java:722)
	at java.base/java.util.stream.AbstractPipeline.copyInto(AbstractPipeline.java:509)
	at java.base/java.util.stream.AbstractPipeline.wrapAndCopyInto(AbstractPipeline.java:499)
	at java.base/java.util.stream.ForEachOps$ForEachOp.evaluateSequential(ForEachOps.java:151)
	at java.base/java.util.stream.ForEachOps$ForEachOp$OfRef.evaluateSequential(ForEachOps.java:174)
	at java.base/java.util.stream.AbstractPipeline.evaluate(AbstractPipeline.java:234)
	at java.base/java.util.stream.ReferencePipeline.forEach(ReferencePipeline.java:596)
	at org.junit.jupiter.engine.descriptor.TemplateExecutor.executeForProvider(TemplateExecutor.java:57)
	at org.junit.jupiter.engine.descriptor.TemplateExecutor.execute(TemplateExecutor.java:46)
	at org.junit.jupiter.engine.descriptor.TestTemplateTestDescriptor.execute(TestTemplateTestDescriptor.java:112)
	at org.junit.jupiter.engine.descriptor.TestTemplateTestDescriptor.execute(TestTemplateTestDescriptor.java:40)
	at org.junit.platform.engine.support.hierarchical.NodeTestTask.lambda$executeRecursively$2(NodeTestTask.java:176)
	at org.junit.platform.engine.support.hierarchical.ThrowableCollector.execute(ThrowableCollector.java:74)
	at org.junit.platform.engine.support.hierarchical.NodeTestTask.lambda$executeRecursively$1(NodeTestTask.java:166)
	at org.junit.platform.engine.support.hierarchical.Node.around(Node.java:138)
	at org.junit.platform.engine.support.hierarchical.NodeTestTask.lambda$executeRecursively$0(NodeTestTask.java:164)
	at org.junit.platform.engine.support.hierarchical.ThrowableCollector.execute(ThrowableCollector.java:74)
	at org.junit.platform.engine.support.hierarchical.NodeTestTask.executeRecursively(NodeTestTask.java:163)
	at org.junit.platform.engine.support.hierarchical.NodeTestTask.execute(NodeTestTask.java:116)
	at java.base/java.util.ArrayList.forEach(ArrayList.java:1596)
	at org.junit.platform.engine.support.hierarchical.SameThreadHierarchicalTestExecutorService.invokeAll(SameThreadHierarchicalTestExecutorService.java:42)
	at org.junit.platform.engine.support.hierarchical.NodeTestTask.lambda$executeRecursively$2(NodeTestTask.java:180)
	at org.junit.platform.engine.support.hierarchical.ThrowableCollector.execute(ThrowableCollector.java:74)
	at org.junit.platform.engine.support.hierarchical.NodeTestTask.lambda$executeRecursively$1(NodeTestTask.java:166)
	at org.junit.platform.engine.support.hierarchical.Node.around(Node.java:138)
	at org.junit.platform.engine.support.hierarchical.NodeTestTask.lambda$executeRecursively$0(NodeTestTask.java:164)
	at org.junit.platform.engine.support.hierarchical.ThrowableCollector.execute(ThrowableCollector.java:74)
	at org.junit.platform.engine.support.hierarchical.NodeTestTask.executeRecursively(NodeTestTask.java:163)
	at org.junit.platform.engine.support.hierarchical.NodeTestTask.execute(NodeTestTask.java:116)
	at java.base/java.util.ArrayList.forEach(ArrayList.java:1596)
	at org.junit.platform.engine.support.hierarchical.SameThreadHierarchicalTestExecutorService.invokeAll(SameThreadHierarchicalTestExecutorService.java:42)
	at org.junit.platform.engine.support.hierarchical.NodeTestTask.lambda$executeRecursively$2(NodeTestTask.java:180)
	at org.junit.platform.engine.support.hierarchical.ThrowableCollector.execute(ThrowableCollector.java:74)
	at org.junit.platform.engine.support.hierarchical.NodeTestTask.lambda$executeRecursively$1(NodeTestTask.java:166)
	at org.junit.platform.engine.support.hierarchical.Node.around(Node.java:138)
	at org.junit.platform.engine.support.hierarchical.NodeTestTask.lambda$executeRecursively$0(NodeTestTask.java:164)
	at org.junit.platform.engine.support.hierarchical.ThrowableCollector.execute(ThrowableCollector.java:74)
	at org.junit.platform.engine.support.hierarchical.NodeTestTask.executeRecursively(NodeTestTask.java:163)
	at org.junit.platform.engine.support.hierarchical.NodeTestTask.execute(NodeTestTask.java:116)
	at org.junit.platform.engine.support.hierarchical.SameThreadHierarchicalTestExecutorService.submit(SameThreadHierarchicalTestExecutorService.java:36)
	at org.junit.platform.engine.support.hierarchical.HierarchicalTestExecutor.execute(HierarchicalTestExecutor.java:52)
	at org.junit.platform.engine.support.hierarchical.HierarchicalTestEngine.execute(HierarchicalTestEngine.java:58)
	at org.junit.platform.launcher.core.EngineExecutionOrchestrator.executeEngine(EngineExecutionOrchestrator.java:246)
	at org.junit.platform.launcher.core.EngineExecutionOrchestrator.failOrExecuteEngine(EngineExecutionOrchestrator.java:218)
	at org.junit.platform.launcher.core.EngineExecutionOrchestrator.execute(EngineExecutionOrchestrator.java:179)
	at org.junit.platform.launcher.core.EngineExecutionOrchestrator.execute(EngineExecutionOrchestrator.java:108)
	at org.junit.platform.launcher.core.EngineExecutionOrchestrator.lambda$execute$0(EngineExecutionOrchestrator.java:66)
	at org.junit.platform.launcher.core.EngineExecutionOrchestrator.withInterceptedStreams(EngineExecutionOrchestrator.java:157)
	at org.junit.platform.launcher.core.EngineExecutionOrchestrator.execute(EngineExecutionOrchestrator.java:65)
	at org.junit.platform.launcher.core.DefaultLauncher.execute(DefaultLauncher.java:125)
	at org.junit.platform.launcher.core.DefaultLauncher.execute(DefaultLauncher.java:114)
	at org.junit.platform.launcher.core.DelegatingLauncher.execute(DelegatingLauncher.java:58)
	at org.junit.platform.launcher.core.InterceptingLauncher.lambda$execute$2(InterceptingLauncher.java:57)
	at org.junit.platform.launcher.core.ClasspathAlignmentCheckingLauncherInterceptor.intercept(ClasspathAlignmentCheckingLauncherInterceptor.java:25)
	at org.junit.platform.launcher.core.InterceptingLauncher.execute(InterceptingLauncher.java:56)
	at org.junit.platform.launcher.core.DelegatingLauncher.execute(DelegatingLauncher.java:58)
	at java.base/jdk.internal.reflect.DirectMethodHandleAccessor.invoke(DirectMethodHandleAccessor.java:103)
	at java.base/java.lang.reflect.Method.invoke(Method.java:580)
	at org.apache.maven.surefire.api.util.ReflectionUtils.invokeMethodWithArray(ReflectionUtils.java:125)
	at org.apache.maven.surefire.junitplatform.LauncherAdapter.executeWithCancellationToken(LauncherAdapter.java:68)
	at org.apache.maven.surefire.junitplatform.LauncherAdapter.execute(LauncherAdapter.java:54)
	at org.apache.maven.surefire.junitplatform.JUnitPlatformProvider.execute(JUnitPlatformProvider.java:203)
	at org.apache.maven.surefire.junitplatform.JUnitPlatformProvider.invokeAllTests(JUnitPlatformProvider.java:168)
	at org.apache.maven.surefire.junitplatform.JUnitPlatformProvider.invoke(JUnitPlatformProvider.java:134)
	at org.apache.maven.surefire.booter.ForkedBooter.runSuitesInProcess(ForkedBooter.java:385)
	at org.apache.maven.surefire.booter.ForkedBooter.execute(ForkedBooter.java:162)
	at org.apache.maven.surefire.booter.ForkedBooter.run(ForkedBooter.java:507)
	at org.apache.maven.surefire.booter.ForkedBooter.main(ForkedBooter.java:495)
Caused by: com.mysql.cj.exceptions.CJCommunicationsException: Communications link failure

The last packet successfully received from the server was 6 milliseconds ago. The last packet sent successfully to the server was 6 milliseconds ago.
	at java.base/jdk.internal.reflect.DirectConstructorHandleAccessor.newInstance(DirectConstructorHandleAccessor.java:62)
	at java.base/java.lang.reflect.Constructor.newInstanceWithCaller(Constructor.java:502)
	at java.base/java.lang.reflect.Constructor.newInstance(Constructor.java:486)
	at com.mysql.cj.exceptions.ExceptionFactory.createException(ExceptionFactory.java:52)
	at com.mysql.cj.exceptions.ExceptionFactory.createException(ExceptionFactory.java:95)
	at com.mysql.cj.exceptions.ExceptionFactory.createException(ExceptionFactory.java:140)
	at com.mysql.cj.exceptions.ExceptionFactory.createCommunicationsException(ExceptionFactory.java:156)
	at com.mysql.cj.protocol.a.NativeProtocol.readMessage(NativeProtocol.java:590)
	at com.mysql.cj.protocol.a.NativeProtocol.checkErrorMessage(NativeProtocol.java:767)
	at com.mysql.cj.protocol.a.NativeProtocol.sendCommand(NativeProtocol.java:706)
	at com.mysql.cj.protocol.a.NativeProtocol.sendQueryPacket(NativeProtocol.java:938)
	at com.mysql.cj.NativeSession.execSQL(NativeSession.java:817)
	at com.mysql.cj.jdbc.ConnectionImpl.commit(ConnectionImpl.java:794)
	... 148 common frames omitted
Caused by: java.io.EOFException: Can not read response from server. Expected to read 4 bytes, read 0 bytes before connection was unexpectedly lost.
	at com.mysql.cj.protocol.FullReadInputStream.readFully(FullReadInputStream.java:58)
	at com.mysql.cj.protocol.a.SimplePacketReader.readHeaderLocal(SimplePacketReader.java:72)
	at com.mysql.cj.protocol.a.SimplePacketReader.readHeader(SimplePacketReader.java:54)
	at com.mysql.cj.protocol.a.SimplePacketReader.readHeader(SimplePacketReader.java:36)
	at com.mysql.cj.protocol.a.TimeTrackingPacketReader.readHeader(TimeTrackingPacketReader.java:43)
	at com.mysql.cj.protocol.a.TimeTrackingPacketReader.readHeader(TimeTrackingPacketReader.java:32)
	at com.mysql.cj.protocol.a.MultiPacketReader.readHeader(MultiPacketReader.java:45)
	at com.mysql.cj.protocol.a.MultiPacketReader.readHeader(MultiPacketReader.java:35)
	at com.mysql.cj.protocol.a.NativeProtocol.readMessage(NativeProtocol.java:584)
	... 153 common frames omitted
09:59:34.798 [main] ERROR com.baomidou.dynamic.datasource.tx.ConnectionProxy -- Communications link failure

The last packet successfully received from the server was 6 milliseconds ago. The last packet sent successfully to the server was 6 milliseconds ago.
com.mysql.cj.jdbc.exceptions.CommunicationsException: Communications link failure

The last packet successfully received from the server was 6 milliseconds ago. The last packet sent successfully to the server was 6 milliseconds ago.
	at com.mysql.cj.jdbc.exceptions.SQLError.createCommunicationsException(SQLError.java:165)
	at com.mysql.cj.jdbc.exceptions.SQLExceptionsMapping.translateException(SQLExceptionsMapping.java:55)
	at com.mysql.cj.jdbc.ConnectionImpl.commit(ConnectionImpl.java:814)
	at com.zaxxer.hikari.pool.ProxyConnection.commit(ProxyConnection.java:378)
	at com.zaxxer.hikari.pool.HikariProxyConnection.commit(HikariProxyConnection.java)
	at java.base/jdk.internal.reflect.DirectMethodHandleAccessor.invoke(DirectMethodHandleAccessor.java:103)
	at java.base/java.lang.reflect.Method.invoke(Method.java:580)
	at org.namewta.test.notify.NotifyAtomicResultIntegrationTest$1.lambda$getConnection$0(NotifyAtomicResultIntegrationTest.java:118)
	at jdk.proxy2/jdk.proxy2.$Proxy131.commit(Unknown Source)
	at com.baomidou.dynamic.datasource.tx.ConnectionProxy.notify(ConnectionProxy.java:62)
	at com.baomidou.dynamic.datasource.tx.ConnectionFactory.notify(ConnectionFactory.java:153)
	at com.baomidou.dynamic.datasource.tx.LocalTxUtil.commit(LocalTxUtil.java:91)
	at com.baomidou.dynamic.datasource.tx.TransactionalTemplate.doExecute(TransactionalTemplate.java:126)
	at com.baomidou.dynamic.datasource.tx.TransactionalTemplate.execute(TransactionalTemplate.java:94)
	at com.baomidou.dynamic.datasource.aop.DynamicLocalTransactionInterceptor.invoke(DynamicLocalTransactionInterceptor.java:59)
	at org.springframework.aop.framework.ReflectiveMethodInvocation.proceed(ReflectiveMethodInvocation.java:179)
	at org.springframework.aop.framework.CglibAopProxy$DynamicAdvisedInterceptor.intercept(CglibAopProxy.java:719)
	at org.namewta.notify.usecase.ProviderCallbackUseCase$$SpringCGLIB$$14.apply(<generated>)
	at org.namewta.test.notify.NotifyAtomicResultIntegrationTest.callOn(NotifyAtomicResultIntegrationTest.java:1195)
	at org.namewta.test.notify.NotifyAtomicResultIntegrationTest.signedCallback(NotifyAtomicResultIntegrationTest.java:1189)
	at org.namewta.test.notify.NotifyAtomicResultIntegrationTest.callback(NotifyAtomicResultIntegrationTest.java:1186)
	at org.namewta.test.notify.NotifyAtomicResultIntegrationTest.lambda$commitDisconnectOrLostAcknowledgementCanRetryWithoutLosingTheEvent$45(NotifyAtomicResultIntegrationTest.java:915)
	at org.assertj.core.api.ThrowableAssert.catchThrowable(ThrowableAssert.java:66)
	at org.assertj.core.api.AssertionsForClassTypes.catchThrowable(AssertionsForClassTypes.java:908)
	at org.assertj.core.api.Assertions.catchThrowable(Assertions.java:1476)
	at org.assertj.core.api.Assertions.assertThatThrownBy(Assertions.java:1319)
	at org.namewta.test.notify.NotifyAtomicResultIntegrationTest.commitDisconnectOrLostAcknowledgementCanRetryWithoutLosingTheEvent(NotifyAtomicResultIntegrationTest.java:915)
	at java.base/jdk.internal.reflect.DirectMethodHandleAccessor.invoke(DirectMethodHandleAccessor.java:103)
	at java.base/java.lang.reflect.Method.invoke(Method.java:580)
	at org.junit.platform.commons.util.ReflectionUtils.invokeMethod(ReflectionUtils.java:701)
	at org.junit.platform.commons.support.ReflectionSupport.invokeMethod(ReflectionSupport.java:502)
	at org.junit.jupiter.engine.support.MethodReflectionUtils.invoke(MethodReflectionUtils.java:45)
	at org.junit.jupiter.engine.execution.MethodInvocation.proceed(MethodInvocation.java:61)
	at org.junit.jupiter.engine.execution.InvocationInterceptorChain$ValidatingInvocation.proceed(InvocationInterceptorChain.java:124)
	at org.junit.jupiter.engine.extension.TimeoutExtension.intercept(TimeoutExtension.java:163)
	at org.junit.jupiter.engine.extension.TimeoutExtension.interceptTestableMethod(TimeoutExtension.java:148)
	at org.junit.jupiter.engine.extension.TimeoutExtension.interceptTestTemplateMethod(TimeoutExtension.java:94)
	at org.junit.jupiter.engine.execution.InterceptingExecutableInvoker$ReflectiveInterceptorCall.lambda$ofVoidMethod$0(InterceptingExecutableInvoker.java:123)
	at org.junit.jupiter.engine.execution.InterceptingExecutableInvoker.lambda$invoke$0(InterceptingExecutableInvoker.java:105)
	at org.junit.jupiter.engine.execution.InvocationInterceptorChain$InterceptedInvocation.proceed(InvocationInterceptorChain.java:99)
	at org.junit.jupiter.engine.execution.InvocationInterceptorChain.proceed(InvocationInterceptorChain.java:66)
	at org.junit.jupiter.engine.execution.InvocationInterceptorChain.chainAndInvoke(InvocationInterceptorChain.java:47)
	at org.junit.jupiter.engine.execution.InvocationInterceptorChain.invoke(InvocationInterceptorChain.java:39)
	at org.junit.jupiter.engine.execution.InterceptingExecutableInvoker.invoke(InterceptingExecutableInvoker.java:104)
	at org.junit.jupiter.engine.execution.InterceptingExecutableInvoker.invoke(InterceptingExecutableInvoker.java:98)
	at org.junit.jupiter.engine.execution.InterceptingExecutableInvoker.invokeVoid(InterceptingExecutableInvoker.java:71)
	at org.junit.jupiter.engine.descriptor.TestMethodTestDescriptor.lambda$invokeTestMethod$0(TestMethodTestDescriptor.java:219)
	at org.junit.platform.engine.support.hierarchical.ThrowableCollector.execute(ThrowableCollector.java:74)
	at org.junit.jupiter.engine.descriptor.TestMethodTestDescriptor.invokeTestMethod(TestMethodTestDescriptor.java:215)
	at org.junit.jupiter.engine.descriptor.TestMethodTestDescriptor.execute(TestMethodTestDescriptor.java:157)
	at org.junit.jupiter.engine.descriptor.TestMethodTestDescriptor.execute(TestMethodTestDescriptor.java:70)
	at org.junit.platform.engine.support.hierarchical.NodeTestTask.lambda$executeRecursively$2(NodeTestTask.java:176)
	at org.junit.platform.engine.support.hierarchical.ThrowableCollector.execute(ThrowableCollector.java:74)
	at org.junit.platform.engine.support.hierarchical.NodeTestTask.lambda$executeRecursively$1(NodeTestTask.java:166)
	at org.junit.platform.engine.support.hierarchical.Node.around(Node.java:138)
	at org.junit.platform.engine.support.hierarchical.NodeTestTask.lambda$executeRecursively$0(NodeTestTask.java:164)
	at org.junit.platform.engine.support.hierarchical.ThrowableCollector.execute(ThrowableCollector.java:74)
	at org.junit.platform.engine.support.hierarchical.NodeTestTask.executeRecursively(NodeTestTask.java:163)
	at org.junit.platform.engine.support.hierarchical.NodeTestTask.execute(NodeTestTask.java:116)
	at org.junit.platform.engine.support.hierarchical.SameThreadHierarchicalTestExecutorService.submit(SameThreadHierarchicalTestExecutorService.java:36)
	at org.junit.platform.engine.support.hierarchical.NodeTestTask$DefaultDynamicTestExecutor.execute(NodeTestTask.java:268)
	at org.junit.platform.engine.support.hierarchical.NodeTestTask$DefaultDynamicTestExecutor.execute(NodeTestTask.java:246)
	at org.junit.jupiter.engine.descriptor.TemplateExecutor.execute(TemplateExecutor.java:96)
	at org.junit.jupiter.engine.descriptor.TemplateExecutor.lambda$executeForProvider$1(TemplateExecutor.java:59)
	at java.base/java.util.Optional.ifPresent(Optional.java:178)
	at org.junit.jupiter.engine.descriptor.TemplateExecutor.lambda$executeForProvider$0(TemplateExecutor.java:59)
	at java.base/java.util.stream.ForEachOps$ForEachOp$OfRef.accept(ForEachOps.java:184)
	at java.base/java.util.stream.ReferencePipeline$3$1.accept(ReferencePipeline.java:197)
	at java.base/java.util.stream.ForEachOps$ForEachOp$OfRef.accept(ForEachOps.java:184)
	at java.base/java.util.ArrayList$ArrayListSpliterator.forEachRemaining(ArrayList.java:1708)
	at java.base/java.util.stream.ReferencePipeline$Head.forEach(ReferencePipeline.java:762)
	at java.base/java.util.stream.ReferencePipeline$7$1.accept(ReferencePipeline.java:276)
	at java.base/java.util.ArrayList$ArrayListSpliterator.forEachRemaining(ArrayList.java:1708)
	at java.base/java.util.stream.AbstractPipeline.copyInto(AbstractPipeline.java:509)
	at java.base/java.util.stream.AbstractPipeline.wrapAndCopyInto(AbstractPipeline.java:499)
	at java.base/java.util.stream.ForEachOps$ForEachOp.evaluateSequential(ForEachOps.java:151)
	at java.base/java.util.stream.ForEachOps$ForEachOp$OfRef.evaluateSequential(ForEachOps.java:174)
	at java.base/java.util.stream.AbstractPipeline.evaluate(AbstractPipeline.java:234)
	at java.base/java.util.stream.ReferencePipeline.forEach(ReferencePipeline.java:596)
	at java.base/java.util.stream.ReferencePipeline$7$1.accept(ReferencePipeline.java:276)
	at java.base/java.util.stream.ReferencePipeline$3$1.accept(ReferencePipeline.java:197)
	at java.base/java.util.stream.ReferencePipeline$3$1.accept(ReferencePipeline.java:197)
	at java.base/java.util.stream.ReferencePipeline$3$1.accept(ReferencePipeline.java:197)
	at java.base/java.util.AbstractList$RandomAccessSpliterator.forEachRemaining(AbstractList.java:722)
	at java.base/java.util.stream.AbstractPipeline.copyInto(AbstractPipeline.java:509)
	at java.base/java.util.stream.AbstractPipeline.wrapAndCopyInto(AbstractPipeline.java:499)
	at java.base/java.util.stream.ForEachOps$ForEachOp.evaluateSequential(ForEachOps.java:151)
	at java.base/java.util.stream.ForEachOps$ForEachOp$OfRef.evaluateSequential(ForEachOps.java:174)
	at java.base/java.util.stream.AbstractPipeline.evaluate(AbstractPipeline.java:234)
	at java.base/java.util.stream.ReferencePipeline.forEach(ReferencePipeline.java:596)
	at org.junit.jupiter.engine.descriptor.TemplateExecutor.executeForProvider(TemplateExecutor.java:57)
	at org.junit.jupiter.engine.descriptor.TemplateExecutor.execute(TemplateExecutor.java:46)
	at org.junit.jupiter.engine.descriptor.TestTemplateTestDescriptor.execute(TestTemplateTestDescriptor.java:112)
	at org.junit.jupiter.engine.descriptor.TestTemplateTestDescriptor.execute(TestTemplateTestDescriptor.java:40)
	at org.junit.platform.engine.support.hierarchical.NodeTestTask.lambda$executeRecursively$2(NodeTestTask.java:176)
	at org.junit.platform.engine.support.hierarchical.ThrowableCollector.execute(ThrowableCollector.java:74)
	at org.junit.platform.engine.support.hierarchical.NodeTestTask.lambda$executeRecursively$1(NodeTestTask.java:166)
	at org.junit.platform.engine.support.hierarchical.Node.around(Node.java:138)
	at org.junit.platform.engine.support.hierarchical.NodeTestTask.lambda$executeRecursively$0(NodeTestTask.java:164)
	at org.junit.platform.engine.support.hierarchical.ThrowableCollector.execute(ThrowableCollector.java:74)
	at org.junit.platform.engine.support.hierarchical.NodeTestTask.executeRecursively(NodeTestTask.java:163)
	at org.junit.platform.engine.support.hierarchical.NodeTestTask.execute(NodeTestTask.java:116)
	at java.base/java.util.ArrayList.forEach(ArrayList.java:1596)
	at org.junit.platform.engine.support.hierarchical.SameThreadHierarchicalTestExecutorService.invokeAll(SameThreadHierarchicalTestExecutorService.java:42)
	at org.junit.platform.engine.support.hierarchical.NodeTestTask.lambda$executeRecursively$2(NodeTestTask.java:180)
	at org.junit.platform.engine.support.hierarchical.ThrowableCollector.execute(ThrowableCollector.java:74)
	at org.junit.platform.engine.support.hierarchical.NodeTestTask.lambda$executeRecursively$1(NodeTestTask.java:166)
	at org.junit.platform.engine.support.hierarchical.Node.around(Node.java:138)
	at org.junit.platform.engine.support.hierarchical.NodeTestTask.lambda$executeRecursively$0(NodeTestTask.java:164)
	at org.junit.platform.engine.support.hierarchical.ThrowableCollector.execute(ThrowableCollector.java:74)
	at org.junit.platform.engine.support.hierarchical.NodeTestTask.executeRecursively(NodeTestTask.java:163)
	at org.junit.platform.engine.support.hierarchical.NodeTestTask.execute(NodeTestTask.java:116)
	at java.base/java.util.ArrayList.forEach(ArrayList.java:1596)
	at org.junit.platform.engine.support.hierarchical.SameThreadHierarchicalTestExecutorService.invokeAll(SameThreadHierarchicalTestExecutorService.java:42)
	at org.junit.platform.engine.support.hierarchical.NodeTestTask.lambda$executeRecursively$2(NodeTestTask.java:180)
	at org.junit.platform.engine.support.hierarchical.ThrowableCollector.execute(ThrowableCollector.java:74)
	at org.junit.platform.engine.support.hierarchical.NodeTestTask.lambda$executeRecursively$1(NodeTestTask.java:166)
	at org.junit.platform.engine.support.hierarchical.Node.around(Node.java:138)
	at org.junit.platform.engine.support.hierarchical.NodeTestTask.lambda$executeRecursively$0(NodeTestTask.java:164)
	at org.junit.platform.engine.support.hierarchical.ThrowableCollector.execute(ThrowableCollector.java:74)
	at org.junit.platform.engine.support.hierarchical.NodeTestTask.executeRecursively(NodeTestTask.java:163)
	at org.junit.platform.engine.support.hierarchical.NodeTestTask.execute(NodeTestTask.java:116)
	at org.junit.platform.engine.support.hierarchical.SameThreadHierarchicalTestExecutorService.submit(SameThreadHierarchicalTestExecutorService.java:36)
	at org.junit.platform.engine.support.hierarchical.HierarchicalTestExecutor.execute(HierarchicalTestExecutor.java:52)
	at org.junit.platform.engine.support.hierarchical.HierarchicalTestEngine.execute(HierarchicalTestEngine.java:58)
	at org.junit.platform.launcher.core.EngineExecutionOrchestrator.executeEngine(EngineExecutionOrchestrator.java:246)
	at org.junit.platform.launcher.core.EngineExecutionOrchestrator.failOrExecuteEngine(EngineExecutionOrchestrator.java:218)
	at org.junit.platform.launcher.core.EngineExecutionOrchestrator.execute(EngineExecutionOrchestrator.java:179)
	at org.junit.platform.launcher.core.EngineExecutionOrchestrator.execute(EngineExecutionOrchestrator.java:108)
	at org.junit.platform.launcher.core.EngineExecutionOrchestrator.lambda$execute$0(EngineExecutionOrchestrator.java:66)
	at org.junit.platform.launcher.core.EngineExecutionOrchestrator.withInterceptedStreams(EngineExecutionOrchestrator.java:157)
	at org.junit.platform.launcher.core.EngineExecutionOrchestrator.execute(EngineExecutionOrchestrator.java:65)
	at org.junit.platform.launcher.core.DefaultLauncher.execute(DefaultLauncher.java:125)
	at org.junit.platform.launcher.core.DefaultLauncher.execute(DefaultLauncher.java:114)
	at org.junit.platform.launcher.core.DelegatingLauncher.execute(DelegatingLauncher.java:58)
	at org.junit.platform.launcher.core.InterceptingLauncher.lambda$execute$2(InterceptingLauncher.java:57)
	at org.junit.platform.launcher.core.ClasspathAlignmentCheckingLauncherInterceptor.intercept(ClasspathAlignmentCheckingLauncherInterceptor.java:25)
	at org.junit.platform.launcher.core.InterceptingLauncher.execute(InterceptingLauncher.java:56)
	at org.junit.platform.launcher.core.DelegatingLauncher.execute(DelegatingLauncher.java:58)
	at java.base/jdk.internal.reflect.DirectMethodHandleAccessor.invoke(DirectMethodHandleAccessor.java:103)
	at java.base/java.lang.reflect.Method.invoke(Method.java:580)
	at org.apache.maven.surefire.api.util.ReflectionUtils.invokeMethodWithArray(ReflectionUtils.java:125)
	at org.apache.maven.surefire.junitplatform.LauncherAdapter.executeWithCancellationToken(LauncherAdapter.java:68)
	at org.apache.maven.surefire.junitplatform.LauncherAdapter.execute(LauncherAdapter.java:54)
	at org.apache.maven.surefire.junitplatform.JUnitPlatformProvider.execute(JUnitPlatformProvider.java:203)
	at org.apache.maven.surefire.junitplatform.JUnitPlatformProvider.invokeAllTests(JUnitPlatformProvider.java:168)
	at org.apache.maven.surefire.junitplatform.JUnitPlatformProvider.invoke(JUnitPlatformProvider.java:134)
	at org.apache.maven.surefire.booter.ForkedBooter.runSuitesInProcess(ForkedBooter.java:385)
	at org.apache.maven.surefire.booter.ForkedBooter.execute(ForkedBooter.java:162)
	at org.apache.maven.surefire.booter.ForkedBooter.run(ForkedBooter.java:507)
	at org.apache.maven.surefire.booter.ForkedBooter.main(ForkedBooter.java:495)
Caused by: com.mysql.cj.exceptions.CJCommunicationsException: Communications link failure

The last packet successfully received from the server was 6 milliseconds ago. The last packet sent successfully to the server was 6 milliseconds ago.
	at java.base/jdk.internal.reflect.DirectConstructorHandleAccessor.newInstance(DirectConstructorHandleAccessor.java:62)
	at java.base/java.lang.reflect.Constructor.newInstanceWithCaller(Constructor.java:502)
	at java.base/java.lang.reflect.Constructor.newInstance(Constructor.java:486)
	at com.mysql.cj.exceptions.ExceptionFactory.createException(ExceptionFactory.java:52)
	at com.mysql.cj.exceptions.ExceptionFactory.createException(ExceptionFactory.java:95)
	at com.mysql.cj.exceptions.ExceptionFactory.createException(ExceptionFactory.java:140)
	at com.mysql.cj.exceptions.ExceptionFactory.createCommunicationsException(ExceptionFactory.java:156)
	at com.mysql.cj.protocol.a.NativeProtocol.readMessage(NativeProtocol.java:590)
	at com.mysql.cj.protocol.a.NativeProtocol.checkErrorMessage(NativeProtocol.java:767)
	at com.mysql.cj.protocol.a.NativeProtocol.sendCommand(NativeProtocol.java:706)
	at com.mysql.cj.protocol.a.NativeProtocol.sendQueryPacket(NativeProtocol.java:938)
	at com.mysql.cj.NativeSession.execSQL(NativeSession.java:817)
	at com.mysql.cj.jdbc.ConnectionImpl.commit(ConnectionImpl.java:794)
	... 148 common frames omitted
Caused by: java.io.EOFException: Can not read response from server. Expected to read 4 bytes, read 0 bytes before connection was unexpectedly lost.
	at com.mysql.cj.protocol.FullReadInputStream.readFully(FullReadInputStream.java:58)
	at com.mysql.cj.protocol.a.SimplePacketReader.readHeaderLocal(SimplePacketReader.java:72)
	at com.mysql.cj.protocol.a.SimplePacketReader.readHeader(SimplePacketReader.java:54)
	at com.mysql.cj.protocol.a.SimplePacketReader.readHeader(SimplePacketReader.java:36)
	at com.mysql.cj.protocol.a.TimeTrackingPacketReader.readHeader(TimeTrackingPacketReader.java:43)
	at com.mysql.cj.protocol.a.TimeTrackingPacketReader.readHeader(TimeTrackingPacketReader.java:32)
	at com.mysql.cj.protocol.a.MultiPacketReader.readHeader(MultiPacketReader.java:45)
	at com.mysql.cj.protocol.a.MultiPacketReader.readHeader(MultiPacketReader.java:35)
	at com.mysql.cj.protocol.a.NativeProtocol.readMessage(NativeProtocol.java:584)
	... 153 common frames omitted
09:59:34.849 [main] INFO com.baomidou.dynamic.datasource.DynamicRoutingDataSource -- dynamic-datasource start closing ....
09:59:34.849 [main] INFO com.baomidou.dynamic.datasource.DynamicRoutingDataSource -- dynamic-datasource all closed success,bye
09:59:34.849 [main] INFO com.zaxxer.hikari.HikariDataSource -- HikariPool-14 - Shutdown initiated...
09:59:34.860 [main] INFO com.zaxxer.hikari.HikariDataSource -- HikariPool-14 - Shutdown completed.
09:59:34.863 [main] INFO com.baomidou.dynamic.datasource.DynamicRoutingDataSource -- dynamic-datasource - add a datasource named [master] success
09:59:34.969 [main] INFO org.redisson.Version -- Redisson 4.6.1
09:59:34.985 [redisson-netty-44-1] INFO org.redisson.connection.ConnectionsHolder -- 1 connections initialized for 127.0.0.1/127.0.0.1:32829
09:59:34.986 [redisson-netty-44-2] INFO org.redisson.connection.ConnectionsHolder -- 1 connections initialized for 127.0.0.1/127.0.0.1:32829
09:59:35.001 [main] INFO com.zaxxer.hikari.HikariDataSource -- HikariPool-15 - Starting...
09:59:35.005 [main] INFO com.zaxxer.hikari.pool.HikariPool -- HikariPool-15 - Added connection com.mysql.cj.jdbc.ConnectionImpl@6283ac9
09:59:35.006 [main] INFO com.zaxxer.hikari.HikariDataSource -- HikariPool-15 - Start completed.
09:59:35.037 [main] ERROR com.baomidou.dynamic.datasource.tx.ConnectionProxy -- owned lost commit acknowledgement
java.sql.SQLRecoverableException: owned lost commit acknowledgement
	at org.namewta.test.notify.NotifyAtomicResultIntegrationTest$1.lambda$getConnection$0(NotifyAtomicResultIntegrationTest.java:115)
	at jdk.proxy2/jdk.proxy2.$Proxy131.commit(Unknown Source)
	at com.baomidou.dynamic.datasource.tx.ConnectionProxy.notify(ConnectionProxy.java:62)
	at com.baomidou.dynamic.datasource.tx.ConnectionFactory.notify(ConnectionFactory.java:153)
	at com.baomidou.dynamic.datasource.tx.LocalTxUtil.commit(LocalTxUtil.java:91)
	at com.baomidou.dynamic.datasource.tx.TransactionalTemplate.doExecute(TransactionalTemplate.java:126)
	at com.baomidou.dynamic.datasource.tx.TransactionalTemplate.execute(TransactionalTemplate.java:94)
	at com.baomidou.dynamic.datasource.aop.DynamicLocalTransactionInterceptor.invoke(DynamicLocalTransactionInterceptor.java:59)
	at org.springframework.aop.framework.ReflectiveMethodInvocation.proceed(ReflectiveMethodInvocation.java:179)
	at org.springframework.aop.framework.CglibAopProxy$DynamicAdvisedInterceptor.intercept(CglibAopProxy.java:719)
	at org.namewta.notify.usecase.ProviderCallbackUseCase$$SpringCGLIB$$15.apply(<generated>)
	at org.namewta.test.notify.NotifyAtomicResultIntegrationTest.callOn(NotifyAtomicResultIntegrationTest.java:1195)
	at org.namewta.test.notify.NotifyAtomicResultIntegrationTest.signedCallback(NotifyAtomicResultIntegrationTest.java:1189)
	at org.namewta.test.notify.NotifyAtomicResultIntegrationTest.callback(NotifyAtomicResultIntegrationTest.java:1186)
	at org.namewta.test.notify.NotifyAtomicResultIntegrationTest.lambda$commitDisconnectOrLostAcknowledgementCanRetryWithoutLosingTheEvent$45(NotifyAtomicResultIntegrationTest.java:915)
	at org.assertj.core.api.ThrowableAssert.catchThrowable(ThrowableAssert.java:66)
	at org.assertj.core.api.AssertionsForClassTypes.catchThrowable(AssertionsForClassTypes.java:908)
	at org.assertj.core.api.Assertions.catchThrowable(Assertions.java:1476)
	at org.assertj.core.api.Assertions.assertThatThrownBy(Assertions.java:1319)
	at org.namewta.test.notify.NotifyAtomicResultIntegrationTest.commitDisconnectOrLostAcknowledgementCanRetryWithoutLosingTheEvent(NotifyAtomicResultIntegrationTest.java:915)
	at java.base/jdk.internal.reflect.DirectMethodHandleAccessor.invoke(DirectMethodHandleAccessor.java:103)
	at java.base/java.lang.reflect.Method.invoke(Method.java:580)
	at org.junit.platform.commons.util.ReflectionUtils.invokeMethod(ReflectionUtils.java:701)
	at org.junit.platform.commons.support.ReflectionSupport.invokeMethod(ReflectionSupport.java:502)
	at org.junit.jupiter.engine.support.MethodReflectionUtils.invoke(MethodReflectionUtils.java:45)
	at org.junit.jupiter.engine.execution.MethodInvocation.proceed(MethodInvocation.java:61)
	at org.junit.jupiter.engine.execution.InvocationInterceptorChain$ValidatingInvocation.proceed(InvocationInterceptorChain.java:124)
	at org.junit.jupiter.engine.extension.TimeoutExtension.intercept(TimeoutExtension.java:163)
	at org.junit.jupiter.engine.extension.TimeoutExtension.interceptTestableMethod(TimeoutExtension.java:148)
	at org.junit.jupiter.engine.extension.TimeoutExtension.interceptTestTemplateMethod(TimeoutExtension.java:94)
	at org.junit.jupiter.engine.execution.InterceptingExecutableInvoker$ReflectiveInterceptorCall.lambda$ofVoidMethod$0(InterceptingExecutableInvoker.java:123)
	at org.junit.jupiter.engine.execution.InterceptingExecutableInvoker.lambda$invoke$0(InterceptingExecutableInvoker.java:105)
	at org.junit.jupiter.engine.execution.InvocationInterceptorChain$InterceptedInvocation.proceed(InvocationInterceptorChain.java:99)
	at org.junit.jupiter.engine.execution.InvocationInterceptorChain.proceed(InvocationInterceptorChain.java:66)
	at org.junit.jupiter.engine.execution.InvocationInterceptorChain.chainAndInvoke(InvocationInterceptorChain.java:47)
	at org.junit.jupiter.engine.execution.InvocationInterceptorChain.invoke(InvocationInterceptorChain.java:39)
	at org.junit.jupiter.engine.execution.InterceptingExecutableInvoker.invoke(InterceptingExecutableInvoker.java:104)
	at org.junit.jupiter.engine.execution.InterceptingExecutableInvoker.invoke(InterceptingExecutableInvoker.java:98)
	at org.junit.jupiter.engine.execution.InterceptingExecutableInvoker.invokeVoid(InterceptingExecutableInvoker.java:71)
	at org.junit.jupiter.engine.descriptor.TestMethodTestDescriptor.lambda$invokeTestMethod$0(TestMethodTestDescriptor.java:219)
	at org.junit.platform.engine.support.hierarchical.ThrowableCollector.execute(ThrowableCollector.java:74)
	at org.junit.jupiter.engine.descriptor.TestMethodTestDescriptor.invokeTestMethod(TestMethodTestDescriptor.java:215)
	at org.junit.jupiter.engine.descriptor.TestMethodTestDescriptor.execute(TestMethodTestDescriptor.java:157)
	at org.junit.jupiter.engine.descriptor.TestMethodTestDescriptor.execute(TestMethodTestDescriptor.java:70)
	at org.junit.platform.engine.support.hierarchical.NodeTestTask.lambda$executeRecursively$2(NodeTestTask.java:176)
	at org.junit.platform.engine.support.hierarchical.ThrowableCollector.execute(ThrowableCollector.java:74)
	at org.junit.platform.engine.support.hierarchical.NodeTestTask.lambda$executeRecursively$1(NodeTestTask.java:166)
	at org.junit.platform.engine.support.hierarchical.Node.around(Node.java:138)
	at org.junit.platform.engine.support.hierarchical.NodeTestTask.lambda$executeRecursively$0(NodeTestTask.java:164)
	at org.junit.platform.engine.support.hierarchical.ThrowableCollector.execute(ThrowableCollector.java:74)
	at org.junit.platform.engine.support.hierarchical.NodeTestTask.executeRecursively(NodeTestTask.java:163)
	at org.junit.platform.engine.support.hierarchical.NodeTestTask.execute(NodeTestTask.java:116)
	at org.junit.platform.engine.support.hierarchical.SameThreadHierarchicalTestExecutorService.submit(SameThreadHierarchicalTestExecutorService.java:36)
	at org.junit.platform.engine.support.hierarchical.NodeTestTask$DefaultDynamicTestExecutor.execute(NodeTestTask.java:268)
	at org.junit.platform.engine.support.hierarchical.NodeTestTask$DefaultDynamicTestExecutor.execute(NodeTestTask.java:246)
	at org.junit.jupiter.engine.descriptor.TemplateExecutor.execute(TemplateExecutor.java:96)
	at org.junit.jupiter.engine.descriptor.TemplateExecutor.lambda$executeForProvider$1(TemplateExecutor.java:59)
	at java.base/java.util.Optional.ifPresent(Optional.java:178)
	at org.junit.jupiter.engine.descriptor.TemplateExecutor.lambda$executeForProvider$0(TemplateExecutor.java:59)
	at java.base/java.util.stream.ForEachOps$ForEachOp$OfRef.accept(ForEachOps.java:184)
	at java.base/java.util.stream.ReferencePipeline$3$1.accept(ReferencePipeline.java:197)
	at java.base/java.util.stream.ForEachOps$ForEachOp$OfRef.accept(ForEachOps.java:184)
	at java.base/java.util.ArrayList$ArrayListSpliterator.forEachRemaining(ArrayList.java:1708)
	at java.base/java.util.stream.ReferencePipeline$Head.forEach(ReferencePipeline.java:762)
	at java.base/java.util.stream.ReferencePipeline$7$1.accept(ReferencePipeline.java:276)
	at java.base/java.util.ArrayList$ArrayListSpliterator.forEachRemaining(ArrayList.java:1708)
	at java.base/java.util.stream.AbstractPipeline.copyInto(AbstractPipeline.java:509)
	at java.base/java.util.stream.AbstractPipeline.wrapAndCopyInto(AbstractPipeline.java:499)
	at java.base/java.util.stream.ForEachOps$ForEachOp.evaluateSequential(ForEachOps.java:151)
	at java.base/java.util.stream.ForEachOps$ForEachOp$OfRef.evaluateSequential(ForEachOps.java:174)
	at java.base/java.util.stream.AbstractPipeline.evaluate(AbstractPipeline.java:234)
	at java.base/java.util.stream.ReferencePipeline.forEach(ReferencePipeline.java:596)
	at java.base/java.util.stream.ReferencePipeline$7$1.accept(ReferencePipeline.java:276)
	at java.base/java.util.stream.ReferencePipeline$3$1.accept(ReferencePipeline.java:197)
	at java.base/java.util.stream.ReferencePipeline$3$1.accept(ReferencePipeline.java:197)
	at java.base/java.util.stream.ReferencePipeline$3$1.accept(ReferencePipeline.java:197)
	at java.base/java.util.AbstractList$RandomAccessSpliterator.forEachRemaining(AbstractList.java:722)
	at java.base/java.util.stream.AbstractPipeline.copyInto(AbstractPipeline.java:509)
	at java.base/java.util.stream.AbstractPipeline.wrapAndCopyInto(AbstractPipeline.java:499)
	at java.base/java.util.stream.ForEachOps$ForEachOp.evaluateSequential(ForEachOps.java:151)
	at java.base/java.util.stream.ForEachOps$ForEachOp$OfRef.evaluateSequential(ForEachOps.java:174)
	at java.base/java.util.stream.AbstractPipeline.evaluate(AbstractPipeline.java:234)
	at java.base/java.util.stream.ReferencePipeline.forEach(ReferencePipeline.java:596)
	at org.junit.jupiter.engine.descriptor.TemplateExecutor.executeForProvider(TemplateExecutor.java:57)
	at org.junit.jupiter.engine.descriptor.TemplateExecutor.execute(TemplateExecutor.java:46)
	at org.junit.jupiter.engine.descriptor.TestTemplateTestDescriptor.execute(TestTemplateTestDescriptor.java:112)
	at org.junit.jupiter.engine.descriptor.TestTemplateTestDescriptor.execute(TestTemplateTestDescriptor.java:40)
	at org.junit.platform.engine.support.hierarchical.NodeTestTask.lambda$executeRecursively$2(NodeTestTask.java:176)
	at org.junit.platform.engine.support.hierarchical.ThrowableCollector.execute(ThrowableCollector.java:74)
	at org.junit.platform.engine.support.hierarchical.NodeTestTask.lambda$executeRecursively$1(NodeTestTask.java:166)
	at org.junit.platform.engine.support.hierarchical.Node.around(Node.java:138)
	at org.junit.platform.engine.support.hierarchical.NodeTestTask.lambda$executeRecursively$0(NodeTestTask.java:164)
	at org.junit.platform.engine.support.hierarchical.ThrowableCollector.execute(ThrowableCollector.java:74)
	at org.junit.platform.engine.support.hierarchical.NodeTestTask.executeRecursively(NodeTestTask.java:163)
	at org.junit.platform.engine.support.hierarchical.NodeTestTask.execute(NodeTestTask.java:116)
	at java.base/java.util.ArrayList.forEach(ArrayList.java:1596)
	at org.junit.platform.engine.support.hierarchical.SameThreadHierarchicalTestExecutorService.invokeAll(SameThreadHierarchicalTestExecutorService.java:42)
	at org.junit.platform.engine.support.hierarchical.NodeTestTask.lambda$executeRecursively$2(NodeTestTask.java:180)
	at org.junit.platform.engine.support.hierarchical.ThrowableCollector.execute(ThrowableCollector.java:74)
	at org.junit.platform.engine.support.hierarchical.NodeTestTask.lambda$executeRecursively$1(NodeTestTask.java:166)
	at org.junit.platform.engine.support.hierarchical.Node.around(Node.java:138)
	at org.junit.platform.engine.support.hierarchical.NodeTestTask.lambda$executeRecursively$0(NodeTestTask.java:164)
	at org.junit.platform.engine.support.hierarchical.ThrowableCollector.execute(ThrowableCollector.java:74)
	at org.junit.platform.engine.support.hierarchical.NodeTestTask.executeRecursively(NodeTestTask.java:163)
	at org.junit.platform.engine.support.hierarchical.NodeTestTask.execute(NodeTestTask.java:116)
	at java.base/java.util.ArrayList.forEach(ArrayList.java:1596)
	at org.junit.platform.engine.support.hierarchical.SameThreadHierarchicalTestExecutorService.invokeAll(SameThreadHierarchicalTestExecutorService.java:42)
	at org.junit.platform.engine.support.hierarchical.NodeTestTask.lambda$executeRecursively$2(NodeTestTask.java:180)
	at org.junit.platform.engine.support.hierarchical.ThrowableCollector.execute(ThrowableCollector.java:74)
	at org.junit.platform.engine.support.hierarchical.NodeTestTask.lambda$executeRecursively$1(NodeTestTask.java:166)
	at org.junit.platform.engine.support.hierarchical.Node.around(Node.java:138)
	at org.junit.platform.engine.support.hierarchical.NodeTestTask.lambda$executeRecursively$0(NodeTestTask.java:164)
	at org.junit.platform.engine.support.hierarchical.ThrowableCollector.execute(ThrowableCollector.java:74)
	at org.junit.platform.engine.support.hierarchical.NodeTestTask.executeRecursively(NodeTestTask.java:163)
	at org.junit.platform.engine.support.hierarchical.NodeTestTask.execute(NodeTestTask.java:116)
	at org.junit.platform.engine.support.hierarchical.SameThreadHierarchicalTestExecutorService.submit(SameThreadHierarchicalTestExecutorService.java:36)
	at org.junit.platform.engine.support.hierarchical.HierarchicalTestExecutor.execute(HierarchicalTestExecutor.java:52)
	at org.junit.platform.engine.support.hierarchical.HierarchicalTestEngine.execute(HierarchicalTestEngine.java:58)
	at org.junit.platform.launcher.core.EngineExecutionOrchestrator.executeEngine(EngineExecutionOrchestrator.java:246)
	at org.junit.platform.launcher.core.EngineExecutionOrchestrator.failOrExecuteEngine(EngineExecutionOrchestrator.java:218)
	at org.junit.platform.launcher.core.EngineExecutionOrchestrator.execute(EngineExecutionOrchestrator.java:179)
	at org.junit.platform.launcher.core.EngineExecutionOrchestrator.execute(EngineExecutionOrchestrator.java:108)
	at org.junit.platform.launcher.core.EngineExecutionOrchestrator.lambda$execute$0(EngineExecutionOrchestrator.java:66)
	at org.junit.platform.launcher.core.EngineExecutionOrchestrator.withInterceptedStreams(EngineExecutionOrchestrator.java:157)
	at org.junit.platform.launcher.core.EngineExecutionOrchestrator.execute(EngineExecutionOrchestrator.java:65)
	at org.junit.platform.launcher.core.DefaultLauncher.execute(DefaultLauncher.java:125)
	at org.junit.platform.launcher.core.DefaultLauncher.execute(DefaultLauncher.java:114)
	at org.junit.platform.launcher.core.DelegatingLauncher.execute(DelegatingLauncher.java:58)
	at org.junit.platform.launcher.core.InterceptingLauncher.lambda$execute$2(InterceptingLauncher.java:57)
	at org.junit.platform.launcher.core.ClasspathAlignmentCheckingLauncherInterceptor.intercept(ClasspathAlignmentCheckingLauncherInterceptor.java:25)
	at org.junit.platform.launcher.core.InterceptingLauncher.execute(InterceptingLauncher.java:56)
	at org.junit.platform.launcher.core.DelegatingLauncher.execute(DelegatingLauncher.java:58)
	at java.base/jdk.internal.reflect.DirectMethodHandleAccessor.invoke(DirectMethodHandleAccessor.java:103)
	at java.base/java.lang.reflect.Method.invoke(Method.java:580)
	at org.apache.maven.surefire.api.util.ReflectionUtils.invokeMethodWithArray(ReflectionUtils.java:125)
	at org.apache.maven.surefire.junitplatform.LauncherAdapter.executeWithCancellationToken(LauncherAdapter.java:68)
	at org.apache.maven.surefire.junitplatform.LauncherAdapter.execute(LauncherAdapter.java:54)
	at org.apache.maven.surefire.junitplatform.JUnitPlatformProvider.execute(JUnitPlatformProvider.java:203)
	at org.apache.maven.surefire.junitplatform.JUnitPlatformProvider.invokeAllTests(JUnitPlatformProvider.java:168)
	at org.apache.maven.surefire.junitplatform.JUnitPlatformProvider.invoke(JUnitPlatformProvider.java:134)
	at org.apache.maven.surefire.booter.ForkedBooter.runSuitesInProcess(ForkedBooter.java:385)
	at org.apache.maven.surefire.booter.ForkedBooter.execute(ForkedBooter.java:162)
	at org.apache.maven.surefire.booter.ForkedBooter.run(ForkedBooter.java:507)
	at org.apache.maven.surefire.booter.ForkedBooter.main(ForkedBooter.java:495)
09:59:35.074 [main] INFO com.baomidou.dynamic.datasource.DynamicRoutingDataSource -- dynamic-datasource start closing ....
09:59:35.074 [main] INFO com.baomidou.dynamic.datasource.DynamicRoutingDataSource -- dynamic-datasource all closed success,bye
09:59:35.074 [main] INFO com.zaxxer.hikari.HikariDataSource -- HikariPool-15 - Shutdown initiated...
09:59:35.075 [main] INFO com.zaxxer.hikari.HikariDataSource -- HikariPool-15 - Shutdown completed.
09:59:35.079 [main] INFO com.baomidou.dynamic.datasource.DynamicRoutingDataSource -- dynamic-datasource - add a datasource named [master] success
09:59:35.198 [main] INFO org.redisson.Version -- Redisson 4.6.1
09:59:35.202 [redisson-netty-47-1] INFO org.redisson.connection.ConnectionsHolder -- 1 connections initialized for 127.0.0.1/127.0.0.1:32829
09:59:35.204 [redisson-netty-47-2] INFO org.redisson.connection.ConnectionsHolder -- 1 connections initialized for 127.0.0.1/127.0.0.1:32829
09:59:35.224 [main] INFO com.zaxxer.hikari.HikariDataSource -- HikariPool-16 - Starting...
09:59:35.229 [main] INFO com.zaxxer.hikari.pool.HikariPool -- HikariPool-16 - Added connection com.mysql.cj.jdbc.ConnectionImpl@b300af4
09:59:35.229 [main] INFO com.zaxxer.hikari.HikariDataSource -- HikariPool-16 - Start completed.
09:59:35.322 [main] WARN com.zaxxer.hikari.pool.ProxyConnection -- HikariPool-16 - Connection com.mysql.cj.jdbc.ConnectionImpl@b300af4 marked as broken because of SQLSTATE(08S01), ErrorCode(0)
com.mysql.cj.jdbc.exceptions.CommunicationsException: Communications link failure

The last packet successfully received from the server was 7 milliseconds ago. The last packet sent successfully to the server was 8 milliseconds ago.
	at com.mysql.cj.jdbc.exceptions.SQLError.createCommunicationsException(SQLError.java:165)
	at com.mysql.cj.jdbc.exceptions.SQLExceptionsMapping.translateException(SQLExceptionsMapping.java:55)
	at com.mysql.cj.jdbc.ConnectionImpl.commit(ConnectionImpl.java:814)
	at com.zaxxer.hikari.pool.ProxyConnection.commit(ProxyConnection.java:378)
	at com.zaxxer.hikari.pool.HikariProxyConnection.commit(HikariProxyConnection.java)
	at java.base/jdk.internal.reflect.DirectMethodHandleAccessor.invoke(DirectMethodHandleAccessor.java:103)
	at java.base/java.lang.reflect.Method.invoke(Method.java:580)
	at org.namewta.test.notify.NotifyAtomicResultIntegrationTest$1.lambda$getConnection$0(NotifyAtomicResultIntegrationTest.java:118)
	at jdk.proxy2/jdk.proxy2.$Proxy131.commit(Unknown Source)
	at com.baomidou.dynamic.datasource.tx.ConnectionProxy.notify(ConnectionProxy.java:62)
	at com.baomidou.dynamic.datasource.tx.ConnectionFactory.notify(ConnectionFactory.java:153)
	at com.baomidou.dynamic.datasource.tx.LocalTxUtil.commit(LocalTxUtil.java:91)
	at com.baomidou.dynamic.datasource.tx.TransactionalTemplate.doExecute(TransactionalTemplate.java:126)
	at com.baomidou.dynamic.datasource.tx.TransactionalTemplate.execute(TransactionalTemplate.java:94)
	at com.baomidou.dynamic.datasource.aop.DynamicLocalTransactionInterceptor.invoke(DynamicLocalTransactionInterceptor.java:59)
	at org.springframework.aop.framework.ReflectiveMethodInvocation.proceed(ReflectiveMethodInvocation.java:179)
	at org.springframework.aop.framework.CglibAopProxy$DynamicAdvisedInterceptor.intercept(CglibAopProxy.java:719)
	at org.namewta.notify.usecase.NotifyDispatchResultUseCase$$SpringCGLIB$$15.completeInApp(<generated>)
	at org.namewta.notify.service.runtime.DispatchNotificationService.dispatchInApp(DispatchNotificationService.java:223)
	at org.namewta.notify.service.runtime.DispatchNotificationService.dispatch(DispatchNotificationService.java:92)
	at org.namewta.test.notify.NotifyAtomicResultIntegrationTest.lambda$uncertainResultCommitUsesDurableFactsToPreventDuplicateInbox$17(NotifyAtomicResultIntegrationTest.java:508)
	at org.assertj.core.api.ThrowableAssert.catchThrowable(ThrowableAssert.java:66)
	at org.assertj.core.api.AssertionsForClassTypes.catchThrowable(AssertionsForClassTypes.java:908)
	at org.assertj.core.api.Assertions.catchThrowable(Assertions.java:1476)
	at org.assertj.core.api.Assertions.assertThatThrownBy(Assertions.java:1319)
	at org.namewta.test.notify.NotifyAtomicResultIntegrationTest.uncertainResultCommitUsesDurableFactsToPreventDuplicateInbox(NotifyAtomicResultIntegrationTest.java:508)
	at java.base/jdk.internal.reflect.DirectMethodHandleAccessor.invoke(DirectMethodHandleAccessor.java:103)
	at java.base/java.lang.reflect.Method.invoke(Method.java:580)
	at org.junit.platform.commons.util.ReflectionUtils.invokeMethod(ReflectionUtils.java:701)
	at org.junit.platform.commons.support.ReflectionSupport.invokeMethod(ReflectionSupport.java:502)
	at org.junit.jupiter.engine.support.MethodReflectionUtils.invoke(MethodReflectionUtils.java:45)
	at org.junit.jupiter.engine.execution.MethodInvocation.proceed(MethodInvocation.java:61)
	at org.junit.jupiter.engine.execution.InvocationInterceptorChain$ValidatingInvocation.proceed(InvocationInterceptorChain.java:124)
	at org.junit.jupiter.engine.extension.TimeoutExtension.intercept(TimeoutExtension.java:163)
	at org.junit.jupiter.engine.extension.TimeoutExtension.interceptTestableMethod(TimeoutExtension.java:148)
	at org.junit.jupiter.engine.extension.TimeoutExtension.interceptTestTemplateMethod(TimeoutExtension.java:94)
	at org.junit.jupiter.engine.execution.InterceptingExecutableInvoker$ReflectiveInterceptorCall.lambda$ofVoidMethod$0(InterceptingExecutableInvoker.java:123)
	at org.junit.jupiter.engine.execution.InterceptingExecutableInvoker.lambda$invoke$0(InterceptingExecutableInvoker.java:105)
	at org.junit.jupiter.engine.execution.InvocationInterceptorChain$InterceptedInvocation.proceed(InvocationInterceptorChain.java:99)
	at org.junit.jupiter.engine.execution.InvocationInterceptorChain.proceed(InvocationInterceptorChain.java:66)
	at org.junit.jupiter.engine.execution.InvocationInterceptorChain.chainAndInvoke(InvocationInterceptorChain.java:47)
	at org.junit.jupiter.engine.execution.InvocationInterceptorChain.invoke(InvocationInterceptorChain.java:39)
	at org.junit.jupiter.engine.execution.InterceptingExecutableInvoker.invoke(InterceptingExecutableInvoker.java:104)
	at org.junit.jupiter.engine.execution.InterceptingExecutableInvoker.invoke(InterceptingExecutableInvoker.java:98)
	at org.junit.jupiter.engine.execution.InterceptingExecutableInvoker.invokeVoid(InterceptingExecutableInvoker.java:71)
	at org.junit.jupiter.engine.descriptor.TestMethodTestDescriptor.lambda$invokeTestMethod$0(TestMethodTestDescriptor.java:219)
	at org.junit.platform.engine.support.hierarchical.ThrowableCollector.execute(ThrowableCollector.java:74)
	at org.junit.jupiter.engine.descriptor.TestMethodTestDescriptor.invokeTestMethod(TestMethodTestDescriptor.java:215)
	at org.junit.jupiter.engine.descriptor.TestMethodTestDescriptor.execute(TestMethodTestDescriptor.java:157)
	at org.junit.jupiter.engine.descriptor.TestMethodTestDescriptor.execute(TestMethodTestDescriptor.java:70)
	at org.junit.platform.engine.support.hierarchical.NodeTestTask.lambda$executeRecursively$2(NodeTestTask.java:176)
	at org.junit.platform.engine.support.hierarchical.ThrowableCollector.execute(ThrowableCollector.java:74)
	at org.junit.platform.engine.support.hierarchical.NodeTestTask.lambda$executeRecursively$1(NodeTestTask.java:166)
	at org.junit.platform.engine.support.hierarchical.Node.around(Node.java:138)
	at org.junit.platform.engine.support.hierarchical.NodeTestTask.lambda$executeRecursively$0(NodeTestTask.java:164)
	at org.junit.platform.engine.support.hierarchical.ThrowableCollector.execute(ThrowableCollector.java:74)
	at org.junit.platform.engine.support.hierarchical.NodeTestTask.executeRecursively(NodeTestTask.java:163)
	at org.junit.platform.engine.support.hierarchical.NodeTestTask.execute(NodeTestTask.java:116)
	at org.junit.platform.engine.support.hierarchical.SameThreadHierarchicalTestExecutorService.submit(SameThreadHierarchicalTestExecutorService.java:36)
	at org.junit.platform.engine.support.hierarchical.NodeTestTask$DefaultDynamicTestExecutor.execute(NodeTestTask.java:268)
	at org.junit.platform.engine.support.hierarchical.NodeTestTask$DefaultDynamicTestExecutor.execute(NodeTestTask.java:246)
	at org.junit.jupiter.engine.descriptor.TemplateExecutor.execute(TemplateExecutor.java:96)
	at org.junit.jupiter.engine.descriptor.TemplateExecutor.lambda$executeForProvider$1(TemplateExecutor.java:59)
	at java.base/java.util.Optional.ifPresent(Optional.java:178)
	at org.junit.jupiter.engine.descriptor.TemplateExecutor.lambda$executeForProvider$0(TemplateExecutor.java:59)
	at java.base/java.util.stream.ForEachOps$ForEachOp$OfRef.accept(ForEachOps.java:184)
	at java.base/java.util.stream.ReferencePipeline$3$1.accept(ReferencePipeline.java:197)
	at java.base/java.util.stream.ForEachOps$ForEachOp$OfRef.accept(ForEachOps.java:184)
	at java.base/java.util.stream.ForEachOps$ForEachOp$OfRef.accept(ForEachOps.java:184)
	at java.base/java.util.stream.ReferencePipeline$3$1.accept(ReferencePipeline.java:197)
	at java.base/java.util.Spliterators$ArraySpliterator.forEachRemaining(Spliterators.java:1024)
	at java.base/java.util.stream.AbstractPipeline.copyInto(AbstractPipeline.java:509)
	at java.base/java.util.stream.AbstractPipeline.wrapAndCopyInto(AbstractPipeline.java:499)
	at java.base/java.util.stream.ForEachOps$ForEachOp.evaluateSequential(ForEachOps.java:151)
	at java.base/java.util.stream.ForEachOps$ForEachOp$OfRef.evaluateSequential(ForEachOps.java:174)
	at java.base/java.util.stream.AbstractPipeline.evaluate(AbstractPipeline.java:234)
	at java.base/java.util.stream.ReferencePipeline.forEach(ReferencePipeline.java:596)
	at java.base/java.util.stream.ReferencePipeline$7$1.accept(ReferencePipeline.java:276)
	at java.base/java.util.ArrayList$ArrayListSpliterator.forEachRemaining(ArrayList.java:1708)
	at java.base/java.util.stream.AbstractPipeline.copyInto(AbstractPipeline.java:509)
	at java.base/java.util.stream.AbstractPipeline.wrapAndCopyInto(AbstractPipeline.java:499)
	at java.base/java.util.stream.ForEachOps$ForEachOp.evaluateSequential(ForEachOps.java:151)
	at java.base/java.util.stream.ForEachOps$ForEachOp$OfRef.evaluateSequential(ForEachOps.java:174)
	at java.base/java.util.stream.AbstractPipeline.evaluate(AbstractPipeline.java:234)
	at java.base/java.util.stream.ReferencePipeline.forEach(ReferencePipeline.java:596)
	at java.base/java.util.stream.ReferencePipeline$7$1.accept(ReferencePipeline.java:276)
	at java.base/java.util.stream.ReferencePipeline$3$1.accept(ReferencePipeline.java:197)
	at java.base/java.util.stream.ReferencePipeline$3$1.accept(ReferencePipeline.java:197)
	at java.base/java.util.stream.ReferencePipeline$3$1.accept(ReferencePipeline.java:197)
	at java.base/java.util.AbstractList$RandomAccessSpliterator.forEachRemaining(AbstractList.java:722)
	at java.base/java.util.stream.AbstractPipeline.copyInto(AbstractPipeline.java:509)
	at java.base/java.util.stream.AbstractPipeline.wrapAndCopyInto(AbstractPipeline.java:499)
	at java.base/java.util.stream.ForEachOps$ForEachOp.evaluateSequential(ForEachOps.java:151)
	at java.base/java.util.stream.ForEachOps$ForEachOp$OfRef.evaluateSequential(ForEachOps.java:174)
	at java.base/java.util.stream.AbstractPipeline.evaluate(AbstractPipeline.java:234)
	at java.base/java.util.stream.ReferencePipeline.forEach(ReferencePipeline.java:596)
	at org.junit.jupiter.engine.descriptor.TemplateExecutor.executeForProvider(TemplateExecutor.java:57)
	at org.junit.jupiter.engine.descriptor.TemplateExecutor.execute(TemplateExecutor.java:46)
	at org.junit.jupiter.engine.descriptor.TestTemplateTestDescriptor.execute(TestTemplateTestDescriptor.java:112)
	at org.junit.jupiter.engine.descriptor.TestTemplateTestDescriptor.execute(TestTemplateTestDescriptor.java:40)
	at org.junit.platform.engine.support.hierarchical.NodeTestTask.lambda$executeRecursively$2(NodeTestTask.java:176)
	at org.junit.platform.engine.support.hierarchical.ThrowableCollector.execute(ThrowableCollector.java:74)
	at org.junit.platform.engine.support.hierarchical.NodeTestTask.lambda$executeRecursively$1(NodeTestTask.java:166)
	at org.junit.platform.engine.support.hierarchical.Node.around(Node.java:138)
	at org.junit.platform.engine.support.hierarchical.NodeTestTask.lambda$executeRecursively$0(NodeTestTask.java:164)
	at org.junit.platform.engine.support.hierarchical.ThrowableCollector.execute(ThrowableCollector.java:74)
	at org.junit.platform.engine.support.hierarchical.NodeTestTask.executeRecursively(NodeTestTask.java:163)
	at org.junit.platform.engine.support.hierarchical.NodeTestTask.execute(NodeTestTask.java:116)
	at java.base/java.util.ArrayList.forEach(ArrayList.java:1596)
	at org.junit.platform.engine.support.hierarchical.SameThreadHierarchicalTestExecutorService.invokeAll(SameThreadHierarchicalTestExecutorService.java:42)
	at org.junit.platform.engine.support.hierarchical.NodeTestTask.lambda$executeRecursively$2(NodeTestTask.java:180)
	at org.junit.platform.engine.support.hierarchical.ThrowableCollector.execute(ThrowableCollector.java:74)
	at org.junit.platform.engine.support.hierarchical.NodeTestTask.lambda$executeRecursively$1(NodeTestTask.java:166)
	at org.junit.platform.engine.support.hierarchical.Node.around(Node.java:138)
	at org.junit.platform.engine.support.hierarchical.NodeTestTask.lambda$executeRecursively$0(NodeTestTask.java:164)
	at org.junit.platform.engine.support.hierarchical.ThrowableCollector.execute(ThrowableCollector.java:74)
	at org.junit.platform.engine.support.hierarchical.NodeTestTask.executeRecursively(NodeTestTask.java:163)
	at org.junit.platform.engine.support.hierarchical.NodeTestTask.execute(NodeTestTask.java:116)
	at java.base/java.util.ArrayList.forEach(ArrayList.java:1596)
	at org.junit.platform.engine.support.hierarchical.SameThreadHierarchicalTestExecutorService.invokeAll(SameThreadHierarchicalTestExecutorService.java:42)
	at org.junit.platform.engine.support.hierarchical.NodeTestTask.lambda$executeRecursively$2(NodeTestTask.java:180)
	at org.junit.platform.engine.support.hierarchical.ThrowableCollector.execute(ThrowableCollector.java:74)
	at org.junit.platform.engine.support.hierarchical.NodeTestTask.lambda$executeRecursively$1(NodeTestTask.java:166)
	at org.junit.platform.engine.support.hierarchical.Node.around(Node.java:138)
	at org.junit.platform.engine.support.hierarchical.NodeTestTask.lambda$executeRecursively$0(NodeTestTask.java:164)
	at org.junit.platform.engine.support.hierarchical.ThrowableCollector.execute(ThrowableCollector.java:74)
	at org.junit.platform.engine.support.hierarchical.NodeTestTask.executeRecursively(NodeTestTask.java:163)
	at org.junit.platform.engine.support.hierarchical.NodeTestTask.execute(NodeTestTask.java:116)
	at org.junit.platform.engine.support.hierarchical.SameThreadHierarchicalTestExecutorService.submit(SameThreadHierarchicalTestExecutorService.java:36)
	at org.junit.platform.engine.support.hierarchical.HierarchicalTestExecutor.execute(HierarchicalTestExecutor.java:52)
	at org.junit.platform.engine.support.hierarchical.HierarchicalTestEngine.execute(HierarchicalTestEngine.java:58)
	at org.junit.platform.launcher.core.EngineExecutionOrchestrator.executeEngine(EngineExecutionOrchestrator.java:246)
	at org.junit.platform.launcher.core.EngineExecutionOrchestrator.failOrExecuteEngine(EngineExecutionOrchestrator.java:218)
	at org.junit.platform.launcher.core.EngineExecutionOrchestrator.execute(EngineExecutionOrchestrator.java:179)
	at org.junit.platform.launcher.core.EngineExecutionOrchestrator.execute(EngineExecutionOrchestrator.java:108)
	at org.junit.platform.launcher.core.EngineExecutionOrchestrator.lambda$execute$0(EngineExecutionOrchestrator.java:66)
	at org.junit.platform.launcher.core.EngineExecutionOrchestrator.withInterceptedStreams(EngineExecutionOrchestrator.java:157)
	at org.junit.platform.launcher.core.EngineExecutionOrchestrator.execute(EngineExecutionOrchestrator.java:65)
	at org.junit.platform.launcher.core.DefaultLauncher.execute(DefaultLauncher.java:125)
	at org.junit.platform.launcher.core.DefaultLauncher.execute(DefaultLauncher.java:114)
	at org.junit.platform.launcher.core.DelegatingLauncher.execute(DelegatingLauncher.java:58)
	at org.junit.platform.launcher.core.InterceptingLauncher.lambda$execute$2(InterceptingLauncher.java:57)
	at org.junit.platform.launcher.core.ClasspathAlignmentCheckingLauncherInterceptor.intercept(ClasspathAlignmentCheckingLauncherInterceptor.java:25)
	at org.junit.platform.launcher.core.InterceptingLauncher.execute(InterceptingLauncher.java:56)
	at org.junit.platform.launcher.core.DelegatingLauncher.execute(DelegatingLauncher.java:58)
	at java.base/jdk.internal.reflect.DirectMethodHandleAccessor.invoke(DirectMethodHandleAccessor.java:103)
	at java.base/java.lang.reflect.Method.invoke(Method.java:580)
	at org.apache.maven.surefire.api.util.ReflectionUtils.invokeMethodWithArray(ReflectionUtils.java:125)
	at org.apache.maven.surefire.junitplatform.LauncherAdapter.executeWithCancellationToken(LauncherAdapter.java:68)
	at org.apache.maven.surefire.junitplatform.LauncherAdapter.execute(LauncherAdapter.java:54)
	at org.apache.maven.surefire.junitplatform.JUnitPlatformProvider.execute(JUnitPlatformProvider.java:203)
	at org.apache.maven.surefire.junitplatform.JUnitPlatformProvider.invokeAllTests(JUnitPlatformProvider.java:168)
	at org.apache.maven.surefire.junitplatform.JUnitPlatformProvider.invoke(JUnitPlatformProvider.java:134)
	at org.apache.maven.surefire.booter.ForkedBooter.runSuitesInProcess(ForkedBooter.java:385)
	at org.apache.maven.surefire.booter.ForkedBooter.execute(ForkedBooter.java:162)
	at org.apache.maven.surefire.booter.ForkedBooter.run(ForkedBooter.java:507)
	at org.apache.maven.surefire.booter.ForkedBooter.main(ForkedBooter.java:495)
Caused by: com.mysql.cj.exceptions.CJCommunicationsException: Communications link failure

The last packet successfully received from the server was 7 milliseconds ago. The last packet sent successfully to the server was 8 milliseconds ago.
	at java.base/jdk.internal.reflect.DirectConstructorHandleAccessor.newInstance(DirectConstructorHandleAccessor.java:62)
	at java.base/java.lang.reflect.Constructor.newInstanceWithCaller(Constructor.java:502)
	at java.base/java.lang.reflect.Constructor.newInstance(Constructor.java:486)
	at com.mysql.cj.exceptions.ExceptionFactory.createException(ExceptionFactory.java:52)
	at com.mysql.cj.exceptions.ExceptionFactory.createException(ExceptionFactory.java:95)
	at com.mysql.cj.exceptions.ExceptionFactory.createException(ExceptionFactory.java:140)
	at com.mysql.cj.exceptions.ExceptionFactory.createCommunicationsException(ExceptionFactory.java:156)
	at com.mysql.cj.protocol.a.NativeProtocol.readMessage(NativeProtocol.java:590)
	at com.mysql.cj.protocol.a.NativeProtocol.checkErrorMessage(NativeProtocol.java:767)
	at com.mysql.cj.protocol.a.NativeProtocol.sendCommand(NativeProtocol.java:706)
	at com.mysql.cj.protocol.a.NativeProtocol.sendQueryPacket(NativeProtocol.java:938)
	at com.mysql.cj.NativeSession.execSQL(NativeSession.java:817)
	at com.mysql.cj.jdbc.ConnectionImpl.commit(ConnectionImpl.java:794)
	... 154 common frames omitted
Caused by: java.io.EOFException: Can not read response from server. Expected to read 4 bytes, read 0 bytes before connection was unexpectedly lost.
	at com.mysql.cj.protocol.FullReadInputStream.readFully(FullReadInputStream.java:58)
	at com.mysql.cj.protocol.a.SimplePacketReader.readHeaderLocal(SimplePacketReader.java:72)
	at com.mysql.cj.protocol.a.SimplePacketReader.readHeader(SimplePacketReader.java:54)
	at com.mysql.cj.protocol.a.SimplePacketReader.readHeader(SimplePacketReader.java:36)
	at com.mysql.cj.protocol.a.TimeTrackingPacketReader.readHeader(TimeTrackingPacketReader.java:43)
	at com.mysql.cj.protocol.a.TimeTrackingPacketReader.readHeader(TimeTrackingPacketReader.java:32)
	at com.mysql.cj.protocol.a.MultiPacketReader.readHeader(MultiPacketReader.java:45)
	at com.mysql.cj.protocol.a.MultiPacketReader.readHeader(MultiPacketReader.java:35)
	at com.mysql.cj.protocol.a.NativeProtocol.readMessage(NativeProtocol.java:584)
	... 159 common frames omitted
09:59:35.324 [main] ERROR com.baomidou.dynamic.datasource.tx.ConnectionProxy -- Communications link failure

The last packet successfully received from the server was 7 milliseconds ago. The last packet sent successfully to the server was 8 milliseconds ago.
com.mysql.cj.jdbc.exceptions.CommunicationsException: Communications link failure

The last packet successfully received from the server was 7 milliseconds ago. The last packet sent successfully to the server was 8 milliseconds ago.
	at com.mysql.cj.jdbc.exceptions.SQLError.createCommunicationsException(SQLError.java:165)
	at com.mysql.cj.jdbc.exceptions.SQLExceptionsMapping.translateException(SQLExceptionsMapping.java:55)
	at com.mysql.cj.jdbc.ConnectionImpl.commit(ConnectionImpl.java:814)
	at com.zaxxer.hikari.pool.ProxyConnection.commit(ProxyConnection.java:378)
	at com.zaxxer.hikari.pool.HikariProxyConnection.commit(HikariProxyConnection.java)
	at java.base/jdk.internal.reflect.DirectMethodHandleAccessor.invoke(DirectMethodHandleAccessor.java:103)
	at java.base/java.lang.reflect.Method.invoke(Method.java:580)
	at org.namewta.test.notify.NotifyAtomicResultIntegrationTest$1.lambda$getConnection$0(NotifyAtomicResultIntegrationTest.java:118)
	at jdk.proxy2/jdk.proxy2.$Proxy131.commit(Unknown Source)
	at com.baomidou.dynamic.datasource.tx.ConnectionProxy.notify(ConnectionProxy.java:62)
	at com.baomidou.dynamic.datasource.tx.ConnectionFactory.notify(ConnectionFactory.java:153)
	at com.baomidou.dynamic.datasource.tx.LocalTxUtil.commit(LocalTxUtil.java:91)
	at com.baomidou.dynamic.datasource.tx.TransactionalTemplate.doExecute(TransactionalTemplate.java:126)
	at com.baomidou.dynamic.datasource.tx.TransactionalTemplate.execute(TransactionalTemplate.java:94)
	at com.baomidou.dynamic.datasource.aop.DynamicLocalTransactionInterceptor.invoke(DynamicLocalTransactionInterceptor.java:59)
	at org.springframework.aop.framework.ReflectiveMethodInvocation.proceed(ReflectiveMethodInvocation.java:179)
	at org.springframework.aop.framework.CglibAopProxy$DynamicAdvisedInterceptor.intercept(CglibAopProxy.java:719)
	at org.namewta.notify.usecase.NotifyDispatchResultUseCase$$SpringCGLIB$$15.completeInApp(<generated>)
	at org.namewta.notify.service.runtime.DispatchNotificationService.dispatchInApp(DispatchNotificationService.java:223)
	at org.namewta.notify.service.runtime.DispatchNotificationService.dispatch(DispatchNotificationService.java:92)
	at org.namewta.test.notify.NotifyAtomicResultIntegrationTest.lambda$uncertainResultCommitUsesDurableFactsToPreventDuplicateInbox$17(NotifyAtomicResultIntegrationTest.java:508)
	at org.assertj.core.api.ThrowableAssert.catchThrowable(ThrowableAssert.java:66)
	at org.assertj.core.api.AssertionsForClassTypes.catchThrowable(AssertionsForClassTypes.java:908)
	at org.assertj.core.api.Assertions.catchThrowable(Assertions.java:1476)
	at org.assertj.core.api.Assertions.assertThatThrownBy(Assertions.java:1319)
	at org.namewta.test.notify.NotifyAtomicResultIntegrationTest.uncertainResultCommitUsesDurableFactsToPreventDuplicateInbox(NotifyAtomicResultIntegrationTest.java:508)
	at java.base/jdk.internal.reflect.DirectMethodHandleAccessor.invoke(DirectMethodHandleAccessor.java:103)
	at java.base/java.lang.reflect.Method.invoke(Method.java:580)
	at org.junit.platform.commons.util.ReflectionUtils.invokeMethod(ReflectionUtils.java:701)
	at org.junit.platform.commons.support.ReflectionSupport.invokeMethod(ReflectionSupport.java:502)
	at org.junit.jupiter.engine.support.MethodReflectionUtils.invoke(MethodReflectionUtils.java:45)
	at org.junit.jupiter.engine.execution.MethodInvocation.proceed(MethodInvocation.java:61)
	at org.junit.jupiter.engine.execution.InvocationInterceptorChain$ValidatingInvocation.proceed(InvocationInterceptorChain.java:124)
	at org.junit.jupiter.engine.extension.TimeoutExtension.intercept(TimeoutExtension.java:163)
	at org.junit.jupiter.engine.extension.TimeoutExtension.interceptTestableMethod(TimeoutExtension.java:148)
	at org.junit.jupiter.engine.extension.TimeoutExtension.interceptTestTemplateMethod(TimeoutExtension.java:94)
	at org.junit.jupiter.engine.execution.InterceptingExecutableInvoker$ReflectiveInterceptorCall.lambda$ofVoidMethod$0(InterceptingExecutableInvoker.java:123)
	at org.junit.jupiter.engine.execution.InterceptingExecutableInvoker.lambda$invoke$0(InterceptingExecutableInvoker.java:105)
	at org.junit.jupiter.engine.execution.InvocationInterceptorChain$InterceptedInvocation.proceed(InvocationInterceptorChain.java:99)
	at org.junit.jupiter.engine.execution.InvocationInterceptorChain.proceed(InvocationInterceptorChain.java:66)
	at org.junit.jupiter.engine.execution.InvocationInterceptorChain.chainAndInvoke(InvocationInterceptorChain.java:47)
	at org.junit.jupiter.engine.execution.InvocationInterceptorChain.invoke(InvocationInterceptorChain.java:39)
	at org.junit.jupiter.engine.execution.InterceptingExecutableInvoker.invoke(InterceptingExecutableInvoker.java:104)
	at org.junit.jupiter.engine.execution.InterceptingExecutableInvoker.invoke(InterceptingExecutableInvoker.java:98)
	at org.junit.jupiter.engine.execution.InterceptingExecutableInvoker.invokeVoid(InterceptingExecutableInvoker.java:71)
	at org.junit.jupiter.engine.descriptor.TestMethodTestDescriptor.lambda$invokeTestMethod$0(TestMethodTestDescriptor.java:219)
	at org.junit.platform.engine.support.hierarchical.ThrowableCollector.execute(ThrowableCollector.java:74)
	at org.junit.jupiter.engine.descriptor.TestMethodTestDescriptor.invokeTestMethod(TestMethodTestDescriptor.java:215)
	at org.junit.jupiter.engine.descriptor.TestMethodTestDescriptor.execute(TestMethodTestDescriptor.java:157)
	at org.junit.jupiter.engine.descriptor.TestMethodTestDescriptor.execute(TestMethodTestDescriptor.java:70)
	at org.junit.platform.engine.support.hierarchical.NodeTestTask.lambda$executeRecursively$2(NodeTestTask.java:176)
	at org.junit.platform.engine.support.hierarchical.ThrowableCollector.execute(ThrowableCollector.java:74)
	at org.junit.platform.engine.support.hierarchical.NodeTestTask.lambda$executeRecursively$1(NodeTestTask.java:166)
	at org.junit.platform.engine.support.hierarchical.Node.around(Node.java:138)
	at org.junit.platform.engine.support.hierarchical.NodeTestTask.lambda$executeRecursively$0(NodeTestTask.java:164)
	at org.junit.platform.engine.support.hierarchical.ThrowableCollector.execute(ThrowableCollector.java:74)
	at org.junit.platform.engine.support.hierarchical.NodeTestTask.executeRecursively(NodeTestTask.java:163)
	at org.junit.platform.engine.support.hierarchical.NodeTestTask.execute(NodeTestTask.java:116)
	at org.junit.platform.engine.support.hierarchical.SameThreadHierarchicalTestExecutorService.submit(SameThreadHierarchicalTestExecutorService.java:36)
	at org.junit.platform.engine.support.hierarchical.NodeTestTask$DefaultDynamicTestExecutor.execute(NodeTestTask.java:268)
	at org.junit.platform.engine.support.hierarchical.NodeTestTask$DefaultDynamicTestExecutor.execute(NodeTestTask.java:246)
	at org.junit.jupiter.engine.descriptor.TemplateExecutor.execute(TemplateExecutor.java:96)
	at org.junit.jupiter.engine.descriptor.TemplateExecutor.lambda$executeForProvider$1(TemplateExecutor.java:59)
	at java.base/java.util.Optional.ifPresent(Optional.java:178)
	at org.junit.jupiter.engine.descriptor.TemplateExecutor.lambda$executeForProvider$0(TemplateExecutor.java:59)
	at java.base/java.util.stream.ForEachOps$ForEachOp$OfRef.accept(ForEachOps.java:184)
	at java.base/java.util.stream.ReferencePipeline$3$1.accept(ReferencePipeline.java:197)
	at java.base/java.util.stream.ForEachOps$ForEachOp$OfRef.accept(ForEachOps.java:184)
	at java.base/java.util.stream.ForEachOps$ForEachOp$OfRef.accept(ForEachOps.java:184)
	at java.base/java.util.stream.ReferencePipeline$3$1.accept(ReferencePipeline.java:197)
	at java.base/java.util.Spliterators$ArraySpliterator.forEachRemaining(Spliterators.java:1024)
	at java.base/java.util.stream.AbstractPipeline.copyInto(AbstractPipeline.java:509)
	at java.base/java.util.stream.AbstractPipeline.wrapAndCopyInto(AbstractPipeline.java:499)
	at java.base/java.util.stream.ForEachOps$ForEachOp.evaluateSequential(ForEachOps.java:151)
	at java.base/java.util.stream.ForEachOps$ForEachOp$OfRef.evaluateSequential(ForEachOps.java:174)
	at java.base/java.util.stream.AbstractPipeline.evaluate(AbstractPipeline.java:234)
	at java.base/java.util.stream.ReferencePipeline.forEach(ReferencePipeline.java:596)
	at java.base/java.util.stream.ReferencePipeline$7$1.accept(ReferencePipeline.java:276)
	at java.base/java.util.ArrayList$ArrayListSpliterator.forEachRemaining(ArrayList.java:1708)
	at java.base/java.util.stream.AbstractPipeline.copyInto(AbstractPipeline.java:509)
	at java.base/java.util.stream.AbstractPipeline.wrapAndCopyInto(AbstractPipeline.java:499)
	at java.base/java.util.stream.ForEachOps$ForEachOp.evaluateSequential(ForEachOps.java:151)
	at java.base/java.util.stream.ForEachOps$ForEachOp$OfRef.evaluateSequential(ForEachOps.java:174)
	at java.base/java.util.stream.AbstractPipeline.evaluate(AbstractPipeline.java:234)
	at java.base/java.util.stream.ReferencePipeline.forEach(ReferencePipeline.java:596)
	at java.base/java.util.stream.ReferencePipeline$7$1.accept(ReferencePipeline.java:276)
	at java.base/java.util.stream.ReferencePipeline$3$1.accept(ReferencePipeline.java:197)
	at java.base/java.util.stream.ReferencePipeline$3$1.accept(ReferencePipeline.java:197)
	at java.base/java.util.stream.ReferencePipeline$3$1.accept(ReferencePipeline.java:197)
	at java.base/java.util.AbstractList$RandomAccessSpliterator.forEachRemaining(AbstractList.java:722)
	at java.base/java.util.stream.AbstractPipeline.copyInto(AbstractPipeline.java:509)
	at java.base/java.util.stream.AbstractPipeline.wrapAndCopyInto(AbstractPipeline.java:499)
	at java.base/java.util.stream.ForEachOps$ForEachOp.evaluateSequential(ForEachOps.java:151)
	at java.base/java.util.stream.ForEachOps$ForEachOp$OfRef.evaluateSequential(ForEachOps.java:174)
	at java.base/java.util.stream.AbstractPipeline.evaluate(AbstractPipeline.java:234)
	at java.base/java.util.stream.ReferencePipeline.forEach(ReferencePipeline.java:596)
	at org.junit.jupiter.engine.descriptor.TemplateExecutor.executeForProvider(TemplateExecutor.java:57)
	at org.junit.jupiter.engine.descriptor.TemplateExecutor.execute(TemplateExecutor.java:46)
	at org.junit.jupiter.engine.descriptor.TestTemplateTestDescriptor.execute(TestTemplateTestDescriptor.java:112)
	at org.junit.jupiter.engine.descriptor.TestTemplateTestDescriptor.execute(TestTemplateTestDescriptor.java:40)
	at org.junit.platform.engine.support.hierarchical.NodeTestTask.lambda$executeRecursively$2(NodeTestTask.java:176)
	at org.junit.platform.engine.support.hierarchical.ThrowableCollector.execute(ThrowableCollector.java:74)
	at org.junit.platform.engine.support.hierarchical.NodeTestTask.lambda$executeRecursively$1(NodeTestTask.java:166)
	at org.junit.platform.engine.support.hierarchical.Node.around(Node.java:138)
	at org.junit.platform.engine.support.hierarchical.NodeTestTask.lambda$executeRecursively$0(NodeTestTask.java:164)
	at org.junit.platform.engine.support.hierarchical.ThrowableCollector.execute(ThrowableCollector.java:74)
	at org.junit.platform.engine.support.hierarchical.NodeTestTask.executeRecursively(NodeTestTask.java:163)
	at org.junit.platform.engine.support.hierarchical.NodeTestTask.execute(NodeTestTask.java:116)
	at java.base/java.util.ArrayList.forEach(ArrayList.java:1596)
	at org.junit.platform.engine.support.hierarchical.SameThreadHierarchicalTestExecutorService.invokeAll(SameThreadHierarchicalTestExecutorService.java:42)
	at org.junit.platform.engine.support.hierarchical.NodeTestTask.lambda$executeRecursively$2(NodeTestTask.java:180)
	at org.junit.platform.engine.support.hierarchical.ThrowableCollector.execute(ThrowableCollector.java:74)
	at org.junit.platform.engine.support.hierarchical.NodeTestTask.lambda$executeRecursively$1(NodeTestTask.java:166)
	at org.junit.platform.engine.support.hierarchical.Node.around(Node.java:138)
	at org.junit.platform.engine.support.hierarchical.NodeTestTask.lambda$executeRecursively$0(NodeTestTask.java:164)
	at org.junit.platform.engine.support.hierarchical.ThrowableCollector.execute(ThrowableCollector.java:74)
	at org.junit.platform.engine.support.hierarchical.NodeTestTask.executeRecursively(NodeTestTask.java:163)
	at org.junit.platform.engine.support.hierarchical.NodeTestTask.execute(NodeTestTask.java:116)
	at java.base/java.util.ArrayList.forEach(ArrayList.java:1596)
	at org.junit.platform.engine.support.hierarchical.SameThreadHierarchicalTestExecutorService.invokeAll(SameThreadHierarchicalTestExecutorService.java:42)
	at org.junit.platform.engine.support.hierarchical.NodeTestTask.lambda$executeRecursively$2(NodeTestTask.java:180)
	at org.junit.platform.engine.support.hierarchical.ThrowableCollector.execute(ThrowableCollector.java:74)
	at org.junit.platform.engine.support.hierarchical.NodeTestTask.lambda$executeRecursively$1(NodeTestTask.java:166)
	at org.junit.platform.engine.support.hierarchical.Node.around(Node.java:138)
	at org.junit.platform.engine.support.hierarchical.NodeTestTask.lambda$executeRecursively$0(NodeTestTask.java:164)
	at org.junit.platform.engine.support.hierarchical.ThrowableCollector.execute(ThrowableCollector.java:74)
	at org.junit.platform.engine.support.hierarchical.NodeTestTask.executeRecursively(NodeTestTask.java:163)
	at org.junit.platform.engine.support.hierarchical.NodeTestTask.execute(NodeTestTask.java:116)
	at org.junit.platform.engine.support.hierarchical.SameThreadHierarchicalTestExecutorService.submit(SameThreadHierarchicalTestExecutorService.java:36)
	at org.junit.platform.engine.support.hierarchical.HierarchicalTestExecutor.execute(HierarchicalTestExecutor.java:52)
	at org.junit.platform.engine.support.hierarchical.HierarchicalTestEngine.execute(HierarchicalTestEngine.java:58)
	at org.junit.platform.launcher.core.EngineExecutionOrchestrator.executeEngine(EngineExecutionOrchestrator.java:246)
	at org.junit.platform.launcher.core.EngineExecutionOrchestrator.failOrExecuteEngine(EngineExecutionOrchestrator.java:218)
	at org.junit.platform.launcher.core.EngineExecutionOrchestrator.execute(EngineExecutionOrchestrator.java:179)
	at org.junit.platform.launcher.core.EngineExecutionOrchestrator.execute(EngineExecutionOrchestrator.java:108)
	at org.junit.platform.launcher.core.EngineExecutionOrchestrator.lambda$execute$0(EngineExecutionOrchestrator.java:66)
	at org.junit.platform.launcher.core.EngineExecutionOrchestrator.withInterceptedStreams(EngineExecutionOrchestrator.java:157)
	at org.junit.platform.launcher.core.EngineExecutionOrchestrator.execute(EngineExecutionOrchestrator.java:65)
	at org.junit.platform.launcher.core.DefaultLauncher.execute(DefaultLauncher.java:125)
	at org.junit.platform.launcher.core.DefaultLauncher.execute(DefaultLauncher.java:114)
	at org.junit.platform.launcher.core.DelegatingLauncher.execute(DelegatingLauncher.java:58)
	at org.junit.platform.launcher.core.InterceptingLauncher.lambda$execute$2(InterceptingLauncher.java:57)
	at org.junit.platform.launcher.core.ClasspathAlignmentCheckingLauncherInterceptor.intercept(ClasspathAlignmentCheckingLauncherInterceptor.java:25)
	at org.junit.platform.launcher.core.InterceptingLauncher.execute(InterceptingLauncher.java:56)
	at org.junit.platform.launcher.core.DelegatingLauncher.execute(DelegatingLauncher.java:58)
	at java.base/jdk.internal.reflect.DirectMethodHandleAccessor.invoke(DirectMethodHandleAccessor.java:103)
	at java.base/java.lang.reflect.Method.invoke(Method.java:580)
	at org.apache.maven.surefire.api.util.ReflectionUtils.invokeMethodWithArray(ReflectionUtils.java:125)
	at org.apache.maven.surefire.junitplatform.LauncherAdapter.executeWithCancellationToken(LauncherAdapter.java:68)
	at org.apache.maven.surefire.junitplatform.LauncherAdapter.execute(LauncherAdapter.java:54)
	at org.apache.maven.surefire.junitplatform.JUnitPlatformProvider.execute(JUnitPlatformProvider.java:203)
	at org.apache.maven.surefire.junitplatform.JUnitPlatformProvider.invokeAllTests(JUnitPlatformProvider.java:168)
	at org.apache.maven.surefire.junitplatform.JUnitPlatformProvider.invoke(JUnitPlatformProvider.java:134)
	at org.apache.maven.surefire.booter.ForkedBooter.runSuitesInProcess(ForkedBooter.java:385)
	at org.apache.maven.surefire.booter.ForkedBooter.execute(ForkedBooter.java:162)
	at org.apache.maven.surefire.booter.ForkedBooter.run(ForkedBooter.java:507)
	at org.apache.maven.surefire.booter.ForkedBooter.main(ForkedBooter.java:495)
Caused by: com.mysql.cj.exceptions.CJCommunicationsException: Communications link failure

The last packet successfully received from the server was 7 milliseconds ago. The last packet sent successfully to the server was 8 milliseconds ago.
	at java.base/jdk.internal.reflect.DirectConstructorHandleAccessor.newInstance(DirectConstructorHandleAccessor.java:62)
	at java.base/java.lang.reflect.Constructor.newInstanceWithCaller(Constructor.java:502)
	at java.base/java.lang.reflect.Constructor.newInstance(Constructor.java:486)
	at com.mysql.cj.exceptions.ExceptionFactory.createException(ExceptionFactory.java:52)
	at com.mysql.cj.exceptions.ExceptionFactory.createException(ExceptionFactory.java:95)
	at com.mysql.cj.exceptions.ExceptionFactory.createException(ExceptionFactory.java:140)
	at com.mysql.cj.exceptions.ExceptionFactory.createCommunicationsException(ExceptionFactory.java:156)
	at com.mysql.cj.protocol.a.NativeProtocol.readMessage(NativeProtocol.java:590)
	at com.mysql.cj.protocol.a.NativeProtocol.checkErrorMessage(NativeProtocol.java:767)
	at com.mysql.cj.protocol.a.NativeProtocol.sendCommand(NativeProtocol.java:706)
	at com.mysql.cj.protocol.a.NativeProtocol.sendQueryPacket(NativeProtocol.java:938)
	at com.mysql.cj.NativeSession.execSQL(NativeSession.java:817)
	at com.mysql.cj.jdbc.ConnectionImpl.commit(ConnectionImpl.java:794)
	... 154 common frames omitted
Caused by: java.io.EOFException: Can not read response from server. Expected to read 4 bytes, read 0 bytes before connection was unexpectedly lost.
	at com.mysql.cj.protocol.FullReadInputStream.readFully(FullReadInputStream.java:58)
	at com.mysql.cj.protocol.a.SimplePacketReader.readHeaderLocal(SimplePacketReader.java:72)
	at com.mysql.cj.protocol.a.SimplePacketReader.readHeader(SimplePacketReader.java:54)
	at com.mysql.cj.protocol.a.SimplePacketReader.readHeader(SimplePacketReader.java:36)
	at com.mysql.cj.protocol.a.TimeTrackingPacketReader.readHeader(TimeTrackingPacketReader.java:43)
	at com.mysql.cj.protocol.a.TimeTrackingPacketReader.readHeader(TimeTrackingPacketReader.java:32)
	at com.mysql.cj.protocol.a.MultiPacketReader.readHeader(MultiPacketReader.java:45)
	at com.mysql.cj.protocol.a.MultiPacketReader.readHeader(MultiPacketReader.java:35)
	at com.mysql.cj.protocol.a.NativeProtocol.readMessage(NativeProtocol.java:584)
	... 159 common frames omitted
09:59:35.421 [main] WARN org.namewta.notify.adapter.event.InAppCommittedPushListener -- 站内实时提示失败，messageId=9220001, reason=IllegalStateException
09:59:35.487 [main] WARN org.namewta.notify.adapter.event.InAppCommittedPushListener -- 站内实时提示失败，messageId=9220001, reason=IllegalStateException
09:59:35.506 [main] INFO com.baomidou.dynamic.datasource.DynamicRoutingDataSource -- dynamic-datasource start closing ....
09:59:35.507 [main] INFO com.baomidou.dynamic.datasource.DynamicRoutingDataSource -- dynamic-datasource all closed success,bye
09:59:35.507 [main] INFO com.zaxxer.hikari.HikariDataSource -- HikariPool-16 - Shutdown initiated...
09:59:35.527 [main] INFO com.zaxxer.hikari.HikariDataSource -- HikariPool-16 - Shutdown completed.
09:59:35.530 [main] INFO com.baomidou.dynamic.datasource.DynamicRoutingDataSource -- dynamic-datasource - add a datasource named [master] success
09:59:35.634 [main] INFO org.redisson.Version -- Redisson 4.6.1
09:59:35.639 [redisson-netty-50-1] INFO org.redisson.connection.ConnectionsHolder -- 1 connections initialized for 127.0.0.1/127.0.0.1:32829
09:59:35.640 [redisson-netty-50-2] INFO org.redisson.connection.ConnectionsHolder -- 1 connections initialized for 127.0.0.1/127.0.0.1:32829
09:59:35.665 [main] INFO com.zaxxer.hikari.HikariDataSource -- HikariPool-17 - Starting...
09:59:35.670 [main] INFO com.zaxxer.hikari.pool.HikariPool -- HikariPool-17 - Added connection com.mysql.cj.jdbc.ConnectionImpl@38c408c7
09:59:35.671 [main] INFO com.zaxxer.hikari.HikariDataSource -- HikariPool-17 - Start completed.
09:59:35.752 [main] ERROR com.baomidou.dynamic.datasource.tx.ConnectionProxy -- owned lost commit acknowledgement
java.sql.SQLRecoverableException: owned lost commit acknowledgement
	at org.namewta.test.notify.NotifyAtomicResultIntegrationTest$1.lambda$getConnection$0(NotifyAtomicResultIntegrationTest.java:115)
	at jdk.proxy2/jdk.proxy2.$Proxy131.commit(Unknown Source)
	at com.baomidou.dynamic.datasource.tx.ConnectionProxy.notify(ConnectionProxy.java:62)
	at com.baomidou.dynamic.datasource.tx.ConnectionFactory.notify(ConnectionFactory.java:153)
	at com.baomidou.dynamic.datasource.tx.LocalTxUtil.commit(LocalTxUtil.java:91)
	at com.baomidou.dynamic.datasource.tx.TransactionalTemplate.doExecute(TransactionalTemplate.java:126)
	at com.baomidou.dynamic.datasource.tx.TransactionalTemplate.execute(TransactionalTemplate.java:94)
	at com.baomidou.dynamic.datasource.aop.DynamicLocalTransactionInterceptor.invoke(DynamicLocalTransactionInterceptor.java:59)
	at org.springframework.aop.framework.ReflectiveMethodInvocation.proceed(ReflectiveMethodInvocation.java:179)
	at org.springframework.aop.framework.CglibAopProxy$DynamicAdvisedInterceptor.intercept(CglibAopProxy.java:719)
	at org.namewta.notify.usecase.NotifyDispatchResultUseCase$$SpringCGLIB$$16.completeInApp(<generated>)
	at org.namewta.notify.service.runtime.DispatchNotificationService.dispatchInApp(DispatchNotificationService.java:223)
	at org.namewta.notify.service.runtime.DispatchNotificationService.dispatch(DispatchNotificationService.java:92)
	at org.namewta.test.notify.NotifyAtomicResultIntegrationTest.lambda$uncertainResultCommitUsesDurableFactsToPreventDuplicateInbox$17(NotifyAtomicResultIntegrationTest.java:508)
	at org.assertj.core.api.ThrowableAssert.catchThrowable(ThrowableAssert.java:66)
	at org.assertj.core.api.AssertionsForClassTypes.catchThrowable(AssertionsForClassTypes.java:908)
	at org.assertj.core.api.Assertions.catchThrowable(Assertions.java:1476)
	at org.assertj.core.api.Assertions.assertThatThrownBy(Assertions.java:1319)
	at org.namewta.test.notify.NotifyAtomicResultIntegrationTest.uncertainResultCommitUsesDurableFactsToPreventDuplicateInbox(NotifyAtomicResultIntegrationTest.java:508)
	at java.base/jdk.internal.reflect.DirectMethodHandleAccessor.invoke(DirectMethodHandleAccessor.java:103)
	at java.base/java.lang.reflect.Method.invoke(Method.java:580)
	at org.junit.platform.commons.util.ReflectionUtils.invokeMethod(ReflectionUtils.java:701)
	at org.junit.platform.commons.support.ReflectionSupport.invokeMethod(ReflectionSupport.java:502)
	at org.junit.jupiter.engine.support.MethodReflectionUtils.invoke(MethodReflectionUtils.java:45)
	at org.junit.jupiter.engine.execution.MethodInvocation.proceed(MethodInvocation.java:61)
	at org.junit.jupiter.engine.execution.InvocationInterceptorChain$ValidatingInvocation.proceed(InvocationInterceptorChain.java:124)
	at org.junit.jupiter.engine.extension.TimeoutExtension.intercept(TimeoutExtension.java:163)
	at org.junit.jupiter.engine.extension.TimeoutExtension.interceptTestableMethod(TimeoutExtension.java:148)
	at org.junit.jupiter.engine.extension.TimeoutExtension.interceptTestTemplateMethod(TimeoutExtension.java:94)
	at org.junit.jupiter.engine.execution.InterceptingExecutableInvoker$ReflectiveInterceptorCall.lambda$ofVoidMethod$0(InterceptingExecutableInvoker.java:123)
	at org.junit.jupiter.engine.execution.InterceptingExecutableInvoker.lambda$invoke$0(InterceptingExecutableInvoker.java:105)
	at org.junit.jupiter.engine.execution.InvocationInterceptorChain$InterceptedInvocation.proceed(InvocationInterceptorChain.java:99)
	at org.junit.jupiter.engine.execution.InvocationInterceptorChain.proceed(InvocationInterceptorChain.java:66)
	at org.junit.jupiter.engine.execution.InvocationInterceptorChain.chainAndInvoke(InvocationInterceptorChain.java:47)
	at org.junit.jupiter.engine.execution.InvocationInterceptorChain.invoke(InvocationInterceptorChain.java:39)
	at org.junit.jupiter.engine.execution.InterceptingExecutableInvoker.invoke(InterceptingExecutableInvoker.java:104)
	at org.junit.jupiter.engine.execution.InterceptingExecutableInvoker.invoke(InterceptingExecutableInvoker.java:98)
	at org.junit.jupiter.engine.execution.InterceptingExecutableInvoker.invokeVoid(InterceptingExecutableInvoker.java:71)
	at org.junit.jupiter.engine.descriptor.TestMethodTestDescriptor.lambda$invokeTestMethod$0(TestMethodTestDescriptor.java:219)
	at org.junit.platform.engine.support.hierarchical.ThrowableCollector.execute(ThrowableCollector.java:74)
	at org.junit.jupiter.engine.descriptor.TestMethodTestDescriptor.invokeTestMethod(TestMethodTestDescriptor.java:215)
	at org.junit.jupiter.engine.descriptor.TestMethodTestDescriptor.execute(TestMethodTestDescriptor.java:157)
	at org.junit.jupiter.engine.descriptor.TestMethodTestDescriptor.execute(TestMethodTestDescriptor.java:70)
	at org.junit.platform.engine.support.hierarchical.NodeTestTask.lambda$executeRecursively$2(NodeTestTask.java:176)
	at org.junit.platform.engine.support.hierarchical.ThrowableCollector.execute(ThrowableCollector.java:74)
	at org.junit.platform.engine.support.hierarchical.NodeTestTask.lambda$executeRecursively$1(NodeTestTask.java:166)
	at org.junit.platform.engine.support.hierarchical.Node.around(Node.java:138)
	at org.junit.platform.engine.support.hierarchical.NodeTestTask.lambda$executeRecursively$0(NodeTestTask.java:164)
	at org.junit.platform.engine.support.hierarchical.ThrowableCollector.execute(ThrowableCollector.java:74)
	at org.junit.platform.engine.support.hierarchical.NodeTestTask.executeRecursively(NodeTestTask.java:163)
	at org.junit.platform.engine.support.hierarchical.NodeTestTask.execute(NodeTestTask.java:116)
	at org.junit.platform.engine.support.hierarchical.SameThreadHierarchicalTestExecutorService.submit(SameThreadHierarchicalTestExecutorService.java:36)
	at org.junit.platform.engine.support.hierarchical.NodeTestTask$DefaultDynamicTestExecutor.execute(NodeTestTask.java:268)
	at org.junit.platform.engine.support.hierarchical.NodeTestTask$DefaultDynamicTestExecutor.execute(NodeTestTask.java:246)
	at org.junit.jupiter.engine.descriptor.TemplateExecutor.execute(TemplateExecutor.java:96)
	at org.junit.jupiter.engine.descriptor.TemplateExecutor.lambda$executeForProvider$1(TemplateExecutor.java:59)
	at java.base/java.util.Optional.ifPresent(Optional.java:178)
	at org.junit.jupiter.engine.descriptor.TemplateExecutor.lambda$executeForProvider$0(TemplateExecutor.java:59)
	at java.base/java.util.stream.ForEachOps$ForEachOp$OfRef.accept(ForEachOps.java:184)
	at java.base/java.util.stream.ReferencePipeline$3$1.accept(ReferencePipeline.java:197)
	at java.base/java.util.stream.ForEachOps$ForEachOp$OfRef.accept(ForEachOps.java:184)
	at java.base/java.util.stream.ForEachOps$ForEachOp$OfRef.accept(ForEachOps.java:184)
	at java.base/java.util.stream.ReferencePipeline$3$1.accept(ReferencePipeline.java:197)
	at java.base/java.util.Spliterators$ArraySpliterator.forEachRemaining(Spliterators.java:1024)
	at java.base/java.util.stream.AbstractPipeline.copyInto(AbstractPipeline.java:509)
	at java.base/java.util.stream.AbstractPipeline.wrapAndCopyInto(AbstractPipeline.java:499)
	at java.base/java.util.stream.ForEachOps$ForEachOp.evaluateSequential(ForEachOps.java:151)
	at java.base/java.util.stream.ForEachOps$ForEachOp$OfRef.evaluateSequential(ForEachOps.java:174)
	at java.base/java.util.stream.AbstractPipeline.evaluate(AbstractPipeline.java:234)
	at java.base/java.util.stream.ReferencePipeline.forEach(ReferencePipeline.java:596)
	at java.base/java.util.stream.ReferencePipeline$7$1.accept(ReferencePipeline.java:276)
	at java.base/java.util.ArrayList$ArrayListSpliterator.forEachRemaining(ArrayList.java:1708)
	at java.base/java.util.stream.AbstractPipeline.copyInto(AbstractPipeline.java:509)
	at java.base/java.util.stream.AbstractPipeline.wrapAndCopyInto(AbstractPipeline.java:499)
	at java.base/java.util.stream.ForEachOps$ForEachOp.evaluateSequential(ForEachOps.java:151)
	at java.base/java.util.stream.ForEachOps$ForEachOp$OfRef.evaluateSequential(ForEachOps.java:174)
	at java.base/java.util.stream.AbstractPipeline.evaluate(AbstractPipeline.java:234)
	at java.base/java.util.stream.ReferencePipeline.forEach(ReferencePipeline.java:596)
	at java.base/java.util.stream.ReferencePipeline$7$1.accept(ReferencePipeline.java:276)
	at java.base/java.util.stream.ReferencePipeline$3$1.accept(ReferencePipeline.java:197)
	at java.base/java.util.stream.ReferencePipeline$3$1.accept(ReferencePipeline.java:197)
	at java.base/java.util.stream.ReferencePipeline$3$1.accept(ReferencePipeline.java:197)
	at java.base/java.util.AbstractList$RandomAccessSpliterator.forEachRemaining(AbstractList.java:722)
	at java.base/java.util.stream.AbstractPipeline.copyInto(AbstractPipeline.java:509)
	at java.base/java.util.stream.AbstractPipeline.wrapAndCopyInto(AbstractPipeline.java:499)
	at java.base/java.util.stream.ForEachOps$ForEachOp.evaluateSequential(ForEachOps.java:151)
	at java.base/java.util.stream.ForEachOps$ForEachOp$OfRef.evaluateSequential(ForEachOps.java:174)
	at java.base/java.util.stream.AbstractPipeline.evaluate(AbstractPipeline.java:234)
	at java.base/java.util.stream.ReferencePipeline.forEach(ReferencePipeline.java:596)
	at org.junit.jupiter.engine.descriptor.TemplateExecutor.executeForProvider(TemplateExecutor.java:57)
	at org.junit.jupiter.engine.descriptor.TemplateExecutor.execute(TemplateExecutor.java:46)
	at org.junit.jupiter.engine.descriptor.TestTemplateTestDescriptor.execute(TestTemplateTestDescriptor.java:112)
	at org.junit.jupiter.engine.descriptor.TestTemplateTestDescriptor.execute(TestTemplateTestDescriptor.java:40)
	at org.junit.platform.engine.support.hierarchical.NodeTestTask.lambda$executeRecursively$2(NodeTestTask.java:176)
	at org.junit.platform.engine.support.hierarchical.ThrowableCollector.execute(ThrowableCollector.java:74)
	at org.junit.platform.engine.support.hierarchical.NodeTestTask.lambda$executeRecursively$1(NodeTestTask.java:166)
	at org.junit.platform.engine.support.hierarchical.Node.around(Node.java:138)
	at org.junit.platform.engine.support.hierarchical.NodeTestTask.lambda$executeRecursively$0(NodeTestTask.java:164)
	at org.junit.platform.engine.support.hierarchical.ThrowableCollector.execute(ThrowableCollector.java:74)
	at org.junit.platform.engine.support.hierarchical.NodeTestTask.executeRecursively(NodeTestTask.java:163)
	at org.junit.platform.engine.support.hierarchical.NodeTestTask.execute(NodeTestTask.java:116)
	at java.base/java.util.ArrayList.forEach(ArrayList.java:1596)
	at org.junit.platform.engine.support.hierarchical.SameThreadHierarchicalTestExecutorService.invokeAll(SameThreadHierarchicalTestExecutorService.java:42)
	at org.junit.platform.engine.support.hierarchical.NodeTestTask.lambda$executeRecursively$2(NodeTestTask.java:180)
	at org.junit.platform.engine.support.hierarchical.ThrowableCollector.execute(ThrowableCollector.java:74)
	at org.junit.platform.engine.support.hierarchical.NodeTestTask.lambda$executeRecursively$1(NodeTestTask.java:166)
	at org.junit.platform.engine.support.hierarchical.Node.around(Node.java:138)
	at org.junit.platform.engine.support.hierarchical.NodeTestTask.lambda$executeRecursively$0(NodeTestTask.java:164)
	at org.junit.platform.engine.support.hierarchical.ThrowableCollector.execute(ThrowableCollector.java:74)
	at org.junit.platform.engine.support.hierarchical.NodeTestTask.executeRecursively(NodeTestTask.java:163)
	at org.junit.platform.engine.support.hierarchical.NodeTestTask.execute(NodeTestTask.java:116)
	at java.base/java.util.ArrayList.forEach(ArrayList.java:1596)
	at org.junit.platform.engine.support.hierarchical.SameThreadHierarchicalTestExecutorService.invokeAll(SameThreadHierarchicalTestExecutorService.java:42)
	at org.junit.platform.engine.support.hierarchical.NodeTestTask.lambda$executeRecursively$2(NodeTestTask.java:180)
	at org.junit.platform.engine.support.hierarchical.ThrowableCollector.execute(ThrowableCollector.java:74)
	at org.junit.platform.engine.support.hierarchical.NodeTestTask.lambda$executeRecursively$1(NodeTestTask.java:166)
	at org.junit.platform.engine.support.hierarchical.Node.around(Node.java:138)
	at org.junit.platform.engine.support.hierarchical.NodeTestTask.lambda$executeRecursively$0(NodeTestTask.java:164)
	at org.junit.platform.engine.support.hierarchical.ThrowableCollector.execute(ThrowableCollector.java:74)
	at org.junit.platform.engine.support.hierarchical.NodeTestTask.executeRecursively(NodeTestTask.java:163)
	at org.junit.platform.engine.support.hierarchical.NodeTestTask.execute(NodeTestTask.java:116)
	at org.junit.platform.engine.support.hierarchical.SameThreadHierarchicalTestExecutorService.submit(SameThreadHierarchicalTestExecutorService.java:36)
	at org.junit.platform.engine.support.hierarchical.HierarchicalTestExecutor.execute(HierarchicalTestExecutor.java:52)
	at org.junit.platform.engine.support.hierarchical.HierarchicalTestEngine.execute(HierarchicalTestEngine.java:58)
	at org.junit.platform.launcher.core.EngineExecutionOrchestrator.executeEngine(EngineExecutionOrchestrator.java:246)
	at org.junit.platform.launcher.core.EngineExecutionOrchestrator.failOrExecuteEngine(EngineExecutionOrchestrator.java:218)
	at org.junit.platform.launcher.core.EngineExecutionOrchestrator.execute(EngineExecutionOrchestrator.java:179)
	at org.junit.platform.launcher.core.EngineExecutionOrchestrator.execute(EngineExecutionOrchestrator.java:108)
	at org.junit.platform.launcher.core.EngineExecutionOrchestrator.lambda$execute$0(EngineExecutionOrchestrator.java:66)
	at org.junit.platform.launcher.core.EngineExecutionOrchestrator.withInterceptedStreams(EngineExecutionOrchestrator.java:157)
	at org.junit.platform.launcher.core.EngineExecutionOrchestrator.execute(EngineExecutionOrchestrator.java:65)
	at org.junit.platform.launcher.core.DefaultLauncher.execute(DefaultLauncher.java:125)
	at org.junit.platform.launcher.core.DefaultLauncher.execute(DefaultLauncher.java:114)
	at org.junit.platform.launcher.core.DelegatingLauncher.execute(DelegatingLauncher.java:58)
	at org.junit.platform.launcher.core.InterceptingLauncher.lambda$execute$2(InterceptingLauncher.java:57)
	at org.junit.platform.launcher.core.ClasspathAlignmentCheckingLauncherInterceptor.intercept(ClasspathAlignmentCheckingLauncherInterceptor.java:25)
	at org.junit.platform.launcher.core.InterceptingLauncher.execute(InterceptingLauncher.java:56)
	at org.junit.platform.launcher.core.DelegatingLauncher.execute(DelegatingLauncher.java:58)
	at java.base/jdk.internal.reflect.DirectMethodHandleAccessor.invoke(DirectMethodHandleAccessor.java:103)
	at java.base/java.lang.reflect.Method.invoke(Method.java:580)
	at org.apache.maven.surefire.api.util.ReflectionUtils.invokeMethodWithArray(ReflectionUtils.java:125)
	at org.apache.maven.surefire.junitplatform.LauncherAdapter.executeWithCancellationToken(LauncherAdapter.java:68)
	at org.apache.maven.surefire.junitplatform.LauncherAdapter.execute(LauncherAdapter.java:54)
	at org.apache.maven.surefire.junitplatform.JUnitPlatformProvider.execute(JUnitPlatformProvider.java:203)
	at org.apache.maven.surefire.junitplatform.JUnitPlatformProvider.invokeAllTests(JUnitPlatformProvider.java:168)
	at org.apache.maven.surefire.junitplatform.JUnitPlatformProvider.invoke(JUnitPlatformProvider.java:134)
	at org.apache.maven.surefire.booter.ForkedBooter.runSuitesInProcess(ForkedBooter.java:385)
	at org.apache.maven.surefire.booter.ForkedBooter.execute(ForkedBooter.java:162)
	at org.apache.maven.surefire.booter.ForkedBooter.run(ForkedBooter.java:507)
	at org.apache.maven.surefire.booter.ForkedBooter.main(ForkedBooter.java:495)
09:59:35.839 [main] WARN org.namewta.notify.adapter.event.InAppCommittedPushListener -- 站内实时提示失败，messageId=9220001, reason=IllegalStateException
09:59:35.865 [main] INFO com.baomidou.dynamic.datasource.DynamicRoutingDataSource -- dynamic-datasource start closing ....
09:59:35.865 [main] INFO com.baomidou.dynamic.datasource.DynamicRoutingDataSource -- dynamic-datasource all closed success,bye
09:59:35.865 [main] INFO com.zaxxer.hikari.HikariDataSource -- HikariPool-17 - Shutdown initiated...
09:59:35.876 [main] INFO com.zaxxer.hikari.HikariDataSource -- HikariPool-17 - Shutdown completed.
09:59:35.880 [main] INFO com.baomidou.dynamic.datasource.DynamicRoutingDataSource -- dynamic-datasource - add a datasource named [master] success
09:59:35.984 [main] INFO org.redisson.Version -- Redisson 4.6.1
09:59:35.990 [redisson-netty-53-1] INFO org.redisson.connection.ConnectionsHolder -- 1 connections initialized for 127.0.0.1/127.0.0.1:32829
09:59:35.990 [redisson-netty-53-2] INFO org.redisson.connection.ConnectionsHolder -- 1 connections initialized for 127.0.0.1/127.0.0.1:32829
09:59:36.014 [main] INFO com.zaxxer.hikari.HikariDataSource -- HikariPool-18 - Starting...
09:59:36.018 [main] INFO com.zaxxer.hikari.pool.HikariPool -- HikariPool-18 - Added connection com.mysql.cj.jdbc.ConnectionImpl@21ff56e7
09:59:36.019 [main] INFO com.zaxxer.hikari.HikariDataSource -- HikariPool-18 - Start completed.
09:59:36.127 [main] INFO com.baomidou.dynamic.datasource.DynamicRoutingDataSource -- dynamic-datasource start closing ....
09:59:36.127 [main] INFO com.baomidou.dynamic.datasource.DynamicRoutingDataSource -- dynamic-datasource all closed success,bye
09:59:36.127 [main] INFO com.zaxxer.hikari.HikariDataSource -- HikariPool-18 - Shutdown initiated...
09:59:36.154 [main] INFO com.zaxxer.hikari.HikariDataSource -- HikariPool-18 - Shutdown completed.
09:59:36.155 [main] INFO com.baomidou.dynamic.datasource.DynamicRoutingDataSource -- dynamic-datasource - add a datasource named [master] success
09:59:36.279 [main] INFO org.redisson.Version -- Redisson 4.6.1
09:59:36.285 [redisson-netty-56-2] INFO org.redisson.connection.ConnectionsHolder -- 1 connections initialized for 127.0.0.1/127.0.0.1:32829
09:59:36.285 [redisson-netty-56-1] INFO org.redisson.connection.ConnectionsHolder -- 1 connections initialized for 127.0.0.1/127.0.0.1:32829
09:59:36.303 [main] INFO com.zaxxer.hikari.HikariDataSource -- HikariPool-19 - Starting...
09:59:36.309 [main] INFO com.zaxxer.hikari.pool.HikariPool -- HikariPool-19 - Added connection com.mysql.cj.jdbc.ConnectionImpl@34b4f6c3
09:59:36.310 [main] INFO com.zaxxer.hikari.HikariDataSource -- HikariPool-19 - Start completed.
09:59:36.422 [main] INFO com.baomidou.dynamic.datasource.DynamicRoutingDataSource -- dynamic-datasource start closing ....
09:59:36.422 [main] INFO com.baomidou.dynamic.datasource.DynamicRoutingDataSource -- dynamic-datasource all closed success,bye
09:59:36.422 [main] INFO com.zaxxer.hikari.HikariDataSource -- HikariPool-19 - Shutdown initiated...
09:59:36.446 [main] INFO com.zaxxer.hikari.HikariDataSource -- HikariPool-19 - Shutdown completed.
09:59:36.448 [main] INFO com.baomidou.dynamic.datasource.DynamicRoutingDataSource -- dynamic-datasource - add a datasource named [master] success
09:59:36.582 [main] INFO org.redisson.Version -- Redisson 4.6.1
09:59:36.586 [redisson-netty-59-2] INFO org.redisson.connection.ConnectionsHolder -- 1 connections initialized for 127.0.0.1/127.0.0.1:32829
09:59:36.586 [redisson-netty-59-1] INFO org.redisson.connection.ConnectionsHolder -- 1 connections initialized for 127.0.0.1/127.0.0.1:32829
09:59:36.613 [main] INFO com.zaxxer.hikari.HikariDataSource -- HikariPool-20 - Starting...
09:59:36.619 [main] INFO com.zaxxer.hikari.pool.HikariPool -- HikariPool-20 - Added connection com.mysql.cj.jdbc.ConnectionImpl@b940d24
09:59:36.619 [main] INFO com.zaxxer.hikari.HikariDataSource -- HikariPool-20 - Start completed.
09:59:36.745 [main] INFO com.baomidou.dynamic.datasource.DynamicRoutingDataSource -- dynamic-datasource start closing ....
09:59:36.745 [main] INFO com.baomidou.dynamic.datasource.DynamicRoutingDataSource -- dynamic-datasource all closed success,bye
09:59:36.745 [main] INFO com.zaxxer.hikari.HikariDataSource -- HikariPool-20 - Shutdown initiated...
09:59:36.755 [main] INFO com.zaxxer.hikari.HikariDataSource -- HikariPool-20 - Shutdown completed.
09:59:36.757 [main] INFO com.baomidou.dynamic.datasource.DynamicRoutingDataSource -- dynamic-datasource - add a datasource named [master] success
09:59:36.878 [main] INFO org.redisson.Version -- Redisson 4.6.1
09:59:36.883 [redisson-netty-62-1] INFO org.redisson.connection.ConnectionsHolder -- 1 connections initialized for 127.0.0.1/127.0.0.1:32829
09:59:36.884 [redisson-netty-62-2] INFO org.redisson.connection.ConnectionsHolder -- 1 connections initialized for 127.0.0.1/127.0.0.1:32829
09:59:36.903 [main] INFO com.zaxxer.hikari.HikariDataSource -- HikariPool-21 - Starting...
09:59:36.909 [main] INFO com.zaxxer.hikari.pool.HikariPool -- HikariPool-21 - Added connection com.mysql.cj.jdbc.ConnectionImpl@51b1039c
09:59:36.910 [main] INFO com.zaxxer.hikari.HikariDataSource -- HikariPool-21 - Start completed.
09:59:36.976 [main] INFO com.baomidou.dynamic.datasource.DynamicRoutingDataSource -- dynamic-datasource start closing ....
09:59:36.977 [main] INFO com.baomidou.dynamic.datasource.DynamicRoutingDataSource -- dynamic-datasource all closed success,bye
09:59:36.977 [main] INFO com.zaxxer.hikari.HikariDataSource -- HikariPool-21 - Shutdown initiated...
09:59:36.980 [main] INFO com.zaxxer.hikari.HikariDataSource -- HikariPool-21 - Shutdown completed.
09:59:36.982 [main] INFO com.baomidou.dynamic.datasource.DynamicRoutingDataSource -- dynamic-datasource - add a datasource named [master] success
09:59:37.135 [main] INFO org.redisson.Version -- Redisson 4.6.1
09:59:37.143 [redisson-netty-65-1] INFO org.redisson.connection.ConnectionsHolder -- 1 connections initialized for 127.0.0.1/127.0.0.1:32829
09:59:37.143 [redisson-netty-65-2] INFO org.redisson.connection.ConnectionsHolder -- 1 connections initialized for 127.0.0.1/127.0.0.1:32829
09:59:37.164 [main] INFO com.zaxxer.hikari.HikariDataSource -- HikariPool-22 - Starting...
09:59:37.171 [main] INFO com.zaxxer.hikari.pool.HikariPool -- HikariPool-22 - Added connection com.mysql.cj.jdbc.ConnectionImpl@250cbcb9
09:59:37.171 [main] INFO com.zaxxer.hikari.HikariDataSource -- HikariPool-22 - Start completed.
09:59:37.400 [main] WARN org.namewta.notify.adapter.event.InAppCommittedPushListener -- 站内实时提示失败，messageId=9220001, reason=IllegalStateException
09:59:37.449 [main] INFO com.baomidou.dynamic.datasource.DynamicRoutingDataSource -- dynamic-datasource start closing ....
09:59:37.449 [main] INFO com.baomidou.dynamic.datasource.DynamicRoutingDataSource -- dynamic-datasource all closed success,bye
09:59:37.449 [main] INFO com.zaxxer.hikari.HikariDataSource -- HikariPool-22 - Shutdown initiated...
09:59:37.460 [main] INFO com.zaxxer.hikari.HikariDataSource -- HikariPool-22 - Shutdown completed.
09:59:37.463 [main] INFO com.baomidou.dynamic.datasource.DynamicRoutingDataSource -- dynamic-datasource - add a datasource named [master] success
09:59:37.600 [main] INFO org.redisson.Version -- Redisson 4.6.1
09:59:37.605 [redisson-netty-68-1] INFO org.redisson.connection.ConnectionsHolder -- 1 connections initialized for 127.0.0.1/127.0.0.1:32829
09:59:37.606 [redisson-netty-68-2] INFO org.redisson.connection.ConnectionsHolder -- 1 connections initialized for 127.0.0.1/127.0.0.1:32829
09:59:37.630 [main] INFO com.zaxxer.hikari.HikariDataSource -- HikariPool-23 - Starting...
09:59:37.636 [main] INFO com.zaxxer.hikari.pool.HikariPool -- HikariPool-23 - Added connection com.mysql.cj.jdbc.ConnectionImpl@6e0576da
09:59:37.636 [main] INFO com.zaxxer.hikari.HikariDataSource -- HikariPool-23 - Start completed.
09:59:37.844 [main] INFO com.baomidou.dynamic.datasource.DynamicRoutingDataSource -- dynamic-datasource start closing ....
09:59:37.844 [main] INFO com.baomidou.dynamic.datasource.DynamicRoutingDataSource -- dynamic-datasource all closed success,bye
09:59:37.844 [main] INFO com.zaxxer.hikari.HikariDataSource -- HikariPool-23 - Shutdown initiated...
09:59:37.868 [main] INFO com.zaxxer.hikari.HikariDataSource -- HikariPool-23 - Shutdown completed.
09:59:37.870 [main] INFO com.baomidou.dynamic.datasource.DynamicRoutingDataSource -- dynamic-datasource - add a datasource named [master] success
09:59:37.969 [main] INFO org.redisson.Version -- Redisson 4.6.1
09:59:37.975 [redisson-netty-71-1] INFO org.redisson.connection.ConnectionsHolder -- 1 connections initialized for 127.0.0.1/127.0.0.1:32829
09:59:37.975 [redisson-netty-71-2] INFO org.redisson.connection.ConnectionsHolder -- 1 connections initialized for 127.0.0.1/127.0.0.1:32829
09:59:37.994 [main] INFO com.zaxxer.hikari.HikariDataSource -- HikariPool-24 - Starting...
09:59:37.998 [main] INFO com.zaxxer.hikari.pool.HikariPool -- HikariPool-24 - Added connection com.mysql.cj.jdbc.ConnectionImpl@7584b20d
09:59:37.998 [main] INFO com.zaxxer.hikari.HikariDataSource -- HikariPool-24 - Start completed.
09:59:38.064 [main] WARN org.namewta.notify.adapter.event.InAppCommittedPushListener -- 站内实时提示失败，messageId=9220001, reason=IllegalStateException
09:59:38.095 [main] INFO com.baomidou.dynamic.datasource.DynamicRoutingDataSource -- dynamic-datasource start closing ....
09:59:38.095 [main] INFO com.baomidou.dynamic.datasource.DynamicRoutingDataSource -- dynamic-datasource all closed success,bye
09:59:38.095 [main] INFO com.zaxxer.hikari.HikariDataSource -- HikariPool-24 - Shutdown initiated...
09:59:38.096 [main] INFO com.zaxxer.hikari.HikariDataSource -- HikariPool-24 - Shutdown completed.
09:59:38.099 [main] INFO com.baomidou.dynamic.datasource.DynamicRoutingDataSource -- dynamic-datasource - add a datasource named [master] success
09:59:38.215 [main] INFO org.redisson.Version -- Redisson 4.6.1
09:59:38.220 [redisson-netty-74-1] INFO org.redisson.connection.ConnectionsHolder -- 1 connections initialized for 127.0.0.1/127.0.0.1:32829
09:59:38.220 [redisson-netty-74-2] INFO org.redisson.connection.ConnectionsHolder -- 1 connections initialized for 127.0.0.1/127.0.0.1:32829
09:59:38.240 [main] INFO com.zaxxer.hikari.HikariDataSource -- HikariPool-25 - Starting...
09:59:38.244 [main] INFO com.zaxxer.hikari.pool.HikariPool -- HikariPool-25 - Added connection com.mysql.cj.jdbc.ConnectionImpl@53e6c75c
09:59:38.244 [main] INFO com.zaxxer.hikari.HikariDataSource -- HikariPool-25 - Start completed.
09:59:38.338 [main] INFO com.baomidou.dynamic.datasource.DynamicRoutingDataSource -- dynamic-datasource start closing ....
09:59:38.338 [main] INFO com.baomidou.dynamic.datasource.DynamicRoutingDataSource -- dynamic-datasource all closed success,bye
09:59:38.338 [main] INFO com.zaxxer.hikari.HikariDataSource -- HikariPool-25 - Shutdown initiated...
09:59:38.339 [main] INFO com.zaxxer.hikari.HikariDataSource -- HikariPool-25 - Shutdown completed.
09:59:38.342 [main] INFO com.baomidou.dynamic.datasource.DynamicRoutingDataSource -- dynamic-datasource - add a datasource named [master] success
09:59:38.459 [main] INFO org.redisson.Version -- Redisson 4.6.1
09:59:38.464 [redisson-netty-77-1] INFO org.redisson.connection.ConnectionsHolder -- 1 connections initialized for 127.0.0.1/127.0.0.1:32829
09:59:38.464 [redisson-netty-77-2] INFO org.redisson.connection.ConnectionsHolder -- 1 connections initialized for 127.0.0.1/127.0.0.1:32829
09:59:38.483 [main] INFO com.zaxxer.hikari.HikariDataSource -- HikariPool-26 - Starting...
09:59:38.489 [main] INFO com.zaxxer.hikari.pool.HikariPool -- HikariPool-26 - Added connection com.mysql.cj.jdbc.ConnectionImpl@1f36bed9
09:59:38.490 [main] INFO com.zaxxer.hikari.HikariDataSource -- HikariPool-26 - Start completed.
09:59:38.570 [main] INFO com.baomidou.dynamic.datasource.DynamicRoutingDataSource -- dynamic-datasource start closing ....
09:59:38.570 [main] INFO com.baomidou.dynamic.datasource.DynamicRoutingDataSource -- dynamic-datasource all closed success,bye
09:59:38.570 [main] INFO com.zaxxer.hikari.HikariDataSource -- HikariPool-26 - Shutdown initiated...
09:59:38.570 [main] INFO com.zaxxer.hikari.HikariDataSource -- HikariPool-26 - Shutdown completed.
09:59:38.573 [main] INFO com.baomidou.dynamic.datasource.DynamicRoutingDataSource -- dynamic-datasource - add a datasource named [master] success
09:59:38.685 [main] INFO org.redisson.Version -- Redisson 4.6.1
09:59:38.690 [redisson-netty-80-1] INFO org.redisson.connection.ConnectionsHolder -- 1 connections initialized for 127.0.0.1/127.0.0.1:32829
09:59:38.692 [redisson-netty-80-2] INFO org.redisson.connection.ConnectionsHolder -- 1 connections initialized for 127.0.0.1/127.0.0.1:32829
09:59:38.710 [main] INFO com.zaxxer.hikari.HikariDataSource -- HikariPool-27 - Starting...
09:59:38.716 [main] INFO com.zaxxer.hikari.pool.HikariPool -- HikariPool-27 - Added connection com.mysql.cj.jdbc.ConnectionImpl@609f3626
09:59:38.716 [main] INFO com.zaxxer.hikari.HikariDataSource -- HikariPool-27 - Start completed.
09:59:38.787 [main] INFO com.baomidou.dynamic.datasource.DynamicRoutingDataSource -- dynamic-datasource start closing ....
09:59:38.787 [main] INFO com.baomidou.dynamic.datasource.DynamicRoutingDataSource -- dynamic-datasource all closed success,bye
09:59:38.787 [main] INFO com.zaxxer.hikari.HikariDataSource -- HikariPool-27 - Shutdown initiated...
09:59:38.788 [main] INFO com.zaxxer.hikari.HikariDataSource -- HikariPool-27 - Shutdown completed.
09:59:38.791 [main] INFO com.baomidou.dynamic.datasource.DynamicRoutingDataSource -- dynamic-datasource - add a datasource named [master] success
09:59:38.885 [main] INFO org.redisson.Version -- Redisson 4.6.1
09:59:38.888 [redisson-netty-83-1] INFO org.redisson.connection.ConnectionsHolder -- 1 connections initialized for 127.0.0.1/127.0.0.1:32829
09:59:38.890 [redisson-netty-83-2] INFO org.redisson.connection.ConnectionsHolder -- 1 connections initialized for 127.0.0.1/127.0.0.1:32829
09:59:38.906 [main] INFO com.zaxxer.hikari.HikariDataSource -- HikariPool-28 - Starting...
09:59:38.911 [main] INFO com.zaxxer.hikari.pool.HikariPool -- HikariPool-28 - Added connection com.mysql.cj.jdbc.ConnectionImpl@671e3bd4
09:59:38.911 [main] INFO com.zaxxer.hikari.HikariDataSource -- HikariPool-28 - Start completed.
09:59:39.002 [main] INFO com.baomidou.dynamic.datasource.DynamicRoutingDataSource -- dynamic-datasource start closing ....
09:59:39.002 [main] INFO com.baomidou.dynamic.datasource.DynamicRoutingDataSource -- dynamic-datasource all closed success,bye
09:59:39.002 [main] INFO com.zaxxer.hikari.HikariDataSource -- HikariPool-28 - Shutdown initiated...
09:59:39.003 [main] INFO com.zaxxer.hikari.HikariDataSource -- HikariPool-28 - Shutdown completed.
09:59:39.005 [main] INFO com.baomidou.dynamic.datasource.DynamicRoutingDataSource -- dynamic-datasource - add a datasource named [master] success
09:59:39.107 [main] INFO org.redisson.Version -- Redisson 4.6.1
09:59:39.113 [redisson-netty-86-2] INFO org.redisson.connection.ConnectionsHolder -- 1 connections initialized for 127.0.0.1/127.0.0.1:32829
09:59:39.113 [redisson-netty-86-1] INFO org.redisson.connection.ConnectionsHolder -- 1 connections initialized for 127.0.0.1/127.0.0.1:32829
09:59:39.132 [main] INFO com.zaxxer.hikari.HikariDataSource -- HikariPool-29 - Starting...
09:59:39.136 [main] INFO com.zaxxer.hikari.pool.HikariPool -- HikariPool-29 - Added connection com.mysql.cj.jdbc.ConnectionImpl@427a0746
09:59:39.136 [main] INFO com.zaxxer.hikari.HikariDataSource -- HikariPool-29 - Start completed.
09:59:39.260 [main] INFO com.baomidou.dynamic.datasource.DynamicRoutingDataSource -- dynamic-datasource start closing ....
09:59:39.260 [main] INFO com.baomidou.dynamic.datasource.DynamicRoutingDataSource -- dynamic-datasource all closed success,bye
09:59:39.260 [main] INFO com.zaxxer.hikari.HikariDataSource -- HikariPool-29 - Shutdown initiated...
09:59:39.276 [main] INFO com.zaxxer.hikari.HikariDataSource -- HikariPool-29 - Shutdown completed.
09:59:39.278 [main] INFO com.baomidou.dynamic.datasource.DynamicRoutingDataSource -- dynamic-datasource - add a datasource named [master] success
09:59:39.387 [main] INFO org.redisson.Version -- Redisson 4.6.1
09:59:39.390 [redisson-netty-89-2] INFO org.redisson.connection.ConnectionsHolder -- 1 connections initialized for 127.0.0.1/127.0.0.1:32829
09:59:39.390 [redisson-netty-89-1] INFO org.redisson.connection.ConnectionsHolder -- 1 connections initialized for 127.0.0.1/127.0.0.1:32829
09:59:39.404 [main] INFO com.zaxxer.hikari.HikariDataSource -- HikariPool-30 - Starting...
09:59:39.410 [main] INFO com.zaxxer.hikari.pool.HikariPool -- HikariPool-30 - Added connection com.mysql.cj.jdbc.ConnectionImpl@25af328e
09:59:39.410 [main] INFO com.zaxxer.hikari.HikariDataSource -- HikariPool-30 - Start completed.
09:59:39.533 [main] INFO com.baomidou.dynamic.datasource.DynamicRoutingDataSource -- dynamic-datasource start closing ....
09:59:39.534 [main] INFO com.baomidou.dynamic.datasource.DynamicRoutingDataSource -- dynamic-datasource all closed success,bye
09:59:39.534 [main] INFO com.zaxxer.hikari.HikariDataSource -- HikariPool-30 - Shutdown initiated...
09:59:39.546 [main] INFO com.zaxxer.hikari.HikariDataSource -- HikariPool-30 - Shutdown completed.
09:59:39.548 [main] INFO com.baomidou.dynamic.datasource.DynamicRoutingDataSource -- dynamic-datasource - add a datasource named [master] success
09:59:39.663 [main] INFO org.redisson.Version -- Redisson 4.6.1
09:59:39.667 [redisson-netty-92-1] INFO org.redisson.connection.ConnectionsHolder -- 1 connections initialized for 127.0.0.1/127.0.0.1:32829
09:59:39.667 [redisson-netty-92-2] INFO org.redisson.connection.ConnectionsHolder -- 1 connections initialized for 127.0.0.1/127.0.0.1:32829
09:59:39.688 [main] INFO com.zaxxer.hikari.HikariDataSource -- HikariPool-31 - Starting...
09:59:39.694 [main] INFO com.zaxxer.hikari.pool.HikariPool -- HikariPool-31 - Added connection com.mysql.cj.jdbc.ConnectionImpl@5ad07e46
09:59:39.694 [main] INFO com.zaxxer.hikari.HikariDataSource -- HikariPool-31 - Start completed.
09:59:39.809 [main] INFO com.baomidou.dynamic.datasource.DynamicRoutingDataSource -- dynamic-datasource start closing ....
09:59:39.809 [main] INFO com.baomidou.dynamic.datasource.DynamicRoutingDataSource -- dynamic-datasource all closed success,bye
09:59:39.809 [main] INFO com.zaxxer.hikari.HikariDataSource -- HikariPool-31 - Shutdown initiated...
09:59:39.831 [main] INFO com.zaxxer.hikari.HikariDataSource -- HikariPool-31 - Shutdown completed.
09:59:39.834 [main] INFO com.baomidou.dynamic.datasource.DynamicRoutingDataSource -- dynamic-datasource - add a datasource named [master] success
09:59:39.944 [main] INFO org.redisson.Version -- Redisson 4.6.1
09:59:39.950 [redisson-netty-95-1] INFO org.redisson.connection.ConnectionsHolder -- 1 connections initialized for 127.0.0.1/127.0.0.1:32829
09:59:39.951 [redisson-netty-95-2] INFO org.redisson.connection.ConnectionsHolder -- 1 connections initialized for 127.0.0.1/127.0.0.1:32829
09:59:39.968 [main] INFO com.zaxxer.hikari.HikariDataSource -- HikariPool-32 - Starting...
09:59:39.974 [main] INFO com.zaxxer.hikari.pool.HikariPool -- HikariPool-32 - Added connection com.mysql.cj.jdbc.ConnectionImpl@765f934e
09:59:39.974 [main] INFO com.zaxxer.hikari.HikariDataSource -- HikariPool-32 - Start completed.
09:59:40.107 [main] INFO com.baomidou.dynamic.datasource.DynamicRoutingDataSource -- dynamic-datasource start closing ....
09:59:40.107 [main] INFO com.baomidou.dynamic.datasource.DynamicRoutingDataSource -- dynamic-datasource all closed success,bye
09:59:40.107 [main] INFO com.zaxxer.hikari.HikariDataSource -- HikariPool-32 - Shutdown initiated...
09:59:40.110 [main] INFO com.zaxxer.hikari.HikariDataSource -- HikariPool-32 - Shutdown completed.
09:59:40.113 [main] INFO com.baomidou.dynamic.datasource.DynamicRoutingDataSource -- dynamic-datasource - add a datasource named [master] success
09:59:40.246 [main] INFO org.redisson.Version -- Redisson 4.6.1
09:59:40.251 [redisson-netty-98-2] INFO org.redisson.connection.ConnectionsHolder -- 1 connections initialized for 127.0.0.1/127.0.0.1:32829
09:59:40.251 [redisson-netty-98-1] INFO org.redisson.connection.ConnectionsHolder -- 1 connections initialized for 127.0.0.1/127.0.0.1:32829
09:59:40.270 [main] INFO com.zaxxer.hikari.HikariDataSource -- HikariPool-33 - Starting...
09:59:40.275 [main] INFO com.zaxxer.hikari.pool.HikariPool -- HikariPool-33 - Added connection com.mysql.cj.jdbc.ConnectionImpl@7b595de
09:59:40.275 [main] INFO com.zaxxer.hikari.HikariDataSource -- HikariPool-33 - Start completed.
09:59:40.407 [main] INFO com.baomidou.dynamic.datasource.DynamicRoutingDataSource -- dynamic-datasource start closing ....
09:59:40.408 [main] INFO com.baomidou.dynamic.datasource.DynamicRoutingDataSource -- dynamic-datasource all closed success,bye
09:59:40.408 [main] INFO com.zaxxer.hikari.HikariDataSource -- HikariPool-33 - Shutdown initiated...
09:59:40.421 [main] INFO com.zaxxer.hikari.HikariDataSource -- HikariPool-33 - Shutdown completed.
09:59:40.424 [main] INFO com.baomidou.dynamic.datasource.DynamicRoutingDataSource -- dynamic-datasource - add a datasource named [master] success
09:59:40.556 [main] INFO org.redisson.Version -- Redisson 4.6.1
09:59:40.562 [redisson-netty-101-1] INFO org.redisson.connection.ConnectionsHolder -- 1 connections initialized for 127.0.0.1/127.0.0.1:32829
09:59:40.563 [redisson-netty-101-2] INFO org.redisson.connection.ConnectionsHolder -- 1 connections initialized for 127.0.0.1/127.0.0.1:32829
09:59:40.583 [main] INFO com.zaxxer.hikari.HikariDataSource -- HikariPool-34 - Starting...
09:59:40.587 [main] INFO com.zaxxer.hikari.pool.HikariPool -- HikariPool-34 - Added connection com.mysql.cj.jdbc.ConnectionImpl@4021890a
09:59:40.587 [main] INFO com.zaxxer.hikari.HikariDataSource -- HikariPool-34 - Start completed.
09:59:40.659 [main] INFO com.baomidou.dynamic.datasource.DynamicRoutingDataSource -- dynamic-datasource start closing ....
09:59:40.660 [main] INFO com.baomidou.dynamic.datasource.DynamicRoutingDataSource -- dynamic-datasource all closed success,bye
09:59:40.660 [main] INFO com.zaxxer.hikari.HikariDataSource -- HikariPool-34 - Shutdown initiated...
09:59:40.661 [main] INFO com.zaxxer.hikari.HikariDataSource -- HikariPool-34 - Shutdown completed.
09:59:40.665 [main] INFO com.baomidou.dynamic.datasource.DynamicRoutingDataSource -- dynamic-datasource - add a datasource named [master] success
09:59:40.791 [main] INFO org.redisson.Version -- Redisson 4.6.1
09:59:40.798 [redisson-netty-104-1] INFO org.redisson.connection.ConnectionsHolder -- 1 connections initialized for 127.0.0.1/127.0.0.1:32829
09:59:40.800 [redisson-netty-104-2] INFO org.redisson.connection.ConnectionsHolder -- 1 connections initialized for 127.0.0.1/127.0.0.1:32829
09:59:40.819 [main] INFO com.zaxxer.hikari.HikariDataSource -- HikariPool-35 - Starting...
09:59:40.824 [main] INFO com.zaxxer.hikari.pool.HikariPool -- HikariPool-35 - Added connection com.mysql.cj.jdbc.ConnectionImpl@7b0579c1
09:59:40.824 [main] INFO com.zaxxer.hikari.HikariDataSource -- HikariPool-35 - Start completed.
09:59:40.915 [main] WARN org.namewta.notify.adapter.event.InAppCommittedPushListener -- 站内实时提示失败，messageId=9220001, reason=IllegalStateException
09:59:40.939 [main] INFO com.baomidou.dynamic.datasource.DynamicRoutingDataSource -- dynamic-datasource start closing ....
09:59:40.940 [main] INFO com.baomidou.dynamic.datasource.DynamicRoutingDataSource -- dynamic-datasource all closed success,bye
09:59:40.940 [main] INFO com.zaxxer.hikari.HikariDataSource -- HikariPool-35 - Shutdown initiated...
09:59:40.961 [main] INFO com.zaxxer.hikari.HikariDataSource -- HikariPool-35 - Shutdown completed.
09:59:40.963 [main] INFO com.baomidou.dynamic.datasource.DynamicRoutingDataSource -- dynamic-datasource - add a datasource named [master] success
09:59:41.071 [main] INFO org.redisson.Version -- Redisson 4.6.1
09:59:41.075 [redisson-netty-107-1] INFO org.redisson.connection.ConnectionsHolder -- 1 connections initialized for 127.0.0.1/127.0.0.1:32829
09:59:41.076 [redisson-netty-107-2] INFO org.redisson.connection.ConnectionsHolder -- 1 connections initialized for 127.0.0.1/127.0.0.1:32829
09:59:41.090 [main] INFO com.zaxxer.hikari.HikariDataSource -- HikariPool-36 - Starting...
09:59:41.097 [main] INFO com.zaxxer.hikari.pool.HikariPool -- HikariPool-36 - Added connection com.mysql.cj.jdbc.ConnectionImpl@5741b80a
09:59:41.098 [main] INFO com.zaxxer.hikari.HikariDataSource -- HikariPool-36 - Start completed.
09:59:41.169 [main] INFO com.baomidou.dynamic.datasource.DynamicRoutingDataSource -- dynamic-datasource start closing ....
09:59:41.169 [main] INFO com.baomidou.dynamic.datasource.DynamicRoutingDataSource -- dynamic-datasource all closed success,bye
09:59:41.169 [main] INFO com.zaxxer.hikari.HikariDataSource -- HikariPool-36 - Shutdown initiated...
09:59:41.170 [main] INFO com.zaxxer.hikari.HikariDataSource -- HikariPool-36 - Shutdown completed.
09:59:41.172 [main] INFO com.baomidou.dynamic.datasource.DynamicRoutingDataSource -- dynamic-datasource - add a datasource named [master] success
09:59:41.286 [main] INFO org.redisson.Version -- Redisson 4.6.1
09:59:41.290 [redisson-netty-110-2] INFO org.redisson.connection.ConnectionsHolder -- 1 connections initialized for 127.0.0.1/127.0.0.1:32829
09:59:41.290 [redisson-netty-110-1] INFO org.redisson.connection.ConnectionsHolder -- 1 connections initialized for 127.0.0.1/127.0.0.1:32829
09:59:41.311 [main] INFO com.zaxxer.hikari.HikariDataSource -- HikariPool-37 - Starting...
09:59:41.316 [main] INFO com.zaxxer.hikari.pool.HikariPool -- HikariPool-37 - Added connection com.mysql.cj.jdbc.ConnectionImpl@56c856c0
09:59:41.317 [main] INFO com.zaxxer.hikari.HikariDataSource -- HikariPool-37 - Start completed.
09:59:41.389 [main] WARN org.namewta.notify.adapter.event.InAppCommittedPushListener -- 站内实时提示失败，messageId=9220001, reason=IllegalStateException
09:59:41.416 [main] INFO com.baomidou.dynamic.datasource.DynamicRoutingDataSource -- dynamic-datasource start closing ....
09:59:41.416 [main] INFO com.baomidou.dynamic.datasource.DynamicRoutingDataSource -- dynamic-datasource all closed success,bye
09:59:41.416 [main] INFO com.zaxxer.hikari.HikariDataSource -- HikariPool-37 - Shutdown initiated...
09:59:41.417 [main] INFO com.zaxxer.hikari.HikariDataSource -- HikariPool-37 - Shutdown completed.
09:59:41.418 [main] INFO com.baomidou.dynamic.datasource.DynamicRoutingDataSource -- dynamic-datasource - add a datasource named [master] success
09:59:41.514 [main] INFO org.redisson.Version -- Redisson 4.6.1
09:59:41.520 [redisson-netty-113-1] INFO org.redisson.connection.ConnectionsHolder -- 1 connections initialized for 127.0.0.1/127.0.0.1:32829
09:59:41.519 [redisson-netty-113-2] INFO org.redisson.connection.ConnectionsHolder -- 1 connections initialized for 127.0.0.1/127.0.0.1:32829
09:59:41.536 [main] INFO com.zaxxer.hikari.HikariDataSource -- HikariPool-38 - Starting...
09:59:41.541 [main] INFO com.zaxxer.hikari.pool.HikariPool -- HikariPool-38 - Added connection com.mysql.cj.jdbc.ConnectionImpl@45d58964
09:59:41.542 [main] INFO com.zaxxer.hikari.HikariDataSource -- HikariPool-38 - Start completed.
09:59:41.610 [main] INFO com.baomidou.dynamic.datasource.DynamicRoutingDataSource -- dynamic-datasource start closing ....
09:59:41.610 [main] INFO com.baomidou.dynamic.datasource.DynamicRoutingDataSource -- dynamic-datasource all closed success,bye
09:59:41.610 [main] INFO com.zaxxer.hikari.HikariDataSource -- HikariPool-38 - Shutdown initiated...
09:59:41.611 [main] INFO com.zaxxer.hikari.HikariDataSource -- HikariPool-38 - Shutdown completed.
09:59:41.615 [main] INFO com.baomidou.dynamic.datasource.DynamicRoutingDataSource -- dynamic-datasource - add a datasource named [master] success
09:59:41.718 [main] INFO org.redisson.Version -- Redisson 4.6.1
09:59:41.726 [redisson-netty-116-1] INFO org.redisson.connection.ConnectionsHolder -- 1 connections initialized for 127.0.0.1/127.0.0.1:32829
09:59:41.726 [redisson-netty-116-2] INFO org.redisson.connection.ConnectionsHolder -- 1 connections initialized for 127.0.0.1/127.0.0.1:32829
09:59:41.741 [main] INFO com.zaxxer.hikari.HikariDataSource -- HikariPool-39 - Starting...
09:59:41.744 [main] INFO com.zaxxer.hikari.pool.HikariPool -- HikariPool-39 - Added connection com.mysql.cj.jdbc.ConnectionImpl@3d452ced
09:59:41.744 [main] INFO com.zaxxer.hikari.HikariDataSource -- HikariPool-39 - Start completed.
09:59:41.830 [main] WARN org.namewta.notify.adapter.event.InAppCommittedPushListener -- 站内实时提示失败，messageId=9220001, reason=IllegalStateException
09:59:41.854 [main] INFO com.baomidou.dynamic.datasource.DynamicRoutingDataSource -- dynamic-datasource start closing ....
09:59:41.854 [main] INFO com.baomidou.dynamic.datasource.DynamicRoutingDataSource -- dynamic-datasource all closed success,bye
09:59:41.854 [main] INFO com.zaxxer.hikari.HikariDataSource -- HikariPool-39 - Shutdown initiated...
09:59:41.881 [main] INFO com.zaxxer.hikari.HikariDataSource -- HikariPool-39 - Shutdown completed.
09:59:41.883 [main] INFO com.baomidou.dynamic.datasource.DynamicRoutingDataSource -- dynamic-datasource - add a datasource named [master] success
09:59:41.996 [main] INFO org.redisson.Version -- Redisson 4.6.1
09:59:42.002 [redisson-netty-119-1] INFO org.redisson.connection.ConnectionsHolder -- 1 connections initialized for 127.0.0.1/127.0.0.1:32829
09:59:42.002 [redisson-netty-119-2] INFO org.redisson.connection.ConnectionsHolder -- 1 connections initialized for 127.0.0.1/127.0.0.1:32829
09:59:42.021 [main] INFO com.zaxxer.hikari.HikariDataSource -- HikariPool-40 - Starting...
09:59:42.024 [main] INFO com.zaxxer.hikari.pool.HikariPool -- HikariPool-40 - Added connection com.mysql.cj.jdbc.ConnectionImpl@3feaa2b3
09:59:42.025 [main] INFO com.zaxxer.hikari.HikariDataSource -- HikariPool-40 - Start completed.
09:59:42.127 [main] WARN org.namewta.notify.adapter.event.InAppCommittedPushListener -- 站内实时提示失败，messageId=9220001, reason=IllegalStateException
09:59:42.158 [main] INFO com.baomidou.dynamic.datasource.DynamicRoutingDataSource -- dynamic-datasource start closing ....
09:59:42.158 [main] INFO com.baomidou.dynamic.datasource.DynamicRoutingDataSource -- dynamic-datasource all closed success,bye
09:59:42.158 [main] INFO com.zaxxer.hikari.HikariDataSource -- HikariPool-40 - Shutdown initiated...
09:59:42.160 [main] INFO com.zaxxer.hikari.HikariDataSource -- HikariPool-40 - Shutdown completed.
09:59:42.161 [main] INFO com.baomidou.dynamic.datasource.DynamicRoutingDataSource -- dynamic-datasource - add a datasource named [master] success
09:59:42.267 [main] INFO org.redisson.Version -- Redisson 4.6.1
09:59:42.272 [redisson-netty-122-1] INFO org.redisson.connection.ConnectionsHolder -- 1 connections initialized for 127.0.0.1/127.0.0.1:32829
09:59:42.274 [redisson-netty-122-2] INFO org.redisson.connection.ConnectionsHolder -- 1 connections initialized for 127.0.0.1/127.0.0.1:32829
09:59:42.298 [main] INFO com.zaxxer.hikari.HikariDataSource -- HikariPool-41 - Starting...
09:59:42.305 [main] INFO com.zaxxer.hikari.pool.HikariPool -- HikariPool-41 - Added connection com.mysql.cj.jdbc.ConnectionImpl@d7f170c
09:59:42.305 [main] INFO com.zaxxer.hikari.HikariDataSource -- HikariPool-41 - Start completed.
09:59:42.397 [main] WARN org.namewta.notify.adapter.event.InAppCommittedPushListener -- 站内实时提示失败，messageId=9220001, reason=IllegalStateException
09:59:42.423 [main] INFO com.baomidou.dynamic.datasource.DynamicRoutingDataSource -- dynamic-datasource start closing ....
09:59:42.423 [main] INFO com.baomidou.dynamic.datasource.DynamicRoutingDataSource -- dynamic-datasource all closed success,bye
09:59:42.423 [main] INFO com.zaxxer.hikari.HikariDataSource -- HikariPool-41 - Shutdown initiated...
09:59:42.442 [main] INFO com.zaxxer.hikari.HikariDataSource -- HikariPool-41 - Shutdown completed.
09:59:42.445 [main] INFO com.baomidou.dynamic.datasource.DynamicRoutingDataSource -- dynamic-datasource - add a datasource named [master] success
09:59:42.597 [main] INFO org.redisson.Version -- Redisson 4.6.1
09:59:42.601 [redisson-netty-125-1] INFO org.redisson.connection.ConnectionsHolder -- 1 connections initialized for 127.0.0.1/127.0.0.1:32829
09:59:42.602 [redisson-netty-125-2] INFO org.redisson.connection.ConnectionsHolder -- 1 connections initialized for 127.0.0.1/127.0.0.1:32829
09:59:42.617 [main] INFO com.zaxxer.hikari.HikariDataSource -- HikariPool-42 - Starting...
09:59:42.623 [main] INFO com.zaxxer.hikari.pool.HikariPool -- HikariPool-42 - Added connection com.mysql.cj.jdbc.ConnectionImpl@5379a77a
09:59:42.624 [main] INFO com.zaxxer.hikari.HikariDataSource -- HikariPool-42 - Start completed.
09:59:42.755 [main] INFO com.baomidou.dynamic.datasource.DynamicRoutingDataSource -- dynamic-datasource start closing ....
09:59:42.755 [main] INFO com.baomidou.dynamic.datasource.DynamicRoutingDataSource -- dynamic-datasource all closed success,bye
09:59:42.755 [main] INFO com.zaxxer.hikari.HikariDataSource -- HikariPool-42 - Shutdown initiated...
09:59:42.763 [main] INFO com.zaxxer.hikari.HikariDataSource -- HikariPool-42 - Shutdown completed.
09:59:42.773 [main] INFO com.baomidou.dynamic.datasource.DynamicRoutingDataSource -- dynamic-datasource - add a datasource named [master] success
09:59:42.896 [main] INFO org.redisson.Version -- Redisson 4.6.1
09:59:42.899 [redisson-netty-128-1] INFO org.redisson.connection.ConnectionsHolder -- 1 connections initialized for 127.0.0.1/127.0.0.1:32829
09:59:42.900 [redisson-netty-128-2] INFO org.redisson.connection.ConnectionsHolder -- 1 connections initialized for 127.0.0.1/127.0.0.1:32829
09:59:42.915 [main] INFO com.zaxxer.hikari.HikariDataSource -- HikariPool-43 - Starting...
09:59:42.920 [main] INFO com.zaxxer.hikari.pool.HikariPool -- HikariPool-43 - Added connection com.mysql.cj.jdbc.ConnectionImpl@3633642f
09:59:42.920 [main] INFO com.zaxxer.hikari.HikariDataSource -- HikariPool-43 - Start completed.
09:59:42.978 [main] INFO com.baomidou.dynamic.datasource.DynamicRoutingDataSource -- dynamic-datasource start closing ....
09:59:42.978 [main] INFO com.baomidou.dynamic.datasource.DynamicRoutingDataSource -- dynamic-datasource all closed success,bye
09:59:42.979 [main] INFO com.zaxxer.hikari.HikariDataSource -- HikariPool-43 - Shutdown initiated...
09:59:42.980 [main] INFO com.zaxxer.hikari.HikariDataSource -- HikariPool-43 - Shutdown completed.
09:59:42.982 [main] INFO com.baomidou.dynamic.datasource.DynamicRoutingDataSource -- dynamic-datasource - add a datasource named [master] success
09:59:43.096 [main] INFO org.redisson.Version -- Redisson 4.6.1
09:59:43.103 [redisson-netty-131-1] INFO org.redisson.connection.ConnectionsHolder -- 1 connections initialized for 127.0.0.1/127.0.0.1:32829
09:59:43.103 [redisson-netty-131-2] INFO org.redisson.connection.ConnectionsHolder -- 1 connections initialized for 127.0.0.1/127.0.0.1:32829
09:59:43.116 [main] INFO com.zaxxer.hikari.HikariDataSource -- HikariPool-44 - Starting...
09:59:43.120 [main] INFO com.zaxxer.hikari.pool.HikariPool -- HikariPool-44 - Added connection com.mysql.cj.jdbc.ConnectionImpl@2b638e54
09:59:43.121 [main] INFO com.zaxxer.hikari.HikariDataSource -- HikariPool-44 - Start completed.
09:59:43.182 [main] INFO com.baomidou.dynamic.datasource.DynamicRoutingDataSource -- dynamic-datasource start closing ....
09:59:43.182 [main] INFO com.baomidou.dynamic.datasource.DynamicRoutingDataSource -- dynamic-datasource all closed success,bye
09:59:43.182 [main] INFO com.zaxxer.hikari.HikariDataSource -- HikariPool-44 - Shutdown initiated...
09:59:43.183 [main] INFO com.zaxxer.hikari.HikariDataSource -- HikariPool-44 - Shutdown completed.
09:59:43.185 [main] INFO com.baomidou.dynamic.datasource.DynamicRoutingDataSource -- dynamic-datasource - add a datasource named [master] success
09:59:43.286 [main] INFO org.redisson.Version -- Redisson 4.6.1
09:59:43.291 [redisson-netty-134-1] INFO org.redisson.connection.ConnectionsHolder -- 1 connections initialized for 127.0.0.1/127.0.0.1:32829
09:59:43.292 [redisson-netty-134-2] INFO org.redisson.connection.ConnectionsHolder -- 1 connections initialized for 127.0.0.1/127.0.0.1:32829
09:59:43.309 [main] INFO com.zaxxer.hikari.HikariDataSource -- HikariPool-45 - Starting...
09:59:43.314 [main] INFO com.zaxxer.hikari.pool.HikariPool -- HikariPool-45 - Added connection com.mysql.cj.jdbc.ConnectionImpl@7a249c93
09:59:43.314 [main] INFO com.zaxxer.hikari.HikariDataSource -- HikariPool-45 - Start completed.
09:59:43.367 [main] INFO com.baomidou.dynamic.datasource.DynamicRoutingDataSource -- dynamic-datasource start closing ....
09:59:43.367 [main] INFO com.baomidou.dynamic.datasource.DynamicRoutingDataSource -- dynamic-datasource all closed success,bye
09:59:43.367 [main] INFO com.zaxxer.hikari.HikariDataSource -- HikariPool-45 - Shutdown initiated...
09:59:43.367 [main] INFO com.zaxxer.hikari.HikariDataSource -- HikariPool-45 - Shutdown completed.
09:59:43.369 [main] INFO com.baomidou.dynamic.datasource.DynamicRoutingDataSource -- dynamic-datasource - add a datasource named [master] success
09:59:43.473 [main] INFO org.redisson.Version -- Redisson 4.6.1
09:59:43.477 [redisson-netty-137-1] INFO org.redisson.connection.ConnectionsHolder -- 1 connections initialized for 127.0.0.1/127.0.0.1:32829
09:59:43.477 [redisson-netty-137-2] INFO org.redisson.connection.ConnectionsHolder -- 1 connections initialized for 127.0.0.1/127.0.0.1:32829
09:59:43.490 [main] INFO com.zaxxer.hikari.HikariDataSource -- HikariPool-46 - Starting...
09:59:43.495 [main] INFO com.zaxxer.hikari.pool.HikariPool -- HikariPool-46 - Added connection com.mysql.cj.jdbc.ConnectionImpl@f4e74b0
09:59:43.495 [main] INFO com.zaxxer.hikari.HikariDataSource -- HikariPool-46 - Start completed.
09:59:43.552 [main] INFO com.baomidou.dynamic.datasource.DynamicRoutingDataSource -- dynamic-datasource start closing ....
09:59:43.552 [main] INFO com.baomidou.dynamic.datasource.DynamicRoutingDataSource -- dynamic-datasource all closed success,bye
09:59:43.552 [main] INFO com.zaxxer.hikari.HikariDataSource -- HikariPool-46 - Shutdown initiated...
09:59:43.553 [main] INFO com.zaxxer.hikari.HikariDataSource -- HikariPool-46 - Shutdown completed.
09:59:43.557 [main] INFO com.baomidou.dynamic.datasource.DynamicRoutingDataSource -- dynamic-datasource - add a datasource named [master] success
09:59:43.696 [main] INFO org.redisson.Version -- Redisson 4.6.1
09:59:43.705 [redisson-netty-140-1] INFO org.redisson.connection.ConnectionsHolder -- 1 connections initialized for 127.0.0.1/127.0.0.1:32829
09:59:43.706 [redisson-netty-140-2] INFO org.redisson.connection.ConnectionsHolder -- 1 connections initialized for 127.0.0.1/127.0.0.1:32829
09:59:43.727 [main] INFO com.zaxxer.hikari.HikariDataSource -- HikariPool-47 - Starting...
09:59:43.732 [main] INFO com.zaxxer.hikari.pool.HikariPool -- HikariPool-47 - Added connection com.mysql.cj.jdbc.ConnectionImpl@7973195e
09:59:43.732 [main] INFO com.zaxxer.hikari.HikariDataSource -- HikariPool-47 - Start completed.
09:59:43.806 [main] INFO com.baomidou.dynamic.datasource.DynamicRoutingDataSource -- dynamic-datasource start closing ....
09:59:43.806 [main] INFO com.baomidou.dynamic.datasource.DynamicRoutingDataSource -- dynamic-datasource all closed success,bye
09:59:43.806 [main] INFO com.zaxxer.hikari.HikariDataSource -- HikariPool-47 - Shutdown initiated...
09:59:43.807 [main] INFO com.zaxxer.hikari.HikariDataSource -- HikariPool-47 - Shutdown completed.
09:59:43.811 [main] INFO com.baomidou.dynamic.datasource.DynamicRoutingDataSource -- dynamic-datasource - add a datasource named [master] success
09:59:43.946 [main] INFO org.redisson.Version -- Redisson 4.6.1
09:59:43.949 [redisson-netty-143-1] INFO org.redisson.connection.ConnectionsHolder -- 1 connections initialized for 127.0.0.1/127.0.0.1:32829
09:59:43.950 [redisson-netty-143-2] INFO org.redisson.connection.ConnectionsHolder -- 1 connections initialized for 127.0.0.1/127.0.0.1:32829
09:59:43.967 [main] INFO com.zaxxer.hikari.HikariDataSource -- HikariPool-48 - Starting...
09:59:43.975 [main] INFO com.zaxxer.hikari.pool.HikariPool -- HikariPool-48 - Added connection com.mysql.cj.jdbc.ConnectionImpl@784ec44d
09:59:43.975 [main] INFO com.zaxxer.hikari.HikariDataSource -- HikariPool-48 - Start completed.
09:59:44.284 [main] INFO com.baomidou.dynamic.datasource.DynamicRoutingDataSource -- dynamic-datasource start closing ....
09:59:44.284 [main] INFO com.baomidou.dynamic.datasource.DynamicRoutingDataSource -- dynamic-datasource all closed success,bye
09:59:44.285 [main] INFO com.zaxxer.hikari.HikariDataSource -- HikariPool-48 - Shutdown initiated...
09:59:44.312 [main] INFO com.zaxxer.hikari.HikariDataSource -- HikariPool-48 - Shutdown completed.
09:59:44.314 [main] INFO com.baomidou.dynamic.datasource.DynamicRoutingDataSource -- dynamic-datasource - add a datasource named [master] success
09:59:44.428 [main] INFO org.redisson.Version -- Redisson 4.6.1
09:59:44.432 [redisson-netty-146-1] INFO org.redisson.connection.ConnectionsHolder -- 1 connections initialized for 127.0.0.1/127.0.0.1:32829
09:59:44.433 [redisson-netty-146-2] INFO org.redisson.connection.ConnectionsHolder -- 1 connections initialized for 127.0.0.1/127.0.0.1:32829
09:59:44.454 [main] INFO com.zaxxer.hikari.HikariDataSource -- HikariPool-49 - Starting...
09:59:44.459 [main] INFO com.zaxxer.hikari.pool.HikariPool -- HikariPool-49 - Added connection com.mysql.cj.jdbc.ConnectionImpl@cbf7f90
09:59:44.459 [main] INFO com.zaxxer.hikari.HikariDataSource -- HikariPool-49 - Start completed.
09:59:44.573 [main] INFO com.baomidou.dynamic.datasource.DynamicRoutingDataSource -- dynamic-datasource start closing ....
09:59:44.573 [main] INFO com.baomidou.dynamic.datasource.DynamicRoutingDataSource -- dynamic-datasource all closed success,bye
09:59:44.573 [main] INFO com.zaxxer.hikari.HikariDataSource -- HikariPool-49 - Shutdown initiated...
09:59:44.594 [main] INFO com.zaxxer.hikari.HikariDataSource -- HikariPool-49 - Shutdown completed.
09:59:44.596 [main] INFO com.baomidou.dynamic.datasource.DynamicRoutingDataSource -- dynamic-datasource - add a datasource named [master] success
09:59:44.727 [main] INFO org.redisson.Version -- Redisson 4.6.1
09:59:44.732 [redisson-netty-149-1] INFO org.redisson.connection.ConnectionsHolder -- 1 connections initialized for 127.0.0.1/127.0.0.1:32829
09:59:44.732 [redisson-netty-149-2] INFO org.redisson.connection.ConnectionsHolder -- 1 connections initialized for 127.0.0.1/127.0.0.1:32829
09:59:44.751 [main] INFO com.zaxxer.hikari.HikariDataSource -- HikariPool-50 - Starting...
09:59:44.755 [main] INFO com.zaxxer.hikari.pool.HikariPool -- HikariPool-50 - Added connection com.mysql.cj.jdbc.ConnectionImpl@3bf0c11d
09:59:44.755 [main] INFO com.zaxxer.hikari.HikariDataSource -- HikariPool-50 - Start completed.
09:59:44.803 [main] INFO com.baomidou.dynamic.datasource.DynamicRoutingDataSource -- dynamic-datasource start closing ....
09:59:44.803 [main] INFO com.baomidou.dynamic.datasource.DynamicRoutingDataSource -- dynamic-datasource all closed success,bye
09:59:44.804 [main] INFO com.zaxxer.hikari.HikariDataSource -- HikariPool-50 - Shutdown initiated...
09:59:44.804 [main] INFO com.zaxxer.hikari.HikariDataSource -- HikariPool-50 - Shutdown completed.
09:59:44.807 [main] INFO com.baomidou.dynamic.datasource.DynamicRoutingDataSource -- dynamic-datasource - add a datasource named [master] success
09:59:44.951 [main] INFO org.redisson.Version -- Redisson 4.6.1
09:59:44.956 [redisson-netty-152-1] INFO org.redisson.connection.ConnectionsHolder -- 1 connections initialized for 127.0.0.1/127.0.0.1:32829
09:59:44.959 [redisson-netty-152-2] INFO org.redisson.connection.ConnectionsHolder -- 1 connections initialized for 127.0.0.1/127.0.0.1:32829
09:59:44.984 [main] INFO com.zaxxer.hikari.HikariDataSource -- HikariPool-51 - Starting...
09:59:44.989 [main] INFO com.zaxxer.hikari.pool.HikariPool -- HikariPool-51 - Added connection com.mysql.cj.jdbc.ConnectionImpl@65d3668
09:59:44.989 [main] INFO com.zaxxer.hikari.HikariDataSource -- HikariPool-51 - Start completed.
09:59:45.068 [main] INFO com.baomidou.dynamic.datasource.DynamicRoutingDataSource -- dynamic-datasource start closing ....
09:59:45.068 [main] INFO com.baomidou.dynamic.datasource.DynamicRoutingDataSource -- dynamic-datasource all closed success,bye
09:59:45.068 [main] INFO com.zaxxer.hikari.HikariDataSource -- HikariPool-51 - Shutdown initiated...
09:59:45.071 [main] INFO com.zaxxer.hikari.HikariDataSource -- HikariPool-51 - Shutdown completed.
09:59:45.073 [main] INFO com.baomidou.dynamic.datasource.DynamicRoutingDataSource -- dynamic-datasource - add a datasource named [master] success
09:59:45.187 [main] INFO org.redisson.Version -- Redisson 4.6.1
09:59:45.192 [redisson-netty-155-1] INFO org.redisson.connection.ConnectionsHolder -- 1 connections initialized for 127.0.0.1/127.0.0.1:32829
09:59:45.193 [redisson-netty-155-2] INFO org.redisson.connection.ConnectionsHolder -- 1 connections initialized for 127.0.0.1/127.0.0.1:32829
09:59:45.213 [main] INFO com.zaxxer.hikari.HikariDataSource -- HikariPool-52 - Starting...
09:59:45.217 [main] INFO com.zaxxer.hikari.pool.HikariPool -- HikariPool-52 - Added connection com.mysql.cj.jdbc.ConnectionImpl@3b1ff451
09:59:45.218 [main] INFO com.zaxxer.hikari.HikariDataSource -- HikariPool-52 - Start completed.
09:59:45.301 [main] INFO com.baomidou.dynamic.datasource.DynamicRoutingDataSource -- dynamic-datasource start closing ....
09:59:45.301 [main] INFO com.baomidou.dynamic.datasource.DynamicRoutingDataSource -- dynamic-datasource all closed success,bye
09:59:45.301 [main] INFO com.zaxxer.hikari.HikariDataSource -- HikariPool-52 - Shutdown initiated...
09:59:45.302 [main] INFO com.zaxxer.hikari.HikariDataSource -- HikariPool-52 - Shutdown completed.
09:59:45.305 [main] INFO com.baomidou.dynamic.datasource.DynamicRoutingDataSource -- dynamic-datasource - add a datasource named [master] success
09:59:45.466 [main] INFO org.redisson.Version -- Redisson 4.6.1
09:59:45.473 [redisson-netty-158-1] INFO org.redisson.connection.ConnectionsHolder -- 1 connections initialized for 127.0.0.1/127.0.0.1:32829
09:59:45.474 [redisson-netty-158-2] INFO org.redisson.connection.ConnectionsHolder -- 1 connections initialized for 127.0.0.1/127.0.0.1:32829
09:59:45.494 [main] INFO com.zaxxer.hikari.HikariDataSource -- HikariPool-53 - Starting...
09:59:45.500 [main] INFO com.zaxxer.hikari.pool.HikariPool -- HikariPool-53 - Added connection com.mysql.cj.jdbc.ConnectionImpl@15f549f1
09:59:45.500 [main] INFO com.zaxxer.hikari.HikariDataSource -- HikariPool-53 - Start completed.
09:59:45.607 [main] INFO com.baomidou.dynamic.datasource.DynamicRoutingDataSource -- dynamic-datasource start closing ....
09:59:45.607 [main] INFO com.baomidou.dynamic.datasource.DynamicRoutingDataSource -- dynamic-datasource all closed success,bye
09:59:45.607 [main] INFO com.zaxxer.hikari.HikariDataSource -- HikariPool-53 - Shutdown initiated...
09:59:45.635 [main] INFO com.zaxxer.hikari.HikariDataSource -- HikariPool-53 - Shutdown completed.
09:59:45.637 [main] INFO com.baomidou.dynamic.datasource.DynamicRoutingDataSource -- dynamic-datasource - add a datasource named [master] success
09:59:45.751 [main] INFO org.redisson.Version -- Redisson 4.6.1
09:59:45.757 [redisson-netty-161-1] INFO org.redisson.connection.ConnectionsHolder -- 1 connections initialized for 127.0.0.1/127.0.0.1:32829
09:59:45.757 [redisson-netty-161-2] INFO org.redisson.connection.ConnectionsHolder -- 1 connections initialized for 127.0.0.1/127.0.0.1:32829
09:59:45.774 [main] INFO com.zaxxer.hikari.HikariDataSource -- HikariPool-54 - Starting...
09:59:45.780 [main] INFO com.zaxxer.hikari.pool.HikariPool -- HikariPool-54 - Added connection com.mysql.cj.jdbc.ConnectionImpl@135c307f
09:59:45.780 [main] INFO com.zaxxer.hikari.HikariDataSource -- HikariPool-54 - Start completed.
09:59:45.897 [main] INFO com.baomidou.dynamic.datasource.DynamicRoutingDataSource -- dynamic-datasource start closing ....
09:59:45.897 [main] INFO com.baomidou.dynamic.datasource.DynamicRoutingDataSource -- dynamic-datasource all closed success,bye
09:59:45.897 [main] INFO com.zaxxer.hikari.HikariDataSource -- HikariPool-54 - Shutdown initiated...
09:59:45.916 [main] INFO com.zaxxer.hikari.HikariDataSource -- HikariPool-54 - Shutdown completed.
09:59:45.919 [main] INFO com.baomidou.dynamic.datasource.DynamicRoutingDataSource -- dynamic-datasource - add a datasource named [master] success
09:59:46.010 [main] INFO org.redisson.Version -- Redisson 4.6.1
09:59:46.017 [redisson-netty-164-1] INFO org.redisson.connection.ConnectionsHolder -- 1 connections initialized for 127.0.0.1/127.0.0.1:32829
09:59:46.017 [redisson-netty-164-2] INFO org.redisson.connection.ConnectionsHolder -- 1 connections initialized for 127.0.0.1/127.0.0.1:32829
09:59:46.032 [main] INFO com.zaxxer.hikari.HikariDataSource -- HikariPool-55 - Starting...
09:59:46.039 [main] INFO com.zaxxer.hikari.pool.HikariPool -- HikariPool-55 - Added connection com.mysql.cj.jdbc.ConnectionImpl@559207b2
09:59:46.039 [main] INFO com.zaxxer.hikari.HikariDataSource -- HikariPool-55 - Start completed.
09:59:50.032 [main] INFO com.baomidou.dynamic.datasource.DynamicRoutingDataSource -- dynamic-datasource start closing ....
09:59:50.032 [main] INFO com.baomidou.dynamic.datasource.DynamicRoutingDataSource -- dynamic-datasource all closed success,bye
09:59:50.032 [main] INFO com.zaxxer.hikari.HikariDataSource -- HikariPool-55 - Shutdown initiated...
09:59:50.033 [main] INFO com.zaxxer.hikari.HikariDataSource -- HikariPool-55 - Shutdown completed.
09:59:50.034 [main] INFO com.baomidou.dynamic.datasource.DynamicRoutingDataSource -- dynamic-datasource - add a datasource named [master] success
09:59:50.133 [main] INFO org.redisson.Version -- Redisson 4.6.1
09:59:50.137 [redisson-netty-167-1] INFO org.redisson.connection.ConnectionsHolder -- 1 connections initialized for 127.0.0.1/127.0.0.1:32829
09:59:50.138 [redisson-netty-167-2] INFO org.redisson.connection.ConnectionsHolder -- 1 connections initialized for 127.0.0.1/127.0.0.1:32829
09:59:50.161 [main] INFO com.zaxxer.hikari.HikariDataSource -- HikariPool-56 - Starting...
09:59:50.166 [main] INFO com.zaxxer.hikari.pool.HikariPool -- HikariPool-56 - Added connection com.mysql.cj.jdbc.ConnectionImpl@51e7b595
09:59:50.166 [main] INFO com.zaxxer.hikari.HikariDataSource -- HikariPool-56 - Start completed.
09:59:50.387 [main] INFO com.baomidou.dynamic.datasource.DynamicRoutingDataSource -- dynamic-datasource start closing ....
09:59:50.387 [main] INFO com.baomidou.dynamic.datasource.DynamicRoutingDataSource -- dynamic-datasource all closed success,bye
09:59:50.387 [main] INFO com.zaxxer.hikari.HikariDataSource -- HikariPool-56 - Shutdown initiated...
09:59:50.411 [main] INFO com.zaxxer.hikari.HikariDataSource -- HikariPool-56 - Shutdown completed.
09:59:50.413 [main] INFO com.baomidou.dynamic.datasource.DynamicRoutingDataSource -- dynamic-datasource - add a datasource named [master] success
09:59:50.539 [main] INFO org.redisson.Version -- Redisson 4.6.1
09:59:50.544 [redisson-netty-170-1] INFO org.redisson.connection.ConnectionsHolder -- 1 connections initialized for 127.0.0.1/127.0.0.1:32829
09:59:50.544 [redisson-netty-170-2] INFO org.redisson.connection.ConnectionsHolder -- 1 connections initialized for 127.0.0.1/127.0.0.1:32829
09:59:50.563 [main] INFO com.zaxxer.hikari.HikariDataSource -- HikariPool-57 - Starting...
09:59:50.569 [main] INFO com.zaxxer.hikari.pool.HikariPool -- HikariPool-57 - Added connection com.mysql.cj.jdbc.ConnectionImpl@2361f828
09:59:50.569 [main] INFO com.zaxxer.hikari.HikariDataSource -- HikariPool-57 - Start completed.
09:59:50.657 [main] INFO com.baomidou.dynamic.datasource.DynamicRoutingDataSource -- dynamic-datasource start closing ....
09:59:50.657 [main] INFO com.baomidou.dynamic.datasource.DynamicRoutingDataSource -- dynamic-datasource all closed success,bye
09:59:50.657 [main] INFO com.zaxxer.hikari.HikariDataSource -- HikariPool-57 - Shutdown initiated...
09:59:50.658 [main] INFO com.zaxxer.hikari.HikariDataSource -- HikariPool-57 - Shutdown completed.
09:59:50.660 [main] INFO com.baomidou.dynamic.datasource.DynamicRoutingDataSource -- dynamic-datasource - add a datasource named [master] success
09:59:50.784 [main] INFO org.redisson.Version -- Redisson 4.6.1
09:59:50.788 [redisson-netty-173-1] INFO org.redisson.connection.ConnectionsHolder -- 1 connections initialized for 127.0.0.1/127.0.0.1:32829
09:59:50.788 [redisson-netty-173-2] INFO org.redisson.connection.ConnectionsHolder -- 1 connections initialized for 127.0.0.1/127.0.0.1:32829
09:59:50.804 [main] INFO com.zaxxer.hikari.HikariDataSource -- HikariPool-58 - Starting...
09:59:50.808 [main] INFO com.zaxxer.hikari.pool.HikariPool -- HikariPool-58 - Added connection com.mysql.cj.jdbc.ConnectionImpl@1e6d5efa
09:59:50.808 [main] INFO com.zaxxer.hikari.HikariDataSource -- HikariPool-58 - Start completed.
09:59:50.887 [main] INFO com.baomidou.dynamic.datasource.DynamicRoutingDataSource -- dynamic-datasource start closing ....
09:59:50.887 [main] INFO com.baomidou.dynamic.datasource.DynamicRoutingDataSource -- dynamic-datasource all closed success,bye
09:59:50.887 [main] INFO com.zaxxer.hikari.HikariDataSource -- HikariPool-58 - Shutdown initiated...
09:59:50.888 [main] INFO com.zaxxer.hikari.HikariDataSource -- HikariPool-58 - Shutdown completed.
09:59:50.890 [main] INFO com.baomidou.dynamic.datasource.DynamicRoutingDataSource -- dynamic-datasource - add a datasource named [master] success
09:59:50.982 [main] INFO org.redisson.Version -- Redisson 4.6.1
09:59:50.987 [redisson-netty-176-1] INFO org.redisson.connection.ConnectionsHolder -- 1 connections initialized for 127.0.0.1/127.0.0.1:32829
09:59:50.988 [redisson-netty-176-2] INFO org.redisson.connection.ConnectionsHolder -- 1 connections initialized for 127.0.0.1/127.0.0.1:32829
09:59:51.012 [main] INFO com.zaxxer.hikari.HikariDataSource -- HikariPool-59 - Starting...
09:59:51.017 [main] INFO com.zaxxer.hikari.pool.HikariPool -- HikariPool-59 - Added connection com.mysql.cj.jdbc.ConnectionImpl@37f63be5
09:59:51.017 [main] INFO com.zaxxer.hikari.HikariDataSource -- HikariPool-59 - Start completed.
09:59:51.198 [main] INFO com.baomidou.dynamic.datasource.DynamicRoutingDataSource -- dynamic-datasource start closing ....
09:59:51.198 [main] INFO com.baomidou.dynamic.datasource.DynamicRoutingDataSource -- dynamic-datasource all closed success,bye
09:59:51.198 [main] INFO com.zaxxer.hikari.HikariDataSource -- HikariPool-59 - Shutdown initiated...
09:59:51.229 [main] INFO com.zaxxer.hikari.HikariDataSource -- HikariPool-59 - Shutdown completed.
09:59:51.232 [main] INFO com.baomidou.dynamic.datasource.DynamicRoutingDataSource -- dynamic-datasource - add a datasource named [master] success
09:59:51.338 [main] INFO org.redisson.Version -- Redisson 4.6.1
09:59:51.345 [redisson-netty-179-2] INFO org.redisson.connection.ConnectionsHolder -- 1 connections initialized for 127.0.0.1/127.0.0.1:32829
09:59:51.345 [redisson-netty-179-1] INFO org.redisson.connection.ConnectionsHolder -- 1 connections initialized for 127.0.0.1/127.0.0.1:32829
09:59:51.364 [main] INFO com.zaxxer.hikari.HikariDataSource -- HikariPool-60 - Starting...
09:59:51.369 [main] INFO com.zaxxer.hikari.pool.HikariPool -- HikariPool-60 - Added connection com.mysql.cj.jdbc.ConnectionImpl@13a5d745
09:59:51.369 [main] INFO com.zaxxer.hikari.HikariDataSource -- HikariPool-60 - Start completed.
09:59:51.439 [main] INFO com.baomidou.dynamic.datasource.DynamicRoutingDataSource -- dynamic-datasource start closing ....
09:59:51.439 [main] INFO com.baomidou.dynamic.datasource.DynamicRoutingDataSource -- dynamic-datasource all closed success,bye
09:59:51.439 [main] INFO com.zaxxer.hikari.HikariDataSource -- HikariPool-60 - Shutdown initiated...
09:59:51.440 [main] INFO com.zaxxer.hikari.HikariDataSource -- HikariPool-60 - Shutdown completed.
09:59:51.442 [main] INFO com.baomidou.dynamic.datasource.DynamicRoutingDataSource -- dynamic-datasource - add a datasource named [master] success
09:59:51.543 [main] INFO org.redisson.Version -- Redisson 4.6.1
09:59:51.549 [redisson-netty-182-2] INFO org.redisson.connection.ConnectionsHolder -- 1 connections initialized for 127.0.0.1/127.0.0.1:32829
09:59:51.549 [redisson-netty-182-1] INFO org.redisson.connection.ConnectionsHolder -- 1 connections initialized for 127.0.0.1/127.0.0.1:32829
09:59:51.567 [main] INFO com.zaxxer.hikari.HikariDataSource -- HikariPool-61 - Starting...
09:59:51.576 [main] INFO com.zaxxer.hikari.pool.HikariPool -- HikariPool-61 - Added connection com.mysql.cj.jdbc.ConnectionImpl@372d9bcf
09:59:51.576 [main] INFO com.zaxxer.hikari.HikariDataSource -- HikariPool-61 - Start completed.
09:59:51.651 [main] INFO com.baomidou.dynamic.datasource.DynamicRoutingDataSource -- dynamic-datasource start closing ....
09:59:51.651 [main] INFO com.baomidou.dynamic.datasource.DynamicRoutingDataSource -- dynamic-datasource all closed success,bye
09:59:51.651 [main] INFO com.zaxxer.hikari.HikariDataSource -- HikariPool-61 - Shutdown initiated...
09:59:51.651 [main] INFO com.zaxxer.hikari.HikariDataSource -- HikariPool-61 - Shutdown completed.
09:59:51.652 [main] INFO com.baomidou.dynamic.datasource.DynamicRoutingDataSource -- dynamic-datasource - add a datasource named [master] success
09:59:51.726 [main] INFO org.redisson.Version -- Redisson 4.6.1
09:59:51.731 [redisson-netty-185-1] INFO org.redisson.connection.ConnectionsHolder -- 1 connections initialized for 127.0.0.1/127.0.0.1:32829
09:59:51.731 [redisson-netty-185-2] INFO org.redisson.connection.ConnectionsHolder -- 1 connections initialized for 127.0.0.1/127.0.0.1:32829
09:59:51.744 [main] INFO com.zaxxer.hikari.HikariDataSource -- HikariPool-62 - Starting...
09:59:51.749 [main] INFO com.zaxxer.hikari.pool.HikariPool -- HikariPool-62 - Added connection com.mysql.cj.jdbc.ConnectionImpl@51ad6e41
09:59:51.749 [main] INFO com.zaxxer.hikari.HikariDataSource -- HikariPool-62 - Start completed.
09:59:51.793 [main] INFO org.eclipse.jetty.server.Server -- jetty-12.1.10; built: 2026-05-31T04:45:52.925Z; git: 986024525891c2c20ff08c58ba300dc3b9847586; jvm 21.0.12.1+1-LTS
09:59:51.796 [main] INFO org.eclipse.jetty.server.handler.ContextHandler -- Started oeje11s.ServletContextHandler@7a4260ce{ROOT,/,b=null,a=AVAILABLE,h=oeje11s.ServletHandler@78055a51{STARTED}}
09:59:51.796 [main] INFO org.eclipse.jetty.server.handler.ContextHandler.ROOT -- Initializing Spring DispatcherServlet 'org.springframework.web.servlet.DispatcherServlet-4b720e33'
09:59:51.796 [main] INFO org.springframework.web.servlet.DispatcherServlet -- Initializing Servlet 'org.springframework.web.servlet.DispatcherServlet-4b720e33'
09:59:51.797 [main] INFO org.springframework.web.servlet.DispatcherServlet -- Completed initialization in 1 ms
09:59:51.797 [main] INFO org.eclipse.jetty.ee11.servlet.ServletContextHandler -- Started oeje11s.ServletContextHandler@7a4260ce{ROOT,/,b=null,a=AVAILABLE,h=oeje11s.ServletHandler@78055a51{STARTED}}
09:59:51.797 [main] INFO org.eclipse.jetty.server.AbstractConnector -- Started oejs.ServerConnector@4dff92f1{HTTP/1.1, (http/1.1)}{localhost:33443}
09:59:51.798 [main] INFO org.eclipse.jetty.server.Server -- Started oejs.Server@224dde2c{STARTING}[12.1.10,sto=0] @4ms
09:59:51.894 [qtp1510863277-505] WARN org.springframework.web.servlet.mvc.support.DefaultHandlerExceptionResolver -- Resolved [org.springframework.web.HttpMediaTypeNotSupportedException: Content-Type 'text/plain' is not supported]
09:59:51.924 [main] INFO org.eclipse.jetty.server.Server -- Stopped oejs.Server@224dde2c{STOPPING}[12.1.10,sto=0]
09:59:51.925 [main] INFO org.eclipse.jetty.server.AbstractConnector -- Stopped oejs.ServerConnector@4dff92f1{HTTP/1.1, (http/1.1)}{localhost:0}
09:59:51.926 [main] INFO org.eclipse.jetty.server.handler.ContextHandler.ROOT -- Destroying Spring FrameworkServlet 'org.springframework.web.servlet.DispatcherServlet-4b720e33'
09:59:51.926 [main] INFO org.eclipse.jetty.ee11.servlet.ServletContextHandler -- Stopped oeje11s.ServletContextHandler@7a4260ce{ROOT,/,b=null,a=AVAILABLE,h=oeje11s.ServletHandler@78055a51{STOPPED}}
09:59:51.950 [main] INFO com.baomidou.dynamic.datasource.DynamicRoutingDataSource -- dynamic-datasource start closing ....
09:59:51.951 [main] INFO com.baomidou.dynamic.datasource.DynamicRoutingDataSource -- dynamic-datasource all closed success,bye
09:59:51.951 [main] INFO com.zaxxer.hikari.HikariDataSource -- HikariPool-62 - Shutdown initiated...
09:59:51.953 [main] INFO com.zaxxer.hikari.HikariDataSource -- HikariPool-62 - Shutdown completed.
09:59:51.954 [main] INFO com.baomidou.dynamic.datasource.DynamicRoutingDataSource -- dynamic-datasource - add a datasource named [master] success
09:59:52.042 [main] INFO org.redisson.Version -- Redisson 4.6.1
09:59:52.047 [redisson-netty-188-1] INFO org.redisson.connection.ConnectionsHolder -- 1 connections initialized for 127.0.0.1/127.0.0.1:32829
09:59:52.047 [redisson-netty-188-2] INFO org.redisson.connection.ConnectionsHolder -- 1 connections initialized for 127.0.0.1/127.0.0.1:32829
09:59:52.062 [main] INFO com.zaxxer.hikari.HikariDataSource -- HikariPool-63 - Starting...
09:59:52.075 [main] INFO com.zaxxer.hikari.pool.HikariPool -- HikariPool-63 - Added connection com.mysql.cj.jdbc.ConnectionImpl@3979d3b0
09:59:52.076 [main] INFO com.zaxxer.hikari.HikariDataSource -- HikariPool-63 - Start completed.
09:59:52.125 [main] INFO com.baomidou.dynamic.datasource.DynamicRoutingDataSource -- dynamic-datasource start closing ....
09:59:52.125 [main] INFO com.baomidou.dynamic.datasource.DynamicRoutingDataSource -- dynamic-datasource all closed success,bye
09:59:52.125 [main] INFO com.zaxxer.hikari.HikariDataSource -- HikariPool-63 - Shutdown initiated...
09:59:52.126 [main] INFO com.zaxxer.hikari.HikariDataSource -- HikariPool-63 - Shutdown completed.
09:59:52.128 [main] INFO com.baomidou.dynamic.datasource.DynamicRoutingDataSource -- dynamic-datasource - add a datasource named [master] success
09:59:52.266 [main] INFO org.redisson.Version -- Redisson 4.6.1
09:59:52.273 [redisson-netty-191-1] INFO org.redisson.connection.ConnectionsHolder -- 1 connections initialized for 127.0.0.1/127.0.0.1:32829
09:59:52.274 [redisson-netty-191-2] INFO org.redisson.connection.ConnectionsHolder -- 1 connections initialized for 127.0.0.1/127.0.0.1:32829
09:59:52.297 [main] INFO com.zaxxer.hikari.HikariDataSource -- HikariPool-64 - Starting...
09:59:52.301 [main] INFO com.zaxxer.hikari.pool.HikariPool -- HikariPool-64 - Added connection com.mysql.cj.jdbc.ConnectionImpl@13406026
09:59:52.302 [main] INFO com.zaxxer.hikari.HikariDataSource -- HikariPool-64 - Start completed.
09:59:52.375 [main] WARN org.namewta.notify.adapter.event.InAppCommittedPushListener -- 站内实时提示失败，messageId=9220001, reason=IllegalStateException
09:59:52.404 [main] INFO com.baomidou.dynamic.datasource.DynamicRoutingDataSource -- dynamic-datasource start closing ....
09:59:52.404 [main] INFO com.baomidou.dynamic.datasource.DynamicRoutingDataSource -- dynamic-datasource all closed success,bye
09:59:52.404 [main] INFO com.zaxxer.hikari.HikariDataSource -- HikariPool-64 - Shutdown initiated...
09:59:52.440 [main] INFO com.zaxxer.hikari.HikariDataSource -- HikariPool-64 - Shutdown completed.
09:59:52.441 [main] INFO com.baomidou.dynamic.datasource.DynamicRoutingDataSource -- dynamic-datasource - add a datasource named [master] success
09:59:52.535 [main] INFO org.redisson.Version -- Redisson 4.6.1
09:59:52.539 [redisson-netty-194-1] INFO org.redisson.connection.ConnectionsHolder -- 1 connections initialized for 127.0.0.1/127.0.0.1:32829
09:59:52.539 [redisson-netty-194-2] INFO org.redisson.connection.ConnectionsHolder -- 1 connections initialized for 127.0.0.1/127.0.0.1:32829
09:59:52.553 [main] INFO com.zaxxer.hikari.HikariDataSource -- HikariPool-65 - Starting...
09:59:52.558 [main] INFO com.zaxxer.hikari.pool.HikariPool -- HikariPool-65 - Added connection com.mysql.cj.jdbc.ConnectionImpl@4ea36a3
09:59:52.558 [main] INFO com.zaxxer.hikari.HikariDataSource -- HikariPool-65 - Start completed.
09:59:52.628 [main] INFO com.baomidou.dynamic.datasource.DynamicRoutingDataSource -- dynamic-datasource start closing ....
09:59:52.628 [main] INFO com.baomidou.dynamic.datasource.DynamicRoutingDataSource -- dynamic-datasource all closed success,bye
09:59:52.628 [main] INFO com.zaxxer.hikari.HikariDataSource -- HikariPool-65 - Shutdown initiated...
09:59:52.629 [main] INFO com.zaxxer.hikari.HikariDataSource -- HikariPool-65 - Shutdown completed.
09:59:52.631 [main] INFO com.baomidou.dynamic.datasource.DynamicRoutingDataSource -- dynamic-datasource - add a datasource named [master] success
09:59:52.704 [main] INFO org.redisson.Version -- Redisson 4.6.1
09:59:52.708 [redisson-netty-197-2] INFO org.redisson.connection.ConnectionsHolder -- 1 connections initialized for 127.0.0.1/127.0.0.1:32829
09:59:52.708 [redisson-netty-197-1] INFO org.redisson.connection.ConnectionsHolder -- 1 connections initialized for 127.0.0.1/127.0.0.1:32829
09:59:52.724 [main] INFO com.zaxxer.hikari.HikariDataSource -- HikariPool-66 - Starting...
09:59:52.729 [main] INFO com.zaxxer.hikari.pool.HikariPool -- HikariPool-66 - Added connection com.mysql.cj.jdbc.ConnectionImpl@5aa940d3
09:59:52.729 [main] INFO com.zaxxer.hikari.HikariDataSource -- HikariPool-66 - Start completed.
09:59:52.771 [main] INFO com.baomidou.dynamic.datasource.DynamicRoutingDataSource -- dynamic-datasource start closing ....
09:59:52.771 [main] INFO com.baomidou.dynamic.datasource.DynamicRoutingDataSource -- dynamic-datasource all closed success,bye
09:59:52.771 [main] INFO com.zaxxer.hikari.HikariDataSource -- HikariPool-66 - Shutdown initiated...
09:59:52.772 [main] INFO com.zaxxer.hikari.HikariDataSource -- HikariPool-66 - Shutdown completed.
[INFO] Tests run: 66, Failures: 0, Errors: 0, Skipped: 0, Time elapsed: 36.14 s -- in org.namewta.test.notify.NotifyAtomicResultIntegrationTest
[INFO] Running org.namewta.test.notify.NotifyManualRetryIntegrationTest
09:59:54.133 [main] INFO com.baomidou.dynamic.datasource.DynamicRoutingDataSource -- dynamic-datasource - add a datasource named [master] success
09:59:54.984 [main] INFO org.redisson.Version -- Redisson 4.6.1
09:59:55.384 [redisson-netty-1-1] INFO org.redisson.connection.ConnectionsHolder -- 1 connections initialized for 127.0.0.1/127.0.0.1:32829
09:59:55.384 [redisson-netty-1-2] INFO org.redisson.connection.ConnectionsHolder -- 1 connections initialized for 127.0.0.1/127.0.0.1:32829
Mockito is currently self-attaching to enable the inline-mock-maker. This will no longer work in future releases of the JDK. Please add Mockito as an agent to your build as described in Mockito's documentation: https://javadoc.io/doc/org.mockito/mockito-core/latest/org.mockito/org/mockito/Mockito.html#0.3
WARNING: A Java agent has been loaded dynamically (/root/.m2/repository/net/bytebuddy/byte-buddy-agent/1.18.10/byte-buddy-agent-1.18.10.jar)
WARNING: If a serviceability tool is in use, please run with -XX:+EnableDynamicAgentLoading to hide this warning
WARNING: If a serviceability tool is not in use, please run with -Djdk.instrument.traceUsage for more information
WARNING: Dynamic loading of agents will be disallowed by default in a future release
OpenJDK 64-Bit Server VM warning: Sharing is only supported for boot loader classes because bootstrap classpath has been appended
09:59:57.121 [main] INFO com.zaxxer.hikari.HikariDataSource -- HikariPool-1 - Starting...
09:59:57.580 [main] INFO com.zaxxer.hikari.pool.HikariPool -- HikariPool-1 - Added connection com.mysql.cj.jdbc.ConnectionImpl@6e0d058a
09:59:57.583 [main] INFO com.zaxxer.hikari.HikariDataSource -- HikariPool-1 - Start completed.
09:59:58.269 [main] INFO com.baomidou.dynamic.datasource.DynamicRoutingDataSource -- dynamic-datasource start closing ....
09:59:58.270 [main] INFO com.baomidou.dynamic.datasource.DynamicRoutingDataSource -- dynamic-datasource all closed success,bye
09:59:58.270 [main] INFO com.zaxxer.hikari.HikariDataSource -- HikariPool-1 - Shutdown initiated...
09:59:58.280 [main] INFO com.zaxxer.hikari.HikariDataSource -- HikariPool-1 - Shutdown completed.
09:59:58.298 [main] INFO com.baomidou.dynamic.datasource.DynamicRoutingDataSource -- dynamic-datasource - add a datasource named [master] success
09:59:58.594 [main] INFO org.redisson.Version -- Redisson 4.6.1
09:59:58.620 [redisson-netty-5-1] INFO org.redisson.connection.ConnectionsHolder -- 1 connections initialized for 127.0.0.1/127.0.0.1:32829
09:59:58.620 [redisson-netty-5-2] INFO org.redisson.connection.ConnectionsHolder -- 1 connections initialized for 127.0.0.1/127.0.0.1:32829
09:59:58.726 [main] INFO com.zaxxer.hikari.HikariDataSource -- HikariPool-2 - Starting...
09:59:58.742 [main] INFO com.zaxxer.hikari.pool.HikariPool -- HikariPool-2 - Added connection com.mysql.cj.jdbc.ConnectionImpl@6e6f5842
09:59:58.743 [main] INFO com.zaxxer.hikari.HikariDataSource -- HikariPool-2 - Start completed.
09:59:58.924 [main] INFO com.baomidou.dynamic.datasource.DynamicRoutingDataSource -- dynamic-datasource start closing ....
09:59:58.925 [main] INFO com.baomidou.dynamic.datasource.DynamicRoutingDataSource -- dynamic-datasource all closed success,bye
09:59:58.925 [main] INFO com.zaxxer.hikari.HikariDataSource -- HikariPool-2 - Shutdown initiated...
09:59:58.954 [main] INFO com.zaxxer.hikari.HikariDataSource -- HikariPool-2 - Shutdown completed.
09:59:58.958 [main] INFO com.baomidou.dynamic.datasource.DynamicRoutingDataSource -- dynamic-datasource - add a datasource named [master] success
09:59:59.220 [main] INFO org.redisson.Version -- Redisson 4.6.1
09:59:59.230 [redisson-netty-8-1] INFO org.redisson.connection.ConnectionsHolder -- 1 connections initialized for 127.0.0.1/127.0.0.1:32829
09:59:59.231 [redisson-netty-8-2] INFO org.redisson.connection.ConnectionsHolder -- 1 connections initialized for 127.0.0.1/127.0.0.1:32829
09:59:59.267 [main] INFO com.zaxxer.hikari.HikariDataSource -- HikariPool-3 - Starting...
09:59:59.272 [main] INFO com.zaxxer.hikari.pool.HikariPool -- HikariPool-3 - Added connection com.mysql.cj.jdbc.ConnectionImpl@6292c63e
09:59:59.272 [main] INFO com.zaxxer.hikari.HikariDataSource -- HikariPool-3 - Start completed.
09:59:59.916 [main] INFO com.baomidou.dynamic.datasource.DynamicRoutingDataSource -- dynamic-datasource start closing ....
09:59:59.917 [main] INFO com.baomidou.dynamic.datasource.DynamicRoutingDataSource -- dynamic-datasource all closed success,bye
09:59:59.917 [main] INFO com.zaxxer.hikari.HikariDataSource -- HikariPool-3 - Shutdown initiated...
09:59:59.921 [main] INFO com.zaxxer.hikari.HikariDataSource -- HikariPool-3 - Shutdown completed.
09:59:59.924 [main] INFO com.baomidou.dynamic.datasource.DynamicRoutingDataSource -- dynamic-datasource - add a datasource named [master] success
10:00:00.142 [main] INFO org.redisson.Version -- Redisson 4.6.1
10:00:00.149 [redisson-netty-11-1] INFO org.redisson.connection.ConnectionsHolder -- 1 connections initialized for 127.0.0.1/127.0.0.1:32829
10:00:00.149 [redisson-netty-11-2] INFO org.redisson.connection.ConnectionsHolder -- 1 connections initialized for 127.0.0.1/127.0.0.1:32829
10:00:00.182 [main] INFO com.zaxxer.hikari.HikariDataSource -- HikariPool-4 - Starting...
10:00:00.194 [main] INFO com.zaxxer.hikari.pool.HikariPool -- HikariPool-4 - Added connection com.mysql.cj.jdbc.ConnectionImpl@d7c00de
10:00:00.194 [main] INFO com.zaxxer.hikari.HikariDataSource -- HikariPool-4 - Start completed.
10:00:00.486 [main] INFO com.baomidou.dynamic.datasource.DynamicRoutingDataSource -- dynamic-datasource start closing ....
10:00:00.486 [main] INFO com.baomidou.dynamic.datasource.DynamicRoutingDataSource -- dynamic-datasource all closed success,bye
10:00:00.486 [main] INFO com.zaxxer.hikari.HikariDataSource -- HikariPool-4 - Shutdown initiated...
10:00:00.516 [main] INFO com.zaxxer.hikari.HikariDataSource -- HikariPool-4 - Shutdown completed.
10:00:00.519 [main] INFO com.baomidou.dynamic.datasource.DynamicRoutingDataSource -- dynamic-datasource - add a datasource named [master] success
10:00:00.672 [main] INFO org.redisson.Version -- Redisson 4.6.1
10:00:00.683 [redisson-netty-14-2] INFO org.redisson.connection.ConnectionsHolder -- 1 connections initialized for 127.0.0.1/127.0.0.1:32829
10:00:00.683 [redisson-netty-14-1] INFO org.redisson.connection.ConnectionsHolder -- 1 connections initialized for 127.0.0.1/127.0.0.1:32829
10:00:00.707 [main] INFO com.zaxxer.hikari.HikariDataSource -- HikariPool-5 - Starting...
10:00:00.714 [main] INFO com.zaxxer.hikari.pool.HikariPool -- HikariPool-5 - Added connection com.mysql.cj.jdbc.ConnectionImpl@44bd7f24
10:00:00.715 [main] INFO com.zaxxer.hikari.HikariDataSource -- HikariPool-5 - Start completed.
10:00:00.839 [main] INFO com.baomidou.dynamic.datasource.DynamicRoutingDataSource -- dynamic-datasource start closing ....
10:00:00.840 [main] INFO com.baomidou.dynamic.datasource.DynamicRoutingDataSource -- dynamic-datasource all closed success,bye
10:00:00.840 [main] INFO com.zaxxer.hikari.HikariDataSource -- HikariPool-5 - Shutdown initiated...
10:00:00.851 [main] INFO com.zaxxer.hikari.HikariDataSource -- HikariPool-5 - Shutdown completed.
10:00:00.854 [main] INFO com.baomidou.dynamic.datasource.DynamicRoutingDataSource -- dynamic-datasource - add a datasource named [master] success
10:00:00.997 [main] INFO org.redisson.Version -- Redisson 4.6.1
10:00:01.004 [redisson-netty-17-1] INFO org.redisson.connection.ConnectionsHolder -- 1 connections initialized for 127.0.0.1/127.0.0.1:32829
10:00:01.005 [redisson-netty-17-2] INFO org.redisson.connection.ConnectionsHolder -- 1 connections initialized for 127.0.0.1/127.0.0.1:32829
10:00:01.022 [main] INFO com.zaxxer.hikari.HikariDataSource -- HikariPool-6 - Starting...
10:00:01.031 [main] INFO com.zaxxer.hikari.pool.HikariPool -- HikariPool-6 - Added connection com.mysql.cj.jdbc.ConnectionImpl@823f978
10:00:01.038 [main] INFO com.zaxxer.hikari.HikariDataSource -- HikariPool-6 - Start completed.
10:00:01.177 [main] INFO com.baomidou.dynamic.datasource.DynamicRoutingDataSource -- dynamic-datasource start closing ....
10:00:01.177 [main] INFO com.baomidou.dynamic.datasource.DynamicRoutingDataSource -- dynamic-datasource all closed success,bye
10:00:01.177 [main] INFO com.zaxxer.hikari.HikariDataSource -- HikariPool-6 - Shutdown initiated...
10:00:01.200 [main] INFO com.zaxxer.hikari.HikariDataSource -- HikariPool-6 - Shutdown completed.
10:00:01.202 [main] INFO com.baomidou.dynamic.datasource.DynamicRoutingDataSource -- dynamic-datasource - add a datasource named [master] success
10:00:01.332 [main] INFO org.redisson.Version -- Redisson 4.6.1
10:00:01.336 [redisson-netty-20-2] INFO org.redisson.connection.ConnectionsHolder -- 1 connections initialized for 127.0.0.1/127.0.0.1:32829
10:00:01.336 [redisson-netty-20-1] INFO org.redisson.connection.ConnectionsHolder -- 1 connections initialized for 127.0.0.1/127.0.0.1:32829
10:00:01.366 [main] INFO com.zaxxer.hikari.HikariDataSource -- HikariPool-7 - Starting...
10:00:01.370 [main] INFO com.zaxxer.hikari.pool.HikariPool -- HikariPool-7 - Added connection com.mysql.cj.jdbc.ConnectionImpl@312e8eaf
10:00:01.370 [main] INFO com.zaxxer.hikari.HikariDataSource -- HikariPool-7 - Start completed.
10:00:01.540 [main] WARN org.namewta.notify.adapter.event.InAppCommittedPushListener -- 站内实时提示失败，messageId=9380049, reason=IllegalStateException
10:00:01.589 [main] INFO com.baomidou.dynamic.datasource.DynamicRoutingDataSource -- dynamic-datasource start closing ....
10:00:01.589 [main] INFO com.baomidou.dynamic.datasource.DynamicRoutingDataSource -- dynamic-datasource all closed success,bye
10:00:01.589 [main] INFO com.zaxxer.hikari.HikariDataSource -- HikariPool-7 - Shutdown initiated...
10:00:01.611 [main] INFO com.zaxxer.hikari.HikariDataSource -- HikariPool-7 - Shutdown completed.
10:00:01.614 [main] INFO com.baomidou.dynamic.datasource.DynamicRoutingDataSource -- dynamic-datasource - add a datasource named [master] success
10:00:01.765 [main] INFO org.redisson.Version -- Redisson 4.6.1
10:00:01.772 [redisson-netty-23-2] INFO org.redisson.connection.ConnectionsHolder -- 1 connections initialized for 127.0.0.1/127.0.0.1:32829
10:00:01.772 [redisson-netty-23-1] INFO org.redisson.connection.ConnectionsHolder -- 1 connections initialized for 127.0.0.1/127.0.0.1:32829
10:00:01.801 [main] INFO com.zaxxer.hikari.HikariDataSource -- HikariPool-8 - Starting...
10:00:01.807 [main] INFO com.zaxxer.hikari.pool.HikariPool -- HikariPool-8 - Added connection com.mysql.cj.jdbc.ConnectionImpl@68c05c5b
10:00:01.808 [main] INFO com.zaxxer.hikari.HikariDataSource -- HikariPool-8 - Start completed.
10:00:01.890 [main] INFO com.baomidou.dynamic.datasource.DynamicRoutingDataSource -- dynamic-datasource start closing ....
10:00:01.890 [main] INFO com.baomidou.dynamic.datasource.DynamicRoutingDataSource -- dynamic-datasource all closed success,bye
10:00:01.890 [main] INFO com.zaxxer.hikari.HikariDataSource -- HikariPool-8 - Shutdown initiated...
10:00:01.891 [main] INFO com.zaxxer.hikari.HikariDataSource -- HikariPool-8 - Shutdown completed.
10:00:01.895 [main] INFO com.baomidou.dynamic.datasource.DynamicRoutingDataSource -- dynamic-datasource - add a datasource named [master] success
10:00:02.036 [main] INFO org.redisson.Version -- Redisson 4.6.1
10:00:02.042 [redisson-netty-26-1] INFO org.redisson.connection.ConnectionsHolder -- 1 connections initialized for 127.0.0.1/127.0.0.1:32829
10:00:02.045 [redisson-netty-26-2] INFO org.redisson.connection.ConnectionsHolder -- 1 connections initialized for 127.0.0.1/127.0.0.1:32829
10:00:02.063 [main] INFO com.zaxxer.hikari.HikariDataSource -- HikariPool-9 - Starting...
10:00:02.067 [main] INFO com.zaxxer.hikari.pool.HikariPool -- HikariPool-9 - Added connection com.mysql.cj.jdbc.ConnectionImpl@6ae1d5f1
10:00:02.067 [main] INFO com.zaxxer.hikari.HikariDataSource -- HikariPool-9 - Start completed.
10:00:02.271 [main] INFO com.baomidou.dynamic.datasource.DynamicRoutingDataSource -- dynamic-datasource start closing ....
10:00:02.271 [main] INFO com.baomidou.dynamic.datasource.DynamicRoutingDataSource -- dynamic-datasource all closed success,bye
10:00:02.271 [main] INFO com.zaxxer.hikari.HikariDataSource -- HikariPool-9 - Shutdown initiated...
10:00:02.306 [main] INFO com.zaxxer.hikari.HikariDataSource -- HikariPool-9 - Shutdown completed.
10:00:02.312 [main] INFO com.baomidou.dynamic.datasource.DynamicRoutingDataSource -- dynamic-datasource - add a datasource named [master] success
10:00:02.459 [main] INFO org.redisson.Version -- Redisson 4.6.1
10:00:02.466 [redisson-netty-29-1] INFO org.redisson.connection.ConnectionsHolder -- 1 connections initialized for 127.0.0.1/127.0.0.1:32829
10:00:02.466 [redisson-netty-29-2] INFO org.redisson.connection.ConnectionsHolder -- 1 connections initialized for 127.0.0.1/127.0.0.1:32829
10:00:02.489 [main] INFO com.zaxxer.hikari.HikariDataSource -- HikariPool-10 - Starting...
10:00:02.496 [main] INFO com.zaxxer.hikari.pool.HikariPool -- HikariPool-10 - Added connection com.mysql.cj.jdbc.ConnectionImpl@1988e095
10:00:02.496 [main] INFO com.zaxxer.hikari.HikariDataSource -- HikariPool-10 - Start completed.
10:00:02.679 [main] WARN org.namewta.notify.adapter.event.InAppCommittedPushListener -- 站内实时提示失败，messageId=9380062, reason=IllegalStateException
10:00:02.734 [main] INFO com.baomidou.dynamic.datasource.DynamicRoutingDataSource -- dynamic-datasource start closing ....
10:00:02.734 [main] INFO com.baomidou.dynamic.datasource.DynamicRoutingDataSource -- dynamic-datasource all closed success,bye
10:00:02.734 [main] INFO com.zaxxer.hikari.HikariDataSource -- HikariPool-10 - Shutdown initiated...
10:00:02.741 [main] INFO com.zaxxer.hikari.HikariDataSource -- HikariPool-10 - Shutdown completed.
10:00:02.743 [main] INFO com.baomidou.dynamic.datasource.DynamicRoutingDataSource -- dynamic-datasource - add a datasource named [master] success
10:00:02.881 [main] INFO org.redisson.Version -- Redisson 4.6.1
10:00:02.886 [redisson-netty-32-2] INFO org.redisson.connection.ConnectionsHolder -- 1 connections initialized for 127.0.0.1/127.0.0.1:32829
10:00:02.886 [redisson-netty-32-1] INFO org.redisson.connection.ConnectionsHolder -- 1 connections initialized for 127.0.0.1/127.0.0.1:32829
10:00:02.909 [main] INFO com.zaxxer.hikari.HikariDataSource -- HikariPool-11 - Starting...
10:00:02.914 [main] INFO com.zaxxer.hikari.pool.HikariPool -- HikariPool-11 - Added connection com.mysql.cj.jdbc.ConnectionImpl@6f8fa77a
10:00:02.914 [main] INFO com.zaxxer.hikari.HikariDataSource -- HikariPool-11 - Start completed.
10:00:03.070 [main] INFO com.baomidou.dynamic.datasource.DynamicRoutingDataSource -- dynamic-datasource start closing ....
10:00:03.070 [main] INFO com.baomidou.dynamic.datasource.DynamicRoutingDataSource -- dynamic-datasource all closed success,bye
10:00:03.070 [main] INFO com.zaxxer.hikari.HikariDataSource -- HikariPool-11 - Shutdown initiated...
10:00:03.091 [main] INFO com.zaxxer.hikari.HikariDataSource -- HikariPool-11 - Shutdown completed.
10:00:03.095 [main] INFO com.baomidou.dynamic.datasource.DynamicRoutingDataSource -- dynamic-datasource - add a datasource named [master] success
10:00:03.224 [main] INFO org.redisson.Version -- Redisson 4.6.1
10:00:03.230 [redisson-netty-35-1] INFO org.redisson.connection.ConnectionsHolder -- 1 connections initialized for 127.0.0.1/127.0.0.1:32829
10:00:03.230 [redisson-netty-35-2] INFO org.redisson.connection.ConnectionsHolder -- 1 connections initialized for 127.0.0.1/127.0.0.1:32829
10:00:03.248 [main] INFO com.zaxxer.hikari.HikariDataSource -- HikariPool-12 - Starting...
10:00:03.252 [main] INFO com.zaxxer.hikari.pool.HikariPool -- HikariPool-12 - Added connection com.mysql.cj.jdbc.ConnectionImpl@5935ade6
10:00:03.253 [main] INFO com.zaxxer.hikari.HikariDataSource -- HikariPool-12 - Start completed.
10:00:03.384 [main] INFO com.baomidou.dynamic.datasource.DynamicRoutingDataSource -- dynamic-datasource start closing ....
10:00:03.385 [main] INFO com.baomidou.dynamic.datasource.DynamicRoutingDataSource -- dynamic-datasource all closed success,bye
10:00:03.385 [main] INFO com.zaxxer.hikari.HikariDataSource -- HikariPool-12 - Shutdown initiated...
10:00:03.395 [main] INFO com.zaxxer.hikari.HikariDataSource -- HikariPool-12 - Shutdown completed.
10:00:03.397 [main] INFO com.baomidou.dynamic.datasource.DynamicRoutingDataSource -- dynamic-datasource - add a datasource named [master] success
10:00:03.537 [main] INFO org.redisson.Version -- Redisson 4.6.1
10:00:03.544 [redisson-netty-38-1] INFO org.redisson.connection.ConnectionsHolder -- 1 connections initialized for 127.0.0.1/127.0.0.1:32829
10:00:03.544 [redisson-netty-38-2] INFO org.redisson.connection.ConnectionsHolder -- 1 connections initialized for 127.0.0.1/127.0.0.1:32829
10:00:03.567 [main] INFO com.zaxxer.hikari.HikariDataSource -- HikariPool-13 - Starting...
10:00:03.574 [main] INFO com.zaxxer.hikari.pool.HikariPool -- HikariPool-13 - Added connection com.mysql.cj.jdbc.ConnectionImpl@2fad48b7
10:00:03.575 [main] INFO com.zaxxer.hikari.HikariDataSource -- HikariPool-13 - Start completed.
10:00:03.687 [main] INFO com.baomidou.dynamic.datasource.DynamicRoutingDataSource -- dynamic-datasource start closing ....
10:00:03.687 [main] INFO com.baomidou.dynamic.datasource.DynamicRoutingDataSource -- dynamic-datasource all closed success,bye
10:00:03.687 [main] INFO com.zaxxer.hikari.HikariDataSource -- HikariPool-13 - Shutdown initiated...
10:00:03.712 [main] INFO com.zaxxer.hikari.HikariDataSource -- HikariPool-13 - Shutdown completed.
[INFO] Tests run: 13, Failures: 0, Errors: 0, Skipped: 0, Time elapsed: 9.816 s -- in org.namewta.test.notify.NotifyManualRetryIntegrationTest
[INFO] 
[INFO] Results:
[INFO] 
[INFO] Tests run: 116, Failures: 0, Errors: 0, Skipped: 0
[INFO] 
[INFO] ------------------------------------------------------------------------
[INFO] Reactor Summary for WTA-Plus 6.0.0:
[INFO] 
[INFO] WTA-Plus ........................................... SUCCESS [  0.320 s]
[INFO] wta-common ......................................... SUCCESS [  0.102 s]
[INFO] wta-common-core .................................... SUCCESS [  0.784 s]
[INFO] wta-common-doc ..................................... SUCCESS [  0.248 s]
[INFO] wta-common-json .................................... SUCCESS [  0.092 s]
[INFO] wta-common-redis ................................... SUCCESS [  2.698 s]
[INFO] wta-common-social .................................. SUCCESS [  0.166 s]
[INFO] wta-common-nacos ................................... SUCCESS [  0.207 s]
[INFO] wta-common-notify .................................. SUCCESS [  0.096 s]
[INFO] wta-common-mail .................................... SUCCESS [  0.099 s]
[INFO] wta-common-mcp ..................................... SUCCESS [  0.128 s]
[INFO] wta-api ............................................ SUCCESS [  0.067 s]
[INFO] wta-common-satoken ................................. SUCCESS [  0.085 s]
[INFO] wta-common-openapi ................................. SUCCESS [  0.104 s]
[INFO] wta-common-mybatis ................................. SUCCESS [  0.212 s]
[INFO] wta-common-translation ............................. SUCCESS [  0.067 s]
[INFO] wta-common-oss ..................................... SUCCESS [  0.163 s]
[INFO] wta-common-log ..................................... SUCCESS [  0.085 s]
[INFO] wta-common-excel ................................... SUCCESS [  0.129 s]
[INFO] wta-common-sms ..................................... SUCCESS [  0.114 s]
[INFO] wta-common-security ................................ SUCCESS [  0.075 s]
[INFO] wta-common-web ..................................... SUCCESS [  0.214 s]
[INFO] wta-common-sensitive ............................... SUCCESS [  0.062 s]
[INFO] wta-common-encrypt ................................. SUCCESS [  0.083 s]
[INFO] wta-common-push .................................... SUCCESS [  0.120 s]
[INFO] wta-modules ........................................ SUCCESS [  0.044 s]
[INFO] wta-system ......................................... SUCCESS [  0.197 s]
[INFO] wta-third .......................................... SUCCESS [  0.130 s]
[INFO] wta-notify ......................................... SUCCESS [  3.052 s]
[INFO] wta-sso ............................................ SUCCESS [  0.156 s]
[INFO] wta-common-job ..................................... SUCCESS [  0.121 s]
[INFO] wta-job ............................................ SUCCESS [  0.070 s]
[INFO] wta-common-ai ...................................... SUCCESS [  0.066 s]
[INFO] wta-ai ............................................. SUCCESS [  0.063 s]
[INFO] wta-common-richtext ................................ SUCCESS [  0.048 s]
[INFO] wta-common-elasticsearch ........................... SUCCESS [  0.063 s]
[INFO] wta-common-mqtt .................................... SUCCESS [  0.060 s]
[INFO] wta-demo ........................................... SUCCESS [  0.134 s]
[INFO] wta-common-liteflow ................................ SUCCESS [  0.071 s]
[INFO] wta-workflow ....................................... SUCCESS [  0.114 s]
[INFO] wta-profile ........................................ SUCCESS [  0.037 s]
[INFO] wta-profile-person ................................. SUCCESS [  2.139 s]
[INFO] wta-profile-enterprise ............................. SUCCESS [  1.464 s]
[INFO] wta-admin .......................................... SUCCESS [01:44 min]
[INFO] ------------------------------------------------------------------------
[INFO] BUILD SUCCESS
[INFO] ------------------------------------------------------------------------
[INFO] Total time:  01:59 min
[INFO] Finished at: 2026-09-23T10:00:03-04:00
[INFO] ------------------------------------------------------------------------
