[INFO] Scanning for projects...
[INFO] ------------------------------------------------------------------------
[INFO] Reactor Build Order:
[INFO] 
[INFO] WTA-Plus                                                           [pom]
[INFO] wta-common                                                         [pom]
[INFO] wta-common-core                                                    [jar]
[INFO] wta-common-doc                                                     [jar]
[INFO] wta-common-json                                                    [jar]
[INFO] wta-common-redis                                                   [jar]
[INFO] wta-common-social                                                  [jar]
[INFO] wta-common-nacos                                                   [jar]
[INFO] wta-common-notify                                                  [jar]
[INFO] wta-common-mail                                                    [jar]
[INFO] wta-common-mcp                                                     [jar]
[INFO] wta-api                                                            [jar]
[INFO] wta-common-satoken                                                 [jar]
[INFO] wta-common-openapi                                                 [jar]
[INFO] wta-common-mybatis                                                 [jar]
[INFO] wta-common-translation                                             [jar]
[INFO] wta-common-oss                                                     [jar]
[INFO] wta-common-log                                                     [jar]
[INFO] wta-common-excel                                                   [jar]
[INFO] wta-common-sms                                                     [jar]
[INFO] wta-common-security                                                [jar]
[INFO] wta-common-web                                                     [jar]
[INFO] wta-common-sensitive                                               [jar]
[INFO] wta-common-encrypt                                                 [jar]
[INFO] wta-common-push                                                    [jar]
[INFO] wta-modules                                                        [pom]
[INFO] wta-system                                                         [jar]
[INFO] wta-third                                                          [jar]
[INFO] wta-notify                                                         [jar]
[INFO] wta-sso                                                            [jar]
[INFO] wta-common-job                                                     [jar]
[INFO] wta-job                                                            [jar]
[INFO] wta-common-ai                                                      [jar]
[INFO] wta-ai                                                             [jar]
[INFO] wta-common-richtext                                                [jar]
[INFO] wta-common-elasticsearch                                           [jar]
[INFO] wta-common-mqtt                                                    [jar]
[INFO] wta-demo                                                           [jar]
[INFO] wta-common-liteflow                                                [jar]
[INFO] wta-workflow                                                       [jar]
[INFO] wta-profile                                                        [pom]
[INFO] wta-profile-person                                                 [jar]
[INFO] wta-profile-enterprise                                             [jar]
[INFO] wta-admin                                                          [jar]
[INFO] 
[INFO] ----------------------< org.namewta:wta-vue-plus >----------------------
[INFO] Building WTA-Plus 6.0.0                                           [1/44]
[INFO]   from pom.xml
[INFO] --------------------------------[ pom ]---------------------------------
[INFO] 
[INFO] --- flatten:1.7.3:flatten (flatten) @ wta-vue-plus ---
[INFO] Generating flattened POM of project org.namewta:wta-vue-plus:pom:6.0.0...
[INFO] 
[INFO] -----------------------< org.namewta:wta-common >-----------------------
[INFO] Building wta-common 6.0.0                                         [2/44]
[INFO]   from wta-common/pom.xml
[INFO] --------------------------------[ pom ]---------------------------------
[INFO] 
[INFO] --- flatten:1.7.3:flatten (flatten) @ wta-common ---
[INFO] Generating flattened POM of project org.namewta:wta-common:pom:6.0.0...
[INFO] 
[INFO] --------------------< org.namewta:wta-common-core >---------------------
[INFO] Building wta-common-core 6.0.0                                    [3/44]
[INFO]   from wta-common/wta-common-core/pom.xml
[INFO] --------------------------------[ jar ]---------------------------------
[INFO] 
[INFO] --- resources:3.3.1:resources (default-resources) @ wta-common-core ---
[INFO] Copying 1 resource from src/main/resources to target/classes
[INFO] Copying 0 resource from src/main/resources to target/classes
[INFO] 
[INFO] --- flatten:1.7.3:flatten (flatten) @ wta-common-core ---
[INFO] Generating flattened POM of project org.namewta:wta-common-core:jar:6.0.0...
[INFO] 
[INFO] --- compiler:3.15.0:compile (default-compile) @ wta-common-core ---
[INFO] Nothing to compile - all classes are up to date.
[INFO] 
[INFO] --- resources:3.3.1:testResources (default-testResources) @ wta-common-core ---
[INFO] skip non existing resourceDirectory /srv/WTA-plus/backend/wta-common/wta-common-core/src/test/resources
[INFO] 
[INFO] --- compiler:3.15.0:testCompile (default-testCompile) @ wta-common-core ---
[INFO] Nothing to compile - all classes are up to date.
[INFO] 
[INFO] --- surefire:3.5.5:test (default-test) @ wta-common-core ---
[INFO] 
[INFO] ---------------------< org.namewta:wta-common-doc >---------------------
[INFO] Building wta-common-doc 6.0.0                                     [4/44]
[INFO]   from wta-common/wta-common-doc/pom.xml
[INFO] --------------------------------[ jar ]---------------------------------
[INFO] 
[INFO] --- resources:3.3.1:resources (default-resources) @ wta-common-doc ---
[INFO] Copying 1 resource from src/main/resources to target/classes
[INFO] Copying 0 resource from src/main/resources to target/classes
[INFO] 
[INFO] --- flatten:1.7.3:flatten (flatten) @ wta-common-doc ---
[INFO] Generating flattened POM of project org.namewta:wta-common-doc:jar:6.0.0...
[INFO] 
[INFO] --- compiler:3.15.0:compile (default-compile) @ wta-common-doc ---
[INFO] Nothing to compile - all classes are up to date.
[INFO] 
[INFO] --- resources:3.3.1:testResources (default-testResources) @ wta-common-doc ---
[INFO] skip non existing resourceDirectory /srv/WTA-plus/backend/wta-common/wta-common-doc/src/test/resources
[INFO] 
[INFO] --- compiler:3.15.0:testCompile (default-testCompile) @ wta-common-doc ---
[INFO] No sources to compile
[INFO] 
[INFO] --- surefire:3.5.5:test (default-test) @ wta-common-doc ---
[INFO] No tests to run.
[INFO] 
[INFO] --------------------< org.namewta:wta-common-json >---------------------
[INFO] Building wta-common-json 6.0.0                                    [5/44]
[INFO]   from wta-common/wta-common-json/pom.xml
[INFO] --------------------------------[ jar ]---------------------------------
[INFO] 
[INFO] --- resources:3.3.1:resources (default-resources) @ wta-common-json ---
[INFO] Copying 1 resource from src/main/resources to target/classes
[INFO] Copying 0 resource from src/main/resources to target/classes
[INFO] 
[INFO] --- flatten:1.7.3:flatten (flatten) @ wta-common-json ---
[INFO] Generating flattened POM of project org.namewta:wta-common-json:jar:6.0.0...
[INFO] 
[INFO] --- compiler:3.15.0:compile (default-compile) @ wta-common-json ---
[INFO] Nothing to compile - all classes are up to date.
[INFO] 
[INFO] --- resources:3.3.1:testResources (default-testResources) @ wta-common-json ---
[INFO] skip non existing resourceDirectory /srv/WTA-plus/backend/wta-common/wta-common-json/src/test/resources
[INFO] 
[INFO] --- compiler:3.15.0:testCompile (default-testCompile) @ wta-common-json ---
[INFO] Nothing to compile - all classes are up to date.
[INFO] 
[INFO] --- surefire:3.5.5:test (default-test) @ wta-common-json ---
[INFO] 
[INFO] --------------------< org.namewta:wta-common-redis >--------------------
[INFO] Building wta-common-redis 6.0.0                                   [6/44]
[INFO]   from wta-common/wta-common-redis/pom.xml
[INFO] --------------------------------[ jar ]---------------------------------
[INFO] 
[INFO] --- resources:3.3.1:resources (default-resources) @ wta-common-redis ---
[INFO] Copying 2 resources from src/main/resources to target/classes
[INFO] Copying 0 resource from src/main/resources to target/classes
[INFO] 
[INFO] --- flatten:1.7.3:flatten (flatten) @ wta-common-redis ---
[INFO] Generating flattened POM of project org.namewta:wta-common-redis:jar:6.0.0...
[INFO] 
[INFO] --- compiler:3.15.0:compile (default-compile) @ wta-common-redis ---
[INFO] Nothing to compile - all classes are up to date.
[INFO] 
[INFO] --- resources:3.3.1:testResources (default-testResources) @ wta-common-redis ---
[INFO] skip non existing resourceDirectory /srv/WTA-plus/backend/wta-common/wta-common-redis/src/test/resources
[INFO] 
[INFO] --- compiler:3.15.0:testCompile (default-testCompile) @ wta-common-redis ---
[INFO] Nothing to compile - all classes are up to date.
[INFO] 
[INFO] --- surefire:3.5.5:test (default-test) @ wta-common-redis ---
[INFO] 
[INFO] -------------------< org.namewta:wta-common-social >--------------------
[INFO] Building wta-common-social 6.0.0                                  [7/44]
[INFO]   from wta-common/wta-common-social/pom.xml
[INFO] --------------------------------[ jar ]---------------------------------
[INFO] 
[INFO] --- resources:3.3.1:resources (default-resources) @ wta-common-social ---
[INFO] Copying 1 resource from src/main/resources to target/classes
[INFO] Copying 0 resource from src/main/resources to target/classes
[INFO] 
[INFO] --- flatten:1.7.3:flatten (flatten) @ wta-common-social ---
[INFO] Generating flattened POM of project org.namewta:wta-common-social:jar:6.0.0...
[INFO] 
[INFO] --- compiler:3.15.0:compile (default-compile) @ wta-common-social ---
[INFO] Nothing to compile - all classes are up to date.
[INFO] 
[INFO] --- resources:3.3.1:testResources (default-testResources) @ wta-common-social ---
[INFO] skip non existing resourceDirectory /srv/WTA-plus/backend/wta-common/wta-common-social/src/test/resources
[INFO] 
[INFO] --- compiler:3.15.0:testCompile (default-testCompile) @ wta-common-social ---
[INFO] No sources to compile
[INFO] 
[INFO] --- surefire:3.5.5:test (default-test) @ wta-common-social ---
[INFO] No tests to run.
[INFO] 
[INFO] --------------------< org.namewta:wta-common-nacos >--------------------
[INFO] Building wta-common-nacos 6.0.0                                   [8/44]
[INFO]   from wta-common/wta-common-nacos/pom.xml
[INFO] --------------------------------[ jar ]---------------------------------
[INFO] 
[INFO] --- resources:3.3.1:resources (default-resources) @ wta-common-nacos ---
[INFO] Copying 2 resources from src/main/resources to target/classes
[INFO] Copying 0 resource from src/main/resources to target/classes
[INFO] 
[INFO] --- flatten:1.7.3:flatten (flatten) @ wta-common-nacos ---
[INFO] Generating flattened POM of project org.namewta:wta-common-nacos:jar:6.0.0...
[INFO] 
[INFO] --- compiler:3.15.0:compile (default-compile) @ wta-common-nacos ---
[INFO] Nothing to compile - all classes are up to date.
[INFO] 
[INFO] --- resources:3.3.1:testResources (default-testResources) @ wta-common-nacos ---
[INFO] skip non existing resourceDirectory /srv/WTA-plus/backend/wta-common/wta-common-nacos/src/test/resources
[INFO] 
[INFO] --- compiler:3.15.0:testCompile (default-testCompile) @ wta-common-nacos ---
[INFO] Nothing to compile - all classes are up to date.
[INFO] 
[INFO] --- surefire:3.5.5:test (default-test) @ wta-common-nacos ---
[INFO] 
[INFO] -------------------< org.namewta:wta-common-notify >--------------------
[INFO] Building wta-common-notify 6.0.0                                  [9/44]
[INFO]   from wta-common/wta-common-notify/pom.xml
[INFO] --------------------------------[ jar ]---------------------------------
[INFO] 
[INFO] --- resources:3.3.1:resources (default-resources) @ wta-common-notify ---
[INFO] Copying 1 resource from src/main/resources to target/classes
[INFO] Copying 0 resource from src/main/resources to target/classes
[INFO] 
[INFO] --- flatten:1.7.3:flatten (flatten) @ wta-common-notify ---
[INFO] Generating flattened POM of project org.namewta:wta-common-notify:jar:6.0.0...
[INFO] 
[INFO] --- compiler:3.15.0:compile (default-compile) @ wta-common-notify ---
[INFO] Nothing to compile - all classes are up to date.
[INFO] 
[INFO] --- resources:3.3.1:testResources (default-testResources) @ wta-common-notify ---
[INFO] skip non existing resourceDirectory /srv/WTA-plus/backend/wta-common/wta-common-notify/src/test/resources
[INFO] 
[INFO] --- compiler:3.15.0:testCompile (default-testCompile) @ wta-common-notify ---
[INFO] No sources to compile
[INFO] 
[INFO] --- surefire:3.5.5:test (default-test) @ wta-common-notify ---
[INFO] No tests to run.
[INFO] 
[INFO] --------------------< org.namewta:wta-common-mail >---------------------
[INFO] Building wta-common-mail 6.0.0                                   [10/44]
[INFO]   from wta-common/wta-common-mail/pom.xml
[INFO] --------------------------------[ jar ]---------------------------------
[INFO] 
[INFO] --- resources:3.3.1:resources (default-resources) @ wta-common-mail ---
[INFO] Copying 1 resource from src/main/resources to target/classes
[INFO] Copying 0 resource from src/main/resources to target/classes
[INFO] 
[INFO] --- flatten:1.7.3:flatten (flatten) @ wta-common-mail ---
[INFO] Generating flattened POM of project org.namewta:wta-common-mail:jar:6.0.0...
[INFO] 
[INFO] --- compiler:3.15.0:compile (default-compile) @ wta-common-mail ---
[INFO] Nothing to compile - all classes are up to date.
[INFO] 
[INFO] --- resources:3.3.1:testResources (default-testResources) @ wta-common-mail ---
[INFO] skip non existing resourceDirectory /srv/WTA-plus/backend/wta-common/wta-common-mail/src/test/resources
[INFO] 
[INFO] --- compiler:3.15.0:testCompile (default-testCompile) @ wta-common-mail ---
[INFO] No sources to compile
[INFO] 
[INFO] --- surefire:3.5.5:test (default-test) @ wta-common-mail ---
[INFO] No tests to run.
[INFO] 
[INFO] ---------------------< org.namewta:wta-common-mcp >---------------------
[INFO] Building wta-common-mcp 6.0.0                                    [11/44]
[INFO]   from wta-common/wta-common-mcp/pom.xml
[INFO] --------------------------------[ jar ]---------------------------------
[INFO] 
[INFO] --- resources:3.3.1:resources (default-resources) @ wta-common-mcp ---
[INFO] Copying 1 resource from src/main/resources to target/classes
[INFO] Copying 0 resource from src/main/resources to target/classes
[INFO] 
[INFO] --- flatten:1.7.3:flatten (flatten) @ wta-common-mcp ---
[INFO] Generating flattened POM of project org.namewta:wta-common-mcp:jar:6.0.0...
[INFO] 
[INFO] --- compiler:3.15.0:compile (default-compile) @ wta-common-mcp ---
[INFO] Nothing to compile - all classes are up to date.
[INFO] 
[INFO] --- resources:3.3.1:testResources (default-testResources) @ wta-common-mcp ---
[INFO] skip non existing resourceDirectory /srv/WTA-plus/backend/wta-common/wta-common-mcp/src/test/resources
[INFO] 
[INFO] --- compiler:3.15.0:testCompile (default-testCompile) @ wta-common-mcp ---
[INFO] No sources to compile
[INFO] 
[INFO] --- surefire:3.5.5:test (default-test) @ wta-common-mcp ---
[INFO] No tests to run.
[INFO] 
[INFO] ------------------------< org.namewta:wta-api >-------------------------
[INFO] Building wta-api 6.0.0                                           [12/44]
[INFO]   from wta-api/pom.xml
[INFO] --------------------------------[ jar ]---------------------------------
[INFO] 
[INFO] --- resources:3.3.1:resources (default-resources) @ wta-api ---
[INFO] skip non existing resourceDirectory /srv/WTA-plus/backend/wta-api/src/main/resources
[INFO] skip non existing resourceDirectory /srv/WTA-plus/backend/wta-api/src/main/resources
[INFO] 
[INFO] --- flatten:1.7.3:flatten (flatten) @ wta-api ---
[INFO] Generating flattened POM of project org.namewta:wta-api:jar:6.0.0...
[INFO] 
[INFO] --- compiler:3.15.0:compile (default-compile) @ wta-api ---
[INFO] Nothing to compile - all classes are up to date.
[INFO] 
[INFO] --- resources:3.3.1:testResources (default-testResources) @ wta-api ---
[INFO] skip non existing resourceDirectory /srv/WTA-plus/backend/wta-api/src/test/resources
[INFO] 
[INFO] --- compiler:3.15.0:testCompile (default-testCompile) @ wta-api ---
[INFO] No sources to compile
[INFO] 
[INFO] --- surefire:3.5.5:test (default-test) @ wta-api ---
[INFO] No tests to run.
[INFO] 
[INFO] -------------------< org.namewta:wta-common-satoken >-------------------
[INFO] Building wta-common-satoken 6.0.0                                [13/44]
[INFO]   from wta-common/wta-common-satoken/pom.xml
[INFO] --------------------------------[ jar ]---------------------------------
[INFO] 
[INFO] --- resources:3.3.1:resources (default-resources) @ wta-common-satoken ---
[INFO] Copying 2 resources from src/main/resources to target/classes
[INFO] Copying 0 resource from src/main/resources to target/classes
[INFO] 
[INFO] --- flatten:1.7.3:flatten (flatten) @ wta-common-satoken ---
[INFO] Generating flattened POM of project org.namewta:wta-common-satoken:jar:6.0.0...
[INFO] 
[INFO] --- compiler:3.15.0:compile (default-compile) @ wta-common-satoken ---
[INFO] Nothing to compile - all classes are up to date.
[INFO] 
[INFO] --- resources:3.3.1:testResources (default-testResources) @ wta-common-satoken ---
[INFO] skip non existing resourceDirectory /srv/WTA-plus/backend/wta-common/wta-common-satoken/src/test/resources
[INFO] 
[INFO] --- compiler:3.15.0:testCompile (default-testCompile) @ wta-common-satoken ---
[INFO] No sources to compile
[INFO] 
[INFO] --- surefire:3.5.5:test (default-test) @ wta-common-satoken ---
[INFO] No tests to run.
[INFO] 
[INFO] -------------------< org.namewta:wta-common-openapi >-------------------
[INFO] Building wta-common-openapi 6.0.0                                [14/44]
[INFO]   from wta-common/wta-common-openapi/pom.xml
[INFO] --------------------------------[ jar ]---------------------------------
[INFO] 
[INFO] --- resources:3.3.1:resources (default-resources) @ wta-common-openapi ---
[INFO] Copying 1 resource from src/main/resources to target/classes
[INFO] Copying 0 resource from src/main/resources to target/classes
[INFO] 
[INFO] --- flatten:1.7.3:flatten (flatten) @ wta-common-openapi ---
[INFO] Generating flattened POM of project org.namewta:wta-common-openapi:jar:6.0.0...
[INFO] 
[INFO] --- compiler:3.15.0:compile (default-compile) @ wta-common-openapi ---
[INFO] Nothing to compile - all classes are up to date.
[INFO] 
[INFO] --- resources:3.3.1:testResources (default-testResources) @ wta-common-openapi ---
[INFO] skip non existing resourceDirectory /srv/WTA-plus/backend/wta-common/wta-common-openapi/src/test/resources
[INFO] 
[INFO] --- compiler:3.15.0:testCompile (default-testCompile) @ wta-common-openapi ---
[INFO] Nothing to compile - all classes are up to date.
[INFO] 
[INFO] --- surefire:3.5.5:test (default-test) @ wta-common-openapi ---
[INFO] 
[INFO] -------------------< org.namewta:wta-common-mybatis >-------------------
[INFO] Building wta-common-mybatis 6.0.0                                [15/44]
[INFO]   from wta-common/wta-common-mybatis/pom.xml
[INFO] --------------------------------[ jar ]---------------------------------
[INFO] 
[INFO] --- resources:3.3.1:resources (default-resources) @ wta-common-mybatis ---
[INFO] Copying 2 resources from src/main/resources to target/classes
[INFO] Copying 0 resource from src/main/resources to target/classes
[INFO] 
[INFO] --- flatten:1.7.3:flatten (flatten) @ wta-common-mybatis ---
[INFO] Generating flattened POM of project org.namewta:wta-common-mybatis:jar:6.0.0...
[INFO] 
[INFO] --- compiler:3.15.0:compile (default-compile) @ wta-common-mybatis ---
[INFO] Nothing to compile - all classes are up to date.
[INFO] 
[INFO] --- resources:3.3.1:testResources (default-testResources) @ wta-common-mybatis ---
[INFO] skip non existing resourceDirectory /srv/WTA-plus/backend/wta-common/wta-common-mybatis/src/test/resources
[INFO] 
[INFO] --- compiler:3.15.0:testCompile (default-testCompile) @ wta-common-mybatis ---
[INFO] No sources to compile
[INFO] 
[INFO] --- surefire:3.5.5:test (default-test) @ wta-common-mybatis ---
[INFO] No tests to run.
[INFO] 
[INFO] -----------------< org.namewta:wta-common-translation >-----------------
[INFO] Building wta-common-translation 6.0.0                            [16/44]
[INFO]   from wta-common/wta-common-translation/pom.xml
[INFO] --------------------------------[ jar ]---------------------------------
[INFO] 
[INFO] --- resources:3.3.1:resources (default-resources) @ wta-common-translation ---
[INFO] Copying 1 resource from src/main/resources to target/classes
[INFO] Copying 0 resource from src/main/resources to target/classes
[INFO] 
[INFO] --- flatten:1.7.3:flatten (flatten) @ wta-common-translation ---
[INFO] Generating flattened POM of project org.namewta:wta-common-translation:jar:6.0.0...
[INFO] 
[INFO] --- compiler:3.15.0:compile (default-compile) @ wta-common-translation ---
[INFO] Nothing to compile - all classes are up to date.
[INFO] 
[INFO] --- resources:3.3.1:testResources (default-testResources) @ wta-common-translation ---
[INFO] skip non existing resourceDirectory /srv/WTA-plus/backend/wta-common/wta-common-translation/src/test/resources
[INFO] 
[INFO] --- compiler:3.15.0:testCompile (default-testCompile) @ wta-common-translation ---
[INFO] No sources to compile
[INFO] 
[INFO] --- surefire:3.5.5:test (default-test) @ wta-common-translation ---
[INFO] No tests to run.
[INFO] 
[INFO] ---------------------< org.namewta:wta-common-oss >---------------------
[INFO] Building wta-common-oss 6.0.0                                    [17/44]
[INFO]   from wta-common/wta-common-oss/pom.xml
[INFO] --------------------------------[ jar ]---------------------------------
[INFO] 
[INFO] --- resources:3.3.1:resources (default-resources) @ wta-common-oss ---
[INFO] skip non existing resourceDirectory /srv/WTA-plus/backend/wta-common/wta-common-oss/src/main/resources
[INFO] skip non existing resourceDirectory /srv/WTA-plus/backend/wta-common/wta-common-oss/src/main/resources
[INFO] 
[INFO] --- flatten:1.7.3:flatten (flatten) @ wta-common-oss ---
[INFO] Generating flattened POM of project org.namewta:wta-common-oss:jar:6.0.0...
[INFO] 
[INFO] --- compiler:3.15.0:compile (default-compile) @ wta-common-oss ---
[INFO] Nothing to compile - all classes are up to date.
[INFO] 
[INFO] --- resources:3.3.1:testResources (default-testResources) @ wta-common-oss ---
[INFO] skip non existing resourceDirectory /srv/WTA-plus/backend/wta-common/wta-common-oss/src/test/resources
[INFO] 
[INFO] --- compiler:3.15.0:testCompile (default-testCompile) @ wta-common-oss ---
[INFO] No sources to compile
[INFO] 
[INFO] --- surefire:3.5.5:test (default-test) @ wta-common-oss ---
[INFO] No tests to run.
[INFO] 
[INFO] ---------------------< org.namewta:wta-common-log >---------------------
[INFO] Building wta-common-log 6.0.0                                    [18/44]
[INFO]   from wta-common/wta-common-log/pom.xml
[INFO] --------------------------------[ jar ]---------------------------------
[INFO] 
[INFO] --- resources:3.3.1:resources (default-resources) @ wta-common-log ---
[INFO] Copying 1 resource from src/main/resources to target/classes
[INFO] Copying 0 resource from src/main/resources to target/classes
[INFO] 
[INFO] --- flatten:1.7.3:flatten (flatten) @ wta-common-log ---
[INFO] Generating flattened POM of project org.namewta:wta-common-log:jar:6.0.0...
[INFO] 
[INFO] --- compiler:3.15.0:compile (default-compile) @ wta-common-log ---
[INFO] Nothing to compile - all classes are up to date.
[INFO] 
[INFO] --- resources:3.3.1:testResources (default-testResources) @ wta-common-log ---
[INFO] skip non existing resourceDirectory /srv/WTA-plus/backend/wta-common/wta-common-log/src/test/resources
[INFO] 
[INFO] --- compiler:3.15.0:testCompile (default-testCompile) @ wta-common-log ---
[INFO] Nothing to compile - all classes are up to date.
[INFO] 
[INFO] --- surefire:3.5.5:test (default-test) @ wta-common-log ---
[INFO] 
[INFO] --------------------< org.namewta:wta-common-excel >--------------------
[INFO] Building wta-common-excel 6.0.0                                  [19/44]
[INFO]   from wta-common/wta-common-excel/pom.xml
[INFO] --------------------------------[ jar ]---------------------------------
[INFO] 
[INFO] --- resources:3.3.1:resources (default-resources) @ wta-common-excel ---
[INFO] skip non existing resourceDirectory /srv/WTA-plus/backend/wta-common/wta-common-excel/src/main/resources
[INFO] skip non existing resourceDirectory /srv/WTA-plus/backend/wta-common/wta-common-excel/src/main/resources
[INFO] 
[INFO] --- flatten:1.7.3:flatten (flatten) @ wta-common-excel ---
[INFO] Generating flattened POM of project org.namewta:wta-common-excel:jar:6.0.0...
[INFO] 
[INFO] --- compiler:3.15.0:compile (default-compile) @ wta-common-excel ---
[INFO] Nothing to compile - all classes are up to date.
[INFO] 
[INFO] --- resources:3.3.1:testResources (default-testResources) @ wta-common-excel ---
[INFO] skip non existing resourceDirectory /srv/WTA-plus/backend/wta-common/wta-common-excel/src/test/resources
[INFO] 
[INFO] --- compiler:3.15.0:testCompile (default-testCompile) @ wta-common-excel ---
[INFO] No sources to compile
[INFO] 
[INFO] --- surefire:3.5.5:test (default-test) @ wta-common-excel ---
[INFO] No tests to run.
[INFO] 
[INFO] ---------------------< org.namewta:wta-common-sms >---------------------
[INFO] Building wta-common-sms 6.0.0                                    [20/44]
[INFO]   from wta-common/wta-common-sms/pom.xml
[INFO] --------------------------------[ jar ]---------------------------------
[INFO] 
[INFO] --- resources:3.3.1:resources (default-resources) @ wta-common-sms ---
[INFO] Copying 1 resource from src/main/resources to target/classes
[INFO] Copying 0 resource from src/main/resources to target/classes
[INFO] 
[INFO] --- flatten:1.7.3:flatten (flatten) @ wta-common-sms ---
[INFO] Generating flattened POM of project org.namewta:wta-common-sms:jar:6.0.0...
[INFO] 
[INFO] --- compiler:3.15.0:compile (default-compile) @ wta-common-sms ---
[INFO] Nothing to compile - all classes are up to date.
[INFO] 
[INFO] --- resources:3.3.1:testResources (default-testResources) @ wta-common-sms ---
[INFO] skip non existing resourceDirectory /srv/WTA-plus/backend/wta-common/wta-common-sms/src/test/resources
[INFO] 
[INFO] --- compiler:3.15.0:testCompile (default-testCompile) @ wta-common-sms ---
[INFO] Nothing to compile - all classes are up to date.
[INFO] 
[INFO] --- surefire:3.5.5:test (default-test) @ wta-common-sms ---
[INFO] 
[INFO] ------------------< org.namewta:wta-common-security >-------------------
[INFO] Building wta-common-security 6.0.0                               [21/44]
[INFO]   from wta-common/wta-common-security/pom.xml
[INFO] --------------------------------[ jar ]---------------------------------
[INFO] 
[INFO] --- resources:3.3.1:resources (default-resources) @ wta-common-security ---
[INFO] Copying 1 resource from src/main/resources to target/classes
[INFO] Copying 0 resource from src/main/resources to target/classes
[INFO] 
[INFO] --- flatten:1.7.3:flatten (flatten) @ wta-common-security ---
[INFO] Generating flattened POM of project org.namewta:wta-common-security:jar:6.0.0...
[INFO] 
[INFO] --- compiler:3.15.0:compile (default-compile) @ wta-common-security ---
[INFO] Nothing to compile - all classes are up to date.
[INFO] 
[INFO] --- resources:3.3.1:testResources (default-testResources) @ wta-common-security ---
[INFO] skip non existing resourceDirectory /srv/WTA-plus/backend/wta-common/wta-common-security/src/test/resources
[INFO] 
[INFO] --- compiler:3.15.0:testCompile (default-testCompile) @ wta-common-security ---
[INFO] No sources to compile
[INFO] 
[INFO] --- surefire:3.5.5:test (default-test) @ wta-common-security ---
[INFO] No tests to run.
[INFO] 
[INFO] ---------------------< org.namewta:wta-common-web >---------------------
[INFO] Building wta-common-web 6.0.0                                    [22/44]
[INFO]   from wta-common/wta-common-web/pom.xml
[INFO] --------------------------------[ jar ]---------------------------------
[INFO] 
[INFO] --- resources:3.3.1:resources (default-resources) @ wta-common-web ---
[INFO] Copying 1 resource from src/main/resources to target/classes
[INFO] Copying 0 resource from src/main/resources to target/classes
[INFO] 
[INFO] --- flatten:1.7.3:flatten (flatten) @ wta-common-web ---
[INFO] Generating flattened POM of project org.namewta:wta-common-web:jar:6.0.0...
[INFO] 
[INFO] --- compiler:3.15.0:compile (default-compile) @ wta-common-web ---
[INFO] Nothing to compile - all classes are up to date.
[INFO] 
[INFO] --- resources:3.3.1:testResources (default-testResources) @ wta-common-web ---
[INFO] skip non existing resourceDirectory /srv/WTA-plus/backend/wta-common/wta-common-web/src/test/resources
[INFO] 
[INFO] --- compiler:3.15.0:testCompile (default-testCompile) @ wta-common-web ---
[INFO] Nothing to compile - all classes are up to date.
[INFO] 
[INFO] --- surefire:3.5.5:test (default-test) @ wta-common-web ---
[INFO] 
[INFO] ------------------< org.namewta:wta-common-sensitive >------------------
[INFO] Building wta-common-sensitive 6.0.0                              [23/44]
[INFO]   from wta-common/wta-common-sensitive/pom.xml
[INFO] --------------------------------[ jar ]---------------------------------
[INFO] 
[INFO] --- resources:3.3.1:resources (default-resources) @ wta-common-sensitive ---
[INFO] Copying 1 resource from src/main/resources to target/classes
[INFO] Copying 0 resource from src/main/resources to target/classes
[INFO] 
[INFO] --- flatten:1.7.3:flatten (flatten) @ wta-common-sensitive ---
[INFO] Generating flattened POM of project org.namewta:wta-common-sensitive:jar:6.0.0...
[INFO] 
[INFO] --- compiler:3.15.0:compile (default-compile) @ wta-common-sensitive ---
[INFO] Nothing to compile - all classes are up to date.
[INFO] 
[INFO] --- resources:3.3.1:testResources (default-testResources) @ wta-common-sensitive ---
[INFO] skip non existing resourceDirectory /srv/WTA-plus/backend/wta-common/wta-common-sensitive/src/test/resources
[INFO] 
[INFO] --- compiler:3.15.0:testCompile (default-testCompile) @ wta-common-sensitive ---
[INFO] No sources to compile
[INFO] 
[INFO] --- surefire:3.5.5:test (default-test) @ wta-common-sensitive ---
[INFO] No tests to run.
[INFO] 
[INFO] -------------------< org.namewta:wta-common-encrypt >-------------------
[INFO] Building wta-common-encrypt 6.0.0                                [24/44]
[INFO]   from wta-common/wta-common-encrypt/pom.xml
[INFO] --------------------------------[ jar ]---------------------------------
[INFO] 
[INFO] --- resources:3.3.1:resources (default-resources) @ wta-common-encrypt ---
[INFO] Copying 1 resource from src/main/resources to target/classes
[INFO] Copying 0 resource from src/main/resources to target/classes
[INFO] 
[INFO] --- flatten:1.7.3:flatten (flatten) @ wta-common-encrypt ---
[INFO] Generating flattened POM of project org.namewta:wta-common-encrypt:jar:6.0.0...
[INFO] 
[INFO] --- compiler:3.15.0:compile (default-compile) @ wta-common-encrypt ---
[INFO] Nothing to compile - all classes are up to date.
[INFO] 
[INFO] --- resources:3.3.1:testResources (default-testResources) @ wta-common-encrypt ---
[INFO] skip non existing resourceDirectory /srv/WTA-plus/backend/wta-common/wta-common-encrypt/src/test/resources
[INFO] 
[INFO] --- compiler:3.15.0:testCompile (default-testCompile) @ wta-common-encrypt ---
[INFO] No sources to compile
[INFO] 
[INFO] --- surefire:3.5.5:test (default-test) @ wta-common-encrypt ---
[INFO] No tests to run.
[INFO] 
[INFO] --------------------< org.namewta:wta-common-push >---------------------
[INFO] Building wta-common-push 6.0.0                                   [25/44]
[INFO]   from wta-common/wta-common-push/pom.xml
[INFO] --------------------------------[ jar ]---------------------------------
[INFO] 
[INFO] --- resources:3.3.1:resources (default-resources) @ wta-common-push ---
[INFO] Copying 1 resource from src/main/resources to target/classes
[INFO] Copying 0 resource from src/main/resources to target/classes
[INFO] 
[INFO] --- flatten:1.7.3:flatten (flatten) @ wta-common-push ---
[INFO] Generating flattened POM of project org.namewta:wta-common-push:jar:6.0.0...
[INFO] 
[INFO] --- compiler:3.15.0:compile (default-compile) @ wta-common-push ---
[INFO] Nothing to compile - all classes are up to date.
[INFO] 
[INFO] --- resources:3.3.1:testResources (default-testResources) @ wta-common-push ---
[INFO] skip non existing resourceDirectory /srv/WTA-plus/backend/wta-common/wta-common-push/src/test/resources
[INFO] 
[INFO] --- compiler:3.15.0:testCompile (default-testCompile) @ wta-common-push ---
[INFO] Nothing to compile - all classes are up to date.
[INFO] 
[INFO] --- surefire:3.5.5:test (default-test) @ wta-common-push ---
[INFO] 
[INFO] ----------------------< org.namewta:wta-modules >-----------------------
[INFO] Building wta-modules 6.0.0                                       [26/44]
[INFO]   from wta-modules/pom.xml
[INFO] --------------------------------[ pom ]---------------------------------
[INFO] 
[INFO] --- flatten:1.7.3:flatten (flatten) @ wta-modules ---
[INFO] Generating flattened POM of project org.namewta:wta-modules:pom:6.0.0...
[INFO] 
[INFO] -----------------------< org.namewta:wta-system >-----------------------
[INFO] Building wta-system 6.0.0                                        [27/44]
[INFO]   from wta-modules/wta-system/pom.xml
[INFO] --------------------------------[ jar ]---------------------------------
[INFO] 
[INFO] --- resources:3.3.1:resources (default-resources) @ wta-system ---
[INFO] Copying 23 resources from src/main/resources to target/classes
[INFO] Copying 0 resource from src/main/resources to target/classes
[INFO] 
[INFO] --- flatten:1.7.3:flatten (flatten) @ wta-system ---
[INFO] Generating flattened POM of project org.namewta:wta-system:jar:6.0.0...
[INFO] 
[INFO] --- compiler:3.15.0:compile (default-compile) @ wta-system ---
[INFO] Nothing to compile - all classes are up to date.
[INFO] 
[INFO] --- resources:3.3.1:testResources (default-testResources) @ wta-system ---
[INFO] skip non existing resourceDirectory /srv/WTA-plus/backend/wta-modules/wta-system/src/test/resources
[INFO] 
[INFO] --- compiler:3.15.0:testCompile (default-testCompile) @ wta-system ---
[INFO] Nothing to compile - all classes are up to date.
[INFO] 
[INFO] --- surefire:3.5.5:test (default-test) @ wta-system ---
[INFO] 
[INFO] -----------------------< org.namewta:wta-third >------------------------
[INFO] Building wta-third 6.0.0                                         [28/44]
[INFO]   from wta-modules/wta-third/pom.xml
[INFO] --------------------------------[ jar ]---------------------------------
[INFO] 
[INFO] --- resources:3.3.1:resources (default-resources) @ wta-third ---
[INFO] Copying 1 resource from src/main/resources to target/classes
[INFO] Copying 0 resource from src/main/resources to target/classes
[INFO] 
[INFO] --- flatten:1.7.3:flatten (flatten) @ wta-third ---
[INFO] Generating flattened POM of project org.namewta:wta-third:jar:6.0.0...
[INFO] 
[INFO] --- compiler:3.15.0:compile (default-compile) @ wta-third ---
[INFO] Nothing to compile - all classes are up to date.
[INFO] 
[INFO] --- resources:3.3.1:testResources (default-testResources) @ wta-third ---
[INFO] skip non existing resourceDirectory /srv/WTA-plus/backend/wta-modules/wta-third/src/test/resources
[INFO] 
[INFO] --- compiler:3.15.0:testCompile (default-testCompile) @ wta-third ---
[INFO] Nothing to compile - all classes are up to date.
[INFO] 
[INFO] --- surefire:3.5.5:test (default-test) @ wta-third ---
[INFO] 
[INFO] -----------------------< org.namewta:wta-notify >-----------------------
[INFO] Building wta-notify 6.0.0                                        [29/44]
[INFO]   from wta-modules/wta-notify/pom.xml
[INFO] --------------------------------[ jar ]---------------------------------
[INFO] 
[INFO] --- resources:3.3.1:resources (default-resources) @ wta-notify ---
[INFO] Copying 4 resources from src/main/resources to target/classes
[INFO] Copying 0 resource from src/main/resources to target/classes
[INFO] 
[INFO] --- flatten:1.7.3:flatten (flatten) @ wta-notify ---
[INFO] Generating flattened POM of project org.namewta:wta-notify:jar:6.0.0...
[INFO] 
[INFO] --- compiler:3.15.0:compile (default-compile) @ wta-notify ---
[INFO] Nothing to compile - all classes are up to date.
[INFO] 
[INFO] --- resources:3.3.1:testResources (default-testResources) @ wta-notify ---
[INFO] skip non existing resourceDirectory /srv/WTA-plus/backend/wta-modules/wta-notify/src/test/resources
[INFO] 
[INFO] --- compiler:3.15.0:testCompile (default-testCompile) @ wta-notify ---
[INFO] Recompiling the module because of changed source code.
[INFO] Compiling 23 source files with javac [debug release 21] to target/test-classes
[INFO] /srv/WTA-plus/backend/wta-modules/wta-notify/src/test/java/org/namewta/notify/support/outbox/NotifyOutboxWakeRedisGate.java: /srv/WTA-plus/backend/wta-modules/wta-notify/src/test/java/org/namewta/notify/support/outbox/NotifyOutboxWakeRedisGate.java uses or overrides a deprecated API.
[INFO] /srv/WTA-plus/backend/wta-modules/wta-notify/src/test/java/org/namewta/notify/support/outbox/NotifyOutboxWakeRedisGate.java: Recompile with -Xlint:deprecation for details.
[INFO] /srv/WTA-plus/backend/wta-modules/wta-notify/src/test/java/org/namewta/notify/adapter/provider/Sms4jReceiptTest.java: Some input files use unchecked or unsafe operations.
[INFO] /srv/WTA-plus/backend/wta-modules/wta-notify/src/test/java/org/namewta/notify/adapter/provider/Sms4jReceiptTest.java: Recompile with -Xlint:unchecked for details.
[INFO] 
[INFO] --- surefire:3.5.5:test (default-test) @ wta-notify ---
[INFO] 
[INFO] ------------------------< org.namewta:wta-sso >-------------------------
[INFO] Building wta-sso 6.0.0                                           [30/44]
[INFO]   from wta-modules/wta-sso/pom.xml
[INFO] --------------------------------[ jar ]---------------------------------
[INFO] 
[INFO] --- resources:3.3.1:resources (default-resources) @ wta-sso ---
[INFO] Copying 1 resource from src/main/resources to target/classes
[INFO] Copying 0 resource from src/main/resources to target/classes
[INFO] 
[INFO] --- flatten:1.7.3:flatten (flatten) @ wta-sso ---
[INFO] Generating flattened POM of project org.namewta:wta-sso:jar:6.0.0...
[INFO] 
[INFO] --- compiler:3.15.0:compile (default-compile) @ wta-sso ---
[INFO] Nothing to compile - all classes are up to date.
[INFO] 
[INFO] --- resources:3.3.1:testResources (default-testResources) @ wta-sso ---
[INFO] skip non existing resourceDirectory /srv/WTA-plus/backend/wta-modules/wta-sso/src/test/resources
[INFO] 
[INFO] --- compiler:3.15.0:testCompile (default-testCompile) @ wta-sso ---
[INFO] Nothing to compile - all classes are up to date.
[INFO] 
[INFO] --- surefire:3.5.5:test (default-test) @ wta-sso ---
[INFO] 
[INFO] ---------------------< org.namewta:wta-common-job >---------------------
[INFO] Building wta-common-job 6.0.0                                    [31/44]
[INFO]   from wta-common/wta-common-job/pom.xml
[INFO] --------------------------------[ jar ]---------------------------------
[INFO] 
[INFO] --- resources:3.3.1:resources (default-resources) @ wta-common-job ---
[INFO] Copying 1 resource from src/main/resources to target/classes
[INFO] Copying 0 resource from src/main/resources to target/classes
[INFO] 
[INFO] --- flatten:1.7.3:flatten (flatten) @ wta-common-job ---
[INFO] Generating flattened POM of project org.namewta:wta-common-job:jar:6.0.0...
[INFO] 
[INFO] --- compiler:3.15.0:compile (default-compile) @ wta-common-job ---
[INFO] Nothing to compile - all classes are up to date.
[INFO] 
[INFO] --- resources:3.3.1:testResources (default-testResources) @ wta-common-job ---
[INFO] skip non existing resourceDirectory /srv/WTA-plus/backend/wta-common/wta-common-job/src/test/resources
[INFO] 
[INFO] --- compiler:3.15.0:testCompile (default-testCompile) @ wta-common-job ---
[INFO] No sources to compile
[INFO] 
[INFO] --- surefire:3.5.5:test (default-test) @ wta-common-job ---
[INFO] No tests to run.
[INFO] 
[INFO] ------------------------< org.namewta:wta-job >-------------------------
[INFO] Building wta-job 6.0.0                                           [32/44]
[INFO]   from wta-modules/wta-job/pom.xml
[INFO] --------------------------------[ jar ]---------------------------------
[INFO] 
[INFO] --- resources:3.3.1:resources (default-resources) @ wta-job ---
[INFO] skip non existing resourceDirectory /srv/WTA-plus/backend/wta-modules/wta-job/src/main/resources
[INFO] skip non existing resourceDirectory /srv/WTA-plus/backend/wta-modules/wta-job/src/main/resources
[INFO] 
[INFO] --- flatten:1.7.3:flatten (flatten) @ wta-job ---
[INFO] Generating flattened POM of project org.namewta:wta-job:jar:6.0.0...
[INFO] 
[INFO] --- compiler:3.15.0:compile (default-compile) @ wta-job ---
[INFO] Nothing to compile - all classes are up to date.
[INFO] 
[INFO] --- resources:3.3.1:testResources (default-testResources) @ wta-job ---
[INFO] skip non existing resourceDirectory /srv/WTA-plus/backend/wta-modules/wta-job/src/test/resources
[INFO] 
[INFO] --- compiler:3.15.0:testCompile (default-testCompile) @ wta-job ---
[INFO] No sources to compile
[INFO] 
[INFO] --- surefire:3.5.5:test (default-test) @ wta-job ---
[INFO] No tests to run.
[INFO] 
[INFO] ---------------------< org.namewta:wta-common-ai >----------------------
[INFO] Building wta-common-ai 6.0.0                                     [33/44]
[INFO]   from wta-common/wta-common-ai/pom.xml
[INFO] --------------------------------[ jar ]---------------------------------
[INFO] 
[INFO] --- resources:3.3.1:resources (default-resources) @ wta-common-ai ---
[INFO] Copying 0 resource from src/main/resources to target/classes
[INFO] Copying 0 resource from src/main/resources to target/classes
[INFO] 
[INFO] --- flatten:1.7.3:flatten (flatten) @ wta-common-ai ---
[INFO] Generating flattened POM of project org.namewta:wta-common-ai:jar:6.0.0...
[INFO] 
[INFO] --- compiler:3.15.0:compile (default-compile) @ wta-common-ai ---
[INFO] Nothing to compile - all classes are up to date.
[INFO] 
[INFO] --- resources:3.3.1:testResources (default-testResources) @ wta-common-ai ---
[INFO] skip non existing resourceDirectory /srv/WTA-plus/backend/wta-common/wta-common-ai/src/test/resources
[INFO] 
[INFO] --- compiler:3.15.0:testCompile (default-testCompile) @ wta-common-ai ---
[INFO] No sources to compile
[INFO] 
[INFO] --- surefire:3.5.5:test (default-test) @ wta-common-ai ---
[INFO] No tests to run.
[INFO] 
[INFO] -------------------------< org.namewta:wta-ai >-------------------------
[INFO] Building wta-ai 6.0.0                                            [34/44]
[INFO]   from wta-modules/wta-ai/pom.xml
[INFO] --------------------------------[ jar ]---------------------------------
[INFO] 
[INFO] --- resources:3.3.1:resources (default-resources) @ wta-ai ---
[INFO] skip non existing resourceDirectory /srv/WTA-plus/backend/wta-modules/wta-ai/src/main/resources
[INFO] skip non existing resourceDirectory /srv/WTA-plus/backend/wta-modules/wta-ai/src/main/resources
[INFO] 
[INFO] --- flatten:1.7.3:flatten (flatten) @ wta-ai ---
[INFO] Generating flattened POM of project org.namewta:wta-ai:jar:6.0.0...
[INFO] 
[INFO] --- compiler:3.15.0:compile (default-compile) @ wta-ai ---
[INFO] Nothing to compile - all classes are up to date.
[INFO] 
[INFO] --- resources:3.3.1:testResources (default-testResources) @ wta-ai ---
[INFO] skip non existing resourceDirectory /srv/WTA-plus/backend/wta-modules/wta-ai/src/test/resources
[INFO] 
[INFO] --- compiler:3.15.0:testCompile (default-testCompile) @ wta-ai ---
[INFO] No sources to compile
[INFO] 
[INFO] --- surefire:3.5.5:test (default-test) @ wta-ai ---
[INFO] No tests to run.
[INFO] 
[INFO] ------------------< org.namewta:wta-common-richtext >-------------------
[INFO] Building wta-common-richtext 6.0.0                               [35/44]
[INFO]   from wta-common/wta-common-richtext/pom.xml
[INFO] --------------------------------[ jar ]---------------------------------
[INFO] 
[INFO] --- resources:3.3.1:resources (default-resources) @ wta-common-richtext ---
[INFO] skip non existing resourceDirectory /srv/WTA-plus/backend/wta-common/wta-common-richtext/src/main/resources
[INFO] skip non existing resourceDirectory /srv/WTA-plus/backend/wta-common/wta-common-richtext/src/main/resources
[INFO] 
[INFO] --- flatten:1.7.3:flatten (flatten) @ wta-common-richtext ---
[INFO] Generating flattened POM of project org.namewta:wta-common-richtext:jar:6.0.0...
[INFO] 
[INFO] --- compiler:3.15.0:compile (default-compile) @ wta-common-richtext ---
[INFO] Nothing to compile - all classes are up to date.
[INFO] 
[INFO] --- resources:3.3.1:testResources (default-testResources) @ wta-common-richtext ---
[INFO] skip non existing resourceDirectory /srv/WTA-plus/backend/wta-common/wta-common-richtext/src/test/resources
[INFO] 
[INFO] --- compiler:3.15.0:testCompile (default-testCompile) @ wta-common-richtext ---
[INFO] Nothing to compile - all classes are up to date.
[INFO] 
[INFO] --- surefire:3.5.5:test (default-test) @ wta-common-richtext ---
[INFO] 
[INFO] ----------------< org.namewta:wta-common-elasticsearch >----------------
[INFO] Building wta-common-elasticsearch 6.0.0                          [36/44]
[INFO]   from wta-common/wta-common-elasticsearch/pom.xml
[INFO] --------------------------------[ jar ]---------------------------------
[INFO] 
[INFO] --- resources:3.3.1:resources (default-resources) @ wta-common-elasticsearch ---
[INFO] Copying 2 resources from src/main/resources to target/classes
[INFO] Copying 0 resource from src/main/resources to target/classes
[INFO] 
[INFO] --- flatten:1.7.3:flatten (flatten) @ wta-common-elasticsearch ---
[INFO] Generating flattened POM of project org.namewta:wta-common-elasticsearch:jar:6.0.0...
[INFO] 
[INFO] --- compiler:3.15.0:compile (default-compile) @ wta-common-elasticsearch ---
[INFO] Nothing to compile - all classes are up to date.
[INFO] 
[INFO] --- resources:3.3.1:testResources (default-testResources) @ wta-common-elasticsearch ---
[INFO] skip non existing resourceDirectory /srv/WTA-plus/backend/wta-common/wta-common-elasticsearch/src/test/resources
[INFO] 
[INFO] --- compiler:3.15.0:testCompile (default-testCompile) @ wta-common-elasticsearch ---
[INFO] No sources to compile
[INFO] 
[INFO] --- surefire:3.5.5:test (default-test) @ wta-common-elasticsearch ---
[INFO] No tests to run.
[INFO] 
[INFO] --------------------< org.namewta:wta-common-mqtt >---------------------
[INFO] Building wta-common-mqtt 6.0.0                                   [37/44]
[INFO]   from wta-common/wta-common-mqtt/pom.xml
[INFO] --------------------------------[ jar ]---------------------------------
[INFO] 
[INFO] --- resources:3.3.1:resources (default-resources) @ wta-common-mqtt ---
[INFO] Copying 1 resource from src/main/resources to target/classes
[INFO] Copying 0 resource from src/main/resources to target/classes
[INFO] 
[INFO] --- flatten:1.7.3:flatten (flatten) @ wta-common-mqtt ---
[INFO] Generating flattened POM of project org.namewta:wta-common-mqtt:jar:6.0.0...
[INFO] 
[INFO] --- compiler:3.15.0:compile (default-compile) @ wta-common-mqtt ---
[INFO] Nothing to compile - all classes are up to date.
[INFO] 
[INFO] --- resources:3.3.1:testResources (default-testResources) @ wta-common-mqtt ---
[INFO] skip non existing resourceDirectory /srv/WTA-plus/backend/wta-common/wta-common-mqtt/src/test/resources
[INFO] 
[INFO] --- compiler:3.15.0:testCompile (default-testCompile) @ wta-common-mqtt ---
[INFO] No sources to compile
[INFO] 
[INFO] --- surefire:3.5.5:test (default-test) @ wta-common-mqtt ---
[INFO] No tests to run.
[INFO] 
[INFO] ------------------------< org.namewta:wta-demo >------------------------
[INFO] Building wta-demo 6.0.0                                          [38/44]
[INFO]   from wta-modules/wta-demo/pom.xml
[INFO] --------------------------------[ jar ]---------------------------------
[INFO] 
[INFO] --- resources:3.3.1:resources (default-resources) @ wta-demo ---
[INFO] Copying 6 resources from src/main/resources to target/classes
[INFO] Copying 0 resource from src/main/resources to target/classes
[INFO] 
[INFO] --- flatten:1.7.3:flatten (flatten) @ wta-demo ---
[INFO] Generating flattened POM of project org.namewta:wta-demo:jar:6.0.0...
[INFO] 
[INFO] --- compiler:3.15.0:compile (default-compile) @ wta-demo ---
[INFO] Nothing to compile - all classes are up to date.
[INFO] 
[INFO] --- resources:3.3.1:testResources (default-testResources) @ wta-demo ---
[INFO] skip non existing resourceDirectory /srv/WTA-plus/backend/wta-modules/wta-demo/src/test/resources
[INFO] 
[INFO] --- compiler:3.15.0:testCompile (default-testCompile) @ wta-demo ---
[INFO] Nothing to compile - all classes are up to date.
[INFO] 
[INFO] --- surefire:3.5.5:test (default-test) @ wta-demo ---
[INFO] 
[INFO] ------------------< org.namewta:wta-common-liteflow >-------------------
[INFO] Building wta-common-liteflow 6.0.0                               [39/44]
[INFO]   from wta-common/wta-common-liteflow/pom.xml
[INFO] --------------------------------[ jar ]---------------------------------
[INFO] 
[INFO] --- resources:3.3.1:resources (default-resources) @ wta-common-liteflow ---
[INFO] Copying 1 resource from src/main/resources to target/classes
[INFO] Copying 0 resource from src/main/resources to target/classes
[INFO] 
[INFO] --- flatten:1.7.3:flatten (flatten) @ wta-common-liteflow ---
[INFO] Generating flattened POM of project org.namewta:wta-common-liteflow:jar:6.0.0...
[INFO] 
[INFO] --- compiler:3.15.0:compile (default-compile) @ wta-common-liteflow ---
[INFO] Nothing to compile - all classes are up to date.
[INFO] 
[INFO] --- resources:3.3.1:testResources (default-testResources) @ wta-common-liteflow ---
[INFO] skip non existing resourceDirectory /srv/WTA-plus/backend/wta-common/wta-common-liteflow/src/test/resources
[INFO] 
[INFO] --- compiler:3.15.0:testCompile (default-testCompile) @ wta-common-liteflow ---
[INFO] No sources to compile
[INFO] 
[INFO] --- surefire:3.5.5:test (default-test) @ wta-common-liteflow ---
[INFO] No tests to run.
[INFO] 
[INFO] ----------------------< org.namewta:wta-workflow >----------------------
[INFO] Building wta-workflow 6.0.0                                      [40/44]
[INFO]   from wta-modules/wta-workflow/pom.xml
[INFO] --------------------------------[ jar ]---------------------------------
[INFO] 
[INFO] --- resources:3.3.1:resources (default-resources) @ wta-workflow ---
[INFO] Copying 11 resources from src/main/resources to target/classes
[INFO] Copying 0 resource from src/main/resources to target/classes
[INFO] 
[INFO] --- flatten:1.7.3:flatten (flatten) @ wta-workflow ---
[INFO] Generating flattened POM of project org.namewta:wta-workflow:jar:6.0.0...
[INFO] 
[INFO] --- compiler:3.15.0:compile (default-compile) @ wta-workflow ---
[INFO] Nothing to compile - all classes are up to date.
[INFO] 
[INFO] --- resources:3.3.1:testResources (default-testResources) @ wta-workflow ---
[INFO] skip non existing resourceDirectory /srv/WTA-plus/backend/wta-modules/wta-workflow/src/test/resources
[INFO] 
[INFO] --- compiler:3.15.0:testCompile (default-testCompile) @ wta-workflow ---
[INFO] No sources to compile
[INFO] 
[INFO] --- surefire:3.5.5:test (default-test) @ wta-workflow ---
[INFO] No tests to run.
[INFO] 
[INFO] ----------------------< org.namewta:wta-profile >-----------------------
[INFO] Building wta-profile 6.0.0                                       [41/44]
[INFO]   from wta-modules/wta-profile/pom.xml
[INFO] --------------------------------[ pom ]---------------------------------
[INFO] 
[INFO] --- flatten:1.7.3:flatten (flatten) @ wta-profile ---
[INFO] Generating flattened POM of project org.namewta:wta-profile:pom:6.0.0...
[INFO] 
[INFO] -------------------< org.namewta:wta-profile-person >-------------------
[INFO] Building wta-profile-person 6.0.0                                [42/44]
[INFO]   from wta-modules/wta-profile/wta-profile-person/pom.xml
[INFO] --------------------------------[ jar ]---------------------------------
[INFO] 
[INFO] --- resources:3.3.1:resources (default-resources) @ wta-profile-person ---
[INFO] Copying 6 resources from src/main/resources to target/classes
[INFO] Copying 0 resource from src/main/resources to target/classes
[INFO] 
[INFO] --- flatten:1.7.3:flatten (flatten) @ wta-profile-person ---
[INFO] Generating flattened POM of project org.namewta:wta-profile-person:jar:6.0.0...
[INFO] 
[INFO] --- compiler:3.15.0:compile (default-compile) @ wta-profile-person ---
[INFO] Nothing to compile - all classes are up to date.
[INFO] 
[INFO] --- resources:3.3.1:testResources (default-testResources) @ wta-profile-person ---
[INFO] skip non existing resourceDirectory /srv/WTA-plus/backend/wta-modules/wta-profile/wta-profile-person/src/test/resources
[INFO] 
[INFO] --- compiler:3.15.0:testCompile (default-testCompile) @ wta-profile-person ---
[INFO] Recompiling the module because of changed source code.
[INFO] Compiling 38 source files with javac [debug release 21] to target/test-classes
[INFO] /srv/WTA-plus/backend/wta-modules/wta-profile/wta-profile-person/src/test/java/org/namewta/profile/person/controller/admin/PersonAdminHttpContractTest.java: Some input files use unchecked or unsafe operations.
[INFO] /srv/WTA-plus/backend/wta-modules/wta-profile/wta-profile-person/src/test/java/org/namewta/profile/person/controller/admin/PersonAdminHttpContractTest.java: Recompile with -Xlint:unchecked for details.
[INFO] 
[INFO] --- surefire:3.5.5:test (default-test) @ wta-profile-person ---
[INFO] 
[INFO] -----------------< org.namewta:wta-profile-enterprise >-----------------
[INFO] Building wta-profile-enterprise 6.0.0                            [43/44]
[INFO]   from wta-modules/wta-profile/wta-profile-enterprise/pom.xml
[INFO] --------------------------------[ jar ]---------------------------------
[INFO] 
[INFO] --- resources:3.3.1:resources (default-resources) @ wta-profile-enterprise ---
[INFO] Copying 4 resources from src/main/resources to target/classes
[INFO] Copying 0 resource from src/main/resources to target/classes
[INFO] 
[INFO] --- flatten:1.7.3:flatten (flatten) @ wta-profile-enterprise ---
[INFO] Generating flattened POM of project org.namewta:wta-profile-enterprise:jar:6.0.0...
[INFO] 
[INFO] --- compiler:3.15.0:compile (default-compile) @ wta-profile-enterprise ---
[INFO] Nothing to compile - all classes are up to date.
[INFO] 
[INFO] --- resources:3.3.1:testResources (default-testResources) @ wta-profile-enterprise ---
[INFO] skip non existing resourceDirectory /srv/WTA-plus/backend/wta-modules/wta-profile/wta-profile-enterprise/src/test/resources
[INFO] 
[INFO] --- compiler:3.15.0:testCompile (default-testCompile) @ wta-profile-enterprise ---
[INFO] Recompiling the module because of changed source code.
[INFO] Compiling 31 source files with javac [debug release 21] to target/test-classes
[INFO] /srv/WTA-plus/backend/wta-modules/wta-profile/wta-profile-enterprise/src/test/java/org/namewta/profile/enterprise/service/impl/EnterpriseTransferMySqlRedisE2ETest.java: Some input files use or override a deprecated API.
[INFO] /srv/WTA-plus/backend/wta-modules/wta-profile/wta-profile-enterprise/src/test/java/org/namewta/profile/enterprise/service/impl/EnterpriseTransferMySqlRedisE2ETest.java: Recompile with -Xlint:deprecation for details.
[INFO] /srv/WTA-plus/backend/wta-modules/wta-profile/wta-profile-enterprise/src/test/java/org/namewta/profile/enterprise/controller/admin/EnterpriseAdminHttpContractTest.java: Some input files use unchecked or unsafe operations.
[INFO] /srv/WTA-plus/backend/wta-modules/wta-profile/wta-profile-enterprise/src/test/java/org/namewta/profile/enterprise/controller/admin/EnterpriseAdminHttpContractTest.java: Recompile with -Xlint:unchecked for details.
[INFO] 
[INFO] --- surefire:3.5.5:test (default-test) @ wta-profile-enterprise ---
[INFO] 
[INFO] -----------------------< org.namewta:wta-admin >------------------------
[INFO] Building wta-admin 6.0.0                                         [44/44]
[INFO]   from wta-admin/pom.xml
[INFO] --------------------------------[ jar ]---------------------------------
[INFO] 
[INFO] --- resources:3.3.1:resources (default-resources) @ wta-admin ---
[INFO] Copying 9 resources from src/main/resources to target/classes
[INFO] Copying 4 resources from src/main/resources to target/classes
[INFO] 
[INFO] --- flatten:1.7.3:flatten (flatten) @ wta-admin ---
[INFO] Generating flattened POM of project org.namewta:wta-admin:jar:6.0.0...
[INFO] 
[INFO] --- compiler:3.15.0:compile (default-compile) @ wta-admin ---
[INFO] Nothing to compile - all classes are up to date.
[INFO] 
[INFO] --- resources:3.3.1:testResources (default-testResources) @ wta-admin ---
[INFO] Copying 2 resources from src/test/resources to target/test-classes
[INFO] 
[INFO] --- compiler:3.15.0:testCompile (default-testCompile) @ wta-admin ---
[INFO] Recompiling the module because of changed source code.
[INFO] Compiling 160 source files with javac [debug release 21] to target/test-classes
[INFO] /srv/WTA-plus/backend/wta-admin/src/test/java/org/namewta/common/redis/cache/ThirdRedisIntegrationTest.java: Some input files use or override a deprecated API.
[INFO] /srv/WTA-plus/backend/wta-admin/src/test/java/org/namewta/common/redis/cache/ThirdRedisIntegrationTest.java: Recompile with -Xlint:deprecation for details.
[INFO] /srv/WTA-plus/backend/wta-admin/src/test/java/org/namewta/test/notify/NotifyDeadlineIntegrationTest.java: Some input files use unchecked or unsafe operations.
[INFO] /srv/WTA-plus/backend/wta-admin/src/test/java/org/namewta/test/notify/NotifyDeadlineIntegrationTest.java: Recompile with -Xlint:unchecked for details.
[INFO] 
[INFO] --- surefire:3.5.5:test (default-test) @ wta-admin ---
[INFO] Using auto detected provider org.apache.maven.surefire.junitplatform.JUnitPlatformProvider
[INFO] 
[INFO] -------------------------------------------------------
[INFO]  T E S T S
[INFO] -------------------------------------------------------
[INFO] Running org.namewta.test.notify.NotifyDeadlineIntegrationTest
11:07:23.242 [main] INFO com.baomidou.dynamic.datasource.DynamicRoutingDataSource -- dynamic-datasource - add a datasource named [master] success
11:07:24.468 [main] INFO org.redisson.Version -- Redisson 4.6.1
11:07:25.165 [redisson-netty-1-2] INFO org.redisson.connection.ConnectionsHolder -- 1 connections initialized for 127.0.0.1/127.0.0.1:32841
11:07:25.165 [redisson-netty-1-1] INFO org.redisson.connection.ConnectionsHolder -- 1 connections initialized for 127.0.0.1/127.0.0.1:32841
Mockito is currently self-attaching to enable the inline-mock-maker. This will no longer work in future releases of the JDK. Please add Mockito as an agent to your build as described in Mockito's documentation: https://javadoc.io/doc/org.mockito/mockito-core/latest/org.mockito/org/mockito/Mockito.html#0.3
OpenJDK 64-Bit Server VM warning: Sharing is only supported for boot loader classes because bootstrap classpath has been appended
WARNING: A Java agent has been loaded dynamically (/root/.m2/repository/net/bytebuddy/byte-buddy-agent/1.18.10/byte-buddy-agent-1.18.10.jar)
WARNING: If a serviceability tool is in use, please run with -XX:+EnableDynamicAgentLoading to hide this warning
WARNING: If a serviceability tool is not in use, please run with -Djdk.instrument.traceUsage for more information
WARNING: Dynamic loading of agents will be disallowed by default in a future release
11:07:27.936 [main] INFO com.zaxxer.hikari.HikariDataSource -- HikariPool-1 - Starting...
11:07:28.904 [main] INFO com.zaxxer.hikari.pool.HikariPool -- HikariPool-1 - Added connection com.mysql.cj.jdbc.ConnectionImpl@45f0038
11:07:28.908 [main] INFO com.zaxxer.hikari.HikariDataSource -- HikariPool-1 - Start completed.
11:07:29.954 [main] INFO com.baomidou.dynamic.datasource.DynamicRoutingDataSource -- dynamic-datasource start closing ....
11:07:29.959 [main] INFO com.baomidou.dynamic.datasource.DynamicRoutingDataSource -- dynamic-datasource all closed success,bye
11:07:29.959 [main] INFO com.zaxxer.hikari.HikariDataSource -- HikariPool-1 - Shutdown initiated...
11:07:29.970 [main] INFO com.zaxxer.hikari.HikariDataSource -- HikariPool-1 - Shutdown completed.
11:07:29.995 [main] INFO com.baomidou.dynamic.datasource.DynamicRoutingDataSource -- dynamic-datasource - add a datasource named [master] success
11:07:30.504 [main] INFO org.redisson.Version -- Redisson 4.6.1
11:07:30.518 [redisson-netty-5-1] INFO org.redisson.connection.ConnectionsHolder -- 1 connections initialized for 127.0.0.1/127.0.0.1:32841
11:07:30.520 [redisson-netty-5-2] INFO org.redisson.connection.ConnectionsHolder -- 1 connections initialized for 127.0.0.1/127.0.0.1:32841
11:07:30.599 [main] INFO com.zaxxer.hikari.HikariDataSource -- HikariPool-2 - Starting...
11:07:30.606 [main] INFO com.zaxxer.hikari.pool.HikariPool -- HikariPool-2 - Added connection com.mysql.cj.jdbc.ConnectionImpl@75db328e
11:07:30.607 [main] INFO com.zaxxer.hikari.HikariDataSource -- HikariPool-2 - Start completed.
11:07:30.735 [main] INFO com.baomidou.dynamic.datasource.DynamicRoutingDataSource -- dynamic-datasource start closing ....
11:07:30.736 [main] INFO com.baomidou.dynamic.datasource.DynamicRoutingDataSource -- dynamic-datasource all closed success,bye
11:07:30.738 [main] INFO com.zaxxer.hikari.HikariDataSource -- HikariPool-2 - Shutdown initiated...
11:07:30.750 [main] INFO com.zaxxer.hikari.HikariDataSource -- HikariPool-2 - Shutdown completed.
11:07:30.761 [main] INFO com.baomidou.dynamic.datasource.DynamicRoutingDataSource -- dynamic-datasource - add a datasource named [master] success
11:07:31.251 [main] INFO org.redisson.Version -- Redisson 4.6.1
11:07:31.263 [redisson-netty-8-1] INFO org.redisson.connection.ConnectionsHolder -- 1 connections initialized for 127.0.0.1/127.0.0.1:32841
11:07:31.265 [redisson-netty-8-2] INFO org.redisson.connection.ConnectionsHolder -- 1 connections initialized for 127.0.0.1/127.0.0.1:32841
11:07:31.312 [main] INFO com.zaxxer.hikari.HikariDataSource -- HikariPool-3 - Starting...
11:07:31.322 [main] INFO com.zaxxer.hikari.pool.HikariPool -- HikariPool-3 - Added connection com.mysql.cj.jdbc.ConnectionImpl@1db9c2cf
11:07:31.323 [main] INFO com.zaxxer.hikari.HikariDataSource -- HikariPool-3 - Start completed.
11:07:31.610 [main] INFO com.baomidou.dynamic.datasource.DynamicRoutingDataSource -- dynamic-datasource start closing ....
11:07:31.610 [main] INFO com.baomidou.dynamic.datasource.DynamicRoutingDataSource -- dynamic-datasource all closed success,bye
11:07:31.611 [main] INFO com.zaxxer.hikari.HikariDataSource -- HikariPool-3 - Shutdown initiated...
11:07:31.616 [main] INFO com.zaxxer.hikari.HikariDataSource -- HikariPool-3 - Shutdown completed.
11:07:31.620 [main] INFO com.baomidou.dynamic.datasource.DynamicRoutingDataSource -- dynamic-datasource - add a datasource named [master] success
11:07:31.870 [main] INFO org.redisson.Version -- Redisson 4.6.1
11:07:31.877 [redisson-netty-11-1] INFO org.redisson.connection.ConnectionsHolder -- 1 connections initialized for 127.0.0.1/127.0.0.1:32841
11:07:31.879 [redisson-netty-11-2] INFO org.redisson.connection.ConnectionsHolder -- 1 connections initialized for 127.0.0.1/127.0.0.1:32841
11:07:31.923 [main] INFO com.zaxxer.hikari.HikariDataSource -- HikariPool-4 - Starting...
11:07:31.934 [main] INFO com.zaxxer.hikari.pool.HikariPool -- HikariPool-4 - Added connection com.mysql.cj.jdbc.ConnectionImpl@4626f584
11:07:31.935 [main] INFO com.zaxxer.hikari.HikariDataSource -- HikariPool-4 - Start completed.
11:07:32.243 [main] INFO com.baomidou.dynamic.datasource.DynamicRoutingDataSource -- dynamic-datasource start closing ....
11:07:32.243 [main] INFO com.baomidou.dynamic.datasource.DynamicRoutingDataSource -- dynamic-datasource all closed success,bye
11:07:32.243 [main] INFO com.zaxxer.hikari.HikariDataSource -- HikariPool-4 - Shutdown initiated...
11:07:32.260 [main] INFO com.zaxxer.hikari.HikariDataSource -- HikariPool-4 - Shutdown completed.
11:07:32.265 [main] INFO com.baomidou.dynamic.datasource.DynamicRoutingDataSource -- dynamic-datasource - add a datasource named [master] success
11:07:32.481 [main] INFO org.redisson.Version -- Redisson 4.6.1
11:07:32.485 [redisson-netty-14-1] INFO org.redisson.connection.ConnectionsHolder -- 1 connections initialized for 127.0.0.1/127.0.0.1:32841
11:07:32.486 [redisson-netty-14-2] INFO org.redisson.connection.ConnectionsHolder -- 1 connections initialized for 127.0.0.1/127.0.0.1:32841
11:07:32.520 [main] INFO com.zaxxer.hikari.HikariDataSource -- HikariPool-5 - Starting...
11:07:32.529 [main] INFO com.zaxxer.hikari.pool.HikariPool -- HikariPool-5 - Added connection com.mysql.cj.jdbc.ConnectionImpl@743f58c3
11:07:32.530 [main] INFO com.zaxxer.hikari.HikariDataSource -- HikariPool-5 - Start completed.
11:07:32.707 [main] INFO com.baomidou.dynamic.datasource.DynamicRoutingDataSource -- dynamic-datasource start closing ....
11:07:32.707 [main] INFO com.baomidou.dynamic.datasource.DynamicRoutingDataSource -- dynamic-datasource all closed success,bye
11:07:32.707 [main] INFO com.zaxxer.hikari.HikariDataSource -- HikariPool-5 - Shutdown initiated...
11:07:32.711 [main] INFO com.zaxxer.hikari.HikariDataSource -- HikariPool-5 - Shutdown completed.
11:07:32.714 [main] INFO com.baomidou.dynamic.datasource.DynamicRoutingDataSource -- dynamic-datasource - add a datasource named [master] success
11:07:32.907 [main] INFO org.redisson.Version -- Redisson 4.6.1
11:07:32.913 [redisson-netty-17-1] INFO org.redisson.connection.ConnectionsHolder -- 1 connections initialized for 127.0.0.1/127.0.0.1:32841
11:07:32.913 [redisson-netty-17-2] INFO org.redisson.connection.ConnectionsHolder -- 1 connections initialized for 127.0.0.1/127.0.0.1:32841
11:07:32.949 [main] INFO com.zaxxer.hikari.HikariDataSource -- HikariPool-6 - Starting...
11:07:32.953 [main] INFO com.zaxxer.hikari.pool.HikariPool -- HikariPool-6 - Added connection com.mysql.cj.jdbc.ConnectionImpl@261b27db
11:07:32.954 [main] INFO com.zaxxer.hikari.HikariDataSource -- HikariPool-6 - Start completed.
11:07:33.016 [main] INFO com.baomidou.dynamic.datasource.DynamicRoutingDataSource -- dynamic-datasource start closing ....
11:07:33.017 [main] INFO com.baomidou.dynamic.datasource.DynamicRoutingDataSource -- dynamic-datasource all closed success,bye
11:07:33.017 [main] INFO com.zaxxer.hikari.HikariDataSource -- HikariPool-6 - Shutdown initiated...
11:07:33.019 [main] INFO com.zaxxer.hikari.HikariDataSource -- HikariPool-6 - Shutdown completed.
11:07:33.022 [main] INFO com.baomidou.dynamic.datasource.DynamicRoutingDataSource -- dynamic-datasource - add a datasource named [master] success
11:07:33.226 [main] INFO org.redisson.Version -- Redisson 4.6.1
11:07:33.230 [redisson-netty-20-1] INFO org.redisson.connection.ConnectionsHolder -- 1 connections initialized for 127.0.0.1/127.0.0.1:32841
11:07:33.232 [redisson-netty-20-2] INFO org.redisson.connection.ConnectionsHolder -- 1 connections initialized for 127.0.0.1/127.0.0.1:32841
11:07:33.272 [main] INFO com.zaxxer.hikari.HikariDataSource -- HikariPool-7 - Starting...
11:07:33.283 [main] INFO com.zaxxer.hikari.pool.HikariPool -- HikariPool-7 - Added connection com.mysql.cj.jdbc.ConnectionImpl@6e8f3b76
11:07:33.284 [main] INFO com.zaxxer.hikari.HikariDataSource -- HikariPool-7 - Start completed.
11:07:33.451 [main] INFO com.baomidou.dynamic.datasource.DynamicRoutingDataSource -- dynamic-datasource start closing ....
11:07:33.451 [main] INFO com.baomidou.dynamic.datasource.DynamicRoutingDataSource -- dynamic-datasource all closed success,bye
11:07:33.451 [main] INFO com.zaxxer.hikari.HikariDataSource -- HikariPool-7 - Shutdown initiated...
11:07:33.455 [main] INFO com.zaxxer.hikari.HikariDataSource -- HikariPool-7 - Shutdown completed.
11:07:33.457 [main] INFO com.baomidou.dynamic.datasource.DynamicRoutingDataSource -- dynamic-datasource - add a datasource named [master] success
11:07:33.609 [main] INFO org.redisson.Version -- Redisson 4.6.1
11:07:33.616 [redisson-netty-23-1] INFO org.redisson.connection.ConnectionsHolder -- 1 connections initialized for 127.0.0.1/127.0.0.1:32841
11:07:33.616 [redisson-netty-23-2] INFO org.redisson.connection.ConnectionsHolder -- 1 connections initialized for 127.0.0.1/127.0.0.1:32841
11:07:33.645 [main] INFO com.zaxxer.hikari.HikariDataSource -- HikariPool-8 - Starting...
11:07:33.653 [main] INFO com.zaxxer.hikari.pool.HikariPool -- HikariPool-8 - Added connection com.mysql.cj.jdbc.ConnectionImpl@6e2e11ee
11:07:33.654 [main] INFO com.zaxxer.hikari.HikariDataSource -- HikariPool-8 - Start completed.
11:07:33.816 [main] INFO com.baomidou.dynamic.datasource.DynamicRoutingDataSource -- dynamic-datasource start closing ....
11:07:33.816 [main] INFO com.baomidou.dynamic.datasource.DynamicRoutingDataSource -- dynamic-datasource all closed success,bye
11:07:33.816 [main] INFO com.zaxxer.hikari.HikariDataSource -- HikariPool-8 - Shutdown initiated...
11:07:33.826 [main] INFO com.zaxxer.hikari.HikariDataSource -- HikariPool-8 - Shutdown completed.
11:07:33.831 [main] INFO com.baomidou.dynamic.datasource.DynamicRoutingDataSource -- dynamic-datasource - add a datasource named [master] success
11:07:33.999 [main] INFO org.redisson.Version -- Redisson 4.6.1
11:07:34.005 [redisson-netty-26-1] INFO org.redisson.connection.ConnectionsHolder -- 1 connections initialized for 127.0.0.1/127.0.0.1:32841
11:07:34.006 [redisson-netty-26-2] INFO org.redisson.connection.ConnectionsHolder -- 1 connections initialized for 127.0.0.1/127.0.0.1:32841
11:07:34.033 [main] INFO com.zaxxer.hikari.HikariDataSource -- HikariPool-9 - Starting...
11:07:34.039 [main] INFO com.zaxxer.hikari.pool.HikariPool -- HikariPool-9 - Added connection com.mysql.cj.jdbc.ConnectionImpl@27aa0720
11:07:34.039 [main] INFO com.zaxxer.hikari.HikariDataSource -- HikariPool-9 - Start completed.
11:07:34.224 [main] INFO com.baomidou.dynamic.datasource.DynamicRoutingDataSource -- dynamic-datasource start closing ....
11:07:34.224 [main] INFO com.baomidou.dynamic.datasource.DynamicRoutingDataSource -- dynamic-datasource all closed success,bye
11:07:34.224 [main] INFO com.zaxxer.hikari.HikariDataSource -- HikariPool-9 - Shutdown initiated...
11:07:34.252 [main] INFO com.zaxxer.hikari.HikariDataSource -- HikariPool-9 - Shutdown completed.
11:07:34.255 [main] INFO com.baomidou.dynamic.datasource.DynamicRoutingDataSource -- dynamic-datasource - add a datasource named [master] success
11:07:34.441 [main] INFO org.redisson.Version -- Redisson 4.6.1
11:07:34.448 [redisson-netty-29-1] INFO org.redisson.connection.ConnectionsHolder -- 1 connections initialized for 127.0.0.1/127.0.0.1:32841
11:07:34.451 [redisson-netty-29-2] INFO org.redisson.connection.ConnectionsHolder -- 1 connections initialized for 127.0.0.1/127.0.0.1:32841
11:07:34.481 [main] INFO com.zaxxer.hikari.HikariDataSource -- HikariPool-10 - Starting...
11:07:34.489 [main] INFO com.zaxxer.hikari.pool.HikariPool -- HikariPool-10 - Added connection com.mysql.cj.jdbc.ConnectionImpl@760f4310
11:07:34.489 [main] INFO com.zaxxer.hikari.HikariDataSource -- HikariPool-10 - Start completed.
11:07:34.639 [main] INFO com.baomidou.dynamic.datasource.DynamicRoutingDataSource -- dynamic-datasource start closing ....
11:07:34.640 [main] INFO com.baomidou.dynamic.datasource.DynamicRoutingDataSource -- dynamic-datasource all closed success,bye
11:07:34.640 [main] INFO com.zaxxer.hikari.HikariDataSource -- HikariPool-10 - Shutdown initiated...
11:07:34.665 [main] INFO com.zaxxer.hikari.HikariDataSource -- HikariPool-10 - Shutdown completed.
11:07:34.668 [main] INFO com.baomidou.dynamic.datasource.DynamicRoutingDataSource -- dynamic-datasource - add a datasource named [master] success
11:07:34.847 [main] INFO org.redisson.Version -- Redisson 4.6.1
11:07:34.858 [redisson-netty-32-2] INFO org.redisson.connection.ConnectionsHolder -- 1 connections initialized for 127.0.0.1/127.0.0.1:32841
11:07:34.858 [redisson-netty-32-1] INFO org.redisson.connection.ConnectionsHolder -- 1 connections initialized for 127.0.0.1/127.0.0.1:32841
11:07:34.886 [main] INFO com.zaxxer.hikari.HikariDataSource -- HikariPool-11 - Starting...
11:07:34.893 [main] INFO com.zaxxer.hikari.pool.HikariPool -- HikariPool-11 - Added connection com.mysql.cj.jdbc.ConnectionImpl@5a004dd4
11:07:34.893 [main] INFO com.zaxxer.hikari.HikariDataSource -- HikariPool-11 - Start completed.
11:07:34.976 [main] INFO com.baomidou.dynamic.datasource.DynamicRoutingDataSource -- dynamic-datasource start closing ....
11:07:34.976 [main] INFO com.baomidou.dynamic.datasource.DynamicRoutingDataSource -- dynamic-datasource all closed success,bye
11:07:34.976 [main] INFO com.zaxxer.hikari.HikariDataSource -- HikariPool-11 - Shutdown initiated...
11:07:34.977 [main] INFO com.zaxxer.hikari.HikariDataSource -- HikariPool-11 - Shutdown completed.
11:07:34.980 [main] INFO com.baomidou.dynamic.datasource.DynamicRoutingDataSource -- dynamic-datasource - add a datasource named [master] success
11:07:35.170 [main] INFO org.redisson.Version -- Redisson 4.6.1
11:07:35.177 [redisson-netty-35-1] INFO org.redisson.connection.ConnectionsHolder -- 1 connections initialized for 127.0.0.1/127.0.0.1:32841
11:07:35.180 [redisson-netty-35-2] INFO org.redisson.connection.ConnectionsHolder -- 1 connections initialized for 127.0.0.1/127.0.0.1:32841
11:07:35.223 [main] INFO com.zaxxer.hikari.HikariDataSource -- HikariPool-12 - Starting...
11:07:35.229 [main] INFO com.zaxxer.hikari.pool.HikariPool -- HikariPool-12 - Added connection com.mysql.cj.jdbc.ConnectionImpl@70028163
11:07:35.229 [main] INFO com.zaxxer.hikari.HikariDataSource -- HikariPool-12 - Start completed.
11:07:35.384 [main] INFO com.baomidou.dynamic.datasource.DynamicRoutingDataSource -- dynamic-datasource start closing ....
11:07:35.385 [main] INFO com.baomidou.dynamic.datasource.DynamicRoutingDataSource -- dynamic-datasource all closed success,bye
11:07:35.385 [main] INFO com.zaxxer.hikari.HikariDataSource -- HikariPool-12 - Shutdown initiated...
11:07:35.405 [main] INFO com.zaxxer.hikari.HikariDataSource -- HikariPool-12 - Shutdown completed.
11:07:35.408 [main] INFO com.baomidou.dynamic.datasource.DynamicRoutingDataSource -- dynamic-datasource - add a datasource named [master] success
11:07:35.548 [main] INFO org.redisson.Version -- Redisson 4.6.1
11:07:35.555 [redisson-netty-38-1] INFO org.redisson.connection.ConnectionsHolder -- 1 connections initialized for 127.0.0.1/127.0.0.1:32841
11:07:35.558 [redisson-netty-38-2] INFO org.redisson.connection.ConnectionsHolder -- 1 connections initialized for 127.0.0.1/127.0.0.1:32841
11:07:35.576 [main] INFO com.zaxxer.hikari.HikariDataSource -- HikariPool-13 - Starting...
11:07:35.581 [main] INFO com.zaxxer.hikari.pool.HikariPool -- HikariPool-13 - Added connection com.mysql.cj.jdbc.ConnectionImpl@8be84bf
11:07:35.581 [main] INFO com.zaxxer.hikari.HikariDataSource -- HikariPool-13 - Start completed.
11:07:35.715 [main] INFO com.baomidou.dynamic.datasource.DynamicRoutingDataSource -- dynamic-datasource start closing ....
11:07:35.715 [main] INFO com.baomidou.dynamic.datasource.DynamicRoutingDataSource -- dynamic-datasource all closed success,bye
11:07:35.715 [main] INFO com.zaxxer.hikari.HikariDataSource -- HikariPool-13 - Shutdown initiated...
11:07:35.721 [main] INFO com.zaxxer.hikari.HikariDataSource -- HikariPool-13 - Shutdown completed.
11:07:35.725 [main] INFO com.baomidou.dynamic.datasource.DynamicRoutingDataSource -- dynamic-datasource - add a datasource named [master] success
11:07:35.879 [main] INFO org.redisson.Version -- Redisson 4.6.1
11:07:35.883 [redisson-netty-41-2] INFO org.redisson.connection.ConnectionsHolder -- 1 connections initialized for 127.0.0.1/127.0.0.1:32841
11:07:35.883 [redisson-netty-41-1] INFO org.redisson.connection.ConnectionsHolder -- 1 connections initialized for 127.0.0.1/127.0.0.1:32841
11:07:35.910 [main] INFO com.zaxxer.hikari.HikariDataSource -- HikariPool-14 - Starting...
11:07:35.915 [main] INFO com.zaxxer.hikari.pool.HikariPool -- HikariPool-14 - Added connection com.mysql.cj.jdbc.ConnectionImpl@6a2d1f6d
11:07:35.915 [main] INFO com.zaxxer.hikari.HikariDataSource -- HikariPool-14 - Start completed.
11:07:36.001 [main] INFO com.baomidou.dynamic.datasource.DynamicRoutingDataSource -- dynamic-datasource start closing ....
11:07:36.002 [main] INFO com.baomidou.dynamic.datasource.DynamicRoutingDataSource -- dynamic-datasource all closed success,bye
11:07:36.002 [main] INFO com.zaxxer.hikari.HikariDataSource -- HikariPool-14 - Shutdown initiated...
11:07:36.002 [main] INFO com.zaxxer.hikari.HikariDataSource -- HikariPool-14 - Shutdown completed.
11:07:36.004 [main] INFO com.baomidou.dynamic.datasource.DynamicRoutingDataSource -- dynamic-datasource - add a datasource named [master] success
11:07:36.146 [main] INFO org.redisson.Version -- Redisson 4.6.1
11:07:36.155 [redisson-netty-44-1] INFO org.redisson.connection.ConnectionsHolder -- 1 connections initialized for 127.0.0.1/127.0.0.1:32841
11:07:36.155 [redisson-netty-44-2] INFO org.redisson.connection.ConnectionsHolder -- 1 connections initialized for 127.0.0.1/127.0.0.1:32841
11:07:36.174 [main] INFO com.zaxxer.hikari.HikariDataSource -- HikariPool-15 - Starting...
11:07:36.182 [main] INFO com.zaxxer.hikari.pool.HikariPool -- HikariPool-15 - Added connection com.mysql.cj.jdbc.ConnectionImpl@52dbd3d
11:07:36.183 [main] INFO com.zaxxer.hikari.HikariDataSource -- HikariPool-15 - Start completed.
11:07:36.604 [main] INFO com.baomidou.dynamic.datasource.DynamicRoutingDataSource -- dynamic-datasource start closing ....
11:07:36.604 [main] INFO com.baomidou.dynamic.datasource.DynamicRoutingDataSource -- dynamic-datasource all closed success,bye
11:07:36.604 [main] INFO com.zaxxer.hikari.HikariDataSource -- HikariPool-15 - Shutdown initiated...
11:07:36.606 [main] INFO com.zaxxer.hikari.HikariDataSource -- HikariPool-15 - Shutdown completed.
[INFO] Tests run: 15, Failures: 0, Errors: 0, Skipped: 0, Time elapsed: 13.73 s -- in org.namewta.test.notify.NotifyDeadlineIntegrationTest
[INFO] Running org.namewta.test.notify.NotifyWakeIntegrationTest
11:07:38.350 [main] INFO com.baomidou.dynamic.datasource.DynamicRoutingDataSource -- dynamic-datasource - add a datasource named [master] success
11:07:39.286 [main] INFO org.redisson.Version -- Redisson 4.6.1
11:07:39.803 [redisson-netty-1-1] INFO org.redisson.connection.ConnectionsHolder -- 1 connections initialized for 127.0.0.1/127.0.0.1:32841
11:07:39.804 [redisson-netty-1-2] INFO org.redisson.connection.ConnectionsHolder -- 1 connections initialized for 127.0.0.1/127.0.0.1:32841
Mockito is currently self-attaching to enable the inline-mock-maker. This will no longer work in future releases of the JDK. Please add Mockito as an agent to your build as described in Mockito's documentation: https://javadoc.io/doc/org.mockito/mockito-core/latest/org.mockito/org/mockito/Mockito.html#0.3
OpenJDK 64-Bit Server VM warning: Sharing is only supported for boot loader classes because bootstrap classpath has been appended
WARNING: A Java agent has been loaded dynamically (/root/.m2/repository/net/bytebuddy/byte-buddy-agent/1.18.10/byte-buddy-agent-1.18.10.jar)
WARNING: If a serviceability tool is in use, please run with -XX:+EnableDynamicAgentLoading to hide this warning
WARNING: If a serviceability tool is not in use, please run with -Djdk.instrument.traceUsage for more information
WARNING: Dynamic loading of agents will be disallowed by default in a future release
11:07:41.959 [main] INFO com.zaxxer.hikari.HikariDataSource -- HikariPool-1 - Starting...
11:07:42.620 [main] INFO com.zaxxer.hikari.pool.HikariPool -- HikariPool-1 - Added connection com.mysql.cj.jdbc.ConnectionImpl@1214c98b
11:07:42.626 [main] INFO com.zaxxer.hikari.HikariDataSource -- HikariPool-1 - Start completed.
11:07:42.714 [main] INFO org.redisson.Version -- Redisson 4.6.1
11:07:42.732 [redisson-netty-5-1] INFO org.redisson.connection.ConnectionsHolder -- 1 connections initialized for 127.0.0.1/127.0.0.1:32841
11:07:42.736 [redisson-netty-5-2] INFO org.redisson.connection.ConnectionsHolder -- 1 connections initialized for 127.0.0.1/127.0.0.1:32841
11:07:43.694 [redisson-6-1] INFO org.namewta.notify.adapter.worker.NotifyOutboxWorker -- notify outbox drain trigger=WAKE claimed=0 batches=1
11:07:43.974 [redisson-6-2] INFO org.namewta.notify.adapter.worker.NotifyOutboxWorker -- notify outbox drain trigger=WAKE claimed=0 batches=1
11:07:43.981 [redisson-6-2] INFO org.namewta.notify.adapter.worker.NotifyOutboxWorker -- notify outbox drain trigger=WAKE claimed=0 batches=1
11:07:43.993 [redisson-6-2] INFO org.namewta.notify.adapter.worker.NotifyOutboxWorker -- notify outbox drain trigger=WAKE claimed=0 batches=1
11:07:44.006 [redisson-6-2] INFO org.namewta.notify.adapter.worker.NotifyOutboxWorker -- notify outbox drain trigger=WAKE claimed=0 batches=1
11:07:44.014 [redisson-6-2] INFO org.namewta.notify.adapter.worker.NotifyOutboxWorker -- notify outbox drain trigger=WAKE claimed=0 batches=1
11:07:44.020 [redisson-6-2] INFO org.namewta.notify.adapter.worker.NotifyOutboxWorker -- notify outbox drain trigger=WAKE claimed=0 batches=1
11:07:44.032 [redisson-6-2] INFO org.namewta.notify.adapter.worker.NotifyOutboxWorker -- notify outbox drain trigger=WAKE claimed=0 batches=1
11:07:44.043 [redisson-6-2] INFO org.namewta.notify.adapter.worker.NotifyOutboxWorker -- notify outbox drain trigger=WAKE claimed=0 batches=1
11:07:44.057 [redisson-6-2] INFO org.namewta.notify.adapter.worker.NotifyOutboxWorker -- notify outbox drain trigger=WAKE claimed=0 batches=1
11:07:44.066 [redisson-6-2] INFO org.namewta.notify.adapter.worker.NotifyOutboxWorker -- notify outbox drain trigger=WAKE claimed=0 batches=1
11:07:44.072 [redisson-6-2] INFO org.namewta.notify.adapter.worker.NotifyOutboxWorker -- notify outbox drain trigger=WAKE claimed=0 batches=1
11:07:44.088 [redisson-6-2] INFO org.namewta.notify.adapter.worker.NotifyOutboxWorker -- notify outbox drain trigger=WAKE claimed=0 batches=1
11:07:44.098 [redisson-6-2] INFO org.namewta.notify.adapter.worker.NotifyOutboxWorker -- notify outbox drain trigger=WAKE claimed=0 batches=1
11:07:44.107 [redisson-6-2] INFO org.namewta.notify.adapter.worker.NotifyOutboxWorker -- notify outbox drain trigger=WAKE claimed=0 batches=1
11:07:44.121 [redisson-6-2] INFO org.namewta.notify.adapter.worker.NotifyOutboxWorker -- notify outbox drain trigger=WAKE claimed=0 batches=1
11:07:44.133 [redisson-6-2] INFO org.namewta.notify.adapter.worker.NotifyOutboxWorker -- notify outbox drain trigger=WAKE claimed=0 batches=1
11:07:44.141 [redisson-6-2] INFO org.namewta.notify.adapter.worker.NotifyOutboxWorker -- notify outbox drain trigger=WAKE claimed=0 batches=1
11:07:44.153 [redisson-6-2] INFO org.namewta.notify.adapter.worker.NotifyOutboxWorker -- notify outbox drain trigger=WAKE claimed=0 batches=1
11:07:44.161 [redisson-6-2] INFO org.namewta.notify.adapter.worker.NotifyOutboxWorker -- notify outbox drain trigger=WAKE claimed=0 batches=1
11:07:44.170 [redisson-6-2] INFO org.namewta.notify.adapter.worker.NotifyOutboxWorker -- notify outbox drain trigger=WAKE claimed=0 batches=1
11:07:44.177 [redisson-6-2] INFO org.namewta.notify.adapter.worker.NotifyOutboxWorker -- notify outbox drain trigger=WAKE claimed=0 batches=1
11:07:44.183 [redisson-6-2] INFO org.namewta.notify.adapter.worker.NotifyOutboxWorker -- notify outbox drain trigger=WAKE claimed=0 batches=1
11:07:44.189 [redisson-6-2] INFO org.namewta.notify.adapter.worker.NotifyOutboxWorker -- notify outbox drain trigger=WAKE claimed=0 batches=1
11:07:44.199 [redisson-6-2] INFO org.namewta.notify.adapter.worker.NotifyOutboxWorker -- notify outbox drain trigger=WAKE claimed=0 batches=1
11:07:44.207 [redisson-6-2] INFO org.namewta.notify.adapter.worker.NotifyOutboxWorker -- notify outbox drain trigger=WAKE claimed=0 batches=1
11:07:44.214 [redisson-6-2] INFO org.namewta.notify.adapter.worker.NotifyOutboxWorker -- notify outbox drain trigger=WAKE claimed=0 batches=1
11:07:44.222 [redisson-6-2] INFO org.namewta.notify.adapter.worker.NotifyOutboxWorker -- notify outbox drain trigger=WAKE claimed=0 batches=1
11:07:44.228 [redisson-6-2] INFO org.namewta.notify.adapter.worker.NotifyOutboxWorker -- notify outbox drain trigger=WAKE claimed=0 batches=1
11:07:44.234 [redisson-6-2] INFO org.namewta.notify.adapter.worker.NotifyOutboxWorker -- notify outbox drain trigger=WAKE claimed=0 batches=1
11:07:44.240 [redisson-6-2] INFO org.namewta.notify.adapter.worker.NotifyOutboxWorker -- notify outbox drain trigger=WAKE claimed=0 batches=1
11:07:44.251 [redisson-6-2] INFO org.namewta.notify.adapter.worker.NotifyOutboxWorker -- notify outbox drain trigger=WAKE claimed=0 batches=1
11:07:44.261 [redisson-6-2] INFO org.namewta.notify.adapter.worker.NotifyOutboxWorker -- notify outbox drain trigger=WAKE claimed=0 batches=1
11:07:44.271 [redisson-6-2] INFO org.namewta.notify.adapter.worker.NotifyOutboxWorker -- notify outbox drain trigger=WAKE claimed=0 batches=1
11:07:44.287 [redisson-6-2] INFO org.namewta.notify.adapter.worker.NotifyOutboxWorker -- notify outbox drain trigger=WAKE claimed=0 batches=1
11:07:44.296 [redisson-6-2] INFO org.namewta.notify.adapter.worker.NotifyOutboxWorker -- notify outbox drain trigger=WAKE claimed=0 batches=1
11:07:44.314 [redisson-6-2] INFO org.namewta.notify.adapter.worker.NotifyOutboxWorker -- notify outbox drain trigger=WAKE claimed=0 batches=1
11:07:44.322 [redisson-6-2] INFO org.namewta.notify.adapter.worker.NotifyOutboxWorker -- notify outbox drain trigger=WAKE claimed=0 batches=1
11:07:44.331 [redisson-6-2] INFO org.namewta.notify.adapter.worker.NotifyOutboxWorker -- notify outbox drain trigger=WAKE claimed=0 batches=1
11:07:44.340 [redisson-6-2] INFO org.namewta.notify.adapter.worker.NotifyOutboxWorker -- notify outbox drain trigger=WAKE claimed=0 batches=1
11:07:44.355 [redisson-6-2] INFO org.namewta.notify.adapter.worker.NotifyOutboxWorker -- notify outbox drain trigger=WAKE claimed=0 batches=1
11:07:44.368 [redisson-6-2] INFO org.namewta.notify.adapter.worker.NotifyOutboxWorker -- notify outbox drain trigger=WAKE claimed=0 batches=1
11:07:44.383 [redisson-6-2] INFO org.namewta.notify.adapter.worker.NotifyOutboxWorker -- notify outbox drain trigger=WAKE claimed=0 batches=1
11:07:44.395 [redisson-6-2] INFO org.namewta.notify.adapter.worker.NotifyOutboxWorker -- notify outbox drain trigger=WAKE claimed=0 batches=1
11:07:44.411 [redisson-6-2] INFO org.namewta.notify.adapter.worker.NotifyOutboxWorker -- notify outbox drain trigger=WAKE claimed=0 batches=1
11:07:44.419 [redisson-6-2] INFO org.namewta.notify.adapter.worker.NotifyOutboxWorker -- notify outbox drain trigger=WAKE claimed=0 batches=1
11:07:44.429 [redisson-6-2] INFO org.namewta.notify.adapter.worker.NotifyOutboxWorker -- notify outbox drain trigger=WAKE claimed=0 batches=1
11:07:44.453 [redisson-6-2] INFO org.namewta.notify.adapter.worker.NotifyOutboxWorker -- notify outbox drain trigger=WAKE claimed=0 batches=1
11:07:44.462 [redisson-6-2] INFO org.namewta.notify.adapter.worker.NotifyOutboxWorker -- notify outbox drain trigger=WAKE claimed=0 batches=1
11:07:44.472 [redisson-6-2] INFO org.namewta.notify.adapter.worker.NotifyOutboxWorker -- notify outbox drain trigger=WAKE claimed=0 batches=1
11:07:44.480 [redisson-6-2] INFO org.namewta.notify.adapter.worker.NotifyOutboxWorker -- notify outbox drain trigger=WAKE claimed=0 batches=1
11:07:44.488 [redisson-3-1] WARN org.namewta.notify.adapter.event.InAppCommittedPushListener -- 站内实时提示失败，messageId=2102776933244567554, reason=IllegalStateException
11:07:44.492 [redisson-6-2] INFO org.namewta.notify.adapter.worker.NotifyOutboxWorker -- notify outbox drain trigger=WAKE claimed=0 batches=1
11:07:44.504 [redisson-6-2] INFO org.namewta.notify.adapter.worker.NotifyOutboxWorker -- notify outbox drain trigger=WAKE claimed=0 batches=1
11:07:44.506 [redisson-3-1] INFO org.namewta.notify.adapter.worker.NotifyOutboxWorker -- notify outbox drain trigger=WAKE claimed=1 batches=2
11:07:44.519 [redisson-6-2] INFO org.namewta.notify.adapter.worker.NotifyOutboxWorker -- notify outbox drain trigger=WAKE claimed=0 batches=1
11:07:44.519 [redisson-3-1] INFO org.namewta.notify.adapter.worker.NotifyOutboxWorker -- notify outbox drain trigger=WAKE claimed=0 batches=1
11:07:44.530 [redisson-3-1] INFO org.namewta.notify.adapter.worker.NotifyOutboxWorker -- notify outbox drain trigger=WAKE claimed=0 batches=1
11:07:44.536 [redisson-6-2] INFO org.namewta.notify.adapter.worker.NotifyOutboxWorker -- notify outbox drain trigger=WAKE claimed=0 batches=1
11:07:44.544 [redisson-3-1] INFO org.namewta.notify.adapter.worker.NotifyOutboxWorker -- notify outbox drain trigger=WAKE claimed=0 batches=1
11:07:44.548 [redisson-6-2] INFO org.namewta.notify.adapter.worker.NotifyOutboxWorker -- notify outbox drain trigger=WAKE claimed=0 batches=1
11:07:44.556 [redisson-3-1] INFO org.namewta.notify.adapter.worker.NotifyOutboxWorker -- notify outbox drain trigger=WAKE claimed=0 batches=1
11:07:44.558 [redisson-6-2] INFO org.namewta.notify.adapter.worker.NotifyOutboxWorker -- notify outbox drain trigger=WAKE claimed=0 batches=1
11:07:44.568 [redisson-3-1] INFO org.namewta.notify.adapter.worker.NotifyOutboxWorker -- notify outbox drain trigger=WAKE claimed=0 batches=1
11:07:44.568 [redisson-6-2] INFO org.namewta.notify.adapter.worker.NotifyOutboxWorker -- notify outbox drain trigger=WAKE claimed=0 batches=1
11:07:44.574 [redisson-6-2] INFO org.namewta.notify.adapter.worker.NotifyOutboxWorker -- notify outbox drain trigger=WAKE claimed=0 batches=1
11:07:44.576 [redisson-3-1] INFO org.namewta.notify.adapter.worker.NotifyOutboxWorker -- notify outbox drain trigger=WAKE claimed=0 batches=1
11:07:44.584 [redisson-6-2] INFO org.namewta.notify.adapter.worker.NotifyOutboxWorker -- notify outbox drain trigger=WAKE claimed=0 batches=1
11:07:44.587 [redisson-3-1] INFO org.namewta.notify.adapter.worker.NotifyOutboxWorker -- notify outbox drain trigger=WAKE claimed=0 batches=1
11:07:44.590 [redisson-6-2] INFO org.namewta.notify.adapter.worker.NotifyOutboxWorker -- notify outbox drain trigger=WAKE claimed=0 batches=1
11:07:44.598 [redisson-3-1] INFO org.namewta.notify.adapter.worker.NotifyOutboxWorker -- notify outbox drain trigger=WAKE claimed=0 batches=1
11:07:44.602 [redisson-6-2] INFO org.namewta.notify.adapter.worker.NotifyOutboxWorker -- notify outbox drain trigger=WAKE claimed=0 batches=1
11:07:44.606 [redisson-3-1] INFO org.namewta.notify.adapter.worker.NotifyOutboxWorker -- notify outbox drain trigger=WAKE claimed=0 batches=1
11:07:44.609 [redisson-6-2] INFO org.namewta.notify.adapter.worker.NotifyOutboxWorker -- notify outbox drain trigger=WAKE claimed=0 batches=1
11:07:44.619 [redisson-3-1] INFO org.namewta.notify.adapter.worker.NotifyOutboxWorker -- notify outbox drain trigger=WAKE claimed=0 batches=1
11:07:44.632 [redisson-6-2] INFO org.namewta.notify.adapter.worker.NotifyOutboxWorker -- notify outbox drain trigger=WAKE claimed=0 batches=1
11:07:44.632 [redisson-3-1] INFO org.namewta.notify.adapter.worker.NotifyOutboxWorker -- notify outbox drain trigger=WAKE claimed=0 batches=1
11:07:44.643 [redisson-6-2] INFO org.namewta.notify.adapter.worker.NotifyOutboxWorker -- notify outbox drain trigger=WAKE claimed=0 batches=1
11:07:44.860 [main] WARN org.namewta.notify.adapter.event.InAppCommittedPushListener -- 站内实时提示失败，messageId=2102776939141758977, reason=IllegalStateException
11:07:44.866 [main] INFO org.namewta.notify.adapter.worker.NotifyOutboxWorker -- notify outbox drain trigger=POLL claimed=1 batches=2
11:07:45.163 [main] WARN org.namewta.notify.adapter.event.NotifyOutboxWakePublisher -- notify outbox cross-process wake publish failed, outboxId=2102776940165169153, reason=TimeoutException, fallback poll remains
11:07:46.223 [main] WARN org.namewta.notify.adapter.event.InAppCommittedPushListener -- 站内实时提示失败，messageId=2102776940106448898, reason=IllegalStateException
11:07:46.229 [main] INFO org.namewta.notify.adapter.worker.NotifyOutboxWorker -- notify outbox drain trigger=POLL claimed=1 batches=2
T-28: commitMs=655, firstProviderMs=934, pausedRedisCommitMs=285, scenarios=slow-provider,wake-storm,lost-wake,redis-timeout,poll-recovery
11:07:46.347 [main] INFO com.baomidou.dynamic.datasource.DynamicRoutingDataSource -- dynamic-datasource start closing ....
11:07:46.349 [main] INFO com.baomidou.dynamic.datasource.DynamicRoutingDataSource -- dynamic-datasource all closed success,bye
11:07:46.350 [main] INFO com.zaxxer.hikari.HikariDataSource -- HikariPool-1 - Shutdown initiated...
11:07:46.360 [main] INFO com.zaxxer.hikari.HikariDataSource -- HikariPool-1 - Shutdown completed.
[INFO] Tests run: 1, Failures: 0, Errors: 0, Skipped: 0, Time elapsed: 8.547 s -- in org.namewta.test.notify.NotifyWakeIntegrationTest
[INFO] Running org.namewta.test.notify.NotifySmsDispatchIntegrationTest
11:07:48.006 [main] INFO org.redisson.Version -- Redisson 4.6.1
11:07:48.511 [redisson-netty-1-2] INFO org.redisson.connection.ConnectionsHolder -- 1 connections initialized for 127.0.0.1/127.0.0.1:32841
11:07:48.511 [redisson-netty-1-1] INFO org.redisson.connection.ConnectionsHolder -- 1 connections initialized for 127.0.0.1/127.0.0.1:32841
11:07:48.851 [main] INFO com.baomidou.dynamic.datasource.DynamicRoutingDataSource -- dynamic-datasource - add a datasource named [master] success
11:07:49.869 [main] INFO com.zaxxer.hikari.HikariDataSource -- HikariPool-1 - Starting...
11:07:50.275 [main] INFO com.zaxxer.hikari.pool.HikariPool -- HikariPool-1 - Added connection com.mysql.cj.jdbc.ConnectionImpl@1e120628
11:07:50.278 [main] INFO com.zaxxer.hikari.HikariDataSource -- HikariPool-1 - Start completed.
11:07:51.253 [main] INFO com.baomidou.dynamic.datasource.DynamicRoutingDataSource -- dynamic-datasource start closing ....
11:07:51.257 [main] INFO com.zaxxer.hikari.HikariDataSource -- HikariPool-1 - Shutdown initiated...
11:07:51.267 [main] INFO com.zaxxer.hikari.HikariDataSource -- HikariPool-1 - Shutdown completed.
11:07:51.267 [main] INFO com.baomidou.dynamic.datasource.destroyer.DefaultDataSourceDestroyer -- dynamic-datasource close the datasource named [master] success,
11:07:51.267 [main] INFO com.baomidou.dynamic.datasource.DynamicRoutingDataSource -- dynamic-datasource all closed success,bye
11:07:51.281 [main] INFO com.baomidou.dynamic.datasource.DynamicRoutingDataSource -- dynamic-datasource - add a datasource named [master] success
11:07:51.606 [main] INFO com.zaxxer.hikari.HikariDataSource -- HikariPool-2 - Starting...
11:07:51.617 [main] INFO com.zaxxer.hikari.pool.HikariPool -- HikariPool-2 - Added connection com.mysql.cj.jdbc.ConnectionImpl@28f90752
11:07:51.618 [main] INFO com.zaxxer.hikari.HikariDataSource -- HikariPool-2 - Start completed.
11:07:51.916 [main] INFO com.baomidou.dynamic.datasource.DynamicRoutingDataSource -- dynamic-datasource start closing ....
11:07:51.916 [main] INFO com.zaxxer.hikari.HikariDataSource -- HikariPool-2 - Shutdown initiated...
11:07:51.921 [main] INFO com.zaxxer.hikari.HikariDataSource -- HikariPool-2 - Shutdown completed.
11:07:51.921 [main] INFO com.baomidou.dynamic.datasource.destroyer.DefaultDataSourceDestroyer -- dynamic-datasource close the datasource named [master] success,
11:07:51.921 [main] INFO com.baomidou.dynamic.datasource.DynamicRoutingDataSource -- dynamic-datasource all closed success,bye
11:07:51.924 [main] INFO com.baomidou.dynamic.datasource.DynamicRoutingDataSource -- dynamic-datasource - add a datasource named [master] success
11:07:52.157 [main] INFO com.zaxxer.hikari.HikariDataSource -- HikariPool-3 - Starting...
11:07:52.163 [main] INFO com.zaxxer.hikari.pool.HikariPool -- HikariPool-3 - Added connection com.mysql.cj.jdbc.ConnectionImpl@66a472b9
11:07:52.164 [main] INFO com.zaxxer.hikari.HikariDataSource -- HikariPool-3 - Start completed.
11:07:52.353 [main] INFO com.baomidou.dynamic.datasource.DynamicRoutingDataSource -- dynamic-datasource start closing ....
11:07:52.353 [main] INFO com.zaxxer.hikari.HikariDataSource -- HikariPool-3 - Shutdown initiated...
11:07:52.378 [main] INFO com.zaxxer.hikari.HikariDataSource -- HikariPool-3 - Shutdown completed.
11:07:52.380 [main] INFO com.baomidou.dynamic.datasource.destroyer.DefaultDataSourceDestroyer -- dynamic-datasource close the datasource named [master] success,
11:07:52.380 [main] INFO com.baomidou.dynamic.datasource.DynamicRoutingDataSource -- dynamic-datasource all closed success,bye
11:07:52.386 [main] INFO com.baomidou.dynamic.datasource.DynamicRoutingDataSource -- dynamic-datasource - add a datasource named [master] success
11:07:52.638 [main] INFO com.zaxxer.hikari.HikariDataSource -- HikariPool-4 - Starting...
11:07:52.643 [main] INFO com.zaxxer.hikari.pool.HikariPool -- HikariPool-4 - Added connection com.mysql.cj.jdbc.ConnectionImpl@75a9cc24
11:07:52.644 [main] INFO com.zaxxer.hikari.HikariDataSource -- HikariPool-4 - Start completed.
11:07:52.810 [main] INFO com.baomidou.dynamic.datasource.DynamicRoutingDataSource -- dynamic-datasource start closing ....
11:07:52.810 [main] INFO com.zaxxer.hikari.HikariDataSource -- HikariPool-4 - Shutdown initiated...
11:07:52.813 [main] INFO com.zaxxer.hikari.HikariDataSource -- HikariPool-4 - Shutdown completed.
11:07:52.814 [main] INFO com.baomidou.dynamic.datasource.destroyer.DefaultDataSourceDestroyer -- dynamic-datasource close the datasource named [master] success,
11:07:52.814 [main] INFO com.baomidou.dynamic.datasource.DynamicRoutingDataSource -- dynamic-datasource all closed success,bye
11:07:52.817 [main] INFO com.baomidou.dynamic.datasource.DynamicRoutingDataSource -- dynamic-datasource - add a datasource named [master] success
11:07:53.040 [main] INFO com.zaxxer.hikari.HikariDataSource -- HikariPool-5 - Starting...
11:07:53.048 [main] INFO com.zaxxer.hikari.pool.HikariPool -- HikariPool-5 - Added connection com.mysql.cj.jdbc.ConnectionImpl@4152bd0f
11:07:53.049 [main] INFO com.zaxxer.hikari.HikariDataSource -- HikariPool-5 - Start completed.
11:07:53.478 [main] INFO com.baomidou.dynamic.datasource.DynamicRoutingDataSource -- dynamic-datasource start closing ....
11:07:53.479 [main] INFO com.zaxxer.hikari.HikariDataSource -- HikariPool-5 - Shutdown initiated...
11:07:53.480 [main] INFO com.zaxxer.hikari.HikariDataSource -- HikariPool-5 - Shutdown completed.
11:07:53.480 [main] INFO com.baomidou.dynamic.datasource.destroyer.DefaultDataSourceDestroyer -- dynamic-datasource close the datasource named [master] success,
11:07:53.481 [main] INFO com.baomidou.dynamic.datasource.DynamicRoutingDataSource -- dynamic-datasource all closed success,bye
11:07:53.483 [main] INFO com.baomidou.dynamic.datasource.DynamicRoutingDataSource -- dynamic-datasource - add a datasource named [master] success
11:07:53.712 [main] INFO com.zaxxer.hikari.HikariDataSource -- HikariPool-6 - Starting...
11:07:53.719 [main] INFO com.zaxxer.hikari.pool.HikariPool -- HikariPool-6 - Added connection com.mysql.cj.jdbc.ConnectionImpl@60e47aab
11:07:53.719 [main] INFO com.zaxxer.hikari.HikariDataSource -- HikariPool-6 - Start completed.
11:07:53.971 [main] INFO com.baomidou.dynamic.datasource.DynamicRoutingDataSource -- dynamic-datasource start closing ....
11:07:53.971 [main] INFO com.zaxxer.hikari.HikariDataSource -- HikariPool-6 - Shutdown initiated...
11:07:53.976 [main] INFO com.zaxxer.hikari.HikariDataSource -- HikariPool-6 - Shutdown completed.
11:07:53.976 [main] INFO com.baomidou.dynamic.datasource.destroyer.DefaultDataSourceDestroyer -- dynamic-datasource close the datasource named [master] success,
11:07:53.976 [main] INFO com.baomidou.dynamic.datasource.DynamicRoutingDataSource -- dynamic-datasource all closed success,bye
11:07:53.979 [main] INFO com.baomidou.dynamic.datasource.DynamicRoutingDataSource -- dynamic-datasource - add a datasource named [master] success
11:07:54.206 [main] INFO com.zaxxer.hikari.HikariDataSource -- HikariPool-7 - Starting...
11:07:54.211 [main] INFO com.zaxxer.hikari.pool.HikariPool -- HikariPool-7 - Added connection com.mysql.cj.jdbc.ConnectionImpl@12548f9a
11:07:54.211 [main] INFO com.zaxxer.hikari.HikariDataSource -- HikariPool-7 - Start completed.
11:07:54.405 [main] INFO com.baomidou.dynamic.datasource.DynamicRoutingDataSource -- dynamic-datasource start closing ....
11:07:54.406 [main] INFO com.zaxxer.hikari.HikariDataSource -- HikariPool-7 - Shutdown initiated...
11:07:54.426 [main] INFO com.zaxxer.hikari.HikariDataSource -- HikariPool-7 - Shutdown completed.
11:07:54.426 [main] INFO com.baomidou.dynamic.datasource.destroyer.DefaultDataSourceDestroyer -- dynamic-datasource close the datasource named [master] success,
11:07:54.426 [main] INFO com.baomidou.dynamic.datasource.DynamicRoutingDataSource -- dynamic-datasource all closed success,bye
11:07:54.432 [main] INFO com.baomidou.dynamic.datasource.DynamicRoutingDataSource -- dynamic-datasource - add a datasource named [master] success
11:07:54.637 [main] INFO com.zaxxer.hikari.HikariDataSource -- HikariPool-8 - Starting...
11:07:54.641 [main] INFO com.zaxxer.hikari.pool.HikariPool -- HikariPool-8 - Added connection com.mysql.cj.jdbc.ConnectionImpl@7f70e244
11:07:54.641 [main] INFO com.zaxxer.hikari.HikariDataSource -- HikariPool-8 - Start completed.
11:07:54.683 [main] INFO com.baomidou.dynamic.datasource.DynamicRoutingDataSource -- dynamic-datasource start closing ....
11:07:54.683 [main] INFO com.zaxxer.hikari.HikariDataSource -- HikariPool-8 - Shutdown initiated...
11:07:54.684 [main] INFO com.zaxxer.hikari.HikariDataSource -- HikariPool-8 - Shutdown completed.
11:07:54.684 [main] INFO com.baomidou.dynamic.datasource.destroyer.DefaultDataSourceDestroyer -- dynamic-datasource close the datasource named [master] success,
11:07:54.684 [main] INFO com.baomidou.dynamic.datasource.DynamicRoutingDataSource -- dynamic-datasource all closed success,bye
11:07:54.687 [main] INFO com.baomidou.dynamic.datasource.DynamicRoutingDataSource -- dynamic-datasource - add a datasource named [master] success
11:07:54.846 [main] INFO com.zaxxer.hikari.HikariDataSource -- HikariPool-9 - Starting...
11:07:54.851 [main] INFO com.zaxxer.hikari.pool.HikariPool -- HikariPool-9 - Added connection com.mysql.cj.jdbc.ConnectionImpl@18a0721b
11:07:54.851 [main] INFO com.zaxxer.hikari.HikariDataSource -- HikariPool-9 - Start completed.
Mockito is currently self-attaching to enable the inline-mock-maker. This will no longer work in future releases of the JDK. Please add Mockito as an agent to your build as described in Mockito's documentation: https://javadoc.io/doc/org.mockito/mockito-core/latest/org.mockito/org/mockito/Mockito.html#0.3
WARNING: A Java agent has been loaded dynamically (/root/.m2/repository/net/bytebuddy/byte-buddy-agent/1.18.10/byte-buddy-agent-1.18.10.jar)
WARNING: If a serviceability tool is in use, please run with -XX:+EnableDynamicAgentLoading to hide this warning
WARNING: If a serviceability tool is not in use, please run with -Djdk.instrument.traceUsage for more information
WARNING: Dynamic loading of agents will be disallowed by default in a future release
OpenJDK 64-Bit Server VM warning: Sharing is only supported for boot loader classes because bootstrap classpath has been appended
11:07:56.945 [main] INFO com.baomidou.dynamic.datasource.DynamicRoutingDataSource -- dynamic-datasource start closing ....
11:07:56.946 [main] INFO com.zaxxer.hikari.HikariDataSource -- HikariPool-9 - Shutdown initiated...
11:07:56.954 [main] INFO com.zaxxer.hikari.HikariDataSource -- HikariPool-9 - Shutdown completed.
11:07:56.954 [main] INFO com.baomidou.dynamic.datasource.destroyer.DefaultDataSourceDestroyer -- dynamic-datasource close the datasource named [master] success,
11:07:56.954 [main] INFO com.baomidou.dynamic.datasource.DynamicRoutingDataSource -- dynamic-datasource all closed success,bye
11:07:56.959 [main] INFO com.baomidou.dynamic.datasource.DynamicRoutingDataSource -- dynamic-datasource - add a datasource named [master] success
11:07:57.538 [main] INFO com.zaxxer.hikari.HikariDataSource -- HikariPool-10 - Starting...
11:07:57.556 [main] INFO com.zaxxer.hikari.pool.HikariPool -- HikariPool-10 - Added connection com.mysql.cj.jdbc.ConnectionImpl@1e18876d
11:07:57.556 [main] INFO com.zaxxer.hikari.HikariDataSource -- HikariPool-10 - Start completed.
11:07:58.161 [main] INFO com.baomidou.dynamic.datasource.DynamicRoutingDataSource -- dynamic-datasource start closing ....
11:07:58.162 [main] INFO com.zaxxer.hikari.HikariDataSource -- HikariPool-10 - Shutdown initiated...
11:07:58.165 [main] INFO com.zaxxer.hikari.HikariDataSource -- HikariPool-10 - Shutdown completed.
11:07:58.166 [main] INFO com.baomidou.dynamic.datasource.destroyer.DefaultDataSourceDestroyer -- dynamic-datasource close the datasource named [master] success,
11:07:58.166 [main] INFO com.baomidou.dynamic.datasource.DynamicRoutingDataSource -- dynamic-datasource all closed success,bye
[INFO] Tests run: 10, Failures: 0, Errors: 0, Skipped: 0, Time elapsed: 10.53 s -- in org.namewta.test.notify.NotifySmsDispatchIntegrationTest
[INFO] Running org.namewta.test.notify.NotifySupportedModeIntegrationTest
11:08:00.752 [main] INFO com.baomidou.dynamic.datasource.DynamicRoutingDataSource -- dynamic-datasource - add a datasource named [master] success
11:08:01.707 [main] INFO org.redisson.Version -- Redisson 4.6.1
11:08:02.274 [redisson-netty-1-1] INFO org.redisson.connection.ConnectionsHolder -- 1 connections initialized for 127.0.0.1/127.0.0.1:32841
11:08:02.277 [redisson-netty-1-2] INFO org.redisson.connection.ConnectionsHolder -- 1 connections initialized for 127.0.0.1/127.0.0.1:32841
Mockito is currently self-attaching to enable the inline-mock-maker. This will no longer work in future releases of the JDK. Please add Mockito as an agent to your build as described in Mockito's documentation: https://javadoc.io/doc/org.mockito/mockito-core/latest/org.mockito/org/mockito/Mockito.html#0.3
WARNING: A Java agent has been loaded dynamically (/root/.m2/repository/net/bytebuddy/byte-buddy-agent/1.18.10/byte-buddy-agent-1.18.10.jar)
WARNING: If a serviceability tool is in use, please run with -XX:+EnableDynamicAgentLoading to hide this warning
WARNING: If a serviceability tool is not in use, please run with -Djdk.instrument.traceUsage for more information
WARNING: Dynamic loading of agents will be disallowed by default in a future release
OpenJDK 64-Bit Server VM warning: Sharing is only supported for boot loader classes because bootstrap classpath has been appended
11:08:05.595 [main] INFO com.zaxxer.hikari.HikariDataSource -- HikariPool-1 - Starting...
11:08:06.530 [main] INFO com.zaxxer.hikari.pool.HikariPool -- HikariPool-1 - Added connection com.mysql.cj.jdbc.ConnectionImpl@16944b58
11:08:06.539 [main] INFO com.zaxxer.hikari.HikariDataSource -- HikariPool-1 - Start completed.
11:08:07.271 [main] INFO com.baomidou.dynamic.datasource.DynamicRoutingDataSource -- dynamic-datasource start closing ....
11:08:07.276 [main] INFO com.baomidou.dynamic.datasource.DynamicRoutingDataSource -- dynamic-datasource all closed success,bye
11:08:07.276 [main] INFO com.zaxxer.hikari.HikariDataSource -- HikariPool-1 - Shutdown initiated...
11:08:07.290 [main] INFO com.zaxxer.hikari.HikariDataSource -- HikariPool-1 - Shutdown completed.
11:08:07.314 [main] INFO com.baomidou.dynamic.datasource.DynamicRoutingDataSource -- dynamic-datasource - add a datasource named [master] success
11:08:08.085 [main] INFO org.redisson.Version -- Redisson 4.6.1
11:08:08.107 [redisson-netty-5-1] INFO org.redisson.connection.ConnectionsHolder -- 1 connections initialized for 127.0.0.1/127.0.0.1:32841
11:08:08.110 [redisson-netty-5-2] INFO org.redisson.connection.ConnectionsHolder -- 1 connections initialized for 127.0.0.1/127.0.0.1:32841
11:08:08.288 [main] INFO com.zaxxer.hikari.HikariDataSource -- HikariPool-2 - Starting...
11:08:08.376 [main] INFO com.zaxxer.hikari.pool.HikariPool -- HikariPool-2 - Added connection com.mysql.cj.jdbc.ConnectionImpl@5487a8f1
11:08:08.377 [main] INFO com.zaxxer.hikari.HikariDataSource -- HikariPool-2 - Start completed.
11:08:09.281 [main] INFO com.baomidou.dynamic.datasource.DynamicRoutingDataSource -- dynamic-datasource start closing ....
11:08:09.281 [main] INFO com.baomidou.dynamic.datasource.DynamicRoutingDataSource -- dynamic-datasource all closed success,bye
11:08:09.281 [main] INFO com.zaxxer.hikari.HikariDataSource -- HikariPool-2 - Shutdown initiated...
11:08:09.284 [main] INFO com.zaxxer.hikari.HikariDataSource -- HikariPool-2 - Shutdown completed.
11:08:09.289 [main] INFO com.baomidou.dynamic.datasource.DynamicRoutingDataSource -- dynamic-datasource - add a datasource named [master] success
11:08:09.987 [main] INFO org.redisson.Version -- Redisson 4.6.1
11:08:10.011 [redisson-netty-8-1] INFO org.redisson.connection.ConnectionsHolder -- 1 connections initialized for 127.0.0.1/127.0.0.1:32841
11:08:10.015 [redisson-netty-8-2] INFO org.redisson.connection.ConnectionsHolder -- 1 connections initialized for 127.0.0.1/127.0.0.1:32841
11:08:10.119 [main] INFO com.zaxxer.hikari.HikariDataSource -- HikariPool-3 - Starting...
11:08:10.142 [main] INFO com.zaxxer.hikari.pool.HikariPool -- HikariPool-3 - Added connection com.mysql.cj.jdbc.ConnectionImpl@22b10124
11:08:10.143 [main] INFO com.zaxxer.hikari.HikariDataSource -- HikariPool-3 - Start completed.
11:08:10.534 [main] INFO com.baomidou.dynamic.datasource.DynamicRoutingDataSource -- dynamic-datasource start closing ....
11:08:10.534 [main] INFO com.baomidou.dynamic.datasource.DynamicRoutingDataSource -- dynamic-datasource all closed success,bye
11:08:10.534 [main] INFO com.zaxxer.hikari.HikariDataSource -- HikariPool-3 - Shutdown initiated...
11:08:10.548 [main] INFO com.zaxxer.hikari.HikariDataSource -- HikariPool-3 - Shutdown completed.
11:08:10.567 [main] INFO com.baomidou.dynamic.datasource.DynamicRoutingDataSource -- dynamic-datasource - add a datasource named [master] success
11:08:11.190 [main] INFO org.redisson.Version -- Redisson 4.6.1
11:08:11.209 [redisson-netty-11-1] INFO org.redisson.connection.ConnectionsHolder -- 1 connections initialized for 127.0.0.1/127.0.0.1:32841
11:08:11.211 [redisson-netty-11-2] INFO org.redisson.connection.ConnectionsHolder -- 1 connections initialized for 127.0.0.1/127.0.0.1:32841
11:08:11.258 [main] INFO com.zaxxer.hikari.HikariDataSource -- HikariPool-4 - Starting...
11:08:11.272 [main] INFO com.zaxxer.hikari.pool.HikariPool -- HikariPool-4 - Added connection com.mysql.cj.jdbc.ConnectionImpl@69356aca
11:08:11.272 [main] INFO com.zaxxer.hikari.HikariDataSource -- HikariPool-4 - Start completed.
____ ____    ___ ____ _  _ ____ _  _ 
[__  |__| __  |  |  | |_/  |___ |\ | 
___] |  |     |  |__| | \_ |___ | \| 
https://sa-token.cc (v1.45.0)
11:08:13.629 [main] INFO org.hibernate.validator.internal.util.Version -- HV000001: Hibernate Validator 9.1.0.Final
11:08:14.234 [main] INFO org.eclipse.jetty.server.Server -- jetty-12.1.10; built: 2026-05-31T04:45:52.925Z; git: 986024525891c2c20ff08c58ba300dc3b9847586; jvm 21.0.12.1+1-LTS
11:08:14.282 [main] INFO org.eclipse.jetty.server.handler.ContextHandler -- Started oeje11s.ServletContextHandler@14b4caba{ROOT,/,b=null,a=AVAILABLE,h=oeje11s.ServletHandler@20305c45{STARTED}}
11:08:14.286 [main] INFO org.eclipse.jetty.server.handler.ContextHandler.ROOT -- Initializing Spring DispatcherServlet 'org.springframework.web.servlet.DispatcherServlet-61f18997'
11:08:14.286 [main] INFO org.springframework.web.servlet.DispatcherServlet -- Initializing Servlet 'org.springframework.web.servlet.DispatcherServlet-61f18997'
11:08:14.288 [main] INFO org.springframework.web.servlet.DispatcherServlet -- Completed initialization in 1 ms
11:08:14.289 [main] INFO org.eclipse.jetty.ee11.servlet.ServletContextHandler -- Started oeje11s.ServletContextHandler@14b4caba{ROOT,/,b=null,a=AVAILABLE,h=oeje11s.ServletHandler@20305c45{STARTED}}
11:08:14.301 [main] INFO org.eclipse.jetty.server.AbstractConnector -- Started oejs.ServerConnector@2e8417ea{HTTP/1.1, (http/1.1)}{localhost:40883}
11:08:14.302 [main] INFO org.eclipse.jetty.server.Server -- Started oejs.Server@25192b6e{STARTING}[12.1.10,sto=0] @75ms
11:08:15.214 [qtp645994590-75] ERROR org.namewta.common.web.handler.GlobalExceptionHandler -- 请求处理失败，异常类型=org.namewta.common.core.exception.ServiceException
11:08:15.237 [qtp645994590-74] ERROR org.namewta.common.web.handler.GlobalExceptionHandler -- 请求处理失败，异常类型=org.namewta.common.core.exception.ServiceException
11:08:15.256 [qtp645994590-73] ERROR org.namewta.common.web.handler.GlobalExceptionHandler -- 请求处理失败，异常类型=org.namewta.common.core.exception.ServiceException
11:08:15.275 [qtp645994590-74] ERROR org.namewta.common.web.handler.GlobalExceptionHandler -- 请求处理失败，异常类型=org.namewta.common.core.exception.ServiceException
11:08:15.295 [qtp645994590-73] ERROR org.namewta.common.web.handler.GlobalExceptionHandler -- 请求地址'/notify/notification', 参数解析失败: org.springframework.http.converter.HttpMessageNotReadableException
11:08:15.314 [qtp645994590-74] ERROR org.namewta.common.web.handler.GlobalExceptionHandler -- 请求地址'/notify/notification', 参数解析失败: org.springframework.http.converter.HttpMessageNotReadableException
11:08:15.326 [qtp645994590-73] ERROR org.namewta.common.satoken.handler.SaTokenExceptionHandler -- 请求地址'/notify/notification',权限码校验失败'无此权限：notify:notification:submit'
11:08:15.346 [qtp645994590-74] ERROR org.namewta.common.satoken.handler.SaTokenExceptionHandler -- 请求地址'/notify/notification',认证失败'未能读取到有效 token',无法访问系统资源
11:08:15.362 [main] INFO org.eclipse.jetty.server.Server -- Stopped oejs.Server@25192b6e{STOPPING}[12.1.10,sto=0]
11:08:15.368 [main] INFO org.eclipse.jetty.server.AbstractConnector -- Stopped oejs.ServerConnector@2e8417ea{HTTP/1.1, (http/1.1)}{localhost:0}
11:08:15.371 [main] INFO org.eclipse.jetty.server.handler.ContextHandler.ROOT -- Destroying Spring FrameworkServlet 'org.springframework.web.servlet.DispatcherServlet-61f18997'
11:08:15.373 [main] INFO org.eclipse.jetty.ee11.servlet.ServletContextHandler -- Stopped oeje11s.ServletContextHandler@14b4caba{ROOT,/,b=null,a=AVAILABLE,h=oeje11s.ServletHandler@20305c45{STOPPED}}
____ ____    ___ ____ _  _ ____ _  _ 
[__  |__| __  |  |  | |_/  |___ |\ | 
___] |  |     |  |__| | \_ |___ | \| 
https://sa-token.cc (v1.45.0)
11:08:15.444 [main] INFO com.baomidou.dynamic.datasource.DynamicRoutingDataSource -- dynamic-datasource start closing ....
11:08:15.444 [main] INFO com.baomidou.dynamic.datasource.DynamicRoutingDataSource -- dynamic-datasource all closed success,bye
11:08:15.445 [main] INFO com.zaxxer.hikari.HikariDataSource -- HikariPool-4 - Shutdown initiated...
11:08:15.452 [main] INFO com.zaxxer.hikari.HikariDataSource -- HikariPool-4 - Shutdown completed.
11:08:15.519 [main] INFO com.baomidou.dynamic.datasource.DynamicRoutingDataSource -- dynamic-datasource - add a datasource named [master] success
11:08:15.735 [main] INFO org.redisson.Version -- Redisson 4.6.1
11:08:15.744 [redisson-netty-14-1] INFO org.redisson.connection.ConnectionsHolder -- 1 connections initialized for 127.0.0.1/127.0.0.1:32841
11:08:15.745 [redisson-netty-14-2] INFO org.redisson.connection.ConnectionsHolder -- 1 connections initialized for 127.0.0.1/127.0.0.1:32841
11:08:15.770 [main] INFO com.zaxxer.hikari.HikariDataSource -- HikariPool-5 - Starting...
11:08:15.776 [main] INFO com.zaxxer.hikari.pool.HikariPool -- HikariPool-5 - Added connection com.mysql.cj.jdbc.ConnectionImpl@58e61e18
11:08:15.777 [main] INFO com.zaxxer.hikari.HikariDataSource -- HikariPool-5 - Start completed.
11:08:15.924 [main] INFO com.baomidou.dynamic.datasource.DynamicRoutingDataSource -- dynamic-datasource start closing ....
11:08:15.924 [main] INFO com.baomidou.dynamic.datasource.DynamicRoutingDataSource -- dynamic-datasource all closed success,bye
11:08:15.924 [main] INFO com.zaxxer.hikari.HikariDataSource -- HikariPool-5 - Shutdown initiated...
11:08:15.947 [main] INFO com.zaxxer.hikari.HikariDataSource -- HikariPool-5 - Shutdown completed.
11:08:15.952 [main] INFO com.baomidou.dynamic.datasource.DynamicRoutingDataSource -- dynamic-datasource - add a datasource named [master] success
11:08:16.102 [main] INFO org.redisson.Version -- Redisson 4.6.1
11:08:16.109 [redisson-netty-17-2] INFO org.redisson.connection.ConnectionsHolder -- 1 connections initialized for 127.0.0.1/127.0.0.1:32841
11:08:16.109 [redisson-netty-17-1] INFO org.redisson.connection.ConnectionsHolder -- 1 connections initialized for 127.0.0.1/127.0.0.1:32841
11:08:16.135 [main] INFO com.zaxxer.hikari.HikariDataSource -- HikariPool-6 - Starting...
11:08:16.142 [main] INFO com.zaxxer.hikari.pool.HikariPool -- HikariPool-6 - Added connection com.mysql.cj.jdbc.ConnectionImpl@7d487147
11:08:16.143 [main] INFO com.zaxxer.hikari.HikariDataSource -- HikariPool-6 - Start completed.
11:08:16.271 [main] INFO com.baomidou.dynamic.datasource.DynamicRoutingDataSource -- dynamic-datasource start closing ....
11:08:16.271 [main] INFO com.baomidou.dynamic.datasource.DynamicRoutingDataSource -- dynamic-datasource all closed success,bye
11:08:16.271 [main] INFO com.zaxxer.hikari.HikariDataSource -- HikariPool-6 - Shutdown initiated...
11:08:16.281 [main] INFO com.zaxxer.hikari.HikariDataSource -- HikariPool-6 - Shutdown completed.
11:08:16.286 [main] INFO com.baomidou.dynamic.datasource.DynamicRoutingDataSource -- dynamic-datasource - add a datasource named [master] success
11:08:16.448 [main] INFO org.redisson.Version -- Redisson 4.6.1
11:08:16.454 [redisson-netty-20-1] INFO org.redisson.connection.ConnectionsHolder -- 1 connections initialized for 127.0.0.1/127.0.0.1:32841
11:08:16.454 [redisson-netty-20-2] INFO org.redisson.connection.ConnectionsHolder -- 1 connections initialized for 127.0.0.1/127.0.0.1:32841
11:08:16.495 [main] INFO com.zaxxer.hikari.HikariDataSource -- HikariPool-7 - Starting...
11:08:16.501 [main] INFO com.zaxxer.hikari.pool.HikariPool -- HikariPool-7 - Added connection com.mysql.cj.jdbc.ConnectionImpl@d5d9d92
11:08:16.501 [main] INFO com.zaxxer.hikari.HikariDataSource -- HikariPool-7 - Start completed.
11:08:16.635 [main] INFO com.baomidou.dynamic.datasource.DynamicRoutingDataSource -- dynamic-datasource start closing ....
11:08:16.635 [main] INFO com.baomidou.dynamic.datasource.DynamicRoutingDataSource -- dynamic-datasource all closed success,bye
11:08:16.635 [main] INFO com.zaxxer.hikari.HikariDataSource -- HikariPool-7 - Shutdown initiated...
11:08:16.636 [main] INFO com.zaxxer.hikari.HikariDataSource -- HikariPool-7 - Shutdown completed.
11:08:16.641 [main] INFO com.baomidou.dynamic.datasource.DynamicRoutingDataSource -- dynamic-datasource - add a datasource named [master] success
11:08:16.792 [main] INFO org.redisson.Version -- Redisson 4.6.1
11:08:16.800 [redisson-netty-23-1] INFO org.redisson.connection.ConnectionsHolder -- 1 connections initialized for 127.0.0.1/127.0.0.1:32841
11:08:16.801 [redisson-netty-23-2] INFO org.redisson.connection.ConnectionsHolder -- 1 connections initialized for 127.0.0.1/127.0.0.1:32841
11:08:16.822 [main] INFO com.zaxxer.hikari.HikariDataSource -- HikariPool-8 - Starting...
11:08:16.827 [main] INFO com.zaxxer.hikari.pool.HikariPool -- HikariPool-8 - Added connection com.mysql.cj.jdbc.ConnectionImpl@22a5f12
11:08:16.827 [main] INFO com.zaxxer.hikari.HikariDataSource -- HikariPool-8 - Start completed.
11:08:16.905 [main] INFO com.baomidou.dynamic.datasource.DynamicRoutingDataSource -- dynamic-datasource start closing ....
11:08:16.906 [main] INFO com.baomidou.dynamic.datasource.DynamicRoutingDataSource -- dynamic-datasource all closed success,bye
11:08:16.906 [main] INFO com.zaxxer.hikari.HikariDataSource -- HikariPool-8 - Shutdown initiated...
11:08:16.906 [main] INFO com.zaxxer.hikari.HikariDataSource -- HikariPool-8 - Shutdown completed.
11:08:16.913 [main] INFO com.baomidou.dynamic.datasource.DynamicRoutingDataSource -- dynamic-datasource - add a datasource named [master] success
11:08:17.101 [main] INFO org.redisson.Version -- Redisson 4.6.1
11:08:17.106 [redisson-netty-26-1] INFO org.redisson.connection.ConnectionsHolder -- 1 connections initialized for 127.0.0.1/127.0.0.1:32841
11:08:17.110 [redisson-netty-26-2] INFO org.redisson.connection.ConnectionsHolder -- 1 connections initialized for 127.0.0.1/127.0.0.1:32841
11:08:17.138 [main] INFO com.zaxxer.hikari.HikariDataSource -- HikariPool-9 - Starting...
11:08:17.144 [main] INFO com.zaxxer.hikari.pool.HikariPool -- HikariPool-9 - Added connection com.mysql.cj.jdbc.ConnectionImpl@352b5f3c
11:08:17.145 [main] INFO com.zaxxer.hikari.HikariDataSource -- HikariPool-9 - Start completed.
11:08:17.258 [main] INFO com.baomidou.dynamic.datasource.DynamicRoutingDataSource -- dynamic-datasource start closing ....
11:08:17.259 [main] INFO com.baomidou.dynamic.datasource.DynamicRoutingDataSource -- dynamic-datasource all closed success,bye
11:08:17.259 [main] INFO com.zaxxer.hikari.HikariDataSource -- HikariPool-9 - Shutdown initiated...
11:08:17.287 [main] INFO com.zaxxer.hikari.HikariDataSource -- HikariPool-9 - Shutdown completed.
11:08:17.293 [main] INFO com.baomidou.dynamic.datasource.DynamicRoutingDataSource -- dynamic-datasource - add a datasource named [master] success
11:08:17.493 [main] INFO org.redisson.Version -- Redisson 4.6.1
11:08:17.505 [redisson-netty-29-1] INFO org.redisson.connection.ConnectionsHolder -- 1 connections initialized for 127.0.0.1/127.0.0.1:32841
11:08:17.506 [redisson-netty-29-2] INFO org.redisson.connection.ConnectionsHolder -- 1 connections initialized for 127.0.0.1/127.0.0.1:32841
11:08:17.543 [main] INFO com.zaxxer.hikari.HikariDataSource -- HikariPool-10 - Starting...
11:08:17.550 [main] INFO com.zaxxer.hikari.pool.HikariPool -- HikariPool-10 - Added connection com.mysql.cj.jdbc.ConnectionImpl@521f2a23
11:08:17.550 [main] INFO com.zaxxer.hikari.HikariDataSource -- HikariPool-10 - Start completed.
11:08:17.672 [main] INFO com.baomidou.dynamic.datasource.DynamicRoutingDataSource -- dynamic-datasource start closing ....
11:08:17.672 [main] INFO com.baomidou.dynamic.datasource.DynamicRoutingDataSource -- dynamic-datasource all closed success,bye
11:08:17.672 [main] INFO com.zaxxer.hikari.HikariDataSource -- HikariPool-10 - Shutdown initiated...
11:08:17.685 [main] INFO com.zaxxer.hikari.HikariDataSource -- HikariPool-10 - Shutdown completed.
11:08:17.692 [main] INFO com.baomidou.dynamic.datasource.DynamicRoutingDataSource -- dynamic-datasource - add a datasource named [master] success
11:08:17.886 [main] INFO org.redisson.Version -- Redisson 4.6.1
11:08:17.891 [redisson-netty-32-1] INFO org.redisson.connection.ConnectionsHolder -- 1 connections initialized for 127.0.0.1/127.0.0.1:32841
11:08:17.891 [redisson-netty-32-2] INFO org.redisson.connection.ConnectionsHolder -- 1 connections initialized for 127.0.0.1/127.0.0.1:32841
11:08:17.919 [main] INFO com.zaxxer.hikari.HikariDataSource -- HikariPool-11 - Starting...
11:08:17.927 [main] INFO com.zaxxer.hikari.pool.HikariPool -- HikariPool-11 - Added connection com.mysql.cj.jdbc.ConnectionImpl@5e18309e
11:08:17.927 [main] INFO com.zaxxer.hikari.HikariDataSource -- HikariPool-11 - Start completed.
11:08:18.090 [main] INFO com.baomidou.dynamic.datasource.DynamicRoutingDataSource -- dynamic-datasource start closing ....
11:08:18.091 [main] INFO com.baomidou.dynamic.datasource.DynamicRoutingDataSource -- dynamic-datasource all closed success,bye
11:08:18.091 [main] INFO com.zaxxer.hikari.HikariDataSource -- HikariPool-11 - Shutdown initiated...
11:08:18.107 [main] INFO com.zaxxer.hikari.HikariDataSource -- HikariPool-11 - Shutdown completed.
11:08:18.115 [main] INFO com.baomidou.dynamic.datasource.DynamicRoutingDataSource -- dynamic-datasource - add a datasource named [master] success
11:08:18.424 [main] INFO org.redisson.Version -- Redisson 4.6.1
11:08:18.436 [redisson-netty-35-1] INFO org.redisson.connection.ConnectionsHolder -- 1 connections initialized for 127.0.0.1/127.0.0.1:32841
11:08:18.438 [redisson-netty-35-2] INFO org.redisson.connection.ConnectionsHolder -- 1 connections initialized for 127.0.0.1/127.0.0.1:32841
11:08:18.479 [main] INFO com.zaxxer.hikari.HikariDataSource -- HikariPool-12 - Starting...
11:08:18.484 [main] INFO com.zaxxer.hikari.pool.HikariPool -- HikariPool-12 - Added connection com.mysql.cj.jdbc.ConnectionImpl@62a1bc26
11:08:18.485 [main] INFO com.zaxxer.hikari.HikariDataSource -- HikariPool-12 - Start completed.
11:08:18.645 [main] INFO com.baomidou.dynamic.datasource.DynamicRoutingDataSource -- dynamic-datasource start closing ....
11:08:18.645 [main] INFO com.baomidou.dynamic.datasource.DynamicRoutingDataSource -- dynamic-datasource all closed success,bye
11:08:18.645 [main] INFO com.zaxxer.hikari.HikariDataSource -- HikariPool-12 - Shutdown initiated...
11:08:18.665 [main] INFO com.zaxxer.hikari.HikariDataSource -- HikariPool-12 - Shutdown completed.
11:08:18.668 [main] INFO com.baomidou.dynamic.datasource.DynamicRoutingDataSource -- dynamic-datasource - add a datasource named [master] success
11:08:19.195 [main] INFO org.redisson.Version -- Redisson 4.6.1
11:08:19.233 [redisson-netty-38-1] INFO org.redisson.connection.ConnectionsHolder -- 1 connections initialized for 127.0.0.1/127.0.0.1:32841
11:08:19.234 [redisson-netty-38-2] INFO org.redisson.connection.ConnectionsHolder -- 1 connections initialized for 127.0.0.1/127.0.0.1:32841
11:08:19.333 [main] INFO com.zaxxer.hikari.HikariDataSource -- HikariPool-13 - Starting...
11:08:19.351 [main] INFO com.zaxxer.hikari.pool.HikariPool -- HikariPool-13 - Added connection com.mysql.cj.jdbc.ConnectionImpl@56e4f071
11:08:19.351 [main] INFO com.zaxxer.hikari.HikariDataSource -- HikariPool-13 - Start completed.
11:08:20.004 [main] INFO com.baomidou.dynamic.datasource.DynamicRoutingDataSource -- dynamic-datasource start closing ....
11:08:20.004 [main] INFO com.baomidou.dynamic.datasource.DynamicRoutingDataSource -- dynamic-datasource all closed success,bye
11:08:20.004 [main] INFO com.zaxxer.hikari.HikariDataSource -- HikariPool-13 - Shutdown initiated...
11:08:20.009 [main] INFO com.zaxxer.hikari.HikariDataSource -- HikariPool-13 - Shutdown completed.
11:08:20.016 [main] INFO com.baomidou.dynamic.datasource.DynamicRoutingDataSource -- dynamic-datasource - add a datasource named [master] success
11:08:20.329 [main] INFO org.redisson.Version -- Redisson 4.6.1
11:08:20.339 [redisson-netty-41-1] INFO org.redisson.connection.ConnectionsHolder -- 1 connections initialized for 127.0.0.1/127.0.0.1:32841
11:08:20.341 [redisson-netty-41-2] INFO org.redisson.connection.ConnectionsHolder -- 1 connections initialized for 127.0.0.1/127.0.0.1:32841
11:08:20.382 [main] INFO com.zaxxer.hikari.HikariDataSource -- HikariPool-14 - Starting...
11:08:20.389 [main] INFO com.zaxxer.hikari.pool.HikariPool -- HikariPool-14 - Added connection com.mysql.cj.jdbc.ConnectionImpl@3e84c698
11:08:20.389 [main] INFO com.zaxxer.hikari.HikariDataSource -- HikariPool-14 - Start completed.
11:08:20.551 [main] INFO com.baomidou.dynamic.datasource.DynamicRoutingDataSource -- dynamic-datasource start closing ....
11:08:20.551 [main] INFO com.baomidou.dynamic.datasource.DynamicRoutingDataSource -- dynamic-datasource all closed success,bye
11:08:20.551 [main] INFO com.zaxxer.hikari.HikariDataSource -- HikariPool-14 - Shutdown initiated...
11:08:20.562 [main] INFO com.zaxxer.hikari.HikariDataSource -- HikariPool-14 - Shutdown completed.
11:08:20.566 [main] INFO com.baomidou.dynamic.datasource.DynamicRoutingDataSource -- dynamic-datasource - add a datasource named [master] success
11:08:20.755 [main] INFO org.redisson.Version -- Redisson 4.6.1
11:08:20.760 [redisson-netty-44-1] INFO org.redisson.connection.ConnectionsHolder -- 1 connections initialized for 127.0.0.1/127.0.0.1:32841
11:08:20.761 [redisson-netty-44-2] INFO org.redisson.connection.ConnectionsHolder -- 1 connections initialized for 127.0.0.1/127.0.0.1:32841
11:08:20.789 [main] INFO com.zaxxer.hikari.HikariDataSource -- HikariPool-15 - Starting...
11:08:20.797 [main] INFO com.zaxxer.hikari.pool.HikariPool -- HikariPool-15 - Added connection com.mysql.cj.jdbc.ConnectionImpl@3fbf4614
11:08:20.797 [main] INFO com.zaxxer.hikari.HikariDataSource -- HikariPool-15 - Start completed.
11:08:20.872 [main] INFO com.baomidou.dynamic.datasource.DynamicRoutingDataSource -- dynamic-datasource start closing ....
11:08:20.872 [main] INFO com.baomidou.dynamic.datasource.DynamicRoutingDataSource -- dynamic-datasource all closed success,bye
11:08:20.872 [main] INFO com.zaxxer.hikari.HikariDataSource -- HikariPool-15 - Shutdown initiated...
11:08:20.873 [main] INFO com.zaxxer.hikari.HikariDataSource -- HikariPool-15 - Shutdown completed.
11:08:20.876 [main] INFO com.baomidou.dynamic.datasource.DynamicRoutingDataSource -- dynamic-datasource - add a datasource named [master] success
11:08:21.071 [main] INFO org.redisson.Version -- Redisson 4.6.1
11:08:21.076 [redisson-netty-47-1] INFO org.redisson.connection.ConnectionsHolder -- 1 connections initialized for 127.0.0.1/127.0.0.1:32841
11:08:21.077 [redisson-netty-47-2] INFO org.redisson.connection.ConnectionsHolder -- 1 connections initialized for 127.0.0.1/127.0.0.1:32841
11:08:21.107 [main] INFO com.zaxxer.hikari.HikariDataSource -- HikariPool-16 - Starting...
11:08:21.113 [main] INFO com.zaxxer.hikari.pool.HikariPool -- HikariPool-16 - Added connection com.mysql.cj.jdbc.ConnectionImpl@6ab949ed
11:08:21.113 [main] INFO com.zaxxer.hikari.HikariDataSource -- HikariPool-16 - Start completed.
11:08:21.267 [main] INFO com.baomidou.dynamic.datasource.DynamicRoutingDataSource -- dynamic-datasource start closing ....
11:08:21.268 [main] INFO com.baomidou.dynamic.datasource.DynamicRoutingDataSource -- dynamic-datasource all closed success,bye
11:08:21.268 [main] INFO com.zaxxer.hikari.HikariDataSource -- HikariPool-16 - Shutdown initiated...
11:08:21.295 [main] INFO com.zaxxer.hikari.HikariDataSource -- HikariPool-16 - Shutdown completed.
11:08:21.299 [main] INFO com.baomidou.dynamic.datasource.DynamicRoutingDataSource -- dynamic-datasource - add a datasource named [master] success
11:08:21.503 [main] INFO org.redisson.Version -- Redisson 4.6.1
11:08:21.509 [redisson-netty-50-1] INFO org.redisson.connection.ConnectionsHolder -- 1 connections initialized for 127.0.0.1/127.0.0.1:32841
11:08:21.510 [redisson-netty-50-2] INFO org.redisson.connection.ConnectionsHolder -- 1 connections initialized for 127.0.0.1/127.0.0.1:32841
11:08:21.536 [main] INFO com.zaxxer.hikari.HikariDataSource -- HikariPool-17 - Starting...
11:08:21.546 [main] INFO com.zaxxer.hikari.pool.HikariPool -- HikariPool-17 - Added connection com.mysql.cj.jdbc.ConnectionImpl@7dd43529
11:08:21.546 [main] INFO com.zaxxer.hikari.HikariDataSource -- HikariPool-17 - Start completed.
11:08:21.683 [main] INFO com.baomidou.dynamic.datasource.DynamicRoutingDataSource -- dynamic-datasource start closing ....
11:08:21.684 [main] INFO com.baomidou.dynamic.datasource.DynamicRoutingDataSource -- dynamic-datasource all closed success,bye
11:08:21.684 [main] INFO com.zaxxer.hikari.HikariDataSource -- HikariPool-17 - Shutdown initiated...
11:08:21.687 [main] INFO com.zaxxer.hikari.HikariDataSource -- HikariPool-17 - Shutdown completed.
11:08:21.691 [main] INFO com.baomidou.dynamic.datasource.DynamicRoutingDataSource -- dynamic-datasource - add a datasource named [master] success
11:08:21.841 [main] INFO org.redisson.Version -- Redisson 4.6.1
11:08:21.848 [redisson-netty-53-1] INFO org.redisson.connection.ConnectionsHolder -- 1 connections initialized for 127.0.0.1/127.0.0.1:32841
11:08:21.849 [redisson-netty-53-2] INFO org.redisson.connection.ConnectionsHolder -- 1 connections initialized for 127.0.0.1/127.0.0.1:32841
11:08:21.869 [main] INFO com.zaxxer.hikari.HikariDataSource -- HikariPool-18 - Starting...
11:08:21.875 [main] INFO com.zaxxer.hikari.pool.HikariPool -- HikariPool-18 - Added connection com.mysql.cj.jdbc.ConnectionImpl@79b7aebc
11:08:21.875 [main] INFO com.zaxxer.hikari.HikariDataSource -- HikariPool-18 - Start completed.
11:08:21.910 [main] INFO org.springframework.mock.web.MockServletContext -- Initializing Spring TestDispatcherServlet ''
11:08:21.910 [main] INFO org.springframework.test.web.servlet.TestDispatcherServlet -- Initializing Servlet ''
11:08:21.910 [main] INFO org.springframework.test.web.servlet.TestDispatcherServlet -- Completed initialization in 0 ms
11:08:21.940 [main] WARN org.springframework.web.servlet.mvc.support.DefaultHandlerExceptionResolver -- Resolved [org.springframework.http.converter.HttpMessageNotReadableException: JSON parse error: Cannot deserialize value of type `org.namewta.notify.api.NotificationMode` from String "SYNC": not one of the values accepted for Enum class: [ASYNC]]
11:08:21.969 [main] INFO com.baomidou.dynamic.datasource.DynamicRoutingDataSource -- dynamic-datasource start closing ....
11:08:21.970 [main] INFO com.baomidou.dynamic.datasource.DynamicRoutingDataSource -- dynamic-datasource all closed success,bye
11:08:21.970 [main] INFO com.zaxxer.hikari.HikariDataSource -- HikariPool-18 - Shutdown initiated...
11:08:21.970 [main] INFO com.zaxxer.hikari.HikariDataSource -- HikariPool-18 - Shutdown completed.
11:08:21.972 [main] INFO com.baomidou.dynamic.datasource.DynamicRoutingDataSource -- dynamic-datasource - add a datasource named [master] success
11:08:22.125 [main] INFO org.redisson.Version -- Redisson 4.6.1
11:08:22.129 [redisson-netty-56-1] INFO org.redisson.connection.ConnectionsHolder -- 1 connections initialized for 127.0.0.1/127.0.0.1:32841
11:08:22.130 [redisson-netty-56-2] INFO org.redisson.connection.ConnectionsHolder -- 1 connections initialized for 127.0.0.1/127.0.0.1:32841
11:08:22.149 [main] INFO com.zaxxer.hikari.HikariDataSource -- HikariPool-19 - Starting...
11:08:22.152 [main] INFO com.zaxxer.hikari.pool.HikariPool -- HikariPool-19 - Added connection com.mysql.cj.jdbc.ConnectionImpl@682f9202
11:08:22.152 [main] INFO com.zaxxer.hikari.HikariDataSource -- HikariPool-19 - Start completed.
11:08:22.260 [main] INFO com.baomidou.dynamic.datasource.DynamicRoutingDataSource -- dynamic-datasource start closing ....
11:08:22.260 [main] INFO com.baomidou.dynamic.datasource.DynamicRoutingDataSource -- dynamic-datasource all closed success,bye
11:08:22.260 [main] INFO com.zaxxer.hikari.HikariDataSource -- HikariPool-19 - Shutdown initiated...
11:08:22.290 [main] INFO com.zaxxer.hikari.HikariDataSource -- HikariPool-19 - Shutdown completed.
[INFO] Tests run: 19, Failures: 0, Errors: 0, Skipped: 0, Time elapsed: 21.88 s -- in org.namewta.test.notify.NotifySupportedModeIntegrationTest
[INFO] Running org.namewta.test.notify.EnterpriseQueuedNotificationIntegrationTest
11:08:24.306 [main] INFO com.baomidou.dynamic.datasource.DynamicRoutingDataSource -- dynamic-datasource - add a datasource named [master] success
11:08:25.522 [main] INFO org.redisson.Version -- Redisson 4.6.1
11:08:25.954 [redisson-netty-1-1] INFO org.redisson.connection.ConnectionsHolder -- 1 connections initialized for 127.0.0.1/127.0.0.1:32841
11:08:25.958 [redisson-netty-1-2] INFO org.redisson.connection.ConnectionsHolder -- 1 connections initialized for 127.0.0.1/127.0.0.1:32841
Mockito is currently self-attaching to enable the inline-mock-maker. This will no longer work in future releases of the JDK. Please add Mockito as an agent to your build as described in Mockito's documentation: https://javadoc.io/doc/org.mockito/mockito-core/latest/org.mockito/org/mockito/Mockito.html#0.3
OpenJDK 64-Bit Server VM warning: Sharing is only supported for boot loader classes because bootstrap classpath has been appended
WARNING: A Java agent has been loaded dynamically (/root/.m2/repository/net/bytebuddy/byte-buddy-agent/1.18.10/byte-buddy-agent-1.18.10.jar)
WARNING: If a serviceability tool is in use, please run with -XX:+EnableDynamicAgentLoading to hide this warning
WARNING: If a serviceability tool is not in use, please run with -Djdk.instrument.traceUsage for more information
WARNING: Dynamic loading of agents will be disallowed by default in a future release
11:08:28.063 [main] INFO com.zaxxer.hikari.HikariDataSource -- HikariPool-1 - Starting...
11:08:28.578 [main] INFO com.zaxxer.hikari.pool.HikariPool -- HikariPool-1 - Added connection com.mysql.cj.jdbc.ConnectionImpl@7ebc5be6
11:08:28.580 [main] INFO com.zaxxer.hikari.HikariDataSource -- HikariPool-1 - Start completed.
11:08:30.116 [main] INFO org.namewta.notify.adapter.worker.NotifyOutboxWorker -- notify outbox drain trigger=POLL claimed=1 batches=2
11:08:30.693 [main] INFO org.namewta.notify.adapter.worker.NotifyOutboxWorker -- notify outbox drain trigger=POLL claimed=1 batches=2
11:08:30.959 [main] INFO com.baomidou.dynamic.datasource.DynamicRoutingDataSource -- dynamic-datasource start closing ....
11:08:30.963 [main] INFO com.baomidou.dynamic.datasource.DynamicRoutingDataSource -- dynamic-datasource all closed success,bye
11:08:30.963 [main] INFO com.zaxxer.hikari.HikariDataSource -- HikariPool-1 - Shutdown initiated...
11:08:30.971 [main] INFO com.zaxxer.hikari.HikariDataSource -- HikariPool-1 - Shutdown completed.
11:08:30.982 [main] INFO com.baomidou.dynamic.datasource.DynamicRoutingDataSource -- dynamic-datasource - add a datasource named [master] success
11:08:31.338 [main] INFO org.redisson.Version -- Redisson 4.6.1
11:08:31.351 [redisson-netty-5-1] INFO org.redisson.connection.ConnectionsHolder -- 1 connections initialized for 127.0.0.1/127.0.0.1:32841
11:08:31.357 [redisson-netty-5-2] INFO org.redisson.connection.ConnectionsHolder -- 1 connections initialized for 127.0.0.1/127.0.0.1:32841
11:08:31.444 [main] INFO com.zaxxer.hikari.HikariDataSource -- HikariPool-2 - Starting...
11:08:31.451 [main] INFO com.zaxxer.hikari.pool.HikariPool -- HikariPool-2 - Added connection com.mysql.cj.jdbc.ConnectionImpl@58720eb9
11:08:31.451 [main] INFO com.zaxxer.hikari.HikariDataSource -- HikariPool-2 - Start completed.
11:08:31.837 [main] INFO org.namewta.notify.adapter.worker.NotifyOutboxWorker -- notify outbox drain trigger=POLL claimed=1 batches=2
11:08:32.034 [main] INFO com.baomidou.dynamic.datasource.DynamicRoutingDataSource -- dynamic-datasource start closing ....
11:08:32.035 [main] INFO com.baomidou.dynamic.datasource.DynamicRoutingDataSource -- dynamic-datasource all closed success,bye
11:08:32.035 [main] INFO com.zaxxer.hikari.HikariDataSource -- HikariPool-2 - Shutdown initiated...
11:08:32.038 [main] INFO com.zaxxer.hikari.HikariDataSource -- HikariPool-2 - Shutdown completed.
11:08:32.043 [main] INFO com.baomidou.dynamic.datasource.DynamicRoutingDataSource -- dynamic-datasource - add a datasource named [master] success
11:08:32.347 [main] INFO org.redisson.Version -- Redisson 4.6.1
11:08:32.357 [redisson-netty-8-1] INFO org.redisson.connection.ConnectionsHolder -- 1 connections initialized for 127.0.0.1/127.0.0.1:32841
11:08:32.367 [redisson-netty-8-2] INFO org.redisson.connection.ConnectionsHolder -- 1 connections initialized for 127.0.0.1/127.0.0.1:32841
11:08:32.468 [main] INFO com.zaxxer.hikari.HikariDataSource -- HikariPool-3 - Starting...
11:08:32.481 [main] INFO com.zaxxer.hikari.pool.HikariPool -- HikariPool-3 - Added connection com.mysql.cj.jdbc.ConnectionImpl@3e371088
11:08:32.482 [main] INFO com.zaxxer.hikari.HikariDataSource -- HikariPool-3 - Start completed.
11:08:32.854 [main] INFO com.baomidou.dynamic.datasource.DynamicRoutingDataSource -- dynamic-datasource start closing ....
11:08:32.854 [main] INFO com.baomidou.dynamic.datasource.DynamicRoutingDataSource -- dynamic-datasource all closed success,bye
11:08:32.855 [main] INFO com.zaxxer.hikari.HikariDataSource -- HikariPool-3 - Shutdown initiated...
11:08:32.863 [main] INFO com.zaxxer.hikari.HikariDataSource -- HikariPool-3 - Shutdown completed.
11:08:32.867 [main] INFO com.baomidou.dynamic.datasource.DynamicRoutingDataSource -- dynamic-datasource - add a datasource named [master] success
11:08:33.142 [main] INFO org.redisson.Version -- Redisson 4.6.1
11:08:33.152 [redisson-netty-11-1] INFO org.redisson.connection.ConnectionsHolder -- 1 connections initialized for 127.0.0.1/127.0.0.1:32841
11:08:33.154 [redisson-netty-11-2] INFO org.redisson.connection.ConnectionsHolder -- 1 connections initialized for 127.0.0.1/127.0.0.1:32841
11:08:33.206 [main] INFO com.zaxxer.hikari.HikariDataSource -- HikariPool-4 - Starting...
11:08:33.212 [main] INFO com.zaxxer.hikari.pool.HikariPool -- HikariPool-4 - Added connection com.mysql.cj.jdbc.ConnectionImpl@198a0416
11:08:33.213 [main] INFO com.zaxxer.hikari.HikariDataSource -- HikariPool-4 - Start completed.
11:08:33.702 [main] INFO org.namewta.notify.adapter.worker.NotifyOutboxWorker -- notify outbox drain trigger=POLL claimed=1 batches=2
11:08:33.928 [main] INFO com.baomidou.dynamic.datasource.DynamicRoutingDataSource -- dynamic-datasource start closing ....
11:08:33.928 [main] INFO com.baomidou.dynamic.datasource.DynamicRoutingDataSource -- dynamic-datasource all closed success,bye
11:08:33.928 [main] INFO com.zaxxer.hikari.HikariDataSource -- HikariPool-4 - Shutdown initiated...
11:08:33.932 [main] INFO com.zaxxer.hikari.HikariDataSource -- HikariPool-4 - Shutdown completed.
11:08:33.935 [main] INFO com.baomidou.dynamic.datasource.DynamicRoutingDataSource -- dynamic-datasource - add a datasource named [master] success
11:08:34.135 [main] INFO org.redisson.Version -- Redisson 4.6.1
11:08:34.140 [redisson-netty-14-1] INFO org.redisson.connection.ConnectionsHolder -- 1 connections initialized for 127.0.0.1/127.0.0.1:32841
11:08:34.140 [redisson-netty-14-2] INFO org.redisson.connection.ConnectionsHolder -- 1 connections initialized for 127.0.0.1/127.0.0.1:32841
11:08:34.166 [main] INFO com.zaxxer.hikari.HikariDataSource -- HikariPool-5 - Starting...
11:08:34.171 [main] INFO com.zaxxer.hikari.pool.HikariPool -- HikariPool-5 - Added connection com.mysql.cj.jdbc.ConnectionImpl@54a5eff
11:08:34.171 [main] INFO com.zaxxer.hikari.HikariDataSource -- HikariPool-5 - Start completed.
11:08:34.435 [main] INFO org.namewta.notify.adapter.worker.NotifyOutboxWorker -- notify outbox drain trigger=POLL claimed=1 batches=2
11:08:34.508 [main] INFO com.baomidou.dynamic.datasource.DynamicRoutingDataSource -- dynamic-datasource start closing ....
11:08:34.508 [main] INFO com.baomidou.dynamic.datasource.DynamicRoutingDataSource -- dynamic-datasource all closed success,bye
11:08:34.508 [main] INFO com.zaxxer.hikari.HikariDataSource -- HikariPool-5 - Shutdown initiated...
11:08:34.522 [main] INFO com.zaxxer.hikari.HikariDataSource -- HikariPool-5 - Shutdown completed.
11:08:34.524 [main] INFO com.baomidou.dynamic.datasource.DynamicRoutingDataSource -- dynamic-datasource - add a datasource named [master] success
11:08:34.715 [main] INFO org.redisson.Version -- Redisson 4.6.1
11:08:34.726 [redisson-netty-17-1] INFO org.redisson.connection.ConnectionsHolder -- 1 connections initialized for 127.0.0.1/127.0.0.1:32841
11:08:34.727 [redisson-netty-17-2] INFO org.redisson.connection.ConnectionsHolder -- 1 connections initialized for 127.0.0.1/127.0.0.1:32841
11:08:34.765 [main] INFO com.zaxxer.hikari.HikariDataSource -- HikariPool-6 - Starting...
11:08:34.775 [main] INFO com.zaxxer.hikari.pool.HikariPool -- HikariPool-6 - Added connection com.mysql.cj.jdbc.ConnectionImpl@64864875
11:08:34.776 [main] INFO com.zaxxer.hikari.HikariDataSource -- HikariPool-6 - Start completed.
11:08:35.111 [main] INFO org.namewta.notify.adapter.worker.NotifyOutboxWorker -- notify outbox drain trigger=POLL claimed=1 batches=2
11:08:35.316 [main] INFO com.baomidou.dynamic.datasource.DynamicRoutingDataSource -- dynamic-datasource start closing ....
11:08:35.317 [main] INFO com.baomidou.dynamic.datasource.DynamicRoutingDataSource -- dynamic-datasource all closed success,bye
11:08:35.317 [main] INFO com.zaxxer.hikari.HikariDataSource -- HikariPool-6 - Shutdown initiated...
11:08:35.318 [main] INFO com.zaxxer.hikari.HikariDataSource -- HikariPool-6 - Shutdown completed.
11:08:35.320 [main] INFO com.baomidou.dynamic.datasource.DynamicRoutingDataSource -- dynamic-datasource - add a datasource named [master] success
11:08:35.549 [main] INFO org.redisson.Version -- Redisson 4.6.1
11:08:35.557 [redisson-netty-20-1] INFO org.redisson.connection.ConnectionsHolder -- 1 connections initialized for 127.0.0.1/127.0.0.1:32841
11:08:35.562 [redisson-netty-20-2] INFO org.redisson.connection.ConnectionsHolder -- 1 connections initialized for 127.0.0.1/127.0.0.1:32841
11:08:35.594 [main] INFO com.zaxxer.hikari.HikariDataSource -- HikariPool-7 - Starting...
11:08:35.603 [main] INFO com.zaxxer.hikari.pool.HikariPool -- HikariPool-7 - Added connection com.mysql.cj.jdbc.ConnectionImpl@3dfe520
11:08:35.604 [main] INFO com.zaxxer.hikari.HikariDataSource -- HikariPool-7 - Start completed.
11:08:36.235 [main] INFO org.namewta.notify.adapter.worker.NotifyOutboxWorker -- notify outbox drain trigger=POLL claimed=2 batches=2
11:08:36.501 [main] INFO com.baomidou.dynamic.datasource.DynamicRoutingDataSource -- dynamic-datasource start closing ....
11:08:36.501 [main] INFO com.baomidou.dynamic.datasource.DynamicRoutingDataSource -- dynamic-datasource all closed success,bye
11:08:36.501 [main] INFO com.zaxxer.hikari.HikariDataSource -- HikariPool-7 - Shutdown initiated...
11:08:36.502 [main] INFO com.zaxxer.hikari.HikariDataSource -- HikariPool-7 - Shutdown completed.
11:08:36.505 [main] INFO com.baomidou.dynamic.datasource.DynamicRoutingDataSource -- dynamic-datasource - add a datasource named [master] success
11:08:36.691 [main] INFO org.redisson.Version -- Redisson 4.6.1
11:08:36.708 [redisson-netty-23-1] INFO org.redisson.connection.ConnectionsHolder -- 1 connections initialized for 127.0.0.1/127.0.0.1:32841
11:08:36.712 [redisson-netty-23-2] INFO org.redisson.connection.ConnectionsHolder -- 1 connections initialized for 127.0.0.1/127.0.0.1:32841
11:08:36.736 [main] INFO com.zaxxer.hikari.HikariDataSource -- HikariPool-8 - Starting...
11:08:36.740 [main] INFO com.zaxxer.hikari.pool.HikariPool -- HikariPool-8 - Added connection com.mysql.cj.jdbc.ConnectionImpl@45c73e09
11:08:36.741 [main] INFO com.zaxxer.hikari.HikariDataSource -- HikariPool-8 - Start completed.
11:08:37.320 [main] INFO com.baomidou.dynamic.datasource.DynamicRoutingDataSource -- dynamic-datasource start closing ....
11:08:37.320 [main] INFO com.baomidou.dynamic.datasource.DynamicRoutingDataSource -- dynamic-datasource all closed success,bye
11:08:37.320 [main] INFO com.zaxxer.hikari.HikariDataSource -- HikariPool-8 - Shutdown initiated...
11:08:37.326 [main] INFO com.zaxxer.hikari.HikariDataSource -- HikariPool-8 - Shutdown completed.
[INFO] Tests run: 8, Failures: 0, Errors: 0, Skipped: 0, Time elapsed: 13.60 s -- in org.namewta.test.notify.EnterpriseQueuedNotificationIntegrationTest
[INFO] Running org.namewta.test.notify.idempotency.RedisNotifyIdempotencyStoreIntegrationTest
11:08:38.958 [main] INFO org.redisson.Version -- Redisson 4.6.1
11:08:39.450 [redisson-netty-1-4] INFO org.redisson.connection.ConnectionsHolder -- 1 connections initialized for 127.0.0.1/127.0.0.1:32841
11:08:39.630 [redisson-netty-1-19] INFO org.redisson.connection.ConnectionsHolder -- 24 connections initialized for 127.0.0.1/127.0.0.1:32841
11:08:40.342 [main] INFO org.redisson.Version -- Redisson 4.6.1
11:08:40.352 [redisson-netty-5-5] INFO org.redisson.connection.ConnectionsHolder -- 1 connections initialized for 127.0.0.1/127.0.0.1:32841
11:08:40.459 [redisson-netty-5-19] INFO org.redisson.connection.ConnectionsHolder -- 24 connections initialized for 127.0.0.1/127.0.0.1:32841
11:08:40.616 [main] INFO org.redisson.Version -- Redisson 4.6.1
11:08:40.623 [redisson-netty-8-4] INFO org.redisson.connection.ConnectionsHolder -- 1 connections initialized for 127.0.0.1/127.0.0.1:32841
11:08:40.719 [redisson-netty-8-19] INFO org.redisson.connection.ConnectionsHolder -- 24 connections initialized for 127.0.0.1/127.0.0.1:32841
[INFO] Tests run: 3, Failures: 0, Errors: 0, Skipped: 0, Time elapsed: 2.158 s -- in org.namewta.test.notify.idempotency.RedisNotifyIdempotencyStoreIntegrationTest
[INFO] Running org.namewta.test.notify.NotifyAtomicResultIntegrationTest
11:08:42.634 [main] INFO com.baomidou.dynamic.datasource.DynamicRoutingDataSource -- dynamic-datasource - add a datasource named [master] success
11:08:43.607 [main] INFO org.redisson.Version -- Redisson 4.6.1
11:08:44.208 [redisson-netty-1-1] INFO org.redisson.connection.ConnectionsHolder -- 1 connections initialized for 127.0.0.1/127.0.0.1:32841
11:08:44.208 [redisson-netty-1-2] INFO org.redisson.connection.ConnectionsHolder -- 1 connections initialized for 127.0.0.1/127.0.0.1:32841
Mockito is currently self-attaching to enable the inline-mock-maker. This will no longer work in future releases of the JDK. Please add Mockito as an agent to your build as described in Mockito's documentation: https://javadoc.io/doc/org.mockito/mockito-core/latest/org.mockito/org/mockito/Mockito.html#0.3
WARNING: A Java agent has been loaded dynamically (/root/.m2/repository/net/bytebuddy/byte-buddy-agent/1.18.10/byte-buddy-agent-1.18.10.jar)
WARNING: If a serviceability tool is in use, please run with -XX:+EnableDynamicAgentLoading to hide this warning
WARNING: If a serviceability tool is not in use, please run with -Djdk.instrument.traceUsage for more information
WARNING: Dynamic loading of agents will be disallowed by default in a future release
OpenJDK 64-Bit Server VM warning: Sharing is only supported for boot loader classes because bootstrap classpath has been appended
11:08:46.970 [main] INFO com.zaxxer.hikari.HikariDataSource -- HikariPool-1 - Starting...
11:08:47.721 [main] INFO com.zaxxer.hikari.pool.HikariPool -- HikariPool-1 - Added connection com.mysql.cj.jdbc.ConnectionImpl@3be46d9c
11:08:47.726 [main] INFO com.zaxxer.hikari.HikariDataSource -- HikariPool-1 - Start completed.
11:08:48.655 [main] INFO com.baomidou.dynamic.datasource.DynamicRoutingDataSource -- dynamic-datasource start closing ....
11:08:48.659 [main] INFO com.baomidou.dynamic.datasource.DynamicRoutingDataSource -- dynamic-datasource all closed success,bye
11:08:48.660 [main] INFO com.zaxxer.hikari.HikariDataSource -- HikariPool-1 - Shutdown initiated...
11:08:48.674 [main] INFO com.zaxxer.hikari.HikariDataSource -- HikariPool-1 - Shutdown completed.
11:08:48.691 [main] INFO com.baomidou.dynamic.datasource.DynamicRoutingDataSource -- dynamic-datasource - add a datasource named [master] success
11:08:49.224 [main] INFO org.redisson.Version -- Redisson 4.6.1
11:08:49.242 [redisson-netty-5-1] INFO org.redisson.connection.ConnectionsHolder -- 1 connections initialized for 127.0.0.1/127.0.0.1:32841
11:08:49.244 [redisson-netty-5-2] INFO org.redisson.connection.ConnectionsHolder -- 1 connections initialized for 127.0.0.1/127.0.0.1:32841
11:08:49.325 [main] INFO com.zaxxer.hikari.HikariDataSource -- HikariPool-2 - Starting...
11:08:49.339 [main] INFO com.zaxxer.hikari.pool.HikariPool -- HikariPool-2 - Added connection com.mysql.cj.jdbc.ConnectionImpl@1c0fe6c5
11:08:49.340 [main] INFO com.zaxxer.hikari.HikariDataSource -- HikariPool-2 - Start completed.
11:08:49.705 [main] INFO com.baomidou.dynamic.datasource.DynamicRoutingDataSource -- dynamic-datasource start closing ....
11:08:49.706 [main] INFO com.baomidou.dynamic.datasource.DynamicRoutingDataSource -- dynamic-datasource all closed success,bye
11:08:49.706 [main] INFO com.zaxxer.hikari.HikariDataSource -- HikariPool-2 - Shutdown initiated...
11:08:49.714 [main] INFO com.zaxxer.hikari.HikariDataSource -- HikariPool-2 - Shutdown completed.
11:08:49.718 [main] INFO com.baomidou.dynamic.datasource.DynamicRoutingDataSource -- dynamic-datasource - add a datasource named [master] success
11:08:50.208 [main] INFO org.redisson.Version -- Redisson 4.6.1
11:08:50.219 [redisson-netty-8-1] INFO org.redisson.connection.ConnectionsHolder -- 1 connections initialized for 127.0.0.1/127.0.0.1:32841
11:08:50.223 [redisson-netty-8-2] INFO org.redisson.connection.ConnectionsHolder -- 1 connections initialized for 127.0.0.1/127.0.0.1:32841
11:08:50.266 [main] INFO com.zaxxer.hikari.HikariDataSource -- HikariPool-3 - Starting...
11:08:50.272 [main] INFO com.zaxxer.hikari.pool.HikariPool -- HikariPool-3 - Added connection com.mysql.cj.jdbc.ConnectionImpl@6a262980
11:08:50.273 [main] INFO com.zaxxer.hikari.HikariDataSource -- HikariPool-3 - Start completed.
11:08:50.680 [pool-3-thread-2] WARN org.namewta.notify.adapter.event.InAppCommittedPushListener -- 站内实时提示失败，messageId=9220001, reason=IllegalStateException
11:08:50.762 [pool-3-thread-1] WARN org.namewta.notify.adapter.event.InAppCommittedPushListener -- 站内实时提示失败，messageId=9220001, reason=IllegalStateException
11:08:50.889 [main] INFO com.baomidou.dynamic.datasource.DynamicRoutingDataSource -- dynamic-datasource start closing ....
11:08:50.889 [main] INFO com.baomidou.dynamic.datasource.DynamicRoutingDataSource -- dynamic-datasource all closed success,bye
11:08:50.889 [main] INFO com.zaxxer.hikari.HikariDataSource -- HikariPool-3 - Shutdown initiated...
11:08:50.892 [main] INFO com.zaxxer.hikari.HikariDataSource -- HikariPool-3 - Shutdown completed.
11:08:50.897 [main] INFO com.baomidou.dynamic.datasource.DynamicRoutingDataSource -- dynamic-datasource - add a datasource named [master] success
11:08:51.160 [main] INFO org.redisson.Version -- Redisson 4.6.1
11:08:51.170 [redisson-netty-11-1] INFO org.redisson.connection.ConnectionsHolder -- 1 connections initialized for 127.0.0.1/127.0.0.1:32841
11:08:51.177 [redisson-netty-11-2] INFO org.redisson.connection.ConnectionsHolder -- 1 connections initialized for 127.0.0.1/127.0.0.1:32841
11:08:51.223 [main] INFO com.zaxxer.hikari.HikariDataSource -- HikariPool-4 - Starting...
11:08:51.230 [main] INFO com.zaxxer.hikari.pool.HikariPool -- HikariPool-4 - Added connection com.mysql.cj.jdbc.ConnectionImpl@7f3a92fd
11:08:51.232 [main] INFO com.zaxxer.hikari.HikariDataSource -- HikariPool-4 - Start completed.
11:08:51.732 [main] INFO com.baomidou.dynamic.datasource.DynamicRoutingDataSource -- dynamic-datasource start closing ....
11:08:51.734 [main] INFO com.baomidou.dynamic.datasource.DynamicRoutingDataSource -- dynamic-datasource all closed success,bye
11:08:51.734 [main] INFO com.zaxxer.hikari.HikariDataSource -- HikariPool-4 - Shutdown initiated...
11:08:51.737 [main] INFO com.zaxxer.hikari.HikariDataSource -- HikariPool-4 - Shutdown completed.
11:08:51.807 [main] INFO com.baomidou.dynamic.datasource.DynamicRoutingDataSource -- dynamic-datasource - add a datasource named [master] success
11:08:52.016 [main] INFO org.redisson.Version -- Redisson 4.6.1
11:08:52.031 [redisson-netty-14-1] INFO org.redisson.connection.ConnectionsHolder -- 1 connections initialized for 127.0.0.1/127.0.0.1:32841
11:08:52.036 [redisson-netty-14-2] INFO org.redisson.connection.ConnectionsHolder -- 1 connections initialized for 127.0.0.1/127.0.0.1:32841
11:08:52.068 [main] INFO com.zaxxer.hikari.HikariDataSource -- HikariPool-5 - Starting...
11:08:52.073 [main] INFO com.zaxxer.hikari.pool.HikariPool -- HikariPool-5 - Added connection com.mysql.cj.jdbc.ConnectionImpl@44ac94c2
11:08:52.074 [main] INFO com.zaxxer.hikari.HikariDataSource -- HikariPool-5 - Start completed.
11:08:52.172 [main] WARN com.zaxxer.hikari.pool.ProxyConnection -- HikariPool-5 - Connection com.mysql.cj.jdbc.ConnectionImpl@44ac94c2 marked as broken because of SQLSTATE(08S01), ErrorCode(0)
com.mysql.cj.jdbc.exceptions.CommunicationsException: Communications link failure

The last packet successfully received from the server was 18 milliseconds ago. The last packet sent successfully to the server was 18 milliseconds ago.
	at com.mysql.cj.jdbc.exceptions.SQLError.createCommunicationsException(SQLError.java:165)
	at com.mysql.cj.jdbc.exceptions.SQLExceptionsMapping.translateException(SQLExceptionsMapping.java:55)
	at com.mysql.cj.jdbc.ConnectionImpl.commit(ConnectionImpl.java:814)
	at com.zaxxer.hikari.pool.ProxyConnection.commit(ProxyConnection.java:378)
	at com.zaxxer.hikari.pool.HikariProxyConnection.commit(HikariProxyConnection.java)
	at java.base/jdk.internal.reflect.DirectMethodHandleAccessor.invoke(DirectMethodHandleAccessor.java:103)
	at java.base/java.lang.reflect.Method.invoke(Method.java:580)
	at org.namewta.test.notify.NotifyAtomicResultIntegrationTest$1.lambda$getConnection$0(NotifyAtomicResultIntegrationTest.java:118)
	at jdk.proxy2/jdk.proxy2.$Proxy131.commit(Unknown Source)
	at com.baomidou.dynamic.datasource.tx.ConnectionProxy.notify(ConnectionProxy.java:62)
	at com.baomidou.dynamic.datasource.tx.ConnectionFactory.notify(ConnectionFactory.java:153)
	at com.baomidou.dynamic.datasource.tx.LocalTxUtil.commit(LocalTxUtil.java:91)
	at com.baomidou.dynamic.datasource.tx.TransactionalTemplate.doExecute(TransactionalTemplate.java:126)
	at com.baomidou.dynamic.datasource.tx.TransactionalTemplate.execute(TransactionalTemplate.java:94)
	at com.baomidou.dynamic.datasource.aop.DynamicLocalTransactionInterceptor.invoke(DynamicLocalTransactionInterceptor.java:59)
	at org.springframework.aop.framework.ReflectiveMethodInvocation.proceed(ReflectiveMethodInvocation.java:179)
	at org.springframework.aop.framework.CglibAopProxy$DynamicAdvisedInterceptor.intercept(CglibAopProxy.java:719)
	at org.namewta.notify.usecase.ProviderCallbackUseCase$$SpringCGLIB$$5.confirm(<generated>)
	at org.namewta.test.notify.NotifyAtomicResultIntegrationTest.lambda$nativeReceiptCommitFailureCanRetrySameInternalIdentity$57(NotifyAtomicResultIntegrationTest.java:1156)
	at org.assertj.core.api.ThrowableAssert.catchThrowable(ThrowableAssert.java:66)
	at org.assertj.core.api.AssertionsForClassTypes.catchThrowable(AssertionsForClassTypes.java:908)
	at org.assertj.core.api.Assertions.catchThrowable(Assertions.java:1476)
	at org.assertj.core.api.Assertions.assertThatThrownBy(Assertions.java:1319)
	at org.namewta.test.notify.NotifyAtomicResultIntegrationTest.nativeReceiptCommitFailureCanRetrySameInternalIdentity(NotifyAtomicResultIntegrationTest.java:1156)
	at java.base/jdk.internal.reflect.DirectMethodHandleAccessor.invoke(DirectMethodHandleAccessor.java:103)
	at java.base/java.lang.reflect.Method.invoke(Method.java:580)
	at org.junit.platform.commons.util.ReflectionUtils.invokeMethod(ReflectionUtils.java:701)
	at org.junit.platform.commons.support.ReflectionSupport.invokeMethod(ReflectionSupport.java:502)
	at org.junit.jupiter.engine.support.MethodReflectionUtils.invoke(MethodReflectionUtils.java:45)
	at org.junit.jupiter.engine.execution.MethodInvocation.proceed(MethodInvocation.java:61)
	at org.junit.jupiter.engine.execution.InvocationInterceptorChain$ValidatingInvocation.proceed(InvocationInterceptorChain.java:124)
	at org.junit.jupiter.engine.extension.TimeoutExtension.intercept(TimeoutExtension.java:163)
	at org.junit.jupiter.engine.extension.TimeoutExtension.interceptTestableMethod(TimeoutExtension.java:148)
	at org.junit.jupiter.engine.extension.TimeoutExtension.interceptTestTemplateMethod(TimeoutExtension.java:94)
	at org.junit.jupiter.engine.execution.InterceptingExecutableInvoker$ReflectiveInterceptorCall.lambda$ofVoidMethod$0(InterceptingExecutableInvoker.java:123)
	at org.junit.jupiter.engine.execution.InterceptingExecutableInvoker.lambda$invoke$0(InterceptingExecutableInvoker.java:105)
	at org.junit.jupiter.engine.execution.InvocationInterceptorChain$InterceptedInvocation.proceed(InvocationInterceptorChain.java:99)
	at org.junit.jupiter.engine.execution.InvocationInterceptorChain.proceed(InvocationInterceptorChain.java:66)
	at org.junit.jupiter.engine.execution.InvocationInterceptorChain.chainAndInvoke(InvocationInterceptorChain.java:47)
	at org.junit.jupiter.engine.execution.InvocationInterceptorChain.invoke(InvocationInterceptorChain.java:39)
	at org.junit.jupiter.engine.execution.InterceptingExecutableInvoker.invoke(InterceptingExecutableInvoker.java:104)
	at org.junit.jupiter.engine.execution.InterceptingExecutableInvoker.invoke(InterceptingExecutableInvoker.java:98)
	at org.junit.jupiter.engine.execution.InterceptingExecutableInvoker.invokeVoid(InterceptingExecutableInvoker.java:71)
	at org.junit.jupiter.engine.descriptor.TestMethodTestDescriptor.lambda$invokeTestMethod$0(TestMethodTestDescriptor.java:219)
	at org.junit.platform.engine.support.hierarchical.ThrowableCollector.execute(ThrowableCollector.java:74)
	at org.junit.jupiter.engine.descriptor.TestMethodTestDescriptor.invokeTestMethod(TestMethodTestDescriptor.java:215)
	at org.junit.jupiter.engine.descriptor.TestMethodTestDescriptor.execute(TestMethodTestDescriptor.java:157)
	at org.junit.jupiter.engine.descriptor.TestMethodTestDescriptor.execute(TestMethodTestDescriptor.java:70)
	at org.junit.platform.engine.support.hierarchical.NodeTestTask.lambda$executeRecursively$2(NodeTestTask.java:176)
	at org.junit.platform.engine.support.hierarchical.ThrowableCollector.execute(ThrowableCollector.java:74)
	at org.junit.platform.engine.support.hierarchical.NodeTestTask.lambda$executeRecursively$1(NodeTestTask.java:166)
	at org.junit.platform.engine.support.hierarchical.Node.around(Node.java:138)
	at org.junit.platform.engine.support.hierarchical.NodeTestTask.lambda$executeRecursively$0(NodeTestTask.java:164)
	at org.junit.platform.engine.support.hierarchical.ThrowableCollector.execute(ThrowableCollector.java:74)
	at org.junit.platform.engine.support.hierarchical.NodeTestTask.executeRecursively(NodeTestTask.java:163)
	at org.junit.platform.engine.support.hierarchical.NodeTestTask.execute(NodeTestTask.java:116)
	at org.junit.platform.engine.support.hierarchical.SameThreadHierarchicalTestExecutorService.submit(SameThreadHierarchicalTestExecutorService.java:36)
	at org.junit.platform.engine.support.hierarchical.NodeTestTask$DefaultDynamicTestExecutor.execute(NodeTestTask.java:268)
	at org.junit.platform.engine.support.hierarchical.NodeTestTask$DefaultDynamicTestExecutor.execute(NodeTestTask.java:246)
	at org.junit.jupiter.engine.descriptor.TemplateExecutor.execute(TemplateExecutor.java:96)
	at org.junit.jupiter.engine.descriptor.TemplateExecutor.lambda$executeForProvider$1(TemplateExecutor.java:59)
	at java.base/java.util.Optional.ifPresent(Optional.java:178)
	at org.junit.jupiter.engine.descriptor.TemplateExecutor.lambda$executeForProvider$0(TemplateExecutor.java:59)
	at java.base/java.util.stream.ForEachOps$ForEachOp$OfRef.accept(ForEachOps.java:184)
	at java.base/java.util.stream.ReferencePipeline$3$1.accept(ReferencePipeline.java:197)
	at java.base/java.util.stream.ForEachOps$ForEachOp$OfRef.accept(ForEachOps.java:184)
	at java.base/java.util.ArrayList$ArrayListSpliterator.forEachRemaining(ArrayList.java:1708)
	at java.base/java.util.stream.ReferencePipeline$Head.forEach(ReferencePipeline.java:762)
	at java.base/java.util.stream.ReferencePipeline$7$1.accept(ReferencePipeline.java:276)
	at java.base/java.util.ArrayList$ArrayListSpliterator.forEachRemaining(ArrayList.java:1708)
	at java.base/java.util.stream.AbstractPipeline.copyInto(AbstractPipeline.java:509)
	at java.base/java.util.stream.AbstractPipeline.wrapAndCopyInto(AbstractPipeline.java:499)
	at java.base/java.util.stream.ForEachOps$ForEachOp.evaluateSequential(ForEachOps.java:151)
	at java.base/java.util.stream.ForEachOps$ForEachOp$OfRef.evaluateSequential(ForEachOps.java:174)
	at java.base/java.util.stream.AbstractPipeline.evaluate(AbstractPipeline.java:234)
	at java.base/java.util.stream.ReferencePipeline.forEach(ReferencePipeline.java:596)
	at java.base/java.util.stream.ReferencePipeline$7$1.accept(ReferencePipeline.java:276)
	at java.base/java.util.stream.ReferencePipeline$3$1.accept(ReferencePipeline.java:197)
	at java.base/java.util.stream.ReferencePipeline$3$1.accept(ReferencePipeline.java:197)
	at java.base/java.util.stream.ReferencePipeline$3$1.accept(ReferencePipeline.java:197)
	at java.base/java.util.AbstractList$RandomAccessSpliterator.forEachRemaining(AbstractList.java:722)
	at java.base/java.util.stream.AbstractPipeline.copyInto(AbstractPipeline.java:509)
	at java.base/java.util.stream.AbstractPipeline.wrapAndCopyInto(AbstractPipeline.java:499)
	at java.base/java.util.stream.ForEachOps$ForEachOp.evaluateSequential(ForEachOps.java:151)
	at java.base/java.util.stream.ForEachOps$ForEachOp$OfRef.evaluateSequential(ForEachOps.java:174)
	at java.base/java.util.stream.AbstractPipeline.evaluate(AbstractPipeline.java:234)
	at java.base/java.util.stream.ReferencePipeline.forEach(ReferencePipeline.java:596)
	at org.junit.jupiter.engine.descriptor.TemplateExecutor.executeForProvider(TemplateExecutor.java:57)
	at org.junit.jupiter.engine.descriptor.TemplateExecutor.execute(TemplateExecutor.java:46)
	at org.junit.jupiter.engine.descriptor.TestTemplateTestDescriptor.execute(TestTemplateTestDescriptor.java:112)
	at org.junit.jupiter.engine.descriptor.TestTemplateTestDescriptor.execute(TestTemplateTestDescriptor.java:40)
	at org.junit.platform.engine.support.hierarchical.NodeTestTask.lambda$executeRecursively$2(NodeTestTask.java:176)
	at org.junit.platform.engine.support.hierarchical.ThrowableCollector.execute(ThrowableCollector.java:74)
	at org.junit.platform.engine.support.hierarchical.NodeTestTask.lambda$executeRecursively$1(NodeTestTask.java:166)
	at org.junit.platform.engine.support.hierarchical.Node.around(Node.java:138)
	at org.junit.platform.engine.support.hierarchical.NodeTestTask.lambda$executeRecursively$0(NodeTestTask.java:164)
	at org.junit.platform.engine.support.hierarchical.ThrowableCollector.execute(ThrowableCollector.java:74)
	at org.junit.platform.engine.support.hierarchical.NodeTestTask.executeRecursively(NodeTestTask.java:163)
	at org.junit.platform.engine.support.hierarchical.NodeTestTask.execute(NodeTestTask.java:116)
	at java.base/java.util.ArrayList.forEach(ArrayList.java:1596)
	at org.junit.platform.engine.support.hierarchical.SameThreadHierarchicalTestExecutorService.invokeAll(SameThreadHierarchicalTestExecutorService.java:42)
	at org.junit.platform.engine.support.hierarchical.NodeTestTask.lambda$executeRecursively$2(NodeTestTask.java:180)
	at org.junit.platform.engine.support.hierarchical.ThrowableCollector.execute(ThrowableCollector.java:74)
	at org.junit.platform.engine.support.hierarchical.NodeTestTask.lambda$executeRecursively$1(NodeTestTask.java:166)
	at org.junit.platform.engine.support.hierarchical.Node.around(Node.java:138)
	at org.junit.platform.engine.support.hierarchical.NodeTestTask.lambda$executeRecursively$0(NodeTestTask.java:164)
	at org.junit.platform.engine.support.hierarchical.ThrowableCollector.execute(ThrowableCollector.java:74)
	at org.junit.platform.engine.support.hierarchical.NodeTestTask.executeRecursively(NodeTestTask.java:163)
	at org.junit.platform.engine.support.hierarchical.NodeTestTask.execute(NodeTestTask.java:116)
	at java.base/java.util.ArrayList.forEach(ArrayList.java:1596)
	at org.junit.platform.engine.support.hierarchical.SameThreadHierarchicalTestExecutorService.invokeAll(SameThreadHierarchicalTestExecutorService.java:42)
	at org.junit.platform.engine.support.hierarchical.NodeTestTask.lambda$executeRecursively$2(NodeTestTask.java:180)
	at org.junit.platform.engine.support.hierarchical.ThrowableCollector.execute(ThrowableCollector.java:74)
	at org.junit.platform.engine.support.hierarchical.NodeTestTask.lambda$executeRecursively$1(NodeTestTask.java:166)
	at org.junit.platform.engine.support.hierarchical.Node.around(Node.java:138)
	at org.junit.platform.engine.support.hierarchical.NodeTestTask.lambda$executeRecursively$0(NodeTestTask.java:164)
	at org.junit.platform.engine.support.hierarchical.ThrowableCollector.execute(ThrowableCollector.java:74)
	at org.junit.platform.engine.support.hierarchical.NodeTestTask.executeRecursively(NodeTestTask.java:163)
	at org.junit.platform.engine.support.hierarchical.NodeTestTask.execute(NodeTestTask.java:116)
	at org.junit.platform.engine.support.hierarchical.SameThreadHierarchicalTestExecutorService.submit(SameThreadHierarchicalTestExecutorService.java:36)
	at org.junit.platform.engine.support.hierarchical.HierarchicalTestExecutor.execute(HierarchicalTestExecutor.java:52)
	at org.junit.platform.engine.support.hierarchical.HierarchicalTestEngine.execute(HierarchicalTestEngine.java:58)
	at org.junit.platform.launcher.core.EngineExecutionOrchestrator.executeEngine(EngineExecutionOrchestrator.java:246)
	at org.junit.platform.launcher.core.EngineExecutionOrchestrator.failOrExecuteEngine(EngineExecutionOrchestrator.java:218)
	at org.junit.platform.launcher.core.EngineExecutionOrchestrator.execute(EngineExecutionOrchestrator.java:179)
	at org.junit.platform.launcher.core.EngineExecutionOrchestrator.execute(EngineExecutionOrchestrator.java:108)
	at org.junit.platform.launcher.core.EngineExecutionOrchestrator.lambda$execute$0(EngineExecutionOrchestrator.java:66)
	at org.junit.platform.launcher.core.EngineExecutionOrchestrator.withInterceptedStreams(EngineExecutionOrchestrator.java:157)
	at org.junit.platform.launcher.core.EngineExecutionOrchestrator.execute(EngineExecutionOrchestrator.java:65)
	at org.junit.platform.launcher.core.DefaultLauncher.execute(DefaultLauncher.java:125)
	at org.junit.platform.launcher.core.DefaultLauncher.execute(DefaultLauncher.java:114)
	at org.junit.platform.launcher.core.DelegatingLauncher.execute(DelegatingLauncher.java:58)
	at org.junit.platform.launcher.core.InterceptingLauncher.lambda$execute$2(InterceptingLauncher.java:57)
	at org.junit.platform.launcher.core.ClasspathAlignmentCheckingLauncherInterceptor.intercept(ClasspathAlignmentCheckingLauncherInterceptor.java:25)
	at org.junit.platform.launcher.core.InterceptingLauncher.execute(InterceptingLauncher.java:56)
	at org.junit.platform.launcher.core.DelegatingLauncher.execute(DelegatingLauncher.java:58)
	at java.base/jdk.internal.reflect.DirectMethodHandleAccessor.invoke(DirectMethodHandleAccessor.java:103)
	at java.base/java.lang.reflect.Method.invoke(Method.java:580)
	at org.apache.maven.surefire.api.util.ReflectionUtils.invokeMethodWithArray(ReflectionUtils.java:125)
	at org.apache.maven.surefire.junitplatform.LauncherAdapter.executeWithCancellationToken(LauncherAdapter.java:68)
	at org.apache.maven.surefire.junitplatform.LauncherAdapter.execute(LauncherAdapter.java:54)
	at org.apache.maven.surefire.junitplatform.JUnitPlatformProvider.execute(JUnitPlatformProvider.java:203)
	at org.apache.maven.surefire.junitplatform.JUnitPlatformProvider.invokeAllTests(JUnitPlatformProvider.java:168)
	at org.apache.maven.surefire.junitplatform.JUnitPlatformProvider.invoke(JUnitPlatformProvider.java:134)
	at org.apache.maven.surefire.booter.ForkedBooter.runSuitesInProcess(ForkedBooter.java:385)
	at org.apache.maven.surefire.booter.ForkedBooter.execute(ForkedBooter.java:162)
	at org.apache.maven.surefire.booter.ForkedBooter.run(ForkedBooter.java:507)
	at org.apache.maven.surefire.booter.ForkedBooter.main(ForkedBooter.java:495)
Caused by: com.mysql.cj.exceptions.CJCommunicationsException: Communications link failure

The last packet successfully received from the server was 18 milliseconds ago. The last packet sent successfully to the server was 18 milliseconds ago.
	at java.base/jdk.internal.reflect.DirectConstructorHandleAccessor.newInstance(DirectConstructorHandleAccessor.java:62)
	at java.base/java.lang.reflect.Constructor.newInstanceWithCaller(Constructor.java:502)
	at java.base/java.lang.reflect.Constructor.newInstance(Constructor.java:486)
	at com.mysql.cj.exceptions.ExceptionFactory.createException(ExceptionFactory.java:52)
	at com.mysql.cj.exceptions.ExceptionFactory.createException(ExceptionFactory.java:95)
	at com.mysql.cj.exceptions.ExceptionFactory.createException(ExceptionFactory.java:140)
	at com.mysql.cj.exceptions.ExceptionFactory.createCommunicationsException(ExceptionFactory.java:156)
	at com.mysql.cj.protocol.a.NativeProtocol.readMessage(NativeProtocol.java:590)
	at com.mysql.cj.protocol.a.NativeProtocol.checkErrorMessage(NativeProtocol.java:767)
	at com.mysql.cj.protocol.a.NativeProtocol.sendCommand(NativeProtocol.java:706)
	at com.mysql.cj.protocol.a.NativeProtocol.sendQueryPacket(NativeProtocol.java:938)
	at com.mysql.cj.NativeSession.execSQL(NativeSession.java:817)
	at com.mysql.cj.jdbc.ConnectionImpl.commit(ConnectionImpl.java:794)
	... 145 common frames omitted
Caused by: java.io.EOFException: Can not read response from server. Expected to read 4 bytes, read 0 bytes before connection was unexpectedly lost.
	at com.mysql.cj.protocol.FullReadInputStream.readFully(FullReadInputStream.java:58)
	at com.mysql.cj.protocol.a.SimplePacketReader.readHeaderLocal(SimplePacketReader.java:72)
	at com.mysql.cj.protocol.a.SimplePacketReader.readHeader(SimplePacketReader.java:54)
	at com.mysql.cj.protocol.a.SimplePacketReader.readHeader(SimplePacketReader.java:36)
	at com.mysql.cj.protocol.a.TimeTrackingPacketReader.readHeader(TimeTrackingPacketReader.java:43)
	at com.mysql.cj.protocol.a.TimeTrackingPacketReader.readHeader(TimeTrackingPacketReader.java:32)
	at com.mysql.cj.protocol.a.MultiPacketReader.readHeader(MultiPacketReader.java:45)
	at com.mysql.cj.protocol.a.MultiPacketReader.readHeader(MultiPacketReader.java:35)
	at com.mysql.cj.protocol.a.NativeProtocol.readMessage(NativeProtocol.java:584)
	... 150 common frames omitted
11:08:52.181 [main] ERROR com.baomidou.dynamic.datasource.tx.ConnectionProxy -- Communications link failure

The last packet successfully received from the server was 18 milliseconds ago. The last packet sent successfully to the server was 18 milliseconds ago.
com.mysql.cj.jdbc.exceptions.CommunicationsException: Communications link failure

The last packet successfully received from the server was 18 milliseconds ago. The last packet sent successfully to the server was 18 milliseconds ago.
	at com.mysql.cj.jdbc.exceptions.SQLError.createCommunicationsException(SQLError.java:165)
	at com.mysql.cj.jdbc.exceptions.SQLExceptionsMapping.translateException(SQLExceptionsMapping.java:55)
	at com.mysql.cj.jdbc.ConnectionImpl.commit(ConnectionImpl.java:814)
	at com.zaxxer.hikari.pool.ProxyConnection.commit(ProxyConnection.java:378)
	at com.zaxxer.hikari.pool.HikariProxyConnection.commit(HikariProxyConnection.java)
	at java.base/jdk.internal.reflect.DirectMethodHandleAccessor.invoke(DirectMethodHandleAccessor.java:103)
	at java.base/java.lang.reflect.Method.invoke(Method.java:580)
	at org.namewta.test.notify.NotifyAtomicResultIntegrationTest$1.lambda$getConnection$0(NotifyAtomicResultIntegrationTest.java:118)
	at jdk.proxy2/jdk.proxy2.$Proxy131.commit(Unknown Source)
	at com.baomidou.dynamic.datasource.tx.ConnectionProxy.notify(ConnectionProxy.java:62)
	at com.baomidou.dynamic.datasource.tx.ConnectionFactory.notify(ConnectionFactory.java:153)
	at com.baomidou.dynamic.datasource.tx.LocalTxUtil.commit(LocalTxUtil.java:91)
	at com.baomidou.dynamic.datasource.tx.TransactionalTemplate.doExecute(TransactionalTemplate.java:126)
	at com.baomidou.dynamic.datasource.tx.TransactionalTemplate.execute(TransactionalTemplate.java:94)
	at com.baomidou.dynamic.datasource.aop.DynamicLocalTransactionInterceptor.invoke(DynamicLocalTransactionInterceptor.java:59)
	at org.springframework.aop.framework.ReflectiveMethodInvocation.proceed(ReflectiveMethodInvocation.java:179)
	at org.springframework.aop.framework.CglibAopProxy$DynamicAdvisedInterceptor.intercept(CglibAopProxy.java:719)
	at org.namewta.notify.usecase.ProviderCallbackUseCase$$SpringCGLIB$$5.confirm(<generated>)
	at org.namewta.test.notify.NotifyAtomicResultIntegrationTest.lambda$nativeReceiptCommitFailureCanRetrySameInternalIdentity$57(NotifyAtomicResultIntegrationTest.java:1156)
	at org.assertj.core.api.ThrowableAssert.catchThrowable(ThrowableAssert.java:66)
	at org.assertj.core.api.AssertionsForClassTypes.catchThrowable(AssertionsForClassTypes.java:908)
	at org.assertj.core.api.Assertions.catchThrowable(Assertions.java:1476)
	at org.assertj.core.api.Assertions.assertThatThrownBy(Assertions.java:1319)
	at org.namewta.test.notify.NotifyAtomicResultIntegrationTest.nativeReceiptCommitFailureCanRetrySameInternalIdentity(NotifyAtomicResultIntegrationTest.java:1156)
	at java.base/jdk.internal.reflect.DirectMethodHandleAccessor.invoke(DirectMethodHandleAccessor.java:103)
	at java.base/java.lang.reflect.Method.invoke(Method.java:580)
	at org.junit.platform.commons.util.ReflectionUtils.invokeMethod(ReflectionUtils.java:701)
	at org.junit.platform.commons.support.ReflectionSupport.invokeMethod(ReflectionSupport.java:502)
	at org.junit.jupiter.engine.support.MethodReflectionUtils.invoke(MethodReflectionUtils.java:45)
	at org.junit.jupiter.engine.execution.MethodInvocation.proceed(MethodInvocation.java:61)
	at org.junit.jupiter.engine.execution.InvocationInterceptorChain$ValidatingInvocation.proceed(InvocationInterceptorChain.java:124)
	at org.junit.jupiter.engine.extension.TimeoutExtension.intercept(TimeoutExtension.java:163)
	at org.junit.jupiter.engine.extension.TimeoutExtension.interceptTestableMethod(TimeoutExtension.java:148)
	at org.junit.jupiter.engine.extension.TimeoutExtension.interceptTestTemplateMethod(TimeoutExtension.java:94)
	at org.junit.jupiter.engine.execution.InterceptingExecutableInvoker$ReflectiveInterceptorCall.lambda$ofVoidMethod$0(InterceptingExecutableInvoker.java:123)
	at org.junit.jupiter.engine.execution.InterceptingExecutableInvoker.lambda$invoke$0(InterceptingExecutableInvoker.java:105)
	at org.junit.jupiter.engine.execution.InvocationInterceptorChain$InterceptedInvocation.proceed(InvocationInterceptorChain.java:99)
	at org.junit.jupiter.engine.execution.InvocationInterceptorChain.proceed(InvocationInterceptorChain.java:66)
	at org.junit.jupiter.engine.execution.InvocationInterceptorChain.chainAndInvoke(InvocationInterceptorChain.java:47)
	at org.junit.jupiter.engine.execution.InvocationInterceptorChain.invoke(InvocationInterceptorChain.java:39)
	at org.junit.jupiter.engine.execution.InterceptingExecutableInvoker.invoke(InterceptingExecutableInvoker.java:104)
	at org.junit.jupiter.engine.execution.InterceptingExecutableInvoker.invoke(InterceptingExecutableInvoker.java:98)
	at org.junit.jupiter.engine.execution.InterceptingExecutableInvoker.invokeVoid(InterceptingExecutableInvoker.java:71)
	at org.junit.jupiter.engine.descriptor.TestMethodTestDescriptor.lambda$invokeTestMethod$0(TestMethodTestDescriptor.java:219)
	at org.junit.platform.engine.support.hierarchical.ThrowableCollector.execute(ThrowableCollector.java:74)
	at org.junit.jupiter.engine.descriptor.TestMethodTestDescriptor.invokeTestMethod(TestMethodTestDescriptor.java:215)
	at org.junit.jupiter.engine.descriptor.TestMethodTestDescriptor.execute(TestMethodTestDescriptor.java:157)
	at org.junit.jupiter.engine.descriptor.TestMethodTestDescriptor.execute(TestMethodTestDescriptor.java:70)
	at org.junit.platform.engine.support.hierarchical.NodeTestTask.lambda$executeRecursively$2(NodeTestTask.java:176)
	at org.junit.platform.engine.support.hierarchical.ThrowableCollector.execute(ThrowableCollector.java:74)
	at org.junit.platform.engine.support.hierarchical.NodeTestTask.lambda$executeRecursively$1(NodeTestTask.java:166)
	at org.junit.platform.engine.support.hierarchical.Node.around(Node.java:138)
	at org.junit.platform.engine.support.hierarchical.NodeTestTask.lambda$executeRecursively$0(NodeTestTask.java:164)
	at org.junit.platform.engine.support.hierarchical.ThrowableCollector.execute(ThrowableCollector.java:74)
	at org.junit.platform.engine.support.hierarchical.NodeTestTask.executeRecursively(NodeTestTask.java:163)
	at org.junit.platform.engine.support.hierarchical.NodeTestTask.execute(NodeTestTask.java:116)
	at org.junit.platform.engine.support.hierarchical.SameThreadHierarchicalTestExecutorService.submit(SameThreadHierarchicalTestExecutorService.java:36)
	at org.junit.platform.engine.support.hierarchical.NodeTestTask$DefaultDynamicTestExecutor.execute(NodeTestTask.java:268)
	at org.junit.platform.engine.support.hierarchical.NodeTestTask$DefaultDynamicTestExecutor.execute(NodeTestTask.java:246)
	at org.junit.jupiter.engine.descriptor.TemplateExecutor.execute(TemplateExecutor.java:96)
	at org.junit.jupiter.engine.descriptor.TemplateExecutor.lambda$executeForProvider$1(TemplateExecutor.java:59)
	at java.base/java.util.Optional.ifPresent(Optional.java:178)
	at org.junit.jupiter.engine.descriptor.TemplateExecutor.lambda$executeForProvider$0(TemplateExecutor.java:59)
	at java.base/java.util.stream.ForEachOps$ForEachOp$OfRef.accept(ForEachOps.java:184)
	at java.base/java.util.stream.ReferencePipeline$3$1.accept(ReferencePipeline.java:197)
	at java.base/java.util.stream.ForEachOps$ForEachOp$OfRef.accept(ForEachOps.java:184)
	at java.base/java.util.ArrayList$ArrayListSpliterator.forEachRemaining(ArrayList.java:1708)
	at java.base/java.util.stream.ReferencePipeline$Head.forEach(ReferencePipeline.java:762)
	at java.base/java.util.stream.ReferencePipeline$7$1.accept(ReferencePipeline.java:276)
	at java.base/java.util.ArrayList$ArrayListSpliterator.forEachRemaining(ArrayList.java:1708)
	at java.base/java.util.stream.AbstractPipeline.copyInto(AbstractPipeline.java:509)
	at java.base/java.util.stream.AbstractPipeline.wrapAndCopyInto(AbstractPipeline.java:499)
	at java.base/java.util.stream.ForEachOps$ForEachOp.evaluateSequential(ForEachOps.java:151)
	at java.base/java.util.stream.ForEachOps$ForEachOp$OfRef.evaluateSequential(ForEachOps.java:174)
	at java.base/java.util.stream.AbstractPipeline.evaluate(AbstractPipeline.java:234)
	at java.base/java.util.stream.ReferencePipeline.forEach(ReferencePipeline.java:596)
	at java.base/java.util.stream.ReferencePipeline$7$1.accept(ReferencePipeline.java:276)
	at java.base/java.util.stream.ReferencePipeline$3$1.accept(ReferencePipeline.java:197)
	at java.base/java.util.stream.ReferencePipeline$3$1.accept(ReferencePipeline.java:197)
	at java.base/java.util.stream.ReferencePipeline$3$1.accept(ReferencePipeline.java:197)
	at java.base/java.util.AbstractList$RandomAccessSpliterator.forEachRemaining(AbstractList.java:722)
	at java.base/java.util.stream.AbstractPipeline.copyInto(AbstractPipeline.java:509)
	at java.base/java.util.stream.AbstractPipeline.wrapAndCopyInto(AbstractPipeline.java:499)
	at java.base/java.util.stream.ForEachOps$ForEachOp.evaluateSequential(ForEachOps.java:151)
	at java.base/java.util.stream.ForEachOps$ForEachOp$OfRef.evaluateSequential(ForEachOps.java:174)
	at java.base/java.util.stream.AbstractPipeline.evaluate(AbstractPipeline.java:234)
	at java.base/java.util.stream.ReferencePipeline.forEach(ReferencePipeline.java:596)
	at org.junit.jupiter.engine.descriptor.TemplateExecutor.executeForProvider(TemplateExecutor.java:57)
	at org.junit.jupiter.engine.descriptor.TemplateExecutor.execute(TemplateExecutor.java:46)
	at org.junit.jupiter.engine.descriptor.TestTemplateTestDescriptor.execute(TestTemplateTestDescriptor.java:112)
	at org.junit.jupiter.engine.descriptor.TestTemplateTestDescriptor.execute(TestTemplateTestDescriptor.java:40)
	at org.junit.platform.engine.support.hierarchical.NodeTestTask.lambda$executeRecursively$2(NodeTestTask.java:176)
	at org.junit.platform.engine.support.hierarchical.ThrowableCollector.execute(ThrowableCollector.java:74)
	at org.junit.platform.engine.support.hierarchical.NodeTestTask.lambda$executeRecursively$1(NodeTestTask.java:166)
	at org.junit.platform.engine.support.hierarchical.Node.around(Node.java:138)
	at org.junit.platform.engine.support.hierarchical.NodeTestTask.lambda$executeRecursively$0(NodeTestTask.java:164)
	at org.junit.platform.engine.support.hierarchical.ThrowableCollector.execute(ThrowableCollector.java:74)
	at org.junit.platform.engine.support.hierarchical.NodeTestTask.executeRecursively(NodeTestTask.java:163)
	at org.junit.platform.engine.support.hierarchical.NodeTestTask.execute(NodeTestTask.java:116)
	at java.base/java.util.ArrayList.forEach(ArrayList.java:1596)
	at org.junit.platform.engine.support.hierarchical.SameThreadHierarchicalTestExecutorService.invokeAll(SameThreadHierarchicalTestExecutorService.java:42)
	at org.junit.platform.engine.support.hierarchical.NodeTestTask.lambda$executeRecursively$2(NodeTestTask.java:180)
	at org.junit.platform.engine.support.hierarchical.ThrowableCollector.execute(ThrowableCollector.java:74)
	at org.junit.platform.engine.support.hierarchical.NodeTestTask.lambda$executeRecursively$1(NodeTestTask.java:166)
	at org.junit.platform.engine.support.hierarchical.Node.around(Node.java:138)
	at org.junit.platform.engine.support.hierarchical.NodeTestTask.lambda$executeRecursively$0(NodeTestTask.java:164)
	at org.junit.platform.engine.support.hierarchical.ThrowableCollector.execute(ThrowableCollector.java:74)
	at org.junit.platform.engine.support.hierarchical.NodeTestTask.executeRecursively(NodeTestTask.java:163)
	at org.junit.platform.engine.support.hierarchical.NodeTestTask.execute(NodeTestTask.java:116)
	at java.base/java.util.ArrayList.forEach(ArrayList.java:1596)
	at org.junit.platform.engine.support.hierarchical.SameThreadHierarchicalTestExecutorService.invokeAll(SameThreadHierarchicalTestExecutorService.java:42)
	at org.junit.platform.engine.support.hierarchical.NodeTestTask.lambda$executeRecursively$2(NodeTestTask.java:180)
	at org.junit.platform.engine.support.hierarchical.ThrowableCollector.execute(ThrowableCollector.java:74)
	at org.junit.platform.engine.support.hierarchical.NodeTestTask.lambda$executeRecursively$1(NodeTestTask.java:166)
	at org.junit.platform.engine.support.hierarchical.Node.around(Node.java:138)
	at org.junit.platform.engine.support.hierarchical.NodeTestTask.lambda$executeRecursively$0(NodeTestTask.java:164)
	at org.junit.platform.engine.support.hierarchical.ThrowableCollector.execute(ThrowableCollector.java:74)
	at org.junit.platform.engine.support.hierarchical.NodeTestTask.executeRecursively(NodeTestTask.java:163)
	at org.junit.platform.engine.support.hierarchical.NodeTestTask.execute(NodeTestTask.java:116)
	at org.junit.platform.engine.support.hierarchical.SameThreadHierarchicalTestExecutorService.submit(SameThreadHierarchicalTestExecutorService.java:36)
	at org.junit.platform.engine.support.hierarchical.HierarchicalTestExecutor.execute(HierarchicalTestExecutor.java:52)
	at org.junit.platform.engine.support.hierarchical.HierarchicalTestEngine.execute(HierarchicalTestEngine.java:58)
	at org.junit.platform.launcher.core.EngineExecutionOrchestrator.executeEngine(EngineExecutionOrchestrator.java:246)
	at org.junit.platform.launcher.core.EngineExecutionOrchestrator.failOrExecuteEngine(EngineExecutionOrchestrator.java:218)
	at org.junit.platform.launcher.core.EngineExecutionOrchestrator.execute(EngineExecutionOrchestrator.java:179)
	at org.junit.platform.launcher.core.EngineExecutionOrchestrator.execute(EngineExecutionOrchestrator.java:108)
	at org.junit.platform.launcher.core.EngineExecutionOrchestrator.lambda$execute$0(EngineExecutionOrchestrator.java:66)
	at org.junit.platform.launcher.core.EngineExecutionOrchestrator.withInterceptedStreams(EngineExecutionOrchestrator.java:157)
	at org.junit.platform.launcher.core.EngineExecutionOrchestrator.execute(EngineExecutionOrchestrator.java:65)
	at org.junit.platform.launcher.core.DefaultLauncher.execute(DefaultLauncher.java:125)
	at org.junit.platform.launcher.core.DefaultLauncher.execute(DefaultLauncher.java:114)
	at org.junit.platform.launcher.core.DelegatingLauncher.execute(DelegatingLauncher.java:58)
	at org.junit.platform.launcher.core.InterceptingLauncher.lambda$execute$2(InterceptingLauncher.java:57)
	at org.junit.platform.launcher.core.ClasspathAlignmentCheckingLauncherInterceptor.intercept(ClasspathAlignmentCheckingLauncherInterceptor.java:25)
	at org.junit.platform.launcher.core.InterceptingLauncher.execute(InterceptingLauncher.java:56)
	at org.junit.platform.launcher.core.DelegatingLauncher.execute(DelegatingLauncher.java:58)
	at java.base/jdk.internal.reflect.DirectMethodHandleAccessor.invoke(DirectMethodHandleAccessor.java:103)
	at java.base/java.lang.reflect.Method.invoke(Method.java:580)
	at org.apache.maven.surefire.api.util.ReflectionUtils.invokeMethodWithArray(ReflectionUtils.java:125)
	at org.apache.maven.surefire.junitplatform.LauncherAdapter.executeWithCancellationToken(LauncherAdapter.java:68)
	at org.apache.maven.surefire.junitplatform.LauncherAdapter.execute(LauncherAdapter.java:54)
	at org.apache.maven.surefire.junitplatform.JUnitPlatformProvider.execute(JUnitPlatformProvider.java:203)
	at org.apache.maven.surefire.junitplatform.JUnitPlatformProvider.invokeAllTests(JUnitPlatformProvider.java:168)
	at org.apache.maven.surefire.junitplatform.JUnitPlatformProvider.invoke(JUnitPlatformProvider.java:134)
	at org.apache.maven.surefire.booter.ForkedBooter.runSuitesInProcess(ForkedBooter.java:385)
	at org.apache.maven.surefire.booter.ForkedBooter.execute(ForkedBooter.java:162)
	at org.apache.maven.surefire.booter.ForkedBooter.run(ForkedBooter.java:507)
	at org.apache.maven.surefire.booter.ForkedBooter.main(ForkedBooter.java:495)
Caused by: com.mysql.cj.exceptions.CJCommunicationsException: Communications link failure

The last packet successfully received from the server was 18 milliseconds ago. The last packet sent successfully to the server was 18 milliseconds ago.
	at java.base/jdk.internal.reflect.DirectConstructorHandleAccessor.newInstance(DirectConstructorHandleAccessor.java:62)
	at java.base/java.lang.reflect.Constructor.newInstanceWithCaller(Constructor.java:502)
	at java.base/java.lang.reflect.Constructor.newInstance(Constructor.java:486)
	at com.mysql.cj.exceptions.ExceptionFactory.createException(ExceptionFactory.java:52)
	at com.mysql.cj.exceptions.ExceptionFactory.createException(ExceptionFactory.java:95)
	at com.mysql.cj.exceptions.ExceptionFactory.createException(ExceptionFactory.java:140)
	at com.mysql.cj.exceptions.ExceptionFactory.createCommunicationsException(ExceptionFactory.java:156)
	at com.mysql.cj.protocol.a.NativeProtocol.readMessage(NativeProtocol.java:590)
	at com.mysql.cj.protocol.a.NativeProtocol.checkErrorMessage(NativeProtocol.java:767)
	at com.mysql.cj.protocol.a.NativeProtocol.sendCommand(NativeProtocol.java:706)
	at com.mysql.cj.protocol.a.NativeProtocol.sendQueryPacket(NativeProtocol.java:938)
	at com.mysql.cj.NativeSession.execSQL(NativeSession.java:817)
	at com.mysql.cj.jdbc.ConnectionImpl.commit(ConnectionImpl.java:794)
	... 145 common frames omitted
Caused by: java.io.EOFException: Can not read response from server. Expected to read 4 bytes, read 0 bytes before connection was unexpectedly lost.
	at com.mysql.cj.protocol.FullReadInputStream.readFully(FullReadInputStream.java:58)
	at com.mysql.cj.protocol.a.SimplePacketReader.readHeaderLocal(SimplePacketReader.java:72)
	at com.mysql.cj.protocol.a.SimplePacketReader.readHeader(SimplePacketReader.java:54)
	at com.mysql.cj.protocol.a.SimplePacketReader.readHeader(SimplePacketReader.java:36)
	at com.mysql.cj.protocol.a.TimeTrackingPacketReader.readHeader(TimeTrackingPacketReader.java:43)
	at com.mysql.cj.protocol.a.TimeTrackingPacketReader.readHeader(TimeTrackingPacketReader.java:32)
	at com.mysql.cj.protocol.a.MultiPacketReader.readHeader(MultiPacketReader.java:45)
	at com.mysql.cj.protocol.a.MultiPacketReader.readHeader(MultiPacketReader.java:35)
	at com.mysql.cj.protocol.a.NativeProtocol.readMessage(NativeProtocol.java:584)
	... 150 common frames omitted
11:08:52.275 [main] INFO com.baomidou.dynamic.datasource.DynamicRoutingDataSource -- dynamic-datasource start closing ....
11:08:52.275 [main] INFO com.baomidou.dynamic.datasource.DynamicRoutingDataSource -- dynamic-datasource all closed success,bye
11:08:52.275 [main] INFO com.zaxxer.hikari.HikariDataSource -- HikariPool-5 - Shutdown initiated...
11:08:52.313 [main] INFO com.zaxxer.hikari.HikariDataSource -- HikariPool-5 - Shutdown completed.
11:08:52.319 [main] INFO com.baomidou.dynamic.datasource.DynamicRoutingDataSource -- dynamic-datasource - add a datasource named [master] success
11:08:52.521 [main] INFO org.redisson.Version -- Redisson 4.6.1
11:08:52.534 [redisson-netty-17-1] INFO org.redisson.connection.ConnectionsHolder -- 1 connections initialized for 127.0.0.1/127.0.0.1:32841
11:08:52.535 [redisson-netty-17-2] INFO org.redisson.connection.ConnectionsHolder -- 1 connections initialized for 127.0.0.1/127.0.0.1:32841
11:08:52.576 [main] INFO com.zaxxer.hikari.HikariDataSource -- HikariPool-6 - Starting...
11:08:52.584 [main] INFO com.zaxxer.hikari.pool.HikariPool -- HikariPool-6 - Added connection com.mysql.cj.jdbc.ConnectionImpl@329a27ae
11:08:52.585 [main] INFO com.zaxxer.hikari.HikariDataSource -- HikariPool-6 - Start completed.
11:08:52.625 [main] ERROR com.baomidou.dynamic.datasource.tx.ConnectionProxy -- owned lost commit acknowledgement
java.sql.SQLRecoverableException: owned lost commit acknowledgement
	at org.namewta.test.notify.NotifyAtomicResultIntegrationTest$1.lambda$getConnection$0(NotifyAtomicResultIntegrationTest.java:115)
	at jdk.proxy2/jdk.proxy2.$Proxy131.commit(Unknown Source)
	at com.baomidou.dynamic.datasource.tx.ConnectionProxy.notify(ConnectionProxy.java:62)
	at com.baomidou.dynamic.datasource.tx.ConnectionFactory.notify(ConnectionFactory.java:153)
	at com.baomidou.dynamic.datasource.tx.LocalTxUtil.commit(LocalTxUtil.java:91)
	at com.baomidou.dynamic.datasource.tx.TransactionalTemplate.doExecute(TransactionalTemplate.java:126)
	at com.baomidou.dynamic.datasource.tx.TransactionalTemplate.execute(TransactionalTemplate.java:94)
	at com.baomidou.dynamic.datasource.aop.DynamicLocalTransactionInterceptor.invoke(DynamicLocalTransactionInterceptor.java:59)
	at org.springframework.aop.framework.ReflectiveMethodInvocation.proceed(ReflectiveMethodInvocation.java:179)
	at org.springframework.aop.framework.CglibAopProxy$DynamicAdvisedInterceptor.intercept(CglibAopProxy.java:719)
	at org.namewta.notify.usecase.ProviderCallbackUseCase$$SpringCGLIB$$6.confirm(<generated>)
	at org.namewta.test.notify.NotifyAtomicResultIntegrationTest.lambda$nativeReceiptCommitFailureCanRetrySameInternalIdentity$57(NotifyAtomicResultIntegrationTest.java:1156)
	at org.assertj.core.api.ThrowableAssert.catchThrowable(ThrowableAssert.java:66)
	at org.assertj.core.api.AssertionsForClassTypes.catchThrowable(AssertionsForClassTypes.java:908)
	at org.assertj.core.api.Assertions.catchThrowable(Assertions.java:1476)
	at org.assertj.core.api.Assertions.assertThatThrownBy(Assertions.java:1319)
	at org.namewta.test.notify.NotifyAtomicResultIntegrationTest.nativeReceiptCommitFailureCanRetrySameInternalIdentity(NotifyAtomicResultIntegrationTest.java:1156)
	at java.base/jdk.internal.reflect.DirectMethodHandleAccessor.invoke(DirectMethodHandleAccessor.java:103)
	at java.base/java.lang.reflect.Method.invoke(Method.java:580)
	at org.junit.platform.commons.util.ReflectionUtils.invokeMethod(ReflectionUtils.java:701)
	at org.junit.platform.commons.support.ReflectionSupport.invokeMethod(ReflectionSupport.java:502)
	at org.junit.jupiter.engine.support.MethodReflectionUtils.invoke(MethodReflectionUtils.java:45)
	at org.junit.jupiter.engine.execution.MethodInvocation.proceed(MethodInvocation.java:61)
	at org.junit.jupiter.engine.execution.InvocationInterceptorChain$ValidatingInvocation.proceed(InvocationInterceptorChain.java:124)
	at org.junit.jupiter.engine.extension.TimeoutExtension.intercept(TimeoutExtension.java:163)
	at org.junit.jupiter.engine.extension.TimeoutExtension.interceptTestableMethod(TimeoutExtension.java:148)
	at org.junit.jupiter.engine.extension.TimeoutExtension.interceptTestTemplateMethod(TimeoutExtension.java:94)
	at org.junit.jupiter.engine.execution.InterceptingExecutableInvoker$ReflectiveInterceptorCall.lambda$ofVoidMethod$0(InterceptingExecutableInvoker.java:123)
	at org.junit.jupiter.engine.execution.InterceptingExecutableInvoker.lambda$invoke$0(InterceptingExecutableInvoker.java:105)
	at org.junit.jupiter.engine.execution.InvocationInterceptorChain$InterceptedInvocation.proceed(InvocationInterceptorChain.java:99)
	at org.junit.jupiter.engine.execution.InvocationInterceptorChain.proceed(InvocationInterceptorChain.java:66)
	at org.junit.jupiter.engine.execution.InvocationInterceptorChain.chainAndInvoke(InvocationInterceptorChain.java:47)
	at org.junit.jupiter.engine.execution.InvocationInterceptorChain.invoke(InvocationInterceptorChain.java:39)
	at org.junit.jupiter.engine.execution.InterceptingExecutableInvoker.invoke(InterceptingExecutableInvoker.java:104)
	at org.junit.jupiter.engine.execution.InterceptingExecutableInvoker.invoke(InterceptingExecutableInvoker.java:98)
	at org.junit.jupiter.engine.execution.InterceptingExecutableInvoker.invokeVoid(InterceptingExecutableInvoker.java:71)
	at org.junit.jupiter.engine.descriptor.TestMethodTestDescriptor.lambda$invokeTestMethod$0(TestMethodTestDescriptor.java:219)
	at org.junit.platform.engine.support.hierarchical.ThrowableCollector.execute(ThrowableCollector.java:74)
	at org.junit.jupiter.engine.descriptor.TestMethodTestDescriptor.invokeTestMethod(TestMethodTestDescriptor.java:215)
	at org.junit.jupiter.engine.descriptor.TestMethodTestDescriptor.execute(TestMethodTestDescriptor.java:157)
	at org.junit.jupiter.engine.descriptor.TestMethodTestDescriptor.execute(TestMethodTestDescriptor.java:70)
	at org.junit.platform.engine.support.hierarchical.NodeTestTask.lambda$executeRecursively$2(NodeTestTask.java:176)
	at org.junit.platform.engine.support.hierarchical.ThrowableCollector.execute(ThrowableCollector.java:74)
	at org.junit.platform.engine.support.hierarchical.NodeTestTask.lambda$executeRecursively$1(NodeTestTask.java:166)
	at org.junit.platform.engine.support.hierarchical.Node.around(Node.java:138)
	at org.junit.platform.engine.support.hierarchical.NodeTestTask.lambda$executeRecursively$0(NodeTestTask.java:164)
	at org.junit.platform.engine.support.hierarchical.ThrowableCollector.execute(ThrowableCollector.java:74)
	at org.junit.platform.engine.support.hierarchical.NodeTestTask.executeRecursively(NodeTestTask.java:163)
	at org.junit.platform.engine.support.hierarchical.NodeTestTask.execute(NodeTestTask.java:116)
	at org.junit.platform.engine.support.hierarchical.SameThreadHierarchicalTestExecutorService.submit(SameThreadHierarchicalTestExecutorService.java:36)
	at org.junit.platform.engine.support.hierarchical.NodeTestTask$DefaultDynamicTestExecutor.execute(NodeTestTask.java:268)
	at org.junit.platform.engine.support.hierarchical.NodeTestTask$DefaultDynamicTestExecutor.execute(NodeTestTask.java:246)
	at org.junit.jupiter.engine.descriptor.TemplateExecutor.execute(TemplateExecutor.java:96)
	at org.junit.jupiter.engine.descriptor.TemplateExecutor.lambda$executeForProvider$1(TemplateExecutor.java:59)
	at java.base/java.util.Optional.ifPresent(Optional.java:178)
	at org.junit.jupiter.engine.descriptor.TemplateExecutor.lambda$executeForProvider$0(TemplateExecutor.java:59)
	at java.base/java.util.stream.ForEachOps$ForEachOp$OfRef.accept(ForEachOps.java:184)
	at java.base/java.util.stream.ReferencePipeline$3$1.accept(ReferencePipeline.java:197)
	at java.base/java.util.stream.ForEachOps$ForEachOp$OfRef.accept(ForEachOps.java:184)
	at java.base/java.util.ArrayList$ArrayListSpliterator.forEachRemaining(ArrayList.java:1708)
	at java.base/java.util.stream.ReferencePipeline$Head.forEach(ReferencePipeline.java:762)
	at java.base/java.util.stream.ReferencePipeline$7$1.accept(ReferencePipeline.java:276)
	at java.base/java.util.ArrayList$ArrayListSpliterator.forEachRemaining(ArrayList.java:1708)
	at java.base/java.util.stream.AbstractPipeline.copyInto(AbstractPipeline.java:509)
	at java.base/java.util.stream.AbstractPipeline.wrapAndCopyInto(AbstractPipeline.java:499)
	at java.base/java.util.stream.ForEachOps$ForEachOp.evaluateSequential(ForEachOps.java:151)
	at java.base/java.util.stream.ForEachOps$ForEachOp$OfRef.evaluateSequential(ForEachOps.java:174)
	at java.base/java.util.stream.AbstractPipeline.evaluate(AbstractPipeline.java:234)
	at java.base/java.util.stream.ReferencePipeline.forEach(ReferencePipeline.java:596)
	at java.base/java.util.stream.ReferencePipeline$7$1.accept(ReferencePipeline.java:276)
	at java.base/java.util.stream.ReferencePipeline$3$1.accept(ReferencePipeline.java:197)
	at java.base/java.util.stream.ReferencePipeline$3$1.accept(ReferencePipeline.java:197)
	at java.base/java.util.stream.ReferencePipeline$3$1.accept(ReferencePipeline.java:197)
	at java.base/java.util.AbstractList$RandomAccessSpliterator.forEachRemaining(AbstractList.java:722)
	at java.base/java.util.stream.AbstractPipeline.copyInto(AbstractPipeline.java:509)
	at java.base/java.util.stream.AbstractPipeline.wrapAndCopyInto(AbstractPipeline.java:499)
	at java.base/java.util.stream.ForEachOps$ForEachOp.evaluateSequential(ForEachOps.java:151)
	at java.base/java.util.stream.ForEachOps$ForEachOp$OfRef.evaluateSequential(ForEachOps.java:174)
	at java.base/java.util.stream.AbstractPipeline.evaluate(AbstractPipeline.java:234)
	at java.base/java.util.stream.ReferencePipeline.forEach(ReferencePipeline.java:596)
	at org.junit.jupiter.engine.descriptor.TemplateExecutor.executeForProvider(TemplateExecutor.java:57)
	at org.junit.jupiter.engine.descriptor.TemplateExecutor.execute(TemplateExecutor.java:46)
	at org.junit.jupiter.engine.descriptor.TestTemplateTestDescriptor.execute(TestTemplateTestDescriptor.java:112)
	at org.junit.jupiter.engine.descriptor.TestTemplateTestDescriptor.execute(TestTemplateTestDescriptor.java:40)
	at org.junit.platform.engine.support.hierarchical.NodeTestTask.lambda$executeRecursively$2(NodeTestTask.java:176)
	at org.junit.platform.engine.support.hierarchical.ThrowableCollector.execute(ThrowableCollector.java:74)
	at org.junit.platform.engine.support.hierarchical.NodeTestTask.lambda$executeRecursively$1(NodeTestTask.java:166)
	at org.junit.platform.engine.support.hierarchical.Node.around(Node.java:138)
	at org.junit.platform.engine.support.hierarchical.NodeTestTask.lambda$executeRecursively$0(NodeTestTask.java:164)
	at org.junit.platform.engine.support.hierarchical.ThrowableCollector.execute(ThrowableCollector.java:74)
	at org.junit.platform.engine.support.hierarchical.NodeTestTask.executeRecursively(NodeTestTask.java:163)
	at org.junit.platform.engine.support.hierarchical.NodeTestTask.execute(NodeTestTask.java:116)
	at java.base/java.util.ArrayList.forEach(ArrayList.java:1596)
	at org.junit.platform.engine.support.hierarchical.SameThreadHierarchicalTestExecutorService.invokeAll(SameThreadHierarchicalTestExecutorService.java:42)
	at org.junit.platform.engine.support.hierarchical.NodeTestTask.lambda$executeRecursively$2(NodeTestTask.java:180)
	at org.junit.platform.engine.support.hierarchical.ThrowableCollector.execute(ThrowableCollector.java:74)
	at org.junit.platform.engine.support.hierarchical.NodeTestTask.lambda$executeRecursively$1(NodeTestTask.java:166)
	at org.junit.platform.engine.support.hierarchical.Node.around(Node.java:138)
	at org.junit.platform.engine.support.hierarchical.NodeTestTask.lambda$executeRecursively$0(NodeTestTask.java:164)
	at org.junit.platform.engine.support.hierarchical.ThrowableCollector.execute(ThrowableCollector.java:74)
	at org.junit.platform.engine.support.hierarchical.NodeTestTask.executeRecursively(NodeTestTask.java:163)
	at org.junit.platform.engine.support.hierarchical.NodeTestTask.execute(NodeTestTask.java:116)
	at java.base/java.util.ArrayList.forEach(ArrayList.java:1596)
	at org.junit.platform.engine.support.hierarchical.SameThreadHierarchicalTestExecutorService.invokeAll(SameThreadHierarchicalTestExecutorService.java:42)
	at org.junit.platform.engine.support.hierarchical.NodeTestTask.lambda$executeRecursively$2(NodeTestTask.java:180)
	at org.junit.platform.engine.support.hierarchical.ThrowableCollector.execute(ThrowableCollector.java:74)
	at org.junit.platform.engine.support.hierarchical.NodeTestTask.lambda$executeRecursively$1(NodeTestTask.java:166)
	at org.junit.platform.engine.support.hierarchical.Node.around(Node.java:138)
	at org.junit.platform.engine.support.hierarchical.NodeTestTask.lambda$executeRecursively$0(NodeTestTask.java:164)
	at org.junit.platform.engine.support.hierarchical.ThrowableCollector.execute(ThrowableCollector.java:74)
	at org.junit.platform.engine.support.hierarchical.NodeTestTask.executeRecursively(NodeTestTask.java:163)
	at org.junit.platform.engine.support.hierarchical.NodeTestTask.execute(NodeTestTask.java:116)
	at org.junit.platform.engine.support.hierarchical.SameThreadHierarchicalTestExecutorService.submit(SameThreadHierarchicalTestExecutorService.java:36)
	at org.junit.platform.engine.support.hierarchical.HierarchicalTestExecutor.execute(HierarchicalTestExecutor.java:52)
	at org.junit.platform.engine.support.hierarchical.HierarchicalTestEngine.execute(HierarchicalTestEngine.java:58)
	at org.junit.platform.launcher.core.EngineExecutionOrchestrator.executeEngine(EngineExecutionOrchestrator.java:246)
	at org.junit.platform.launcher.core.EngineExecutionOrchestrator.failOrExecuteEngine(EngineExecutionOrchestrator.java:218)
	at org.junit.platform.launcher.core.EngineExecutionOrchestrator.execute(EngineExecutionOrchestrator.java:179)
	at org.junit.platform.launcher.core.EngineExecutionOrchestrator.execute(EngineExecutionOrchestrator.java:108)
	at org.junit.platform.launcher.core.EngineExecutionOrchestrator.lambda$execute$0(EngineExecutionOrchestrator.java:66)
	at org.junit.platform.launcher.core.EngineExecutionOrchestrator.withInterceptedStreams(EngineExecutionOrchestrator.java:157)
	at org.junit.platform.launcher.core.EngineExecutionOrchestrator.execute(EngineExecutionOrchestrator.java:65)
	at org.junit.platform.launcher.core.DefaultLauncher.execute(DefaultLauncher.java:125)
	at org.junit.platform.launcher.core.DefaultLauncher.execute(DefaultLauncher.java:114)
	at org.junit.platform.launcher.core.DelegatingLauncher.execute(DelegatingLauncher.java:58)
	at org.junit.platform.launcher.core.InterceptingLauncher.lambda$execute$2(InterceptingLauncher.java:57)
	at org.junit.platform.launcher.core.ClasspathAlignmentCheckingLauncherInterceptor.intercept(ClasspathAlignmentCheckingLauncherInterceptor.java:25)
	at org.junit.platform.launcher.core.InterceptingLauncher.execute(InterceptingLauncher.java:56)
	at org.junit.platform.launcher.core.DelegatingLauncher.execute(DelegatingLauncher.java:58)
	at java.base/jdk.internal.reflect.DirectMethodHandleAccessor.invoke(DirectMethodHandleAccessor.java:103)
	at java.base/java.lang.reflect.Method.invoke(Method.java:580)
	at org.apache.maven.surefire.api.util.ReflectionUtils.invokeMethodWithArray(ReflectionUtils.java:125)
	at org.apache.maven.surefire.junitplatform.LauncherAdapter.executeWithCancellationToken(LauncherAdapter.java:68)
	at org.apache.maven.surefire.junitplatform.LauncherAdapter.execute(LauncherAdapter.java:54)
	at org.apache.maven.surefire.junitplatform.JUnitPlatformProvider.execute(JUnitPlatformProvider.java:203)
	at org.apache.maven.surefire.junitplatform.JUnitPlatformProvider.invokeAllTests(JUnitPlatformProvider.java:168)
	at org.apache.maven.surefire.junitplatform.JUnitPlatformProvider.invoke(JUnitPlatformProvider.java:134)
	at org.apache.maven.surefire.booter.ForkedBooter.runSuitesInProcess(ForkedBooter.java:385)
	at org.apache.maven.surefire.booter.ForkedBooter.execute(ForkedBooter.java:162)
	at org.apache.maven.surefire.booter.ForkedBooter.run(ForkedBooter.java:507)
	at org.apache.maven.surefire.booter.ForkedBooter.main(ForkedBooter.java:495)
11:08:52.666 [main] INFO com.baomidou.dynamic.datasource.DynamicRoutingDataSource -- dynamic-datasource start closing ....
11:08:52.667 [main] INFO com.baomidou.dynamic.datasource.DynamicRoutingDataSource -- dynamic-datasource all closed success,bye
11:08:52.667 [main] INFO com.zaxxer.hikari.HikariDataSource -- HikariPool-6 - Shutdown initiated...
11:08:52.669 [main] INFO com.zaxxer.hikari.HikariDataSource -- HikariPool-6 - Shutdown completed.
11:08:52.672 [main] INFO com.baomidou.dynamic.datasource.DynamicRoutingDataSource -- dynamic-datasource - add a datasource named [master] success
11:08:52.928 [main] INFO org.redisson.Version -- Redisson 4.6.1
11:08:52.935 [redisson-netty-20-1] INFO org.redisson.connection.ConnectionsHolder -- 1 connections initialized for 127.0.0.1/127.0.0.1:32841
11:08:52.937 [redisson-netty-20-2] INFO org.redisson.connection.ConnectionsHolder -- 1 connections initialized for 127.0.0.1/127.0.0.1:32841
11:08:52.965 [main] INFO com.zaxxer.hikari.HikariDataSource -- HikariPool-7 - Starting...
11:08:52.972 [main] INFO com.zaxxer.hikari.pool.HikariPool -- HikariPool-7 - Added connection com.mysql.cj.jdbc.ConnectionImpl@216c6825
11:08:52.972 [main] INFO com.zaxxer.hikari.HikariDataSource -- HikariPool-7 - Start completed.
11:08:53.260 [main] INFO com.baomidou.dynamic.datasource.DynamicRoutingDataSource -- dynamic-datasource start closing ....
11:08:53.260 [main] INFO com.baomidou.dynamic.datasource.DynamicRoutingDataSource -- dynamic-datasource all closed success,bye
11:08:53.260 [main] INFO com.zaxxer.hikari.HikariDataSource -- HikariPool-7 - Shutdown initiated...
11:08:53.283 [main] INFO com.zaxxer.hikari.HikariDataSource -- HikariPool-7 - Shutdown completed.
11:08:53.294 [main] INFO com.baomidou.dynamic.datasource.DynamicRoutingDataSource -- dynamic-datasource - add a datasource named [master] success
11:08:53.564 [main] INFO org.redisson.Version -- Redisson 4.6.1
11:08:53.572 [redisson-netty-23-1] INFO org.redisson.connection.ConnectionsHolder -- 1 connections initialized for 127.0.0.1/127.0.0.1:32841
11:08:53.575 [redisson-netty-23-2] INFO org.redisson.connection.ConnectionsHolder -- 1 connections initialized for 127.0.0.1/127.0.0.1:32841
11:08:53.623 [main] INFO com.zaxxer.hikari.HikariDataSource -- HikariPool-8 - Starting...
11:08:53.630 [main] INFO com.zaxxer.hikari.pool.HikariPool -- HikariPool-8 - Added connection com.mysql.cj.jdbc.ConnectionImpl@5b6637f3
11:08:53.630 [main] INFO com.zaxxer.hikari.HikariDataSource -- HikariPool-8 - Start completed.
11:08:54.371 [main] INFO org.hibernate.validator.internal.util.Version -- HV000001: Hibernate Validator 9.1.0.Final
11:08:54.937 [main] INFO org.eclipse.jetty.server.Server -- jetty-12.1.10; built: 2026-05-31T04:45:52.925Z; git: 986024525891c2c20ff08c58ba300dc3b9847586; jvm 21.0.12.1+1-LTS
11:08:54.973 [main] INFO org.eclipse.jetty.server.handler.ContextHandler -- Started oeje11s.ServletContextHandler@1170d81f{ROOT,/,b=null,a=AVAILABLE,h=oeje11s.ServletHandler@5c5cd332{STARTED}}
11:08:54.986 [main] INFO org.eclipse.jetty.server.handler.ContextHandler.ROOT -- Initializing Spring DispatcherServlet 'org.springframework.web.servlet.DispatcherServlet-466d87a1'
11:08:54.986 [main] INFO org.springframework.web.servlet.DispatcherServlet -- Initializing Servlet 'org.springframework.web.servlet.DispatcherServlet-466d87a1'
11:08:54.993 [main] INFO org.springframework.web.servlet.DispatcherServlet -- Completed initialization in 7 ms
11:08:54.994 [main] INFO org.eclipse.jetty.ee11.servlet.ServletContextHandler -- Started oeje11s.ServletContextHandler@1170d81f{ROOT,/,b=null,a=AVAILABLE,h=oeje11s.ServletHandler@5c5cd332{STARTED}}
11:08:55.010 [main] INFO org.eclipse.jetty.server.AbstractConnector -- Started oejs.ServerConnector@237448a7{HTTP/1.1, (http/1.1)}{localhost:39375}
11:08:55.011 [main] INFO org.eclipse.jetty.server.Server -- Started oejs.Server@233202aa{STARTING}[12.1.10,sto=0] @77ms
11:08:55.516 [main] INFO org.eclipse.jetty.server.Server -- Stopped oejs.Server@233202aa{STOPPING}[12.1.10,sto=0]
11:08:55.521 [main] INFO org.eclipse.jetty.server.AbstractConnector -- Stopped oejs.ServerConnector@237448a7{HTTP/1.1, (http/1.1)}{localhost:0}
11:08:55.523 [main] INFO org.eclipse.jetty.server.handler.ContextHandler.ROOT -- Destroying Spring FrameworkServlet 'org.springframework.web.servlet.DispatcherServlet-466d87a1'
11:08:55.525 [main] INFO org.eclipse.jetty.ee11.servlet.ServletContextHandler -- Stopped oeje11s.ServletContextHandler@1170d81f{ROOT,/,b=null,a=AVAILABLE,h=oeje11s.ServletHandler@5c5cd332{STOPPED}}
11:08:55.600 [main] INFO com.baomidou.dynamic.datasource.DynamicRoutingDataSource -- dynamic-datasource start closing ....
11:08:55.600 [main] INFO com.baomidou.dynamic.datasource.DynamicRoutingDataSource -- dynamic-datasource all closed success,bye
11:08:55.601 [main] INFO com.zaxxer.hikari.HikariDataSource -- HikariPool-8 - Shutdown initiated...
11:08:55.604 [main] INFO com.zaxxer.hikari.HikariDataSource -- HikariPool-8 - Shutdown completed.
11:08:55.615 [main] INFO com.baomidou.dynamic.datasource.DynamicRoutingDataSource -- dynamic-datasource - add a datasource named [master] success
11:08:55.946 [main] INFO org.redisson.Version -- Redisson 4.6.1
11:08:55.957 [redisson-netty-26-1] INFO org.redisson.connection.ConnectionsHolder -- 1 connections initialized for 127.0.0.1/127.0.0.1:32841
11:08:55.964 [redisson-netty-26-2] INFO org.redisson.connection.ConnectionsHolder -- 1 connections initialized for 127.0.0.1/127.0.0.1:32841
11:08:56.002 [main] INFO com.zaxxer.hikari.HikariDataSource -- HikariPool-9 - Starting...
11:08:56.008 [main] INFO com.zaxxer.hikari.pool.HikariPool -- HikariPool-9 - Added connection com.mysql.cj.jdbc.ConnectionImpl@12f52ca4
11:08:56.009 [main] INFO com.zaxxer.hikari.HikariDataSource -- HikariPool-9 - Start completed.
11:08:56.295 [main] INFO com.baomidou.dynamic.datasource.DynamicRoutingDataSource -- dynamic-datasource start closing ....
11:08:56.295 [main] INFO com.baomidou.dynamic.datasource.DynamicRoutingDataSource -- dynamic-datasource all closed success,bye
11:08:56.296 [main] INFO com.zaxxer.hikari.HikariDataSource -- HikariPool-9 - Shutdown initiated...
11:08:56.304 [main] INFO com.zaxxer.hikari.HikariDataSource -- HikariPool-9 - Shutdown completed.
11:08:56.306 [main] INFO com.baomidou.dynamic.datasource.DynamicRoutingDataSource -- dynamic-datasource - add a datasource named [master] success
11:08:56.563 [main] INFO org.redisson.Version -- Redisson 4.6.1
11:08:56.574 [redisson-netty-29-1] INFO org.redisson.connection.ConnectionsHolder -- 1 connections initialized for 127.0.0.1/127.0.0.1:32841
11:08:56.574 [redisson-netty-29-2] INFO org.redisson.connection.ConnectionsHolder -- 1 connections initialized for 127.0.0.1/127.0.0.1:32841
11:08:56.605 [main] INFO com.zaxxer.hikari.HikariDataSource -- HikariPool-10 - Starting...
11:08:56.613 [main] INFO com.zaxxer.hikari.pool.HikariPool -- HikariPool-10 - Added connection com.mysql.cj.jdbc.ConnectionImpl@26a5775f
11:08:56.613 [main] INFO com.zaxxer.hikari.HikariDataSource -- HikariPool-10 - Start completed.
11:09:04.605 [main] INFO com.baomidou.dynamic.datasource.DynamicRoutingDataSource -- dynamic-datasource start closing ....
11:09:04.605 [main] INFO com.baomidou.dynamic.datasource.DynamicRoutingDataSource -- dynamic-datasource all closed success,bye
11:09:04.605 [main] INFO com.zaxxer.hikari.HikariDataSource -- HikariPool-10 - Shutdown initiated...
11:09:04.606 [main] INFO com.zaxxer.hikari.HikariDataSource -- HikariPool-10 - Shutdown completed.
11:09:04.609 [main] INFO com.baomidou.dynamic.datasource.DynamicRoutingDataSource -- dynamic-datasource - add a datasource named [master] success
11:09:04.824 [main] INFO org.redisson.Version -- Redisson 4.6.1
11:09:04.833 [redisson-netty-32-1] INFO org.redisson.connection.ConnectionsHolder -- 1 connections initialized for 127.0.0.1/127.0.0.1:32841
11:09:04.833 [redisson-netty-32-2] INFO org.redisson.connection.ConnectionsHolder -- 1 connections initialized for 127.0.0.1/127.0.0.1:32841
11:09:04.876 [main] INFO com.zaxxer.hikari.HikariDataSource -- HikariPool-11 - Starting...
11:09:04.885 [main] INFO com.zaxxer.hikari.pool.HikariPool -- HikariPool-11 - Added connection com.mysql.cj.jdbc.ConnectionImpl@3096a890
11:09:04.885 [main] INFO com.zaxxer.hikari.HikariDataSource -- HikariPool-11 - Start completed.
11:09:05.157 [main] WARN org.namewta.notify.adapter.event.InAppCommittedPushListener -- 站内实时提示失败，messageId=9220001, reason=IllegalStateException
11:09:05.247 [main] INFO com.baomidou.dynamic.datasource.DynamicRoutingDataSource -- dynamic-datasource start closing ....
11:09:05.247 [main] INFO com.baomidou.dynamic.datasource.DynamicRoutingDataSource -- dynamic-datasource all closed success,bye
11:09:05.247 [main] INFO com.zaxxer.hikari.HikariDataSource -- HikariPool-11 - Shutdown initiated...
11:09:05.256 [main] INFO com.zaxxer.hikari.HikariDataSource -- HikariPool-11 - Shutdown completed.
11:09:05.271 [main] INFO com.baomidou.dynamic.datasource.DynamicRoutingDataSource -- dynamic-datasource - add a datasource named [master] success
11:09:05.456 [main] INFO org.redisson.Version -- Redisson 4.6.1
11:09:05.461 [redisson-netty-35-1] INFO org.redisson.connection.ConnectionsHolder -- 1 connections initialized for 127.0.0.1/127.0.0.1:32841
11:09:05.470 [redisson-netty-35-2] INFO org.redisson.connection.ConnectionsHolder -- 1 connections initialized for 127.0.0.1/127.0.0.1:32841
11:09:05.524 [main] INFO com.zaxxer.hikari.HikariDataSource -- HikariPool-12 - Starting...
11:09:05.533 [main] INFO com.zaxxer.hikari.pool.HikariPool -- HikariPool-12 - Added connection com.mysql.cj.jdbc.ConnectionImpl@32317a37
11:09:05.533 [main] INFO com.zaxxer.hikari.HikariDataSource -- HikariPool-12 - Start completed.
11:09:05.581 [main] WARN com.zaxxer.hikari.pool.ProxyConnection -- HikariPool-12 - Connection com.mysql.cj.jdbc.ConnectionImpl@32317a37 marked as broken because of SQLSTATE(08S01), ErrorCode(0)
com.mysql.cj.jdbc.exceptions.CommunicationsException: Communications link failure

The last packet successfully received from the server was 9 milliseconds ago. The last packet sent successfully to the server was 10 milliseconds ago.
	at com.mysql.cj.jdbc.exceptions.SQLError.createCommunicationsException(SQLError.java:165)
	at com.mysql.cj.jdbc.exceptions.SQLExceptionsMapping.translateException(SQLExceptionsMapping.java:55)
	at com.mysql.cj.jdbc.ConnectionImpl.commit(ConnectionImpl.java:814)
	at com.zaxxer.hikari.pool.ProxyConnection.commit(ProxyConnection.java:378)
	at com.zaxxer.hikari.pool.HikariProxyConnection.commit(HikariProxyConnection.java)
	at java.base/jdk.internal.reflect.DirectMethodHandleAccessor.invoke(DirectMethodHandleAccessor.java:103)
	at java.base/java.lang.reflect.Method.invoke(Method.java:580)
	at org.namewta.test.notify.NotifyAtomicResultIntegrationTest$1.lambda$getConnection$0(NotifyAtomicResultIntegrationTest.java:118)
	at jdk.proxy2/jdk.proxy2.$Proxy131.commit(Unknown Source)
	at com.baomidou.dynamic.datasource.tx.ConnectionProxy.notify(ConnectionProxy.java:62)
	at com.baomidou.dynamic.datasource.tx.ConnectionFactory.notify(ConnectionFactory.java:153)
	at com.baomidou.dynamic.datasource.tx.LocalTxUtil.commit(LocalTxUtil.java:91)
	at com.baomidou.dynamic.datasource.tx.TransactionalTemplate.doExecute(TransactionalTemplate.java:126)
	at com.baomidou.dynamic.datasource.tx.TransactionalTemplate.execute(TransactionalTemplate.java:94)
	at com.baomidou.dynamic.datasource.aop.DynamicLocalTransactionInterceptor.invoke(DynamicLocalTransactionInterceptor.java:59)
	at org.springframework.aop.framework.ReflectiveMethodInvocation.proceed(ReflectiveMethodInvocation.java:179)
	at org.springframework.aop.framework.CglibAopProxy$DynamicAdvisedInterceptor.intercept(CglibAopProxy.java:719)
	at org.namewta.notify.usecase.NotifyDispatchResultUseCase$$SpringCGLIB$$11.beginInAppAttempt(<generated>)
	at org.namewta.test.notify.NotifyAtomicResultIntegrationTest.lambda$uncertainBudgetCommitNeverEntersPersistBeforeReclaim$15(NotifyAtomicResultIntegrationTest.java:488)
	at org.assertj.core.api.ThrowableAssert.catchThrowable(ThrowableAssert.java:66)
	at org.assertj.core.api.AssertionsForClassTypes.catchThrowable(AssertionsForClassTypes.java:908)
	at org.assertj.core.api.Assertions.catchThrowable(Assertions.java:1476)
	at org.assertj.core.api.Assertions.assertThatThrownBy(Assertions.java:1319)
	at org.namewta.test.notify.NotifyAtomicResultIntegrationTest.uncertainBudgetCommitNeverEntersPersistBeforeReclaim(NotifyAtomicResultIntegrationTest.java:488)
	at java.base/jdk.internal.reflect.DirectMethodHandleAccessor.invoke(DirectMethodHandleAccessor.java:103)
	at java.base/java.lang.reflect.Method.invoke(Method.java:580)
	at org.junit.platform.commons.util.ReflectionUtils.invokeMethod(ReflectionUtils.java:701)
	at org.junit.platform.commons.support.ReflectionSupport.invokeMethod(ReflectionSupport.java:502)
	at org.junit.jupiter.engine.support.MethodReflectionUtils.invoke(MethodReflectionUtils.java:45)
	at org.junit.jupiter.engine.execution.MethodInvocation.proceed(MethodInvocation.java:61)
	at org.junit.jupiter.engine.execution.InvocationInterceptorChain$ValidatingInvocation.proceed(InvocationInterceptorChain.java:124)
	at org.junit.jupiter.engine.extension.TimeoutExtension.intercept(TimeoutExtension.java:163)
	at org.junit.jupiter.engine.extension.TimeoutExtension.interceptTestableMethod(TimeoutExtension.java:148)
	at org.junit.jupiter.engine.extension.TimeoutExtension.interceptTestTemplateMethod(TimeoutExtension.java:94)
	at org.junit.jupiter.engine.execution.InterceptingExecutableInvoker$ReflectiveInterceptorCall.lambda$ofVoidMethod$0(InterceptingExecutableInvoker.java:123)
	at org.junit.jupiter.engine.execution.InterceptingExecutableInvoker.lambda$invoke$0(InterceptingExecutableInvoker.java:105)
	at org.junit.jupiter.engine.execution.InvocationInterceptorChain$InterceptedInvocation.proceed(InvocationInterceptorChain.java:99)
	at org.junit.jupiter.engine.execution.InvocationInterceptorChain.proceed(InvocationInterceptorChain.java:66)
	at org.junit.jupiter.engine.execution.InvocationInterceptorChain.chainAndInvoke(InvocationInterceptorChain.java:47)
	at org.junit.jupiter.engine.execution.InvocationInterceptorChain.invoke(InvocationInterceptorChain.java:39)
	at org.junit.jupiter.engine.execution.InterceptingExecutableInvoker.invoke(InterceptingExecutableInvoker.java:104)
	at org.junit.jupiter.engine.execution.InterceptingExecutableInvoker.invoke(InterceptingExecutableInvoker.java:98)
	at org.junit.jupiter.engine.execution.InterceptingExecutableInvoker.invokeVoid(InterceptingExecutableInvoker.java:71)
	at org.junit.jupiter.engine.descriptor.TestMethodTestDescriptor.lambda$invokeTestMethod$0(TestMethodTestDescriptor.java:219)
	at org.junit.platform.engine.support.hierarchical.ThrowableCollector.execute(ThrowableCollector.java:74)
	at org.junit.jupiter.engine.descriptor.TestMethodTestDescriptor.invokeTestMethod(TestMethodTestDescriptor.java:215)
	at org.junit.jupiter.engine.descriptor.TestMethodTestDescriptor.execute(TestMethodTestDescriptor.java:157)
	at org.junit.jupiter.engine.descriptor.TestMethodTestDescriptor.execute(TestMethodTestDescriptor.java:70)
	at org.junit.platform.engine.support.hierarchical.NodeTestTask.lambda$executeRecursively$2(NodeTestTask.java:176)
	at org.junit.platform.engine.support.hierarchical.ThrowableCollector.execute(ThrowableCollector.java:74)
	at org.junit.platform.engine.support.hierarchical.NodeTestTask.lambda$executeRecursively$1(NodeTestTask.java:166)
	at org.junit.platform.engine.support.hierarchical.Node.around(Node.java:138)
	at org.junit.platform.engine.support.hierarchical.NodeTestTask.lambda$executeRecursively$0(NodeTestTask.java:164)
	at org.junit.platform.engine.support.hierarchical.ThrowableCollector.execute(ThrowableCollector.java:74)
	at org.junit.platform.engine.support.hierarchical.NodeTestTask.executeRecursively(NodeTestTask.java:163)
	at org.junit.platform.engine.support.hierarchical.NodeTestTask.execute(NodeTestTask.java:116)
	at org.junit.platform.engine.support.hierarchical.SameThreadHierarchicalTestExecutorService.submit(SameThreadHierarchicalTestExecutorService.java:36)
	at org.junit.platform.engine.support.hierarchical.NodeTestTask$DefaultDynamicTestExecutor.execute(NodeTestTask.java:268)
	at org.junit.platform.engine.support.hierarchical.NodeTestTask$DefaultDynamicTestExecutor.execute(NodeTestTask.java:246)
	at org.junit.jupiter.engine.descriptor.TemplateExecutor.execute(TemplateExecutor.java:96)
	at org.junit.jupiter.engine.descriptor.TemplateExecutor.lambda$executeForProvider$1(TemplateExecutor.java:59)
	at java.base/java.util.Optional.ifPresent(Optional.java:178)
	at org.junit.jupiter.engine.descriptor.TemplateExecutor.lambda$executeForProvider$0(TemplateExecutor.java:59)
	at java.base/java.util.stream.ForEachOps$ForEachOp$OfRef.accept(ForEachOps.java:184)
	at java.base/java.util.stream.ReferencePipeline$3$1.accept(ReferencePipeline.java:197)
	at java.base/java.util.stream.ForEachOps$ForEachOp$OfRef.accept(ForEachOps.java:184)
	at java.base/java.util.stream.ForEachOps$ForEachOp$OfRef.accept(ForEachOps.java:184)
	at java.base/java.util.stream.ReferencePipeline$3$1.accept(ReferencePipeline.java:197)
	at java.base/java.util.Spliterators$ArraySpliterator.forEachRemaining(Spliterators.java:1024)
	at java.base/java.util.stream.AbstractPipeline.copyInto(AbstractPipeline.java:509)
	at java.base/java.util.stream.AbstractPipeline.wrapAndCopyInto(AbstractPipeline.java:499)
	at java.base/java.util.stream.ForEachOps$ForEachOp.evaluateSequential(ForEachOps.java:151)
	at java.base/java.util.stream.ForEachOps$ForEachOp$OfRef.evaluateSequential(ForEachOps.java:174)
	at java.base/java.util.stream.AbstractPipeline.evaluate(AbstractPipeline.java:234)
	at java.base/java.util.stream.ReferencePipeline.forEach(ReferencePipeline.java:596)
	at java.base/java.util.stream.ReferencePipeline$7$1.accept(ReferencePipeline.java:276)
	at java.base/java.util.ArrayList$ArrayListSpliterator.forEachRemaining(ArrayList.java:1708)
	at java.base/java.util.stream.AbstractPipeline.copyInto(AbstractPipeline.java:509)
	at java.base/java.util.stream.AbstractPipeline.wrapAndCopyInto(AbstractPipeline.java:499)
	at java.base/java.util.stream.ForEachOps$ForEachOp.evaluateSequential(ForEachOps.java:151)
	at java.base/java.util.stream.ForEachOps$ForEachOp$OfRef.evaluateSequential(ForEachOps.java:174)
	at java.base/java.util.stream.AbstractPipeline.evaluate(AbstractPipeline.java:234)
	at java.base/java.util.stream.ReferencePipeline.forEach(ReferencePipeline.java:596)
	at java.base/java.util.stream.ReferencePipeline$7$1.accept(ReferencePipeline.java:276)
	at java.base/java.util.stream.ReferencePipeline$3$1.accept(ReferencePipeline.java:197)
	at java.base/java.util.stream.ReferencePipeline$3$1.accept(ReferencePipeline.java:197)
	at java.base/java.util.stream.ReferencePipeline$3$1.accept(ReferencePipeline.java:197)
	at java.base/java.util.AbstractList$RandomAccessSpliterator.forEachRemaining(AbstractList.java:722)
	at java.base/java.util.stream.AbstractPipeline.copyInto(AbstractPipeline.java:509)
	at java.base/java.util.stream.AbstractPipeline.wrapAndCopyInto(AbstractPipeline.java:499)
	at java.base/java.util.stream.ForEachOps$ForEachOp.evaluateSequential(ForEachOps.java:151)
	at java.base/java.util.stream.ForEachOps$ForEachOp$OfRef.evaluateSequential(ForEachOps.java:174)
	at java.base/java.util.stream.AbstractPipeline.evaluate(AbstractPipeline.java:234)
	at java.base/java.util.stream.ReferencePipeline.forEach(ReferencePipeline.java:596)
	at org.junit.jupiter.engine.descriptor.TemplateExecutor.executeForProvider(TemplateExecutor.java:57)
	at org.junit.jupiter.engine.descriptor.TemplateExecutor.execute(TemplateExecutor.java:46)
	at org.junit.jupiter.engine.descriptor.TestTemplateTestDescriptor.execute(TestTemplateTestDescriptor.java:112)
	at org.junit.jupiter.engine.descriptor.TestTemplateTestDescriptor.execute(TestTemplateTestDescriptor.java:40)
	at org.junit.platform.engine.support.hierarchical.NodeTestTask.lambda$executeRecursively$2(NodeTestTask.java:176)
	at org.junit.platform.engine.support.hierarchical.ThrowableCollector.execute(ThrowableCollector.java:74)
	at org.junit.platform.engine.support.hierarchical.NodeTestTask.lambda$executeRecursively$1(NodeTestTask.java:166)
	at org.junit.platform.engine.support.hierarchical.Node.around(Node.java:138)
	at org.junit.platform.engine.support.hierarchical.NodeTestTask.lambda$executeRecursively$0(NodeTestTask.java:164)
	at org.junit.platform.engine.support.hierarchical.ThrowableCollector.execute(ThrowableCollector.java:74)
	at org.junit.platform.engine.support.hierarchical.NodeTestTask.executeRecursively(NodeTestTask.java:163)
	at org.junit.platform.engine.support.hierarchical.NodeTestTask.execute(NodeTestTask.java:116)
	at java.base/java.util.ArrayList.forEach(ArrayList.java:1596)
	at org.junit.platform.engine.support.hierarchical.SameThreadHierarchicalTestExecutorService.invokeAll(SameThreadHierarchicalTestExecutorService.java:42)
	at org.junit.platform.engine.support.hierarchical.NodeTestTask.lambda$executeRecursively$2(NodeTestTask.java:180)
	at org.junit.platform.engine.support.hierarchical.ThrowableCollector.execute(ThrowableCollector.java:74)
	at org.junit.platform.engine.support.hierarchical.NodeTestTask.lambda$executeRecursively$1(NodeTestTask.java:166)
	at org.junit.platform.engine.support.hierarchical.Node.around(Node.java:138)
	at org.junit.platform.engine.support.hierarchical.NodeTestTask.lambda$executeRecursively$0(NodeTestTask.java:164)
	at org.junit.platform.engine.support.hierarchical.ThrowableCollector.execute(ThrowableCollector.java:74)
	at org.junit.platform.engine.support.hierarchical.NodeTestTask.executeRecursively(NodeTestTask.java:163)
	at org.junit.platform.engine.support.hierarchical.NodeTestTask.execute(NodeTestTask.java:116)
	at java.base/java.util.ArrayList.forEach(ArrayList.java:1596)
	at org.junit.platform.engine.support.hierarchical.SameThreadHierarchicalTestExecutorService.invokeAll(SameThreadHierarchicalTestExecutorService.java:42)
	at org.junit.platform.engine.support.hierarchical.NodeTestTask.lambda$executeRecursively$2(NodeTestTask.java:180)
	at org.junit.platform.engine.support.hierarchical.ThrowableCollector.execute(ThrowableCollector.java:74)
	at org.junit.platform.engine.support.hierarchical.NodeTestTask.lambda$executeRecursively$1(NodeTestTask.java:166)
	at org.junit.platform.engine.support.hierarchical.Node.around(Node.java:138)
	at org.junit.platform.engine.support.hierarchical.NodeTestTask.lambda$executeRecursively$0(NodeTestTask.java:164)
	at org.junit.platform.engine.support.hierarchical.ThrowableCollector.execute(ThrowableCollector.java:74)
	at org.junit.platform.engine.support.hierarchical.NodeTestTask.executeRecursively(NodeTestTask.java:163)
	at org.junit.platform.engine.support.hierarchical.NodeTestTask.execute(NodeTestTask.java:116)
	at org.junit.platform.engine.support.hierarchical.SameThreadHierarchicalTestExecutorService.submit(SameThreadHierarchicalTestExecutorService.java:36)
	at org.junit.platform.engine.support.hierarchical.HierarchicalTestExecutor.execute(HierarchicalTestExecutor.java:52)
	at org.junit.platform.engine.support.hierarchical.HierarchicalTestEngine.execute(HierarchicalTestEngine.java:58)
	at org.junit.platform.launcher.core.EngineExecutionOrchestrator.executeEngine(EngineExecutionOrchestrator.java:246)
	at org.junit.platform.launcher.core.EngineExecutionOrchestrator.failOrExecuteEngine(EngineExecutionOrchestrator.java:218)
	at org.junit.platform.launcher.core.EngineExecutionOrchestrator.execute(EngineExecutionOrchestrator.java:179)
	at org.junit.platform.launcher.core.EngineExecutionOrchestrator.execute(EngineExecutionOrchestrator.java:108)
	at org.junit.platform.launcher.core.EngineExecutionOrchestrator.lambda$execute$0(EngineExecutionOrchestrator.java:66)
	at org.junit.platform.launcher.core.EngineExecutionOrchestrator.withInterceptedStreams(EngineExecutionOrchestrator.java:157)
	at org.junit.platform.launcher.core.EngineExecutionOrchestrator.execute(EngineExecutionOrchestrator.java:65)
	at org.junit.platform.launcher.core.DefaultLauncher.execute(DefaultLauncher.java:125)
	at org.junit.platform.launcher.core.DefaultLauncher.execute(DefaultLauncher.java:114)
	at org.junit.platform.launcher.core.DelegatingLauncher.execute(DelegatingLauncher.java:58)
	at org.junit.platform.launcher.core.InterceptingLauncher.lambda$execute$2(InterceptingLauncher.java:57)
	at org.junit.platform.launcher.core.ClasspathAlignmentCheckingLauncherInterceptor.intercept(ClasspathAlignmentCheckingLauncherInterceptor.java:25)
	at org.junit.platform.launcher.core.InterceptingLauncher.execute(InterceptingLauncher.java:56)
	at org.junit.platform.launcher.core.DelegatingLauncher.execute(DelegatingLauncher.java:58)
	at java.base/jdk.internal.reflect.DirectMethodHandleAccessor.invoke(DirectMethodHandleAccessor.java:103)
	at java.base/java.lang.reflect.Method.invoke(Method.java:580)
	at org.apache.maven.surefire.api.util.ReflectionUtils.invokeMethodWithArray(ReflectionUtils.java:125)
	at org.apache.maven.surefire.junitplatform.LauncherAdapter.executeWithCancellationToken(LauncherAdapter.java:68)
	at org.apache.maven.surefire.junitplatform.LauncherAdapter.execute(LauncherAdapter.java:54)
	at org.apache.maven.surefire.junitplatform.JUnitPlatformProvider.execute(JUnitPlatformProvider.java:203)
	at org.apache.maven.surefire.junitplatform.JUnitPlatformProvider.invokeAllTests(JUnitPlatformProvider.java:168)
	at org.apache.maven.surefire.junitplatform.JUnitPlatformProvider.invoke(JUnitPlatformProvider.java:134)
	at org.apache.maven.surefire.booter.ForkedBooter.runSuitesInProcess(ForkedBooter.java:385)
	at org.apache.maven.surefire.booter.ForkedBooter.execute(ForkedBooter.java:162)
	at org.apache.maven.surefire.booter.ForkedBooter.run(ForkedBooter.java:507)
	at org.apache.maven.surefire.booter.ForkedBooter.main(ForkedBooter.java:495)
Caused by: com.mysql.cj.exceptions.CJCommunicationsException: Communications link failure

The last packet successfully received from the server was 9 milliseconds ago. The last packet sent successfully to the server was 10 milliseconds ago.
	at java.base/jdk.internal.reflect.DirectConstructorHandleAccessor.newInstance(DirectConstructorHandleAccessor.java:62)
	at java.base/java.lang.reflect.Constructor.newInstanceWithCaller(Constructor.java:502)
	at java.base/java.lang.reflect.Constructor.newInstance(Constructor.java:486)
	at com.mysql.cj.exceptions.ExceptionFactory.createException(ExceptionFactory.java:52)
	at com.mysql.cj.exceptions.ExceptionFactory.createException(ExceptionFactory.java:95)
	at com.mysql.cj.exceptions.ExceptionFactory.createException(ExceptionFactory.java:140)
	at com.mysql.cj.exceptions.ExceptionFactory.createCommunicationsException(ExceptionFactory.java:156)
	at com.mysql.cj.protocol.a.NativeProtocol.readMessage(NativeProtocol.java:590)
	at com.mysql.cj.protocol.a.NativeProtocol.checkErrorMessage(NativeProtocol.java:767)
	at com.mysql.cj.protocol.a.NativeProtocol.sendCommand(NativeProtocol.java:706)
	at com.mysql.cj.protocol.a.NativeProtocol.sendQueryPacket(NativeProtocol.java:938)
	at com.mysql.cj.NativeSession.execSQL(NativeSession.java:817)
	at com.mysql.cj.jdbc.ConnectionImpl.commit(ConnectionImpl.java:794)
	... 152 common frames omitted
Caused by: java.io.EOFException: Can not read response from server. Expected to read 4 bytes, read 0 bytes before connection was unexpectedly lost.
	at com.mysql.cj.protocol.FullReadInputStream.readFully(FullReadInputStream.java:58)
	at com.mysql.cj.protocol.a.SimplePacketReader.readHeaderLocal(SimplePacketReader.java:72)
	at com.mysql.cj.protocol.a.SimplePacketReader.readHeader(SimplePacketReader.java:54)
	at com.mysql.cj.protocol.a.SimplePacketReader.readHeader(SimplePacketReader.java:36)
	at com.mysql.cj.protocol.a.TimeTrackingPacketReader.readHeader(TimeTrackingPacketReader.java:43)
	at com.mysql.cj.protocol.a.TimeTrackingPacketReader.readHeader(TimeTrackingPacketReader.java:32)
	at com.mysql.cj.protocol.a.MultiPacketReader.readHeader(MultiPacketReader.java:45)
	at com.mysql.cj.protocol.a.MultiPacketReader.readHeader(MultiPacketReader.java:35)
	at com.mysql.cj.protocol.a.NativeProtocol.readMessage(NativeProtocol.java:584)
	... 157 common frames omitted
11:09:05.583 [main] ERROR com.baomidou.dynamic.datasource.tx.ConnectionProxy -- Communications link failure

The last packet successfully received from the server was 9 milliseconds ago. The last packet sent successfully to the server was 10 milliseconds ago.
com.mysql.cj.jdbc.exceptions.CommunicationsException: Communications link failure

The last packet successfully received from the server was 9 milliseconds ago. The last packet sent successfully to the server was 10 milliseconds ago.
	at com.mysql.cj.jdbc.exceptions.SQLError.createCommunicationsException(SQLError.java:165)
	at com.mysql.cj.jdbc.exceptions.SQLExceptionsMapping.translateException(SQLExceptionsMapping.java:55)
	at com.mysql.cj.jdbc.ConnectionImpl.commit(ConnectionImpl.java:814)
	at com.zaxxer.hikari.pool.ProxyConnection.commit(ProxyConnection.java:378)
	at com.zaxxer.hikari.pool.HikariProxyConnection.commit(HikariProxyConnection.java)
	at java.base/jdk.internal.reflect.DirectMethodHandleAccessor.invoke(DirectMethodHandleAccessor.java:103)
	at java.base/java.lang.reflect.Method.invoke(Method.java:580)
	at org.namewta.test.notify.NotifyAtomicResultIntegrationTest$1.lambda$getConnection$0(NotifyAtomicResultIntegrationTest.java:118)
	at jdk.proxy2/jdk.proxy2.$Proxy131.commit(Unknown Source)
	at com.baomidou.dynamic.datasource.tx.ConnectionProxy.notify(ConnectionProxy.java:62)
	at com.baomidou.dynamic.datasource.tx.ConnectionFactory.notify(ConnectionFactory.java:153)
	at com.baomidou.dynamic.datasource.tx.LocalTxUtil.commit(LocalTxUtil.java:91)
	at com.baomidou.dynamic.datasource.tx.TransactionalTemplate.doExecute(TransactionalTemplate.java:126)
	at com.baomidou.dynamic.datasource.tx.TransactionalTemplate.execute(TransactionalTemplate.java:94)
	at com.baomidou.dynamic.datasource.aop.DynamicLocalTransactionInterceptor.invoke(DynamicLocalTransactionInterceptor.java:59)
	at org.springframework.aop.framework.ReflectiveMethodInvocation.proceed(ReflectiveMethodInvocation.java:179)
	at org.springframework.aop.framework.CglibAopProxy$DynamicAdvisedInterceptor.intercept(CglibAopProxy.java:719)
	at org.namewta.notify.usecase.NotifyDispatchResultUseCase$$SpringCGLIB$$11.beginInAppAttempt(<generated>)
	at org.namewta.test.notify.NotifyAtomicResultIntegrationTest.lambda$uncertainBudgetCommitNeverEntersPersistBeforeReclaim$15(NotifyAtomicResultIntegrationTest.java:488)
	at org.assertj.core.api.ThrowableAssert.catchThrowable(ThrowableAssert.java:66)
	at org.assertj.core.api.AssertionsForClassTypes.catchThrowable(AssertionsForClassTypes.java:908)
	at org.assertj.core.api.Assertions.catchThrowable(Assertions.java:1476)
	at org.assertj.core.api.Assertions.assertThatThrownBy(Assertions.java:1319)
	at org.namewta.test.notify.NotifyAtomicResultIntegrationTest.uncertainBudgetCommitNeverEntersPersistBeforeReclaim(NotifyAtomicResultIntegrationTest.java:488)
	at java.base/jdk.internal.reflect.DirectMethodHandleAccessor.invoke(DirectMethodHandleAccessor.java:103)
	at java.base/java.lang.reflect.Method.invoke(Method.java:580)
	at org.junit.platform.commons.util.ReflectionUtils.invokeMethod(ReflectionUtils.java:701)
	at org.junit.platform.commons.support.ReflectionSupport.invokeMethod(ReflectionSupport.java:502)
	at org.junit.jupiter.engine.support.MethodReflectionUtils.invoke(MethodReflectionUtils.java:45)
	at org.junit.jupiter.engine.execution.MethodInvocation.proceed(MethodInvocation.java:61)
	at org.junit.jupiter.engine.execution.InvocationInterceptorChain$ValidatingInvocation.proceed(InvocationInterceptorChain.java:124)
	at org.junit.jupiter.engine.extension.TimeoutExtension.intercept(TimeoutExtension.java:163)
	at org.junit.jupiter.engine.extension.TimeoutExtension.interceptTestableMethod(TimeoutExtension.java:148)
	at org.junit.jupiter.engine.extension.TimeoutExtension.interceptTestTemplateMethod(TimeoutExtension.java:94)
	at org.junit.jupiter.engine.execution.InterceptingExecutableInvoker$ReflectiveInterceptorCall.lambda$ofVoidMethod$0(InterceptingExecutableInvoker.java:123)
	at org.junit.jupiter.engine.execution.InterceptingExecutableInvoker.lambda$invoke$0(InterceptingExecutableInvoker.java:105)
	at org.junit.jupiter.engine.execution.InvocationInterceptorChain$InterceptedInvocation.proceed(InvocationInterceptorChain.java:99)
	at org.junit.jupiter.engine.execution.InvocationInterceptorChain.proceed(InvocationInterceptorChain.java:66)
	at org.junit.jupiter.engine.execution.InvocationInterceptorChain.chainAndInvoke(InvocationInterceptorChain.java:47)
	at org.junit.jupiter.engine.execution.InvocationInterceptorChain.invoke(InvocationInterceptorChain.java:39)
	at org.junit.jupiter.engine.execution.InterceptingExecutableInvoker.invoke(InterceptingExecutableInvoker.java:104)
	at org.junit.jupiter.engine.execution.InterceptingExecutableInvoker.invoke(InterceptingExecutableInvoker.java:98)
	at org.junit.jupiter.engine.execution.InterceptingExecutableInvoker.invokeVoid(InterceptingExecutableInvoker.java:71)
	at org.junit.jupiter.engine.descriptor.TestMethodTestDescriptor.lambda$invokeTestMethod$0(TestMethodTestDescriptor.java:219)
	at org.junit.platform.engine.support.hierarchical.ThrowableCollector.execute(ThrowableCollector.java:74)
	at org.junit.jupiter.engine.descriptor.TestMethodTestDescriptor.invokeTestMethod(TestMethodTestDescriptor.java:215)
	at org.junit.jupiter.engine.descriptor.TestMethodTestDescriptor.execute(TestMethodTestDescriptor.java:157)
	at org.junit.jupiter.engine.descriptor.TestMethodTestDescriptor.execute(TestMethodTestDescriptor.java:70)
	at org.junit.platform.engine.support.hierarchical.NodeTestTask.lambda$executeRecursively$2(NodeTestTask.java:176)
	at org.junit.platform.engine.support.hierarchical.ThrowableCollector.execute(ThrowableCollector.java:74)
	at org.junit.platform.engine.support.hierarchical.NodeTestTask.lambda$executeRecursively$1(NodeTestTask.java:166)
	at org.junit.platform.engine.support.hierarchical.Node.around(Node.java:138)
	at org.junit.platform.engine.support.hierarchical.NodeTestTask.lambda$executeRecursively$0(NodeTestTask.java:164)
	at org.junit.platform.engine.support.hierarchical.ThrowableCollector.execute(ThrowableCollector.java:74)
	at org.junit.platform.engine.support.hierarchical.NodeTestTask.executeRecursively(NodeTestTask.java:163)
	at org.junit.platform.engine.support.hierarchical.NodeTestTask.execute(NodeTestTask.java:116)
	at org.junit.platform.engine.support.hierarchical.SameThreadHierarchicalTestExecutorService.submit(SameThreadHierarchicalTestExecutorService.java:36)
	at org.junit.platform.engine.support.hierarchical.NodeTestTask$DefaultDynamicTestExecutor.execute(NodeTestTask.java:268)
	at org.junit.platform.engine.support.hierarchical.NodeTestTask$DefaultDynamicTestExecutor.execute(NodeTestTask.java:246)
	at org.junit.jupiter.engine.descriptor.TemplateExecutor.execute(TemplateExecutor.java:96)
	at org.junit.jupiter.engine.descriptor.TemplateExecutor.lambda$executeForProvider$1(TemplateExecutor.java:59)
	at java.base/java.util.Optional.ifPresent(Optional.java:178)
	at org.junit.jupiter.engine.descriptor.TemplateExecutor.lambda$executeForProvider$0(TemplateExecutor.java:59)
	at java.base/java.util.stream.ForEachOps$ForEachOp$OfRef.accept(ForEachOps.java:184)
	at java.base/java.util.stream.ReferencePipeline$3$1.accept(ReferencePipeline.java:197)
	at java.base/java.util.stream.ForEachOps$ForEachOp$OfRef.accept(ForEachOps.java:184)
	at java.base/java.util.stream.ForEachOps$ForEachOp$OfRef.accept(ForEachOps.java:184)
	at java.base/java.util.stream.ReferencePipeline$3$1.accept(ReferencePipeline.java:197)
	at java.base/java.util.Spliterators$ArraySpliterator.forEachRemaining(Spliterators.java:1024)
	at java.base/java.util.stream.AbstractPipeline.copyInto(AbstractPipeline.java:509)
	at java.base/java.util.stream.AbstractPipeline.wrapAndCopyInto(AbstractPipeline.java:499)
	at java.base/java.util.stream.ForEachOps$ForEachOp.evaluateSequential(ForEachOps.java:151)
	at java.base/java.util.stream.ForEachOps$ForEachOp$OfRef.evaluateSequential(ForEachOps.java:174)
	at java.base/java.util.stream.AbstractPipeline.evaluate(AbstractPipeline.java:234)
	at java.base/java.util.stream.ReferencePipeline.forEach(ReferencePipeline.java:596)
	at java.base/java.util.stream.ReferencePipeline$7$1.accept(ReferencePipeline.java:276)
	at java.base/java.util.ArrayList$ArrayListSpliterator.forEachRemaining(ArrayList.java:1708)
	at java.base/java.util.stream.AbstractPipeline.copyInto(AbstractPipeline.java:509)
	at java.base/java.util.stream.AbstractPipeline.wrapAndCopyInto(AbstractPipeline.java:499)
	at java.base/java.util.stream.ForEachOps$ForEachOp.evaluateSequential(ForEachOps.java:151)
	at java.base/java.util.stream.ForEachOps$ForEachOp$OfRef.evaluateSequential(ForEachOps.java:174)
	at java.base/java.util.stream.AbstractPipeline.evaluate(AbstractPipeline.java:234)
	at java.base/java.util.stream.ReferencePipeline.forEach(ReferencePipeline.java:596)
	at java.base/java.util.stream.ReferencePipeline$7$1.accept(ReferencePipeline.java:276)
	at java.base/java.util.stream.ReferencePipeline$3$1.accept(ReferencePipeline.java:197)
	at java.base/java.util.stream.ReferencePipeline$3$1.accept(ReferencePipeline.java:197)
	at java.base/java.util.stream.ReferencePipeline$3$1.accept(ReferencePipeline.java:197)
	at java.base/java.util.AbstractList$RandomAccessSpliterator.forEachRemaining(AbstractList.java:722)
	at java.base/java.util.stream.AbstractPipeline.copyInto(AbstractPipeline.java:509)
	at java.base/java.util.stream.AbstractPipeline.wrapAndCopyInto(AbstractPipeline.java:499)
	at java.base/java.util.stream.ForEachOps$ForEachOp.evaluateSequential(ForEachOps.java:151)
	at java.base/java.util.stream.ForEachOps$ForEachOp$OfRef.evaluateSequential(ForEachOps.java:174)
	at java.base/java.util.stream.AbstractPipeline.evaluate(AbstractPipeline.java:234)
	at java.base/java.util.stream.ReferencePipeline.forEach(ReferencePipeline.java:596)
	at org.junit.jupiter.engine.descriptor.TemplateExecutor.executeForProvider(TemplateExecutor.java:57)
	at org.junit.jupiter.engine.descriptor.TemplateExecutor.execute(TemplateExecutor.java:46)
	at org.junit.jupiter.engine.descriptor.TestTemplateTestDescriptor.execute(TestTemplateTestDescriptor.java:112)
	at org.junit.jupiter.engine.descriptor.TestTemplateTestDescriptor.execute(TestTemplateTestDescriptor.java:40)
	at org.junit.platform.engine.support.hierarchical.NodeTestTask.lambda$executeRecursively$2(NodeTestTask.java:176)
	at org.junit.platform.engine.support.hierarchical.ThrowableCollector.execute(ThrowableCollector.java:74)
	at org.junit.platform.engine.support.hierarchical.NodeTestTask.lambda$executeRecursively$1(NodeTestTask.java:166)
	at org.junit.platform.engine.support.hierarchical.Node.around(Node.java:138)
	at org.junit.platform.engine.support.hierarchical.NodeTestTask.lambda$executeRecursively$0(NodeTestTask.java:164)
	at org.junit.platform.engine.support.hierarchical.ThrowableCollector.execute(ThrowableCollector.java:74)
	at org.junit.platform.engine.support.hierarchical.NodeTestTask.executeRecursively(NodeTestTask.java:163)
	at org.junit.platform.engine.support.hierarchical.NodeTestTask.execute(NodeTestTask.java:116)
	at java.base/java.util.ArrayList.forEach(ArrayList.java:1596)
	at org.junit.platform.engine.support.hierarchical.SameThreadHierarchicalTestExecutorService.invokeAll(SameThreadHierarchicalTestExecutorService.java:42)
	at org.junit.platform.engine.support.hierarchical.NodeTestTask.lambda$executeRecursively$2(NodeTestTask.java:180)
	at org.junit.platform.engine.support.hierarchical.ThrowableCollector.execute(ThrowableCollector.java:74)
	at org.junit.platform.engine.support.hierarchical.NodeTestTask.lambda$executeRecursively$1(NodeTestTask.java:166)
	at org.junit.platform.engine.support.hierarchical.Node.around(Node.java:138)
	at org.junit.platform.engine.support.hierarchical.NodeTestTask.lambda$executeRecursively$0(NodeTestTask.java:164)
	at org.junit.platform.engine.support.hierarchical.ThrowableCollector.execute(ThrowableCollector.java:74)
	at org.junit.platform.engine.support.hierarchical.NodeTestTask.executeRecursively(NodeTestTask.java:163)
	at org.junit.platform.engine.support.hierarchical.NodeTestTask.execute(NodeTestTask.java:116)
	at java.base/java.util.ArrayList.forEach(ArrayList.java:1596)
	at org.junit.platform.engine.support.hierarchical.SameThreadHierarchicalTestExecutorService.invokeAll(SameThreadHierarchicalTestExecutorService.java:42)
	at org.junit.platform.engine.support.hierarchical.NodeTestTask.lambda$executeRecursively$2(NodeTestTask.java:180)
	at org.junit.platform.engine.support.hierarchical.ThrowableCollector.execute(ThrowableCollector.java:74)
	at org.junit.platform.engine.support.hierarchical.NodeTestTask.lambda$executeRecursively$1(NodeTestTask.java:166)
	at org.junit.platform.engine.support.hierarchical.Node.around(Node.java:138)
	at org.junit.platform.engine.support.hierarchical.NodeTestTask.lambda$executeRecursively$0(NodeTestTask.java:164)
	at org.junit.platform.engine.support.hierarchical.ThrowableCollector.execute(ThrowableCollector.java:74)
	at org.junit.platform.engine.support.hierarchical.NodeTestTask.executeRecursively(NodeTestTask.java:163)
	at org.junit.platform.engine.support.hierarchical.NodeTestTask.execute(NodeTestTask.java:116)
	at org.junit.platform.engine.support.hierarchical.SameThreadHierarchicalTestExecutorService.submit(SameThreadHierarchicalTestExecutorService.java:36)
	at org.junit.platform.engine.support.hierarchical.HierarchicalTestExecutor.execute(HierarchicalTestExecutor.java:52)
	at org.junit.platform.engine.support.hierarchical.HierarchicalTestEngine.execute(HierarchicalTestEngine.java:58)
	at org.junit.platform.launcher.core.EngineExecutionOrchestrator.executeEngine(EngineExecutionOrchestrator.java:246)
	at org.junit.platform.launcher.core.EngineExecutionOrchestrator.failOrExecuteEngine(EngineExecutionOrchestrator.java:218)
	at org.junit.platform.launcher.core.EngineExecutionOrchestrator.execute(EngineExecutionOrchestrator.java:179)
	at org.junit.platform.launcher.core.EngineExecutionOrchestrator.execute(EngineExecutionOrchestrator.java:108)
	at org.junit.platform.launcher.core.EngineExecutionOrchestrator.lambda$execute$0(EngineExecutionOrchestrator.java:66)
	at org.junit.platform.launcher.core.EngineExecutionOrchestrator.withInterceptedStreams(EngineExecutionOrchestrator.java:157)
	at org.junit.platform.launcher.core.EngineExecutionOrchestrator.execute(EngineExecutionOrchestrator.java:65)
	at org.junit.platform.launcher.core.DefaultLauncher.execute(DefaultLauncher.java:125)
	at org.junit.platform.launcher.core.DefaultLauncher.execute(DefaultLauncher.java:114)
	at org.junit.platform.launcher.core.DelegatingLauncher.execute(DelegatingLauncher.java:58)
	at org.junit.platform.launcher.core.InterceptingLauncher.lambda$execute$2(InterceptingLauncher.java:57)
	at org.junit.platform.launcher.core.ClasspathAlignmentCheckingLauncherInterceptor.intercept(ClasspathAlignmentCheckingLauncherInterceptor.java:25)
	at org.junit.platform.launcher.core.InterceptingLauncher.execute(InterceptingLauncher.java:56)
	at org.junit.platform.launcher.core.DelegatingLauncher.execute(DelegatingLauncher.java:58)
	at java.base/jdk.internal.reflect.DirectMethodHandleAccessor.invoke(DirectMethodHandleAccessor.java:103)
	at java.base/java.lang.reflect.Method.invoke(Method.java:580)
	at org.apache.maven.surefire.api.util.ReflectionUtils.invokeMethodWithArray(ReflectionUtils.java:125)
	at org.apache.maven.surefire.junitplatform.LauncherAdapter.executeWithCancellationToken(LauncherAdapter.java:68)
	at org.apache.maven.surefire.junitplatform.LauncherAdapter.execute(LauncherAdapter.java:54)
	at org.apache.maven.surefire.junitplatform.JUnitPlatformProvider.execute(JUnitPlatformProvider.java:203)
	at org.apache.maven.surefire.junitplatform.JUnitPlatformProvider.invokeAllTests(JUnitPlatformProvider.java:168)
	at org.apache.maven.surefire.junitplatform.JUnitPlatformProvider.invoke(JUnitPlatformProvider.java:134)
	at org.apache.maven.surefire.booter.ForkedBooter.runSuitesInProcess(ForkedBooter.java:385)
	at org.apache.maven.surefire.booter.ForkedBooter.execute(ForkedBooter.java:162)
	at org.apache.maven.surefire.booter.ForkedBooter.run(ForkedBooter.java:507)
	at org.apache.maven.surefire.booter.ForkedBooter.main(ForkedBooter.java:495)
Caused by: com.mysql.cj.exceptions.CJCommunicationsException: Communications link failure

The last packet successfully received from the server was 9 milliseconds ago. The last packet sent successfully to the server was 10 milliseconds ago.
	at java.base/jdk.internal.reflect.DirectConstructorHandleAccessor.newInstance(DirectConstructorHandleAccessor.java:62)
	at java.base/java.lang.reflect.Constructor.newInstanceWithCaller(Constructor.java:502)
	at java.base/java.lang.reflect.Constructor.newInstance(Constructor.java:486)
	at com.mysql.cj.exceptions.ExceptionFactory.createException(ExceptionFactory.java:52)
	at com.mysql.cj.exceptions.ExceptionFactory.createException(ExceptionFactory.java:95)
	at com.mysql.cj.exceptions.ExceptionFactory.createException(ExceptionFactory.java:140)
	at com.mysql.cj.exceptions.ExceptionFactory.createCommunicationsException(ExceptionFactory.java:156)
	at com.mysql.cj.protocol.a.NativeProtocol.readMessage(NativeProtocol.java:590)
	at com.mysql.cj.protocol.a.NativeProtocol.checkErrorMessage(NativeProtocol.java:767)
	at com.mysql.cj.protocol.a.NativeProtocol.sendCommand(NativeProtocol.java:706)
	at com.mysql.cj.protocol.a.NativeProtocol.sendQueryPacket(NativeProtocol.java:938)
	at com.mysql.cj.NativeSession.execSQL(NativeSession.java:817)
	at com.mysql.cj.jdbc.ConnectionImpl.commit(ConnectionImpl.java:794)
	... 152 common frames omitted
Caused by: java.io.EOFException: Can not read response from server. Expected to read 4 bytes, read 0 bytes before connection was unexpectedly lost.
	at com.mysql.cj.protocol.FullReadInputStream.readFully(FullReadInputStream.java:58)
	at com.mysql.cj.protocol.a.SimplePacketReader.readHeaderLocal(SimplePacketReader.java:72)
	at com.mysql.cj.protocol.a.SimplePacketReader.readHeader(SimplePacketReader.java:54)
	at com.mysql.cj.protocol.a.SimplePacketReader.readHeader(SimplePacketReader.java:36)
	at com.mysql.cj.protocol.a.TimeTrackingPacketReader.readHeader(TimeTrackingPacketReader.java:43)
	at com.mysql.cj.protocol.a.TimeTrackingPacketReader.readHeader(TimeTrackingPacketReader.java:32)
	at com.mysql.cj.protocol.a.MultiPacketReader.readHeader(MultiPacketReader.java:45)
	at com.mysql.cj.protocol.a.MultiPacketReader.readHeader(MultiPacketReader.java:35)
	at com.mysql.cj.protocol.a.NativeProtocol.readMessage(NativeProtocol.java:584)
	... 157 common frames omitted
11:09:05.737 [main] WARN org.namewta.notify.adapter.event.InAppCommittedPushListener -- 站内实时提示失败，messageId=9220001, reason=IllegalStateException
11:09:05.787 [main] INFO com.baomidou.dynamic.datasource.DynamicRoutingDataSource -- dynamic-datasource start closing ....
11:09:05.788 [main] INFO com.baomidou.dynamic.datasource.DynamicRoutingDataSource -- dynamic-datasource all closed success,bye
11:09:05.788 [main] INFO com.zaxxer.hikari.HikariDataSource -- HikariPool-12 - Shutdown initiated...
11:09:05.795 [main] INFO com.zaxxer.hikari.HikariDataSource -- HikariPool-12 - Shutdown completed.
11:09:05.799 [main] INFO com.baomidou.dynamic.datasource.DynamicRoutingDataSource -- dynamic-datasource - add a datasource named [master] success
11:09:06.049 [main] INFO org.redisson.Version -- Redisson 4.6.1
11:09:06.060 [redisson-netty-38-2] INFO org.redisson.connection.ConnectionsHolder -- 1 connections initialized for 127.0.0.1/127.0.0.1:32841
11:09:06.060 [redisson-netty-38-1] INFO org.redisson.connection.ConnectionsHolder -- 1 connections initialized for 127.0.0.1/127.0.0.1:32841
11:09:06.096 [main] INFO com.zaxxer.hikari.HikariDataSource -- HikariPool-13 - Starting...
11:09:06.103 [main] INFO com.zaxxer.hikari.pool.HikariPool -- HikariPool-13 - Added connection com.mysql.cj.jdbc.ConnectionImpl@3b14d63b
11:09:06.104 [main] INFO com.zaxxer.hikari.HikariDataSource -- HikariPool-13 - Start completed.
11:09:06.145 [main] ERROR com.baomidou.dynamic.datasource.tx.ConnectionProxy -- owned lost commit acknowledgement
java.sql.SQLRecoverableException: owned lost commit acknowledgement
	at org.namewta.test.notify.NotifyAtomicResultIntegrationTest$1.lambda$getConnection$0(NotifyAtomicResultIntegrationTest.java:115)
	at jdk.proxy2/jdk.proxy2.$Proxy131.commit(Unknown Source)
	at com.baomidou.dynamic.datasource.tx.ConnectionProxy.notify(ConnectionProxy.java:62)
	at com.baomidou.dynamic.datasource.tx.ConnectionFactory.notify(ConnectionFactory.java:153)
	at com.baomidou.dynamic.datasource.tx.LocalTxUtil.commit(LocalTxUtil.java:91)
	at com.baomidou.dynamic.datasource.tx.TransactionalTemplate.doExecute(TransactionalTemplate.java:126)
	at com.baomidou.dynamic.datasource.tx.TransactionalTemplate.execute(TransactionalTemplate.java:94)
	at com.baomidou.dynamic.datasource.aop.DynamicLocalTransactionInterceptor.invoke(DynamicLocalTransactionInterceptor.java:59)
	at org.springframework.aop.framework.ReflectiveMethodInvocation.proceed(ReflectiveMethodInvocation.java:179)
	at org.springframework.aop.framework.CglibAopProxy$DynamicAdvisedInterceptor.intercept(CglibAopProxy.java:719)
	at org.namewta.notify.usecase.NotifyDispatchResultUseCase$$SpringCGLIB$$12.beginInAppAttempt(<generated>)
	at org.namewta.test.notify.NotifyAtomicResultIntegrationTest.lambda$uncertainBudgetCommitNeverEntersPersistBeforeReclaim$15(NotifyAtomicResultIntegrationTest.java:488)
	at org.assertj.core.api.ThrowableAssert.catchThrowable(ThrowableAssert.java:66)
	at org.assertj.core.api.AssertionsForClassTypes.catchThrowable(AssertionsForClassTypes.java:908)
	at org.assertj.core.api.Assertions.catchThrowable(Assertions.java:1476)
	at org.assertj.core.api.Assertions.assertThatThrownBy(Assertions.java:1319)
	at org.namewta.test.notify.NotifyAtomicResultIntegrationTest.uncertainBudgetCommitNeverEntersPersistBeforeReclaim(NotifyAtomicResultIntegrationTest.java:488)
	at java.base/jdk.internal.reflect.DirectMethodHandleAccessor.invoke(DirectMethodHandleAccessor.java:103)
	at java.base/java.lang.reflect.Method.invoke(Method.java:580)
	at org.junit.platform.commons.util.ReflectionUtils.invokeMethod(ReflectionUtils.java:701)
	at org.junit.platform.commons.support.ReflectionSupport.invokeMethod(ReflectionSupport.java:502)
	at org.junit.jupiter.engine.support.MethodReflectionUtils.invoke(MethodReflectionUtils.java:45)
	at org.junit.jupiter.engine.execution.MethodInvocation.proceed(MethodInvocation.java:61)
	at org.junit.jupiter.engine.execution.InvocationInterceptorChain$ValidatingInvocation.proceed(InvocationInterceptorChain.java:124)
	at org.junit.jupiter.engine.extension.TimeoutExtension.intercept(TimeoutExtension.java:163)
	at org.junit.jupiter.engine.extension.TimeoutExtension.interceptTestableMethod(TimeoutExtension.java:148)
	at org.junit.jupiter.engine.extension.TimeoutExtension.interceptTestTemplateMethod(TimeoutExtension.java:94)
	at org.junit.jupiter.engine.execution.InterceptingExecutableInvoker$ReflectiveInterceptorCall.lambda$ofVoidMethod$0(InterceptingExecutableInvoker.java:123)
	at org.junit.jupiter.engine.execution.InterceptingExecutableInvoker.lambda$invoke$0(InterceptingExecutableInvoker.java:105)
	at org.junit.jupiter.engine.execution.InvocationInterceptorChain$InterceptedInvocation.proceed(InvocationInterceptorChain.java:99)
	at org.junit.jupiter.engine.execution.InvocationInterceptorChain.proceed(InvocationInterceptorChain.java:66)
	at org.junit.jupiter.engine.execution.InvocationInterceptorChain.chainAndInvoke(InvocationInterceptorChain.java:47)
	at org.junit.jupiter.engine.execution.InvocationInterceptorChain.invoke(InvocationInterceptorChain.java:39)
	at org.junit.jupiter.engine.execution.InterceptingExecutableInvoker.invoke(InterceptingExecutableInvoker.java:104)
	at org.junit.jupiter.engine.execution.InterceptingExecutableInvoker.invoke(InterceptingExecutableInvoker.java:98)
	at org.junit.jupiter.engine.execution.InterceptingExecutableInvoker.invokeVoid(InterceptingExecutableInvoker.java:71)
	at org.junit.jupiter.engine.descriptor.TestMethodTestDescriptor.lambda$invokeTestMethod$0(TestMethodTestDescriptor.java:219)
	at org.junit.platform.engine.support.hierarchical.ThrowableCollector.execute(ThrowableCollector.java:74)
	at org.junit.jupiter.engine.descriptor.TestMethodTestDescriptor.invokeTestMethod(TestMethodTestDescriptor.java:215)
	at org.junit.jupiter.engine.descriptor.TestMethodTestDescriptor.execute(TestMethodTestDescriptor.java:157)
	at org.junit.jupiter.engine.descriptor.TestMethodTestDescriptor.execute(TestMethodTestDescriptor.java:70)
	at org.junit.platform.engine.support.hierarchical.NodeTestTask.lambda$executeRecursively$2(NodeTestTask.java:176)
	at org.junit.platform.engine.support.hierarchical.ThrowableCollector.execute(ThrowableCollector.java:74)
	at org.junit.platform.engine.support.hierarchical.NodeTestTask.lambda$executeRecursively$1(NodeTestTask.java:166)
	at org.junit.platform.engine.support.hierarchical.Node.around(Node.java:138)
	at org.junit.platform.engine.support.hierarchical.NodeTestTask.lambda$executeRecursively$0(NodeTestTask.java:164)
	at org.junit.platform.engine.support.hierarchical.ThrowableCollector.execute(ThrowableCollector.java:74)
	at org.junit.platform.engine.support.hierarchical.NodeTestTask.executeRecursively(NodeTestTask.java:163)
	at org.junit.platform.engine.support.hierarchical.NodeTestTask.execute(NodeTestTask.java:116)
	at org.junit.platform.engine.support.hierarchical.SameThreadHierarchicalTestExecutorService.submit(SameThreadHierarchicalTestExecutorService.java:36)
	at org.junit.platform.engine.support.hierarchical.NodeTestTask$DefaultDynamicTestExecutor.execute(NodeTestTask.java:268)
	at org.junit.platform.engine.support.hierarchical.NodeTestTask$DefaultDynamicTestExecutor.execute(NodeTestTask.java:246)
	at org.junit.jupiter.engine.descriptor.TemplateExecutor.execute(TemplateExecutor.java:96)
	at org.junit.jupiter.engine.descriptor.TemplateExecutor.lambda$executeForProvider$1(TemplateExecutor.java:59)
	at java.base/java.util.Optional.ifPresent(Optional.java:178)
	at org.junit.jupiter.engine.descriptor.TemplateExecutor.lambda$executeForProvider$0(TemplateExecutor.java:59)
	at java.base/java.util.stream.ForEachOps$ForEachOp$OfRef.accept(ForEachOps.java:184)
	at java.base/java.util.stream.ReferencePipeline$3$1.accept(ReferencePipeline.java:197)
	at java.base/java.util.stream.ForEachOps$ForEachOp$OfRef.accept(ForEachOps.java:184)
	at java.base/java.util.stream.ForEachOps$ForEachOp$OfRef.accept(ForEachOps.java:184)
	at java.base/java.util.stream.ReferencePipeline$3$1.accept(ReferencePipeline.java:197)
	at java.base/java.util.Spliterators$ArraySpliterator.forEachRemaining(Spliterators.java:1024)
	at java.base/java.util.stream.AbstractPipeline.copyInto(AbstractPipeline.java:509)
	at java.base/java.util.stream.AbstractPipeline.wrapAndCopyInto(AbstractPipeline.java:499)
	at java.base/java.util.stream.ForEachOps$ForEachOp.evaluateSequential(ForEachOps.java:151)
	at java.base/java.util.stream.ForEachOps$ForEachOp$OfRef.evaluateSequential(ForEachOps.java:174)
	at java.base/java.util.stream.AbstractPipeline.evaluate(AbstractPipeline.java:234)
	at java.base/java.util.stream.ReferencePipeline.forEach(ReferencePipeline.java:596)
	at java.base/java.util.stream.ReferencePipeline$7$1.accept(ReferencePipeline.java:276)
	at java.base/java.util.ArrayList$ArrayListSpliterator.forEachRemaining(ArrayList.java:1708)
	at java.base/java.util.stream.AbstractPipeline.copyInto(AbstractPipeline.java:509)
	at java.base/java.util.stream.AbstractPipeline.wrapAndCopyInto(AbstractPipeline.java:499)
	at java.base/java.util.stream.ForEachOps$ForEachOp.evaluateSequential(ForEachOps.java:151)
	at java.base/java.util.stream.ForEachOps$ForEachOp$OfRef.evaluateSequential(ForEachOps.java:174)
	at java.base/java.util.stream.AbstractPipeline.evaluate(AbstractPipeline.java:234)
	at java.base/java.util.stream.ReferencePipeline.forEach(ReferencePipeline.java:596)
	at java.base/java.util.stream.ReferencePipeline$7$1.accept(ReferencePipeline.java:276)
	at java.base/java.util.stream.ReferencePipeline$3$1.accept(ReferencePipeline.java:197)
	at java.base/java.util.stream.ReferencePipeline$3$1.accept(ReferencePipeline.java:197)
	at java.base/java.util.stream.ReferencePipeline$3$1.accept(ReferencePipeline.java:197)
	at java.base/java.util.AbstractList$RandomAccessSpliterator.forEachRemaining(AbstractList.java:722)
	at java.base/java.util.stream.AbstractPipeline.copyInto(AbstractPipeline.java:509)
	at java.base/java.util.stream.AbstractPipeline.wrapAndCopyInto(AbstractPipeline.java:499)
	at java.base/java.util.stream.ForEachOps$ForEachOp.evaluateSequential(ForEachOps.java:151)
	at java.base/java.util.stream.ForEachOps$ForEachOp$OfRef.evaluateSequential(ForEachOps.java:174)
	at java.base/java.util.stream.AbstractPipeline.evaluate(AbstractPipeline.java:234)
	at java.base/java.util.stream.ReferencePipeline.forEach(ReferencePipeline.java:596)
	at org.junit.jupiter.engine.descriptor.TemplateExecutor.executeForProvider(TemplateExecutor.java:57)
	at org.junit.jupiter.engine.descriptor.TemplateExecutor.execute(TemplateExecutor.java:46)
	at org.junit.jupiter.engine.descriptor.TestTemplateTestDescriptor.execute(TestTemplateTestDescriptor.java:112)
	at org.junit.jupiter.engine.descriptor.TestTemplateTestDescriptor.execute(TestTemplateTestDescriptor.java:40)
	at org.junit.platform.engine.support.hierarchical.NodeTestTask.lambda$executeRecursively$2(NodeTestTask.java:176)
	at org.junit.platform.engine.support.hierarchical.ThrowableCollector.execute(ThrowableCollector.java:74)
	at org.junit.platform.engine.support.hierarchical.NodeTestTask.lambda$executeRecursively$1(NodeTestTask.java:166)
	at org.junit.platform.engine.support.hierarchical.Node.around(Node.java:138)
	at org.junit.platform.engine.support.hierarchical.NodeTestTask.lambda$executeRecursively$0(NodeTestTask.java:164)
	at org.junit.platform.engine.support.hierarchical.ThrowableCollector.execute(ThrowableCollector.java:74)
	at org.junit.platform.engine.support.hierarchical.NodeTestTask.executeRecursively(NodeTestTask.java:163)
	at org.junit.platform.engine.support.hierarchical.NodeTestTask.execute(NodeTestTask.java:116)
	at java.base/java.util.ArrayList.forEach(ArrayList.java:1596)
	at org.junit.platform.engine.support.hierarchical.SameThreadHierarchicalTestExecutorService.invokeAll(SameThreadHierarchicalTestExecutorService.java:42)
	at org.junit.platform.engine.support.hierarchical.NodeTestTask.lambda$executeRecursively$2(NodeTestTask.java:180)
	at org.junit.platform.engine.support.hierarchical.ThrowableCollector.execute(ThrowableCollector.java:74)
	at org.junit.platform.engine.support.hierarchical.NodeTestTask.lambda$executeRecursively$1(NodeTestTask.java:166)
	at org.junit.platform.engine.support.hierarchical.Node.around(Node.java:138)
	at org.junit.platform.engine.support.hierarchical.NodeTestTask.lambda$executeRecursively$0(NodeTestTask.java:164)
	at org.junit.platform.engine.support.hierarchical.ThrowableCollector.execute(ThrowableCollector.java:74)
	at org.junit.platform.engine.support.hierarchical.NodeTestTask.executeRecursively(NodeTestTask.java:163)
	at org.junit.platform.engine.support.hierarchical.NodeTestTask.execute(NodeTestTask.java:116)
	at java.base/java.util.ArrayList.forEach(ArrayList.java:1596)
	at org.junit.platform.engine.support.hierarchical.SameThreadHierarchicalTestExecutorService.invokeAll(SameThreadHierarchicalTestExecutorService.java:42)
	at org.junit.platform.engine.support.hierarchical.NodeTestTask.lambda$executeRecursively$2(NodeTestTask.java:180)
	at org.junit.platform.engine.support.hierarchical.ThrowableCollector.execute(ThrowableCollector.java:74)
	at org.junit.platform.engine.support.hierarchical.NodeTestTask.lambda$executeRecursively$1(NodeTestTask.java:166)
	at org.junit.platform.engine.support.hierarchical.Node.around(Node.java:138)
	at org.junit.platform.engine.support.hierarchical.NodeTestTask.lambda$executeRecursively$0(NodeTestTask.java:164)
	at org.junit.platform.engine.support.hierarchical.ThrowableCollector.execute(ThrowableCollector.java:74)
	at org.junit.platform.engine.support.hierarchical.NodeTestTask.executeRecursively(NodeTestTask.java:163)
	at org.junit.platform.engine.support.hierarchical.NodeTestTask.execute(NodeTestTask.java:116)
	at org.junit.platform.engine.support.hierarchical.SameThreadHierarchicalTestExecutorService.submit(SameThreadHierarchicalTestExecutorService.java:36)
	at org.junit.platform.engine.support.hierarchical.HierarchicalTestExecutor.execute(HierarchicalTestExecutor.java:52)
	at org.junit.platform.engine.support.hierarchical.HierarchicalTestEngine.execute(HierarchicalTestEngine.java:58)
	at org.junit.platform.launcher.core.EngineExecutionOrchestrator.executeEngine(EngineExecutionOrchestrator.java:246)
	at org.junit.platform.launcher.core.EngineExecutionOrchestrator.failOrExecuteEngine(EngineExecutionOrchestrator.java:218)
	at org.junit.platform.launcher.core.EngineExecutionOrchestrator.execute(EngineExecutionOrchestrator.java:179)
	at org.junit.platform.launcher.core.EngineExecutionOrchestrator.execute(EngineExecutionOrchestrator.java:108)
	at org.junit.platform.launcher.core.EngineExecutionOrchestrator.lambda$execute$0(EngineExecutionOrchestrator.java:66)
	at org.junit.platform.launcher.core.EngineExecutionOrchestrator.withInterceptedStreams(EngineExecutionOrchestrator.java:157)
	at org.junit.platform.launcher.core.EngineExecutionOrchestrator.execute(EngineExecutionOrchestrator.java:65)
	at org.junit.platform.launcher.core.DefaultLauncher.execute(DefaultLauncher.java:125)
	at org.junit.platform.launcher.core.DefaultLauncher.execute(DefaultLauncher.java:114)
	at org.junit.platform.launcher.core.DelegatingLauncher.execute(DelegatingLauncher.java:58)
	at org.junit.platform.launcher.core.InterceptingLauncher.lambda$execute$2(InterceptingLauncher.java:57)
	at org.junit.platform.launcher.core.ClasspathAlignmentCheckingLauncherInterceptor.intercept(ClasspathAlignmentCheckingLauncherInterceptor.java:25)
	at org.junit.platform.launcher.core.InterceptingLauncher.execute(InterceptingLauncher.java:56)
	at org.junit.platform.launcher.core.DelegatingLauncher.execute(DelegatingLauncher.java:58)
	at java.base/jdk.internal.reflect.DirectMethodHandleAccessor.invoke(DirectMethodHandleAccessor.java:103)
	at java.base/java.lang.reflect.Method.invoke(Method.java:580)
	at org.apache.maven.surefire.api.util.ReflectionUtils.invokeMethodWithArray(ReflectionUtils.java:125)
	at org.apache.maven.surefire.junitplatform.LauncherAdapter.executeWithCancellationToken(LauncherAdapter.java:68)
	at org.apache.maven.surefire.junitplatform.LauncherAdapter.execute(LauncherAdapter.java:54)
	at org.apache.maven.surefire.junitplatform.JUnitPlatformProvider.execute(JUnitPlatformProvider.java:203)
	at org.apache.maven.surefire.junitplatform.JUnitPlatformProvider.invokeAllTests(JUnitPlatformProvider.java:168)
	at org.apache.maven.surefire.junitplatform.JUnitPlatformProvider.invoke(JUnitPlatformProvider.java:134)
	at org.apache.maven.surefire.booter.ForkedBooter.runSuitesInProcess(ForkedBooter.java:385)
	at org.apache.maven.surefire.booter.ForkedBooter.execute(ForkedBooter.java:162)
	at org.apache.maven.surefire.booter.ForkedBooter.run(ForkedBooter.java:507)
	at org.apache.maven.surefire.booter.ForkedBooter.main(ForkedBooter.java:495)
11:09:06.251 [main] WARN org.namewta.notify.adapter.event.InAppCommittedPushListener -- 站内实时提示失败，messageId=9220001, reason=IllegalStateException
11:09:06.300 [main] INFO com.baomidou.dynamic.datasource.DynamicRoutingDataSource -- dynamic-datasource start closing ....
11:09:06.301 [main] INFO com.baomidou.dynamic.datasource.DynamicRoutingDataSource -- dynamic-datasource all closed success,bye
11:09:06.301 [main] INFO com.zaxxer.hikari.HikariDataSource -- HikariPool-13 - Shutdown initiated...
11:09:06.326 [main] INFO com.zaxxer.hikari.HikariDataSource -- HikariPool-13 - Shutdown completed.
11:09:06.336 [main] INFO com.baomidou.dynamic.datasource.DynamicRoutingDataSource -- dynamic-datasource - add a datasource named [master] success
11:09:06.469 [main] INFO org.redisson.Version -- Redisson 4.6.1
11:09:06.476 [redisson-netty-41-1] INFO org.redisson.connection.ConnectionsHolder -- 1 connections initialized for 127.0.0.1/127.0.0.1:32841
11:09:06.484 [redisson-netty-41-2] INFO org.redisson.connection.ConnectionsHolder -- 1 connections initialized for 127.0.0.1/127.0.0.1:32841
11:09:06.522 [main] INFO com.zaxxer.hikari.HikariDataSource -- HikariPool-14 - Starting...
11:09:06.528 [main] INFO com.zaxxer.hikari.pool.HikariPool -- HikariPool-14 - Added connection com.mysql.cj.jdbc.ConnectionImpl@4299feea
11:09:06.529 [main] INFO com.zaxxer.hikari.HikariDataSource -- HikariPool-14 - Start completed.
11:09:06.582 [main] WARN com.zaxxer.hikari.pool.ProxyConnection -- HikariPool-14 - Connection com.mysql.cj.jdbc.ConnectionImpl@4299feea marked as broken because of SQLSTATE(08S01), ErrorCode(0)
com.mysql.cj.jdbc.exceptions.CommunicationsException: Communications link failure

The last packet successfully received from the server was 13 milliseconds ago. The last packet sent successfully to the server was 13 milliseconds ago.
	at com.mysql.cj.jdbc.exceptions.SQLError.createCommunicationsException(SQLError.java:165)
	at com.mysql.cj.jdbc.exceptions.SQLExceptionsMapping.translateException(SQLExceptionsMapping.java:55)
	at com.mysql.cj.jdbc.ConnectionImpl.commit(ConnectionImpl.java:814)
	at com.zaxxer.hikari.pool.ProxyConnection.commit(ProxyConnection.java:378)
	at com.zaxxer.hikari.pool.HikariProxyConnection.commit(HikariProxyConnection.java)
	at java.base/jdk.internal.reflect.DirectMethodHandleAccessor.invoke(DirectMethodHandleAccessor.java:103)
	at java.base/java.lang.reflect.Method.invoke(Method.java:580)
	at org.namewta.test.notify.NotifyAtomicResultIntegrationTest$1.lambda$getConnection$0(NotifyAtomicResultIntegrationTest.java:118)
	at jdk.proxy2/jdk.proxy2.$Proxy131.commit(Unknown Source)
	at com.baomidou.dynamic.datasource.tx.ConnectionProxy.notify(ConnectionProxy.java:62)
	at com.baomidou.dynamic.datasource.tx.ConnectionFactory.notify(ConnectionFactory.java:153)
	at com.baomidou.dynamic.datasource.tx.LocalTxUtil.commit(LocalTxUtil.java:91)
	at com.baomidou.dynamic.datasource.tx.TransactionalTemplate.doExecute(TransactionalTemplate.java:126)
	at com.baomidou.dynamic.datasource.tx.TransactionalTemplate.execute(TransactionalTemplate.java:94)
	at com.baomidou.dynamic.datasource.aop.DynamicLocalTransactionInterceptor.invoke(DynamicLocalTransactionInterceptor.java:59)
	at org.springframework.aop.framework.ReflectiveMethodInvocation.proceed(ReflectiveMethodInvocation.java:179)
	at org.springframework.aop.framework.CglibAopProxy$DynamicAdvisedInterceptor.intercept(CglibAopProxy.java:719)
	at org.namewta.notify.usecase.ProviderCallbackUseCase$$SpringCGLIB$$14.apply(<generated>)
	at org.namewta.test.notify.NotifyAtomicResultIntegrationTest.callOn(NotifyAtomicResultIntegrationTest.java:1195)
	at org.namewta.test.notify.NotifyAtomicResultIntegrationTest.signedCallback(NotifyAtomicResultIntegrationTest.java:1189)
	at org.namewta.test.notify.NotifyAtomicResultIntegrationTest.callback(NotifyAtomicResultIntegrationTest.java:1186)
	at org.namewta.test.notify.NotifyAtomicResultIntegrationTest.lambda$commitDisconnectOrLostAcknowledgementCanRetryWithoutLosingTheEvent$45(NotifyAtomicResultIntegrationTest.java:915)
	at org.assertj.core.api.ThrowableAssert.catchThrowable(ThrowableAssert.java:66)
	at org.assertj.core.api.AssertionsForClassTypes.catchThrowable(AssertionsForClassTypes.java:908)
	at org.assertj.core.api.Assertions.catchThrowable(Assertions.java:1476)
	at org.assertj.core.api.Assertions.assertThatThrownBy(Assertions.java:1319)
	at org.namewta.test.notify.NotifyAtomicResultIntegrationTest.commitDisconnectOrLostAcknowledgementCanRetryWithoutLosingTheEvent(NotifyAtomicResultIntegrationTest.java:915)
	at java.base/jdk.internal.reflect.DirectMethodHandleAccessor.invoke(DirectMethodHandleAccessor.java:103)
	at java.base/java.lang.reflect.Method.invoke(Method.java:580)
	at org.junit.platform.commons.util.ReflectionUtils.invokeMethod(ReflectionUtils.java:701)
	at org.junit.platform.commons.support.ReflectionSupport.invokeMethod(ReflectionSupport.java:502)
	at org.junit.jupiter.engine.support.MethodReflectionUtils.invoke(MethodReflectionUtils.java:45)
	at org.junit.jupiter.engine.execution.MethodInvocation.proceed(MethodInvocation.java:61)
	at org.junit.jupiter.engine.execution.InvocationInterceptorChain$ValidatingInvocation.proceed(InvocationInterceptorChain.java:124)
	at org.junit.jupiter.engine.extension.TimeoutExtension.intercept(TimeoutExtension.java:163)
	at org.junit.jupiter.engine.extension.TimeoutExtension.interceptTestableMethod(TimeoutExtension.java:148)
	at org.junit.jupiter.engine.extension.TimeoutExtension.interceptTestTemplateMethod(TimeoutExtension.java:94)
	at org.junit.jupiter.engine.execution.InterceptingExecutableInvoker$ReflectiveInterceptorCall.lambda$ofVoidMethod$0(InterceptingExecutableInvoker.java:123)
	at org.junit.jupiter.engine.execution.InterceptingExecutableInvoker.lambda$invoke$0(InterceptingExecutableInvoker.java:105)
	at org.junit.jupiter.engine.execution.InvocationInterceptorChain$InterceptedInvocation.proceed(InvocationInterceptorChain.java:99)
	at org.junit.jupiter.engine.execution.InvocationInterceptorChain.proceed(InvocationInterceptorChain.java:66)
	at org.junit.jupiter.engine.execution.InvocationInterceptorChain.chainAndInvoke(InvocationInterceptorChain.java:47)
	at org.junit.jupiter.engine.execution.InvocationInterceptorChain.invoke(InvocationInterceptorChain.java:39)
	at org.junit.jupiter.engine.execution.InterceptingExecutableInvoker.invoke(InterceptingExecutableInvoker.java:104)
	at org.junit.jupiter.engine.execution.InterceptingExecutableInvoker.invoke(InterceptingExecutableInvoker.java:98)
	at org.junit.jupiter.engine.execution.InterceptingExecutableInvoker.invokeVoid(InterceptingExecutableInvoker.java:71)
	at org.junit.jupiter.engine.descriptor.TestMethodTestDescriptor.lambda$invokeTestMethod$0(TestMethodTestDescriptor.java:219)
	at org.junit.platform.engine.support.hierarchical.ThrowableCollector.execute(ThrowableCollector.java:74)
	at org.junit.jupiter.engine.descriptor.TestMethodTestDescriptor.invokeTestMethod(TestMethodTestDescriptor.java:215)
	at org.junit.jupiter.engine.descriptor.TestMethodTestDescriptor.execute(TestMethodTestDescriptor.java:157)
	at org.junit.jupiter.engine.descriptor.TestMethodTestDescriptor.execute(TestMethodTestDescriptor.java:70)
	at org.junit.platform.engine.support.hierarchical.NodeTestTask.lambda$executeRecursively$2(NodeTestTask.java:176)
	at org.junit.platform.engine.support.hierarchical.ThrowableCollector.execute(ThrowableCollector.java:74)
	at org.junit.platform.engine.support.hierarchical.NodeTestTask.lambda$executeRecursively$1(NodeTestTask.java:166)
	at org.junit.platform.engine.support.hierarchical.Node.around(Node.java:138)
	at org.junit.platform.engine.support.hierarchical.NodeTestTask.lambda$executeRecursively$0(NodeTestTask.java:164)
	at org.junit.platform.engine.support.hierarchical.ThrowableCollector.execute(ThrowableCollector.java:74)
	at org.junit.platform.engine.support.hierarchical.NodeTestTask.executeRecursively(NodeTestTask.java:163)
	at org.junit.platform.engine.support.hierarchical.NodeTestTask.execute(NodeTestTask.java:116)
	at org.junit.platform.engine.support.hierarchical.SameThreadHierarchicalTestExecutorService.submit(SameThreadHierarchicalTestExecutorService.java:36)
	at org.junit.platform.engine.support.hierarchical.NodeTestTask$DefaultDynamicTestExecutor.execute(NodeTestTask.java:268)
	at org.junit.platform.engine.support.hierarchical.NodeTestTask$DefaultDynamicTestExecutor.execute(NodeTestTask.java:246)
	at org.junit.jupiter.engine.descriptor.TemplateExecutor.execute(TemplateExecutor.java:96)
	at org.junit.jupiter.engine.descriptor.TemplateExecutor.lambda$executeForProvider$1(TemplateExecutor.java:59)
	at java.base/java.util.Optional.ifPresent(Optional.java:178)
	at org.junit.jupiter.engine.descriptor.TemplateExecutor.lambda$executeForProvider$0(TemplateExecutor.java:59)
	at java.base/java.util.stream.ForEachOps$ForEachOp$OfRef.accept(ForEachOps.java:184)
	at java.base/java.util.stream.ReferencePipeline$3$1.accept(ReferencePipeline.java:197)
	at java.base/java.util.stream.ForEachOps$ForEachOp$OfRef.accept(ForEachOps.java:184)
	at java.base/java.util.ArrayList$ArrayListSpliterator.forEachRemaining(ArrayList.java:1708)
	at java.base/java.util.stream.ReferencePipeline$Head.forEach(ReferencePipeline.java:762)
	at java.base/java.util.stream.ReferencePipeline$7$1.accept(ReferencePipeline.java:276)
	at java.base/java.util.ArrayList$ArrayListSpliterator.forEachRemaining(ArrayList.java:1708)
	at java.base/java.util.stream.AbstractPipeline.copyInto(AbstractPipeline.java:509)
	at java.base/java.util.stream.AbstractPipeline.wrapAndCopyInto(AbstractPipeline.java:499)
	at java.base/java.util.stream.ForEachOps$ForEachOp.evaluateSequential(ForEachOps.java:151)
	at java.base/java.util.stream.ForEachOps$ForEachOp$OfRef.evaluateSequential(ForEachOps.java:174)
	at java.base/java.util.stream.AbstractPipeline.evaluate(AbstractPipeline.java:234)
	at java.base/java.util.stream.ReferencePipeline.forEach(ReferencePipeline.java:596)
	at java.base/java.util.stream.ReferencePipeline$7$1.accept(ReferencePipeline.java:276)
	at java.base/java.util.stream.ReferencePipeline$3$1.accept(ReferencePipeline.java:197)
	at java.base/java.util.stream.ReferencePipeline$3$1.accept(ReferencePipeline.java:197)
	at java.base/java.util.stream.ReferencePipeline$3$1.accept(ReferencePipeline.java:197)
	at java.base/java.util.AbstractList$RandomAccessSpliterator.forEachRemaining(AbstractList.java:722)
	at java.base/java.util.stream.AbstractPipeline.copyInto(AbstractPipeline.java:509)
	at java.base/java.util.stream.AbstractPipeline.wrapAndCopyInto(AbstractPipeline.java:499)
	at java.base/java.util.stream.ForEachOps$ForEachOp.evaluateSequential(ForEachOps.java:151)
	at java.base/java.util.stream.ForEachOps$ForEachOp$OfRef.evaluateSequential(ForEachOps.java:174)
	at java.base/java.util.stream.AbstractPipeline.evaluate(AbstractPipeline.java:234)
	at java.base/java.util.stream.ReferencePipeline.forEach(ReferencePipeline.java:596)
	at org.junit.jupiter.engine.descriptor.TemplateExecutor.executeForProvider(TemplateExecutor.java:57)
	at org.junit.jupiter.engine.descriptor.TemplateExecutor.execute(TemplateExecutor.java:46)
	at org.junit.jupiter.engine.descriptor.TestTemplateTestDescriptor.execute(TestTemplateTestDescriptor.java:112)
	at org.junit.jupiter.engine.descriptor.TestTemplateTestDescriptor.execute(TestTemplateTestDescriptor.java:40)
	at org.junit.platform.engine.support.hierarchical.NodeTestTask.lambda$executeRecursively$2(NodeTestTask.java:176)
	at org.junit.platform.engine.support.hierarchical.ThrowableCollector.execute(ThrowableCollector.java:74)
	at org.junit.platform.engine.support.hierarchical.NodeTestTask.lambda$executeRecursively$1(NodeTestTask.java:166)
	at org.junit.platform.engine.support.hierarchical.Node.around(Node.java:138)
	at org.junit.platform.engine.support.hierarchical.NodeTestTask.lambda$executeRecursively$0(NodeTestTask.java:164)
	at org.junit.platform.engine.support.hierarchical.ThrowableCollector.execute(ThrowableCollector.java:74)
	at org.junit.platform.engine.support.hierarchical.NodeTestTask.executeRecursively(NodeTestTask.java:163)
	at org.junit.platform.engine.support.hierarchical.NodeTestTask.execute(NodeTestTask.java:116)
	at java.base/java.util.ArrayList.forEach(ArrayList.java:1596)
	at org.junit.platform.engine.support.hierarchical.SameThreadHierarchicalTestExecutorService.invokeAll(SameThreadHierarchicalTestExecutorService.java:42)
	at org.junit.platform.engine.support.hierarchical.NodeTestTask.lambda$executeRecursively$2(NodeTestTask.java:180)
	at org.junit.platform.engine.support.hierarchical.ThrowableCollector.execute(ThrowableCollector.java:74)
	at org.junit.platform.engine.support.hierarchical.NodeTestTask.lambda$executeRecursively$1(NodeTestTask.java:166)
	at org.junit.platform.engine.support.hierarchical.Node.around(Node.java:138)
	at org.junit.platform.engine.support.hierarchical.NodeTestTask.lambda$executeRecursively$0(NodeTestTask.java:164)
	at org.junit.platform.engine.support.hierarchical.ThrowableCollector.execute(ThrowableCollector.java:74)
	at org.junit.platform.engine.support.hierarchical.NodeTestTask.executeRecursively(NodeTestTask.java:163)
	at org.junit.platform.engine.support.hierarchical.NodeTestTask.execute(NodeTestTask.java:116)
	at java.base/java.util.ArrayList.forEach(ArrayList.java:1596)
	at org.junit.platform.engine.support.hierarchical.SameThreadHierarchicalTestExecutorService.invokeAll(SameThreadHierarchicalTestExecutorService.java:42)
	at org.junit.platform.engine.support.hierarchical.NodeTestTask.lambda$executeRecursively$2(NodeTestTask.java:180)
	at org.junit.platform.engine.support.hierarchical.ThrowableCollector.execute(ThrowableCollector.java:74)
	at org.junit.platform.engine.support.hierarchical.NodeTestTask.lambda$executeRecursively$1(NodeTestTask.java:166)
	at org.junit.platform.engine.support.hierarchical.Node.around(Node.java:138)
	at org.junit.platform.engine.support.hierarchical.NodeTestTask.lambda$executeRecursively$0(NodeTestTask.java:164)
	at org.junit.platform.engine.support.hierarchical.ThrowableCollector.execute(ThrowableCollector.java:74)
	at org.junit.platform.engine.support.hierarchical.NodeTestTask.executeRecursively(NodeTestTask.java:163)
	at org.junit.platform.engine.support.hierarchical.NodeTestTask.execute(NodeTestTask.java:116)
	at org.junit.platform.engine.support.hierarchical.SameThreadHierarchicalTestExecutorService.submit(SameThreadHierarchicalTestExecutorService.java:36)
	at org.junit.platform.engine.support.hierarchical.HierarchicalTestExecutor.execute(HierarchicalTestExecutor.java:52)
	at org.junit.platform.engine.support.hierarchical.HierarchicalTestEngine.execute(HierarchicalTestEngine.java:58)
	at org.junit.platform.launcher.core.EngineExecutionOrchestrator.executeEngine(EngineExecutionOrchestrator.java:246)
	at org.junit.platform.launcher.core.EngineExecutionOrchestrator.failOrExecuteEngine(EngineExecutionOrchestrator.java:218)
	at org.junit.platform.launcher.core.EngineExecutionOrchestrator.execute(EngineExecutionOrchestrator.java:179)
	at org.junit.platform.launcher.core.EngineExecutionOrchestrator.execute(EngineExecutionOrchestrator.java:108)
	at org.junit.platform.launcher.core.EngineExecutionOrchestrator.lambda$execute$0(EngineExecutionOrchestrator.java:66)
	at org.junit.platform.launcher.core.EngineExecutionOrchestrator.withInterceptedStreams(EngineExecutionOrchestrator.java:157)
	at org.junit.platform.launcher.core.EngineExecutionOrchestrator.execute(EngineExecutionOrchestrator.java:65)
	at org.junit.platform.launcher.core.DefaultLauncher.execute(DefaultLauncher.java:125)
	at org.junit.platform.launcher.core.DefaultLauncher.execute(DefaultLauncher.java:114)
	at org.junit.platform.launcher.core.DelegatingLauncher.execute(DelegatingLauncher.java:58)
	at org.junit.platform.launcher.core.InterceptingLauncher.lambda$execute$2(InterceptingLauncher.java:57)
	at org.junit.platform.launcher.core.ClasspathAlignmentCheckingLauncherInterceptor.intercept(ClasspathAlignmentCheckingLauncherInterceptor.java:25)
	at org.junit.platform.launcher.core.InterceptingLauncher.execute(InterceptingLauncher.java:56)
	at org.junit.platform.launcher.core.DelegatingLauncher.execute(DelegatingLauncher.java:58)
	at java.base/jdk.internal.reflect.DirectMethodHandleAccessor.invoke(DirectMethodHandleAccessor.java:103)
	at java.base/java.lang.reflect.Method.invoke(Method.java:580)
	at org.apache.maven.surefire.api.util.ReflectionUtils.invokeMethodWithArray(ReflectionUtils.java:125)
	at org.apache.maven.surefire.junitplatform.LauncherAdapter.executeWithCancellationToken(LauncherAdapter.java:68)
	at org.apache.maven.surefire.junitplatform.LauncherAdapter.execute(LauncherAdapter.java:54)
	at org.apache.maven.surefire.junitplatform.JUnitPlatformProvider.execute(JUnitPlatformProvider.java:203)
	at org.apache.maven.surefire.junitplatform.JUnitPlatformProvider.invokeAllTests(JUnitPlatformProvider.java:168)
	at org.apache.maven.surefire.junitplatform.JUnitPlatformProvider.invoke(JUnitPlatformProvider.java:134)
	at org.apache.maven.surefire.booter.ForkedBooter.runSuitesInProcess(ForkedBooter.java:385)
	at org.apache.maven.surefire.booter.ForkedBooter.execute(ForkedBooter.java:162)
	at org.apache.maven.surefire.booter.ForkedBooter.run(ForkedBooter.java:507)
	at org.apache.maven.surefire.booter.ForkedBooter.main(ForkedBooter.java:495)
Caused by: com.mysql.cj.exceptions.CJCommunicationsException: Communications link failure

The last packet successfully received from the server was 13 milliseconds ago. The last packet sent successfully to the server was 13 milliseconds ago.
	at java.base/jdk.internal.reflect.DirectConstructorHandleAccessor.newInstance(DirectConstructorHandleAccessor.java:62)
	at java.base/java.lang.reflect.Constructor.newInstanceWithCaller(Constructor.java:502)
	at java.base/java.lang.reflect.Constructor.newInstance(Constructor.java:486)
	at com.mysql.cj.exceptions.ExceptionFactory.createException(ExceptionFactory.java:52)
	at com.mysql.cj.exceptions.ExceptionFactory.createException(ExceptionFactory.java:95)
	at com.mysql.cj.exceptions.ExceptionFactory.createException(ExceptionFactory.java:140)
	at com.mysql.cj.exceptions.ExceptionFactory.createCommunicationsException(ExceptionFactory.java:156)
	at com.mysql.cj.protocol.a.NativeProtocol.readMessage(NativeProtocol.java:590)
	at com.mysql.cj.protocol.a.NativeProtocol.checkErrorMessage(NativeProtocol.java:767)
	at com.mysql.cj.protocol.a.NativeProtocol.sendCommand(NativeProtocol.java:706)
	at com.mysql.cj.protocol.a.NativeProtocol.sendQueryPacket(NativeProtocol.java:938)
	at com.mysql.cj.NativeSession.execSQL(NativeSession.java:817)
	at com.mysql.cj.jdbc.ConnectionImpl.commit(ConnectionImpl.java:794)
	... 148 common frames omitted
Caused by: java.io.EOFException: Can not read response from server. Expected to read 4 bytes, read 0 bytes before connection was unexpectedly lost.
	at com.mysql.cj.protocol.FullReadInputStream.readFully(FullReadInputStream.java:58)
	at com.mysql.cj.protocol.a.SimplePacketReader.readHeaderLocal(SimplePacketReader.java:72)
	at com.mysql.cj.protocol.a.SimplePacketReader.readHeader(SimplePacketReader.java:54)
	at com.mysql.cj.protocol.a.SimplePacketReader.readHeader(SimplePacketReader.java:36)
	at com.mysql.cj.protocol.a.TimeTrackingPacketReader.readHeader(TimeTrackingPacketReader.java:43)
	at com.mysql.cj.protocol.a.TimeTrackingPacketReader.readHeader(TimeTrackingPacketReader.java:32)
	at com.mysql.cj.protocol.a.MultiPacketReader.readHeader(MultiPacketReader.java:45)
	at com.mysql.cj.protocol.a.MultiPacketReader.readHeader(MultiPacketReader.java:35)
	at com.mysql.cj.protocol.a.NativeProtocol.readMessage(NativeProtocol.java:584)
	... 153 common frames omitted
11:09:06.584 [main] ERROR com.baomidou.dynamic.datasource.tx.ConnectionProxy -- Communications link failure

The last packet successfully received from the server was 13 milliseconds ago. The last packet sent successfully to the server was 13 milliseconds ago.
com.mysql.cj.jdbc.exceptions.CommunicationsException: Communications link failure

The last packet successfully received from the server was 13 milliseconds ago. The last packet sent successfully to the server was 13 milliseconds ago.
	at com.mysql.cj.jdbc.exceptions.SQLError.createCommunicationsException(SQLError.java:165)
	at com.mysql.cj.jdbc.exceptions.SQLExceptionsMapping.translateException(SQLExceptionsMapping.java:55)
	at com.mysql.cj.jdbc.ConnectionImpl.commit(ConnectionImpl.java:814)
	at com.zaxxer.hikari.pool.ProxyConnection.commit(ProxyConnection.java:378)
	at com.zaxxer.hikari.pool.HikariProxyConnection.commit(HikariProxyConnection.java)
	at java.base/jdk.internal.reflect.DirectMethodHandleAccessor.invoke(DirectMethodHandleAccessor.java:103)
	at java.base/java.lang.reflect.Method.invoke(Method.java:580)
	at org.namewta.test.notify.NotifyAtomicResultIntegrationTest$1.lambda$getConnection$0(NotifyAtomicResultIntegrationTest.java:118)
	at jdk.proxy2/jdk.proxy2.$Proxy131.commit(Unknown Source)
	at com.baomidou.dynamic.datasource.tx.ConnectionProxy.notify(ConnectionProxy.java:62)
	at com.baomidou.dynamic.datasource.tx.ConnectionFactory.notify(ConnectionFactory.java:153)
	at com.baomidou.dynamic.datasource.tx.LocalTxUtil.commit(LocalTxUtil.java:91)
	at com.baomidou.dynamic.datasource.tx.TransactionalTemplate.doExecute(TransactionalTemplate.java:126)
	at com.baomidou.dynamic.datasource.tx.TransactionalTemplate.execute(TransactionalTemplate.java:94)
	at com.baomidou.dynamic.datasource.aop.DynamicLocalTransactionInterceptor.invoke(DynamicLocalTransactionInterceptor.java:59)
	at org.springframework.aop.framework.ReflectiveMethodInvocation.proceed(ReflectiveMethodInvocation.java:179)
	at org.springframework.aop.framework.CglibAopProxy$DynamicAdvisedInterceptor.intercept(CglibAopProxy.java:719)
	at org.namewta.notify.usecase.ProviderCallbackUseCase$$SpringCGLIB$$14.apply(<generated>)
	at org.namewta.test.notify.NotifyAtomicResultIntegrationTest.callOn(NotifyAtomicResultIntegrationTest.java:1195)
	at org.namewta.test.notify.NotifyAtomicResultIntegrationTest.signedCallback(NotifyAtomicResultIntegrationTest.java:1189)
	at org.namewta.test.notify.NotifyAtomicResultIntegrationTest.callback(NotifyAtomicResultIntegrationTest.java:1186)
	at org.namewta.test.notify.NotifyAtomicResultIntegrationTest.lambda$commitDisconnectOrLostAcknowledgementCanRetryWithoutLosingTheEvent$45(NotifyAtomicResultIntegrationTest.java:915)
	at org.assertj.core.api.ThrowableAssert.catchThrowable(ThrowableAssert.java:66)
	at org.assertj.core.api.AssertionsForClassTypes.catchThrowable(AssertionsForClassTypes.java:908)
	at org.assertj.core.api.Assertions.catchThrowable(Assertions.java:1476)
	at org.assertj.core.api.Assertions.assertThatThrownBy(Assertions.java:1319)
	at org.namewta.test.notify.NotifyAtomicResultIntegrationTest.commitDisconnectOrLostAcknowledgementCanRetryWithoutLosingTheEvent(NotifyAtomicResultIntegrationTest.java:915)
	at java.base/jdk.internal.reflect.DirectMethodHandleAccessor.invoke(DirectMethodHandleAccessor.java:103)
	at java.base/java.lang.reflect.Method.invoke(Method.java:580)
	at org.junit.platform.commons.util.ReflectionUtils.invokeMethod(ReflectionUtils.java:701)
	at org.junit.platform.commons.support.ReflectionSupport.invokeMethod(ReflectionSupport.java:502)
	at org.junit.jupiter.engine.support.MethodReflectionUtils.invoke(MethodReflectionUtils.java:45)
	at org.junit.jupiter.engine.execution.MethodInvocation.proceed(MethodInvocation.java:61)
	at org.junit.jupiter.engine.execution.InvocationInterceptorChain$ValidatingInvocation.proceed(InvocationInterceptorChain.java:124)
	at org.junit.jupiter.engine.extension.TimeoutExtension.intercept(TimeoutExtension.java:163)
	at org.junit.jupiter.engine.extension.TimeoutExtension.interceptTestableMethod(TimeoutExtension.java:148)
	at org.junit.jupiter.engine.extension.TimeoutExtension.interceptTestTemplateMethod(TimeoutExtension.java:94)
	at org.junit.jupiter.engine.execution.InterceptingExecutableInvoker$ReflectiveInterceptorCall.lambda$ofVoidMethod$0(InterceptingExecutableInvoker.java:123)
	at org.junit.jupiter.engine.execution.InterceptingExecutableInvoker.lambda$invoke$0(InterceptingExecutableInvoker.java:105)
	at org.junit.jupiter.engine.execution.InvocationInterceptorChain$InterceptedInvocation.proceed(InvocationInterceptorChain.java:99)
	at org.junit.jupiter.engine.execution.InvocationInterceptorChain.proceed(InvocationInterceptorChain.java:66)
	at org.junit.jupiter.engine.execution.InvocationInterceptorChain.chainAndInvoke(InvocationInterceptorChain.java:47)
	at org.junit.jupiter.engine.execution.InvocationInterceptorChain.invoke(InvocationInterceptorChain.java:39)
	at org.junit.jupiter.engine.execution.InterceptingExecutableInvoker.invoke(InterceptingExecutableInvoker.java:104)
	at org.junit.jupiter.engine.execution.InterceptingExecutableInvoker.invoke(InterceptingExecutableInvoker.java:98)
	at org.junit.jupiter.engine.execution.InterceptingExecutableInvoker.invokeVoid(InterceptingExecutableInvoker.java:71)
	at org.junit.jupiter.engine.descriptor.TestMethodTestDescriptor.lambda$invokeTestMethod$0(TestMethodTestDescriptor.java:219)
	at org.junit.platform.engine.support.hierarchical.ThrowableCollector.execute(ThrowableCollector.java:74)
	at org.junit.jupiter.engine.descriptor.TestMethodTestDescriptor.invokeTestMethod(TestMethodTestDescriptor.java:215)
	at org.junit.jupiter.engine.descriptor.TestMethodTestDescriptor.execute(TestMethodTestDescriptor.java:157)
	at org.junit.jupiter.engine.descriptor.TestMethodTestDescriptor.execute(TestMethodTestDescriptor.java:70)
	at org.junit.platform.engine.support.hierarchical.NodeTestTask.lambda$executeRecursively$2(NodeTestTask.java:176)
	at org.junit.platform.engine.support.hierarchical.ThrowableCollector.execute(ThrowableCollector.java:74)
	at org.junit.platform.engine.support.hierarchical.NodeTestTask.lambda$executeRecursively$1(NodeTestTask.java:166)
	at org.junit.platform.engine.support.hierarchical.Node.around(Node.java:138)
	at org.junit.platform.engine.support.hierarchical.NodeTestTask.lambda$executeRecursively$0(NodeTestTask.java:164)
	at org.junit.platform.engine.support.hierarchical.ThrowableCollector.execute(ThrowableCollector.java:74)
	at org.junit.platform.engine.support.hierarchical.NodeTestTask.executeRecursively(NodeTestTask.java:163)
	at org.junit.platform.engine.support.hierarchical.NodeTestTask.execute(NodeTestTask.java:116)
	at org.junit.platform.engine.support.hierarchical.SameThreadHierarchicalTestExecutorService.submit(SameThreadHierarchicalTestExecutorService.java:36)
	at org.junit.platform.engine.support.hierarchical.NodeTestTask$DefaultDynamicTestExecutor.execute(NodeTestTask.java:268)
	at org.junit.platform.engine.support.hierarchical.NodeTestTask$DefaultDynamicTestExecutor.execute(NodeTestTask.java:246)
	at org.junit.jupiter.engine.descriptor.TemplateExecutor.execute(TemplateExecutor.java:96)
	at org.junit.jupiter.engine.descriptor.TemplateExecutor.lambda$executeForProvider$1(TemplateExecutor.java:59)
	at java.base/java.util.Optional.ifPresent(Optional.java:178)
	at org.junit.jupiter.engine.descriptor.TemplateExecutor.lambda$executeForProvider$0(TemplateExecutor.java:59)
	at java.base/java.util.stream.ForEachOps$ForEachOp$OfRef.accept(ForEachOps.java:184)
	at java.base/java.util.stream.ReferencePipeline$3$1.accept(ReferencePipeline.java:197)
	at java.base/java.util.stream.ForEachOps$ForEachOp$OfRef.accept(ForEachOps.java:184)
	at java.base/java.util.ArrayList$ArrayListSpliterator.forEachRemaining(ArrayList.java:1708)
	at java.base/java.util.stream.ReferencePipeline$Head.forEach(ReferencePipeline.java:762)
	at java.base/java.util.stream.ReferencePipeline$7$1.accept(ReferencePipeline.java:276)
	at java.base/java.util.ArrayList$ArrayListSpliterator.forEachRemaining(ArrayList.java:1708)
	at java.base/java.util.stream.AbstractPipeline.copyInto(AbstractPipeline.java:509)
	at java.base/java.util.stream.AbstractPipeline.wrapAndCopyInto(AbstractPipeline.java:499)
	at java.base/java.util.stream.ForEachOps$ForEachOp.evaluateSequential(ForEachOps.java:151)
	at java.base/java.util.stream.ForEachOps$ForEachOp$OfRef.evaluateSequential(ForEachOps.java:174)
	at java.base/java.util.stream.AbstractPipeline.evaluate(AbstractPipeline.java:234)
	at java.base/java.util.stream.ReferencePipeline.forEach(ReferencePipeline.java:596)
	at java.base/java.util.stream.ReferencePipeline$7$1.accept(ReferencePipeline.java:276)
	at java.base/java.util.stream.ReferencePipeline$3$1.accept(ReferencePipeline.java:197)
	at java.base/java.util.stream.ReferencePipeline$3$1.accept(ReferencePipeline.java:197)
	at java.base/java.util.stream.ReferencePipeline$3$1.accept(ReferencePipeline.java:197)
	at java.base/java.util.AbstractList$RandomAccessSpliterator.forEachRemaining(AbstractList.java:722)
	at java.base/java.util.stream.AbstractPipeline.copyInto(AbstractPipeline.java:509)
	at java.base/java.util.stream.AbstractPipeline.wrapAndCopyInto(AbstractPipeline.java:499)
	at java.base/java.util.stream.ForEachOps$ForEachOp.evaluateSequential(ForEachOps.java:151)
	at java.base/java.util.stream.ForEachOps$ForEachOp$OfRef.evaluateSequential(ForEachOps.java:174)
	at java.base/java.util.stream.AbstractPipeline.evaluate(AbstractPipeline.java:234)
	at java.base/java.util.stream.ReferencePipeline.forEach(ReferencePipeline.java:596)
	at org.junit.jupiter.engine.descriptor.TemplateExecutor.executeForProvider(TemplateExecutor.java:57)
	at org.junit.jupiter.engine.descriptor.TemplateExecutor.execute(TemplateExecutor.java:46)
	at org.junit.jupiter.engine.descriptor.TestTemplateTestDescriptor.execute(TestTemplateTestDescriptor.java:112)
	at org.junit.jupiter.engine.descriptor.TestTemplateTestDescriptor.execute(TestTemplateTestDescriptor.java:40)
	at org.junit.platform.engine.support.hierarchical.NodeTestTask.lambda$executeRecursively$2(NodeTestTask.java:176)
	at org.junit.platform.engine.support.hierarchical.ThrowableCollector.execute(ThrowableCollector.java:74)
	at org.junit.platform.engine.support.hierarchical.NodeTestTask.lambda$executeRecursively$1(NodeTestTask.java:166)
	at org.junit.platform.engine.support.hierarchical.Node.around(Node.java:138)
	at org.junit.platform.engine.support.hierarchical.NodeTestTask.lambda$executeRecursively$0(NodeTestTask.java:164)
	at org.junit.platform.engine.support.hierarchical.ThrowableCollector.execute(ThrowableCollector.java:74)
	at org.junit.platform.engine.support.hierarchical.NodeTestTask.executeRecursively(NodeTestTask.java:163)
	at org.junit.platform.engine.support.hierarchical.NodeTestTask.execute(NodeTestTask.java:116)
	at java.base/java.util.ArrayList.forEach(ArrayList.java:1596)
	at org.junit.platform.engine.support.hierarchical.SameThreadHierarchicalTestExecutorService.invokeAll(SameThreadHierarchicalTestExecutorService.java:42)
	at org.junit.platform.engine.support.hierarchical.NodeTestTask.lambda$executeRecursively$2(NodeTestTask.java:180)
	at org.junit.platform.engine.support.hierarchical.ThrowableCollector.execute(ThrowableCollector.java:74)
	at org.junit.platform.engine.support.hierarchical.NodeTestTask.lambda$executeRecursively$1(NodeTestTask.java:166)
	at org.junit.platform.engine.support.hierarchical.Node.around(Node.java:138)
	at org.junit.platform.engine.support.hierarchical.NodeTestTask.lambda$executeRecursively$0(NodeTestTask.java:164)
	at org.junit.platform.engine.support.hierarchical.ThrowableCollector.execute(ThrowableCollector.java:74)
	at org.junit.platform.engine.support.hierarchical.NodeTestTask.executeRecursively(NodeTestTask.java:163)
	at org.junit.platform.engine.support.hierarchical.NodeTestTask.execute(NodeTestTask.java:116)
	at java.base/java.util.ArrayList.forEach(ArrayList.java:1596)
	at org.junit.platform.engine.support.hierarchical.SameThreadHierarchicalTestExecutorService.invokeAll(SameThreadHierarchicalTestExecutorService.java:42)
	at org.junit.platform.engine.support.hierarchical.NodeTestTask.lambda$executeRecursively$2(NodeTestTask.java:180)
	at org.junit.platform.engine.support.hierarchical.ThrowableCollector.execute(ThrowableCollector.java:74)
	at org.junit.platform.engine.support.hierarchical.NodeTestTask.lambda$executeRecursively$1(NodeTestTask.java:166)
	at org.junit.platform.engine.support.hierarchical.Node.around(Node.java:138)
	at org.junit.platform.engine.support.hierarchical.NodeTestTask.lambda$executeRecursively$0(NodeTestTask.java:164)
	at org.junit.platform.engine.support.hierarchical.ThrowableCollector.execute(ThrowableCollector.java:74)
	at org.junit.platform.engine.support.hierarchical.NodeTestTask.executeRecursively(NodeTestTask.java:163)
	at org.junit.platform.engine.support.hierarchical.NodeTestTask.execute(NodeTestTask.java:116)
	at org.junit.platform.engine.support.hierarchical.SameThreadHierarchicalTestExecutorService.submit(SameThreadHierarchicalTestExecutorService.java:36)
	at org.junit.platform.engine.support.hierarchical.HierarchicalTestExecutor.execute(HierarchicalTestExecutor.java:52)
	at org.junit.platform.engine.support.hierarchical.HierarchicalTestEngine.execute(HierarchicalTestEngine.java:58)
	at org.junit.platform.launcher.core.EngineExecutionOrchestrator.executeEngine(EngineExecutionOrchestrator.java:246)
	at org.junit.platform.launcher.core.EngineExecutionOrchestrator.failOrExecuteEngine(EngineExecutionOrchestrator.java:218)
	at org.junit.platform.launcher.core.EngineExecutionOrchestrator.execute(EngineExecutionOrchestrator.java:179)
	at org.junit.platform.launcher.core.EngineExecutionOrchestrator.execute(EngineExecutionOrchestrator.java:108)
	at org.junit.platform.launcher.core.EngineExecutionOrchestrator.lambda$execute$0(EngineExecutionOrchestrator.java:66)
	at org.junit.platform.launcher.core.EngineExecutionOrchestrator.withInterceptedStreams(EngineExecutionOrchestrator.java:157)
	at org.junit.platform.launcher.core.EngineExecutionOrchestrator.execute(EngineExecutionOrchestrator.java:65)
	at org.junit.platform.launcher.core.DefaultLauncher.execute(DefaultLauncher.java:125)
	at org.junit.platform.launcher.core.DefaultLauncher.execute(DefaultLauncher.java:114)
	at org.junit.platform.launcher.core.DelegatingLauncher.execute(DelegatingLauncher.java:58)
	at org.junit.platform.launcher.core.InterceptingLauncher.lambda$execute$2(InterceptingLauncher.java:57)
	at org.junit.platform.launcher.core.ClasspathAlignmentCheckingLauncherInterceptor.intercept(ClasspathAlignmentCheckingLauncherInterceptor.java:25)
	at org.junit.platform.launcher.core.InterceptingLauncher.execute(InterceptingLauncher.java:56)
	at org.junit.platform.launcher.core.DelegatingLauncher.execute(DelegatingLauncher.java:58)
	at java.base/jdk.internal.reflect.DirectMethodHandleAccessor.invoke(DirectMethodHandleAccessor.java:103)
	at java.base/java.lang.reflect.Method.invoke(Method.java:580)
	at org.apache.maven.surefire.api.util.ReflectionUtils.invokeMethodWithArray(ReflectionUtils.java:125)
	at org.apache.maven.surefire.junitplatform.LauncherAdapter.executeWithCancellationToken(LauncherAdapter.java:68)
	at org.apache.maven.surefire.junitplatform.LauncherAdapter.execute(LauncherAdapter.java:54)
	at org.apache.maven.surefire.junitplatform.JUnitPlatformProvider.execute(JUnitPlatformProvider.java:203)
	at org.apache.maven.surefire.junitplatform.JUnitPlatformProvider.invokeAllTests(JUnitPlatformProvider.java:168)
	at org.apache.maven.surefire.junitplatform.JUnitPlatformProvider.invoke(JUnitPlatformProvider.java:134)
	at org.apache.maven.surefire.booter.ForkedBooter.runSuitesInProcess(ForkedBooter.java:385)
	at org.apache.maven.surefire.booter.ForkedBooter.execute(ForkedBooter.java:162)
	at org.apache.maven.surefire.booter.ForkedBooter.run(ForkedBooter.java:507)
	at org.apache.maven.surefire.booter.ForkedBooter.main(ForkedBooter.java:495)
Caused by: com.mysql.cj.exceptions.CJCommunicationsException: Communications link failure

The last packet successfully received from the server was 13 milliseconds ago. The last packet sent successfully to the server was 13 milliseconds ago.
	at java.base/jdk.internal.reflect.DirectConstructorHandleAccessor.newInstance(DirectConstructorHandleAccessor.java:62)
	at java.base/java.lang.reflect.Constructor.newInstanceWithCaller(Constructor.java:502)
	at java.base/java.lang.reflect.Constructor.newInstance(Constructor.java:486)
	at com.mysql.cj.exceptions.ExceptionFactory.createException(ExceptionFactory.java:52)
	at com.mysql.cj.exceptions.ExceptionFactory.createException(ExceptionFactory.java:95)
	at com.mysql.cj.exceptions.ExceptionFactory.createException(ExceptionFactory.java:140)
	at com.mysql.cj.exceptions.ExceptionFactory.createCommunicationsException(ExceptionFactory.java:156)
	at com.mysql.cj.protocol.a.NativeProtocol.readMessage(NativeProtocol.java:590)
	at com.mysql.cj.protocol.a.NativeProtocol.checkErrorMessage(NativeProtocol.java:767)
	at com.mysql.cj.protocol.a.NativeProtocol.sendCommand(NativeProtocol.java:706)
	at com.mysql.cj.protocol.a.NativeProtocol.sendQueryPacket(NativeProtocol.java:938)
	at com.mysql.cj.NativeSession.execSQL(NativeSession.java:817)
	at com.mysql.cj.jdbc.ConnectionImpl.commit(ConnectionImpl.java:794)
	... 148 common frames omitted
Caused by: java.io.EOFException: Can not read response from server. Expected to read 4 bytes, read 0 bytes before connection was unexpectedly lost.
	at com.mysql.cj.protocol.FullReadInputStream.readFully(FullReadInputStream.java:58)
	at com.mysql.cj.protocol.a.SimplePacketReader.readHeaderLocal(SimplePacketReader.java:72)
	at com.mysql.cj.protocol.a.SimplePacketReader.readHeader(SimplePacketReader.java:54)
	at com.mysql.cj.protocol.a.SimplePacketReader.readHeader(SimplePacketReader.java:36)
	at com.mysql.cj.protocol.a.TimeTrackingPacketReader.readHeader(TimeTrackingPacketReader.java:43)
	at com.mysql.cj.protocol.a.TimeTrackingPacketReader.readHeader(TimeTrackingPacketReader.java:32)
	at com.mysql.cj.protocol.a.MultiPacketReader.readHeader(MultiPacketReader.java:45)
	at com.mysql.cj.protocol.a.MultiPacketReader.readHeader(MultiPacketReader.java:35)
	at com.mysql.cj.protocol.a.NativeProtocol.readMessage(NativeProtocol.java:584)
	... 153 common frames omitted
11:09:06.639 [main] INFO com.baomidou.dynamic.datasource.DynamicRoutingDataSource -- dynamic-datasource start closing ....
11:09:06.639 [main] INFO com.baomidou.dynamic.datasource.DynamicRoutingDataSource -- dynamic-datasource all closed success,bye
11:09:06.639 [main] INFO com.zaxxer.hikari.HikariDataSource -- HikariPool-14 - Shutdown initiated...
11:09:06.645 [main] INFO com.zaxxer.hikari.HikariDataSource -- HikariPool-14 - Shutdown completed.
11:09:06.654 [main] INFO com.baomidou.dynamic.datasource.DynamicRoutingDataSource -- dynamic-datasource - add a datasource named [master] success
11:09:06.797 [main] INFO org.redisson.Version -- Redisson 4.6.1
11:09:06.802 [redisson-netty-44-1] INFO org.redisson.connection.ConnectionsHolder -- 1 connections initialized for 127.0.0.1/127.0.0.1:32841
11:09:06.804 [redisson-netty-44-2] INFO org.redisson.connection.ConnectionsHolder -- 1 connections initialized for 127.0.0.1/127.0.0.1:32841
11:09:06.843 [main] INFO com.zaxxer.hikari.HikariDataSource -- HikariPool-15 - Starting...
11:09:06.853 [main] INFO com.zaxxer.hikari.pool.HikariPool -- HikariPool-15 - Added connection com.mysql.cj.jdbc.ConnectionImpl@5a8fb312
11:09:06.853 [main] INFO com.zaxxer.hikari.HikariDataSource -- HikariPool-15 - Start completed.
11:09:06.918 [main] ERROR com.baomidou.dynamic.datasource.tx.ConnectionProxy -- owned lost commit acknowledgement
java.sql.SQLRecoverableException: owned lost commit acknowledgement
	at org.namewta.test.notify.NotifyAtomicResultIntegrationTest$1.lambda$getConnection$0(NotifyAtomicResultIntegrationTest.java:115)
	at jdk.proxy2/jdk.proxy2.$Proxy131.commit(Unknown Source)
	at com.baomidou.dynamic.datasource.tx.ConnectionProxy.notify(ConnectionProxy.java:62)
	at com.baomidou.dynamic.datasource.tx.ConnectionFactory.notify(ConnectionFactory.java:153)
	at com.baomidou.dynamic.datasource.tx.LocalTxUtil.commit(LocalTxUtil.java:91)
	at com.baomidou.dynamic.datasource.tx.TransactionalTemplate.doExecute(TransactionalTemplate.java:126)
	at com.baomidou.dynamic.datasource.tx.TransactionalTemplate.execute(TransactionalTemplate.java:94)
	at com.baomidou.dynamic.datasource.aop.DynamicLocalTransactionInterceptor.invoke(DynamicLocalTransactionInterceptor.java:59)
	at org.springframework.aop.framework.ReflectiveMethodInvocation.proceed(ReflectiveMethodInvocation.java:179)
	at org.springframework.aop.framework.CglibAopProxy$DynamicAdvisedInterceptor.intercept(CglibAopProxy.java:719)
	at org.namewta.notify.usecase.ProviderCallbackUseCase$$SpringCGLIB$$15.apply(<generated>)
	at org.namewta.test.notify.NotifyAtomicResultIntegrationTest.callOn(NotifyAtomicResultIntegrationTest.java:1195)
	at org.namewta.test.notify.NotifyAtomicResultIntegrationTest.signedCallback(NotifyAtomicResultIntegrationTest.java:1189)
	at org.namewta.test.notify.NotifyAtomicResultIntegrationTest.callback(NotifyAtomicResultIntegrationTest.java:1186)
	at org.namewta.test.notify.NotifyAtomicResultIntegrationTest.lambda$commitDisconnectOrLostAcknowledgementCanRetryWithoutLosingTheEvent$45(NotifyAtomicResultIntegrationTest.java:915)
	at org.assertj.core.api.ThrowableAssert.catchThrowable(ThrowableAssert.java:66)
	at org.assertj.core.api.AssertionsForClassTypes.catchThrowable(AssertionsForClassTypes.java:908)
	at org.assertj.core.api.Assertions.catchThrowable(Assertions.java:1476)
	at org.assertj.core.api.Assertions.assertThatThrownBy(Assertions.java:1319)
	at org.namewta.test.notify.NotifyAtomicResultIntegrationTest.commitDisconnectOrLostAcknowledgementCanRetryWithoutLosingTheEvent(NotifyAtomicResultIntegrationTest.java:915)
	at java.base/jdk.internal.reflect.DirectMethodHandleAccessor.invoke(DirectMethodHandleAccessor.java:103)
	at java.base/java.lang.reflect.Method.invoke(Method.java:580)
	at org.junit.platform.commons.util.ReflectionUtils.invokeMethod(ReflectionUtils.java:701)
	at org.junit.platform.commons.support.ReflectionSupport.invokeMethod(ReflectionSupport.java:502)
	at org.junit.jupiter.engine.support.MethodReflectionUtils.invoke(MethodReflectionUtils.java:45)
	at org.junit.jupiter.engine.execution.MethodInvocation.proceed(MethodInvocation.java:61)
	at org.junit.jupiter.engine.execution.InvocationInterceptorChain$ValidatingInvocation.proceed(InvocationInterceptorChain.java:124)
	at org.junit.jupiter.engine.extension.TimeoutExtension.intercept(TimeoutExtension.java:163)
	at org.junit.jupiter.engine.extension.TimeoutExtension.interceptTestableMethod(TimeoutExtension.java:148)
	at org.junit.jupiter.engine.extension.TimeoutExtension.interceptTestTemplateMethod(TimeoutExtension.java:94)
	at org.junit.jupiter.engine.execution.InterceptingExecutableInvoker$ReflectiveInterceptorCall.lambda$ofVoidMethod$0(InterceptingExecutableInvoker.java:123)
	at org.junit.jupiter.engine.execution.InterceptingExecutableInvoker.lambda$invoke$0(InterceptingExecutableInvoker.java:105)
	at org.junit.jupiter.engine.execution.InvocationInterceptorChain$InterceptedInvocation.proceed(InvocationInterceptorChain.java:99)
	at org.junit.jupiter.engine.execution.InvocationInterceptorChain.proceed(InvocationInterceptorChain.java:66)
	at org.junit.jupiter.engine.execution.InvocationInterceptorChain.chainAndInvoke(InvocationInterceptorChain.java:47)
	at org.junit.jupiter.engine.execution.InvocationInterceptorChain.invoke(InvocationInterceptorChain.java:39)
	at org.junit.jupiter.engine.execution.InterceptingExecutableInvoker.invoke(InterceptingExecutableInvoker.java:104)
	at org.junit.jupiter.engine.execution.InterceptingExecutableInvoker.invoke(InterceptingExecutableInvoker.java:98)
	at org.junit.jupiter.engine.execution.InterceptingExecutableInvoker.invokeVoid(InterceptingExecutableInvoker.java:71)
	at org.junit.jupiter.engine.descriptor.TestMethodTestDescriptor.lambda$invokeTestMethod$0(TestMethodTestDescriptor.java:219)
	at org.junit.platform.engine.support.hierarchical.ThrowableCollector.execute(ThrowableCollector.java:74)
	at org.junit.jupiter.engine.descriptor.TestMethodTestDescriptor.invokeTestMethod(TestMethodTestDescriptor.java:215)
	at org.junit.jupiter.engine.descriptor.TestMethodTestDescriptor.execute(TestMethodTestDescriptor.java:157)
	at org.junit.jupiter.engine.descriptor.TestMethodTestDescriptor.execute(TestMethodTestDescriptor.java:70)
	at org.junit.platform.engine.support.hierarchical.NodeTestTask.lambda$executeRecursively$2(NodeTestTask.java:176)
	at org.junit.platform.engine.support.hierarchical.ThrowableCollector.execute(ThrowableCollector.java:74)
	at org.junit.platform.engine.support.hierarchical.NodeTestTask.lambda$executeRecursively$1(NodeTestTask.java:166)
	at org.junit.platform.engine.support.hierarchical.Node.around(Node.java:138)
	at org.junit.platform.engine.support.hierarchical.NodeTestTask.lambda$executeRecursively$0(NodeTestTask.java:164)
	at org.junit.platform.engine.support.hierarchical.ThrowableCollector.execute(ThrowableCollector.java:74)
	at org.junit.platform.engine.support.hierarchical.NodeTestTask.executeRecursively(NodeTestTask.java:163)
	at org.junit.platform.engine.support.hierarchical.NodeTestTask.execute(NodeTestTask.java:116)
	at org.junit.platform.engine.support.hierarchical.SameThreadHierarchicalTestExecutorService.submit(SameThreadHierarchicalTestExecutorService.java:36)
	at org.junit.platform.engine.support.hierarchical.NodeTestTask$DefaultDynamicTestExecutor.execute(NodeTestTask.java:268)
	at org.junit.platform.engine.support.hierarchical.NodeTestTask$DefaultDynamicTestExecutor.execute(NodeTestTask.java:246)
	at org.junit.jupiter.engine.descriptor.TemplateExecutor.execute(TemplateExecutor.java:96)
	at org.junit.jupiter.engine.descriptor.TemplateExecutor.lambda$executeForProvider$1(TemplateExecutor.java:59)
	at java.base/java.util.Optional.ifPresent(Optional.java:178)
	at org.junit.jupiter.engine.descriptor.TemplateExecutor.lambda$executeForProvider$0(TemplateExecutor.java:59)
	at java.base/java.util.stream.ForEachOps$ForEachOp$OfRef.accept(ForEachOps.java:184)
	at java.base/java.util.stream.ReferencePipeline$3$1.accept(ReferencePipeline.java:197)
	at java.base/java.util.stream.ForEachOps$ForEachOp$OfRef.accept(ForEachOps.java:184)
	at java.base/java.util.ArrayList$ArrayListSpliterator.forEachRemaining(ArrayList.java:1708)
	at java.base/java.util.stream.ReferencePipeline$Head.forEach(ReferencePipeline.java:762)
	at java.base/java.util.stream.ReferencePipeline$7$1.accept(ReferencePipeline.java:276)
	at java.base/java.util.ArrayList$ArrayListSpliterator.forEachRemaining(ArrayList.java:1708)
	at java.base/java.util.stream.AbstractPipeline.copyInto(AbstractPipeline.java:509)
	at java.base/java.util.stream.AbstractPipeline.wrapAndCopyInto(AbstractPipeline.java:499)
	at java.base/java.util.stream.ForEachOps$ForEachOp.evaluateSequential(ForEachOps.java:151)
	at java.base/java.util.stream.ForEachOps$ForEachOp$OfRef.evaluateSequential(ForEachOps.java:174)
	at java.base/java.util.stream.AbstractPipeline.evaluate(AbstractPipeline.java:234)
	at java.base/java.util.stream.ReferencePipeline.forEach(ReferencePipeline.java:596)
	at java.base/java.util.stream.ReferencePipeline$7$1.accept(ReferencePipeline.java:276)
	at java.base/java.util.stream.ReferencePipeline$3$1.accept(ReferencePipeline.java:197)
	at java.base/java.util.stream.ReferencePipeline$3$1.accept(ReferencePipeline.java:197)
	at java.base/java.util.stream.ReferencePipeline$3$1.accept(ReferencePipeline.java:197)
	at java.base/java.util.AbstractList$RandomAccessSpliterator.forEachRemaining(AbstractList.java:722)
	at java.base/java.util.stream.AbstractPipeline.copyInto(AbstractPipeline.java:509)
	at java.base/java.util.stream.AbstractPipeline.wrapAndCopyInto(AbstractPipeline.java:499)
	at java.base/java.util.stream.ForEachOps$ForEachOp.evaluateSequential(ForEachOps.java:151)
	at java.base/java.util.stream.ForEachOps$ForEachOp$OfRef.evaluateSequential(ForEachOps.java:174)
	at java.base/java.util.stream.AbstractPipeline.evaluate(AbstractPipeline.java:234)
	at java.base/java.util.stream.ReferencePipeline.forEach(ReferencePipeline.java:596)
	at org.junit.jupiter.engine.descriptor.TemplateExecutor.executeForProvider(TemplateExecutor.java:57)
	at org.junit.jupiter.engine.descriptor.TemplateExecutor.execute(TemplateExecutor.java:46)
	at org.junit.jupiter.engine.descriptor.TestTemplateTestDescriptor.execute(TestTemplateTestDescriptor.java:112)
	at org.junit.jupiter.engine.descriptor.TestTemplateTestDescriptor.execute(TestTemplateTestDescriptor.java:40)
	at org.junit.platform.engine.support.hierarchical.NodeTestTask.lambda$executeRecursively$2(NodeTestTask.java:176)
	at org.junit.platform.engine.support.hierarchical.ThrowableCollector.execute(ThrowableCollector.java:74)
	at org.junit.platform.engine.support.hierarchical.NodeTestTask.lambda$executeRecursively$1(NodeTestTask.java:166)
	at org.junit.platform.engine.support.hierarchical.Node.around(Node.java:138)
	at org.junit.platform.engine.support.hierarchical.NodeTestTask.lambda$executeRecursively$0(NodeTestTask.java:164)
	at org.junit.platform.engine.support.hierarchical.ThrowableCollector.execute(ThrowableCollector.java:74)
	at org.junit.platform.engine.support.hierarchical.NodeTestTask.executeRecursively(NodeTestTask.java:163)
	at org.junit.platform.engine.support.hierarchical.NodeTestTask.execute(NodeTestTask.java:116)
	at java.base/java.util.ArrayList.forEach(ArrayList.java:1596)
	at org.junit.platform.engine.support.hierarchical.SameThreadHierarchicalTestExecutorService.invokeAll(SameThreadHierarchicalTestExecutorService.java:42)
	at org.junit.platform.engine.support.hierarchical.NodeTestTask.lambda$executeRecursively$2(NodeTestTask.java:180)
	at org.junit.platform.engine.support.hierarchical.ThrowableCollector.execute(ThrowableCollector.java:74)
	at org.junit.platform.engine.support.hierarchical.NodeTestTask.lambda$executeRecursively$1(NodeTestTask.java:166)
	at org.junit.platform.engine.support.hierarchical.Node.around(Node.java:138)
	at org.junit.platform.engine.support.hierarchical.NodeTestTask.lambda$executeRecursively$0(NodeTestTask.java:164)
	at org.junit.platform.engine.support.hierarchical.ThrowableCollector.execute(ThrowableCollector.java:74)
	at org.junit.platform.engine.support.hierarchical.NodeTestTask.executeRecursively(NodeTestTask.java:163)
	at org.junit.platform.engine.support.hierarchical.NodeTestTask.execute(NodeTestTask.java:116)
	at java.base/java.util.ArrayList.forEach(ArrayList.java:1596)
	at org.junit.platform.engine.support.hierarchical.SameThreadHierarchicalTestExecutorService.invokeAll(SameThreadHierarchicalTestExecutorService.java:42)
	at org.junit.platform.engine.support.hierarchical.NodeTestTask.lambda$executeRecursively$2(NodeTestTask.java:180)
	at org.junit.platform.engine.support.hierarchical.ThrowableCollector.execute(ThrowableCollector.java:74)
	at org.junit.platform.engine.support.hierarchical.NodeTestTask.lambda$executeRecursively$1(NodeTestTask.java:166)
	at org.junit.platform.engine.support.hierarchical.Node.around(Node.java:138)
	at org.junit.platform.engine.support.hierarchical.NodeTestTask.lambda$executeRecursively$0(NodeTestTask.java:164)
	at org.junit.platform.engine.support.hierarchical.ThrowableCollector.execute(ThrowableCollector.java:74)
	at org.junit.platform.engine.support.hierarchical.NodeTestTask.executeRecursively(NodeTestTask.java:163)
	at org.junit.platform.engine.support.hierarchical.NodeTestTask.execute(NodeTestTask.java:116)
	at org.junit.platform.engine.support.hierarchical.SameThreadHierarchicalTestExecutorService.submit(SameThreadHierarchicalTestExecutorService.java:36)
	at org.junit.platform.engine.support.hierarchical.HierarchicalTestExecutor.execute(HierarchicalTestExecutor.java:52)
	at org.junit.platform.engine.support.hierarchical.HierarchicalTestEngine.execute(HierarchicalTestEngine.java:58)
	at org.junit.platform.launcher.core.EngineExecutionOrchestrator.executeEngine(EngineExecutionOrchestrator.java:246)
	at org.junit.platform.launcher.core.EngineExecutionOrchestrator.failOrExecuteEngine(EngineExecutionOrchestrator.java:218)
	at org.junit.platform.launcher.core.EngineExecutionOrchestrator.execute(EngineExecutionOrchestrator.java:179)
	at org.junit.platform.launcher.core.EngineExecutionOrchestrator.execute(EngineExecutionOrchestrator.java:108)
	at org.junit.platform.launcher.core.EngineExecutionOrchestrator.lambda$execute$0(EngineExecutionOrchestrator.java:66)
	at org.junit.platform.launcher.core.EngineExecutionOrchestrator.withInterceptedStreams(EngineExecutionOrchestrator.java:157)
	at org.junit.platform.launcher.core.EngineExecutionOrchestrator.execute(EngineExecutionOrchestrator.java:65)
	at org.junit.platform.launcher.core.DefaultLauncher.execute(DefaultLauncher.java:125)
	at org.junit.platform.launcher.core.DefaultLauncher.execute(DefaultLauncher.java:114)
	at org.junit.platform.launcher.core.DelegatingLauncher.execute(DelegatingLauncher.java:58)
	at org.junit.platform.launcher.core.InterceptingLauncher.lambda$execute$2(InterceptingLauncher.java:57)
	at org.junit.platform.launcher.core.ClasspathAlignmentCheckingLauncherInterceptor.intercept(ClasspathAlignmentCheckingLauncherInterceptor.java:25)
	at org.junit.platform.launcher.core.InterceptingLauncher.execute(InterceptingLauncher.java:56)
	at org.junit.platform.launcher.core.DelegatingLauncher.execute(DelegatingLauncher.java:58)
	at java.base/jdk.internal.reflect.DirectMethodHandleAccessor.invoke(DirectMethodHandleAccessor.java:103)
	at java.base/java.lang.reflect.Method.invoke(Method.java:580)
	at org.apache.maven.surefire.api.util.ReflectionUtils.invokeMethodWithArray(ReflectionUtils.java:125)
	at org.apache.maven.surefire.junitplatform.LauncherAdapter.executeWithCancellationToken(LauncherAdapter.java:68)
	at org.apache.maven.surefire.junitplatform.LauncherAdapter.execute(LauncherAdapter.java:54)
	at org.apache.maven.surefire.junitplatform.JUnitPlatformProvider.execute(JUnitPlatformProvider.java:203)
	at org.apache.maven.surefire.junitplatform.JUnitPlatformProvider.invokeAllTests(JUnitPlatformProvider.java:168)
	at org.apache.maven.surefire.junitplatform.JUnitPlatformProvider.invoke(JUnitPlatformProvider.java:134)
	at org.apache.maven.surefire.booter.ForkedBooter.runSuitesInProcess(ForkedBooter.java:385)
	at org.apache.maven.surefire.booter.ForkedBooter.execute(ForkedBooter.java:162)
	at org.apache.maven.surefire.booter.ForkedBooter.run(ForkedBooter.java:507)
	at org.apache.maven.surefire.booter.ForkedBooter.main(ForkedBooter.java:495)
11:09:06.957 [main] INFO com.baomidou.dynamic.datasource.DynamicRoutingDataSource -- dynamic-datasource start closing ....
11:09:06.957 [main] INFO com.baomidou.dynamic.datasource.DynamicRoutingDataSource -- dynamic-datasource all closed success,bye
11:09:06.957 [main] INFO com.zaxxer.hikari.HikariDataSource -- HikariPool-15 - Shutdown initiated...
11:09:06.994 [main] INFO com.zaxxer.hikari.HikariDataSource -- HikariPool-15 - Shutdown completed.
11:09:07.003 [main] INFO com.baomidou.dynamic.datasource.DynamicRoutingDataSource -- dynamic-datasource - add a datasource named [master] success
11:09:07.161 [main] INFO org.redisson.Version -- Redisson 4.6.1
11:09:07.167 [redisson-netty-47-1] INFO org.redisson.connection.ConnectionsHolder -- 1 connections initialized for 127.0.0.1/127.0.0.1:32841
11:09:07.169 [redisson-netty-47-2] INFO org.redisson.connection.ConnectionsHolder -- 1 connections initialized for 127.0.0.1/127.0.0.1:32841
11:09:07.186 [main] INFO com.zaxxer.hikari.HikariDataSource -- HikariPool-16 - Starting...
11:09:07.191 [main] INFO com.zaxxer.hikari.pool.HikariPool -- HikariPool-16 - Added connection com.mysql.cj.jdbc.ConnectionImpl@4c7e7855
11:09:07.191 [main] INFO com.zaxxer.hikari.HikariDataSource -- HikariPool-16 - Start completed.
11:09:07.288 [main] WARN com.zaxxer.hikari.pool.ProxyConnection -- HikariPool-16 - Connection com.mysql.cj.jdbc.ConnectionImpl@4c7e7855 marked as broken because of SQLSTATE(08S01), ErrorCode(0)
com.mysql.cj.jdbc.exceptions.CommunicationsException: Communications link failure

The last packet successfully received from the server was 11 milliseconds ago. The last packet sent successfully to the server was 11 milliseconds ago.
	at com.mysql.cj.jdbc.exceptions.SQLError.createCommunicationsException(SQLError.java:165)
	at com.mysql.cj.jdbc.exceptions.SQLExceptionsMapping.translateException(SQLExceptionsMapping.java:55)
	at com.mysql.cj.jdbc.ConnectionImpl.commit(ConnectionImpl.java:814)
	at com.zaxxer.hikari.pool.ProxyConnection.commit(ProxyConnection.java:378)
	at com.zaxxer.hikari.pool.HikariProxyConnection.commit(HikariProxyConnection.java)
	at java.base/jdk.internal.reflect.DirectMethodHandleAccessor.invoke(DirectMethodHandleAccessor.java:103)
	at java.base/java.lang.reflect.Method.invoke(Method.java:580)
	at org.namewta.test.notify.NotifyAtomicResultIntegrationTest$1.lambda$getConnection$0(NotifyAtomicResultIntegrationTest.java:118)
	at jdk.proxy2/jdk.proxy2.$Proxy131.commit(Unknown Source)
	at com.baomidou.dynamic.datasource.tx.ConnectionProxy.notify(ConnectionProxy.java:62)
	at com.baomidou.dynamic.datasource.tx.ConnectionFactory.notify(ConnectionFactory.java:153)
	at com.baomidou.dynamic.datasource.tx.LocalTxUtil.commit(LocalTxUtil.java:91)
	at com.baomidou.dynamic.datasource.tx.TransactionalTemplate.doExecute(TransactionalTemplate.java:126)
	at com.baomidou.dynamic.datasource.tx.TransactionalTemplate.execute(TransactionalTemplate.java:94)
	at com.baomidou.dynamic.datasource.aop.DynamicLocalTransactionInterceptor.invoke(DynamicLocalTransactionInterceptor.java:59)
	at org.springframework.aop.framework.ReflectiveMethodInvocation.proceed(ReflectiveMethodInvocation.java:179)
	at org.springframework.aop.framework.CglibAopProxy$DynamicAdvisedInterceptor.intercept(CglibAopProxy.java:719)
	at org.namewta.notify.usecase.NotifyDispatchResultUseCase$$SpringCGLIB$$15.completeInApp(<generated>)
	at org.namewta.notify.service.runtime.DispatchNotificationService.dispatchInApp(DispatchNotificationService.java:223)
	at org.namewta.notify.service.runtime.DispatchNotificationService.dispatch(DispatchNotificationService.java:92)
	at org.namewta.test.notify.NotifyAtomicResultIntegrationTest.lambda$uncertainResultCommitUsesDurableFactsToPreventDuplicateInbox$17(NotifyAtomicResultIntegrationTest.java:508)
	at org.assertj.core.api.ThrowableAssert.catchThrowable(ThrowableAssert.java:66)
	at org.assertj.core.api.AssertionsForClassTypes.catchThrowable(AssertionsForClassTypes.java:908)
	at org.assertj.core.api.Assertions.catchThrowable(Assertions.java:1476)
	at org.assertj.core.api.Assertions.assertThatThrownBy(Assertions.java:1319)
	at org.namewta.test.notify.NotifyAtomicResultIntegrationTest.uncertainResultCommitUsesDurableFactsToPreventDuplicateInbox(NotifyAtomicResultIntegrationTest.java:508)
	at java.base/jdk.internal.reflect.DirectMethodHandleAccessor.invoke(DirectMethodHandleAccessor.java:103)
	at java.base/java.lang.reflect.Method.invoke(Method.java:580)
	at org.junit.platform.commons.util.ReflectionUtils.invokeMethod(ReflectionUtils.java:701)
	at org.junit.platform.commons.support.ReflectionSupport.invokeMethod(ReflectionSupport.java:502)
	at org.junit.jupiter.engine.support.MethodReflectionUtils.invoke(MethodReflectionUtils.java:45)
	at org.junit.jupiter.engine.execution.MethodInvocation.proceed(MethodInvocation.java:61)
	at org.junit.jupiter.engine.execution.InvocationInterceptorChain$ValidatingInvocation.proceed(InvocationInterceptorChain.java:124)
	at org.junit.jupiter.engine.extension.TimeoutExtension.intercept(TimeoutExtension.java:163)
	at org.junit.jupiter.engine.extension.TimeoutExtension.interceptTestableMethod(TimeoutExtension.java:148)
	at org.junit.jupiter.engine.extension.TimeoutExtension.interceptTestTemplateMethod(TimeoutExtension.java:94)
	at org.junit.jupiter.engine.execution.InterceptingExecutableInvoker$ReflectiveInterceptorCall.lambda$ofVoidMethod$0(InterceptingExecutableInvoker.java:123)
	at org.junit.jupiter.engine.execution.InterceptingExecutableInvoker.lambda$invoke$0(InterceptingExecutableInvoker.java:105)
	at org.junit.jupiter.engine.execution.InvocationInterceptorChain$InterceptedInvocation.proceed(InvocationInterceptorChain.java:99)
	at org.junit.jupiter.engine.execution.InvocationInterceptorChain.proceed(InvocationInterceptorChain.java:66)
	at org.junit.jupiter.engine.execution.InvocationInterceptorChain.chainAndInvoke(InvocationInterceptorChain.java:47)
	at org.junit.jupiter.engine.execution.InvocationInterceptorChain.invoke(InvocationInterceptorChain.java:39)
	at org.junit.jupiter.engine.execution.InterceptingExecutableInvoker.invoke(InterceptingExecutableInvoker.java:104)
	at org.junit.jupiter.engine.execution.InterceptingExecutableInvoker.invoke(InterceptingExecutableInvoker.java:98)
	at org.junit.jupiter.engine.execution.InterceptingExecutableInvoker.invokeVoid(InterceptingExecutableInvoker.java:71)
	at org.junit.jupiter.engine.descriptor.TestMethodTestDescriptor.lambda$invokeTestMethod$0(TestMethodTestDescriptor.java:219)
	at org.junit.platform.engine.support.hierarchical.ThrowableCollector.execute(ThrowableCollector.java:74)
	at org.junit.jupiter.engine.descriptor.TestMethodTestDescriptor.invokeTestMethod(TestMethodTestDescriptor.java:215)
	at org.junit.jupiter.engine.descriptor.TestMethodTestDescriptor.execute(TestMethodTestDescriptor.java:157)
	at org.junit.jupiter.engine.descriptor.TestMethodTestDescriptor.execute(TestMethodTestDescriptor.java:70)
	at org.junit.platform.engine.support.hierarchical.NodeTestTask.lambda$executeRecursively$2(NodeTestTask.java:176)
	at org.junit.platform.engine.support.hierarchical.ThrowableCollector.execute(ThrowableCollector.java:74)
	at org.junit.platform.engine.support.hierarchical.NodeTestTask.lambda$executeRecursively$1(NodeTestTask.java:166)
	at org.junit.platform.engine.support.hierarchical.Node.around(Node.java:138)
	at org.junit.platform.engine.support.hierarchical.NodeTestTask.lambda$executeRecursively$0(NodeTestTask.java:164)
	at org.junit.platform.engine.support.hierarchical.ThrowableCollector.execute(ThrowableCollector.java:74)
	at org.junit.platform.engine.support.hierarchical.NodeTestTask.executeRecursively(NodeTestTask.java:163)
	at org.junit.platform.engine.support.hierarchical.NodeTestTask.execute(NodeTestTask.java:116)
	at org.junit.platform.engine.support.hierarchical.SameThreadHierarchicalTestExecutorService.submit(SameThreadHierarchicalTestExecutorService.java:36)
	at org.junit.platform.engine.support.hierarchical.NodeTestTask$DefaultDynamicTestExecutor.execute(NodeTestTask.java:268)
	at org.junit.platform.engine.support.hierarchical.NodeTestTask$DefaultDynamicTestExecutor.execute(NodeTestTask.java:246)
	at org.junit.jupiter.engine.descriptor.TemplateExecutor.execute(TemplateExecutor.java:96)
	at org.junit.jupiter.engine.descriptor.TemplateExecutor.lambda$executeForProvider$1(TemplateExecutor.java:59)
	at java.base/java.util.Optional.ifPresent(Optional.java:178)
	at org.junit.jupiter.engine.descriptor.TemplateExecutor.lambda$executeForProvider$0(TemplateExecutor.java:59)
	at java.base/java.util.stream.ForEachOps$ForEachOp$OfRef.accept(ForEachOps.java:184)
	at java.base/java.util.stream.ReferencePipeline$3$1.accept(ReferencePipeline.java:197)
	at java.base/java.util.stream.ForEachOps$ForEachOp$OfRef.accept(ForEachOps.java:184)
	at java.base/java.util.stream.ForEachOps$ForEachOp$OfRef.accept(ForEachOps.java:184)
	at java.base/java.util.stream.ReferencePipeline$3$1.accept(ReferencePipeline.java:197)
	at java.base/java.util.Spliterators$ArraySpliterator.forEachRemaining(Spliterators.java:1024)
	at java.base/java.util.stream.AbstractPipeline.copyInto(AbstractPipeline.java:509)
	at java.base/java.util.stream.AbstractPipeline.wrapAndCopyInto(AbstractPipeline.java:499)
	at java.base/java.util.stream.ForEachOps$ForEachOp.evaluateSequential(ForEachOps.java:151)
	at java.base/java.util.stream.ForEachOps$ForEachOp$OfRef.evaluateSequential(ForEachOps.java:174)
	at java.base/java.util.stream.AbstractPipeline.evaluate(AbstractPipeline.java:234)
	at java.base/java.util.stream.ReferencePipeline.forEach(ReferencePipeline.java:596)
	at java.base/java.util.stream.ReferencePipeline$7$1.accept(ReferencePipeline.java:276)
	at java.base/java.util.ArrayList$ArrayListSpliterator.forEachRemaining(ArrayList.java:1708)
	at java.base/java.util.stream.AbstractPipeline.copyInto(AbstractPipeline.java:509)
	at java.base/java.util.stream.AbstractPipeline.wrapAndCopyInto(AbstractPipeline.java:499)
	at java.base/java.util.stream.ForEachOps$ForEachOp.evaluateSequential(ForEachOps.java:151)
	at java.base/java.util.stream.ForEachOps$ForEachOp$OfRef.evaluateSequential(ForEachOps.java:174)
	at java.base/java.util.stream.AbstractPipeline.evaluate(AbstractPipeline.java:234)
	at java.base/java.util.stream.ReferencePipeline.forEach(ReferencePipeline.java:596)
	at java.base/java.util.stream.ReferencePipeline$7$1.accept(ReferencePipeline.java:276)
	at java.base/java.util.stream.ReferencePipeline$3$1.accept(ReferencePipeline.java:197)
	at java.base/java.util.stream.ReferencePipeline$3$1.accept(ReferencePipeline.java:197)
	at java.base/java.util.stream.ReferencePipeline$3$1.accept(ReferencePipeline.java:197)
	at java.base/java.util.AbstractList$RandomAccessSpliterator.forEachRemaining(AbstractList.java:722)
	at java.base/java.util.stream.AbstractPipeline.copyInto(AbstractPipeline.java:509)
	at java.base/java.util.stream.AbstractPipeline.wrapAndCopyInto(AbstractPipeline.java:499)
	at java.base/java.util.stream.ForEachOps$ForEachOp.evaluateSequential(ForEachOps.java:151)
	at java.base/java.util.stream.ForEachOps$ForEachOp$OfRef.evaluateSequential(ForEachOps.java:174)
	at java.base/java.util.stream.AbstractPipeline.evaluate(AbstractPipeline.java:234)
	at java.base/java.util.stream.ReferencePipeline.forEach(ReferencePipeline.java:596)
	at org.junit.jupiter.engine.descriptor.TemplateExecutor.executeForProvider(TemplateExecutor.java:57)
	at org.junit.jupiter.engine.descriptor.TemplateExecutor.execute(TemplateExecutor.java:46)
	at org.junit.jupiter.engine.descriptor.TestTemplateTestDescriptor.execute(TestTemplateTestDescriptor.java:112)
	at org.junit.jupiter.engine.descriptor.TestTemplateTestDescriptor.execute(TestTemplateTestDescriptor.java:40)
	at org.junit.platform.engine.support.hierarchical.NodeTestTask.lambda$executeRecursively$2(NodeTestTask.java:176)
	at org.junit.platform.engine.support.hierarchical.ThrowableCollector.execute(ThrowableCollector.java:74)
	at org.junit.platform.engine.support.hierarchical.NodeTestTask.lambda$executeRecursively$1(NodeTestTask.java:166)
	at org.junit.platform.engine.support.hierarchical.Node.around(Node.java:138)
	at org.junit.platform.engine.support.hierarchical.NodeTestTask.lambda$executeRecursively$0(NodeTestTask.java:164)
	at org.junit.platform.engine.support.hierarchical.ThrowableCollector.execute(ThrowableCollector.java:74)
	at org.junit.platform.engine.support.hierarchical.NodeTestTask.executeRecursively(NodeTestTask.java:163)
	at org.junit.platform.engine.support.hierarchical.NodeTestTask.execute(NodeTestTask.java:116)
	at java.base/java.util.ArrayList.forEach(ArrayList.java:1596)
	at org.junit.platform.engine.support.hierarchical.SameThreadHierarchicalTestExecutorService.invokeAll(SameThreadHierarchicalTestExecutorService.java:42)
	at org.junit.platform.engine.support.hierarchical.NodeTestTask.lambda$executeRecursively$2(NodeTestTask.java:180)
	at org.junit.platform.engine.support.hierarchical.ThrowableCollector.execute(ThrowableCollector.java:74)
	at org.junit.platform.engine.support.hierarchical.NodeTestTask.lambda$executeRecursively$1(NodeTestTask.java:166)
	at org.junit.platform.engine.support.hierarchical.Node.around(Node.java:138)
	at org.junit.platform.engine.support.hierarchical.NodeTestTask.lambda$executeRecursively$0(NodeTestTask.java:164)
	at org.junit.platform.engine.support.hierarchical.ThrowableCollector.execute(ThrowableCollector.java:74)
	at org.junit.platform.engine.support.hierarchical.NodeTestTask.executeRecursively(NodeTestTask.java:163)
	at org.junit.platform.engine.support.hierarchical.NodeTestTask.execute(NodeTestTask.java:116)
	at java.base/java.util.ArrayList.forEach(ArrayList.java:1596)
	at org.junit.platform.engine.support.hierarchical.SameThreadHierarchicalTestExecutorService.invokeAll(SameThreadHierarchicalTestExecutorService.java:42)
	at org.junit.platform.engine.support.hierarchical.NodeTestTask.lambda$executeRecursively$2(NodeTestTask.java:180)
	at org.junit.platform.engine.support.hierarchical.ThrowableCollector.execute(ThrowableCollector.java:74)
	at org.junit.platform.engine.support.hierarchical.NodeTestTask.lambda$executeRecursively$1(NodeTestTask.java:166)
	at org.junit.platform.engine.support.hierarchical.Node.around(Node.java:138)
	at org.junit.platform.engine.support.hierarchical.NodeTestTask.lambda$executeRecursively$0(NodeTestTask.java:164)
	at org.junit.platform.engine.support.hierarchical.ThrowableCollector.execute(ThrowableCollector.java:74)
	at org.junit.platform.engine.support.hierarchical.NodeTestTask.executeRecursively(NodeTestTask.java:163)
	at org.junit.platform.engine.support.hierarchical.NodeTestTask.execute(NodeTestTask.java:116)
	at org.junit.platform.engine.support.hierarchical.SameThreadHierarchicalTestExecutorService.submit(SameThreadHierarchicalTestExecutorService.java:36)
	at org.junit.platform.engine.support.hierarchical.HierarchicalTestExecutor.execute(HierarchicalTestExecutor.java:52)
	at org.junit.platform.engine.support.hierarchical.HierarchicalTestEngine.execute(HierarchicalTestEngine.java:58)
	at org.junit.platform.launcher.core.EngineExecutionOrchestrator.executeEngine(EngineExecutionOrchestrator.java:246)
	at org.junit.platform.launcher.core.EngineExecutionOrchestrator.failOrExecuteEngine(EngineExecutionOrchestrator.java:218)
	at org.junit.platform.launcher.core.EngineExecutionOrchestrator.execute(EngineExecutionOrchestrator.java:179)
	at org.junit.platform.launcher.core.EngineExecutionOrchestrator.execute(EngineExecutionOrchestrator.java:108)
	at org.junit.platform.launcher.core.EngineExecutionOrchestrator.lambda$execute$0(EngineExecutionOrchestrator.java:66)
	at org.junit.platform.launcher.core.EngineExecutionOrchestrator.withInterceptedStreams(EngineExecutionOrchestrator.java:157)
	at org.junit.platform.launcher.core.EngineExecutionOrchestrator.execute(EngineExecutionOrchestrator.java:65)
	at org.junit.platform.launcher.core.DefaultLauncher.execute(DefaultLauncher.java:125)
	at org.junit.platform.launcher.core.DefaultLauncher.execute(DefaultLauncher.java:114)
	at org.junit.platform.launcher.core.DelegatingLauncher.execute(DelegatingLauncher.java:58)
	at org.junit.platform.launcher.core.InterceptingLauncher.lambda$execute$2(InterceptingLauncher.java:57)
	at org.junit.platform.launcher.core.ClasspathAlignmentCheckingLauncherInterceptor.intercept(ClasspathAlignmentCheckingLauncherInterceptor.java:25)
	at org.junit.platform.launcher.core.InterceptingLauncher.execute(InterceptingLauncher.java:56)
	at org.junit.platform.launcher.core.DelegatingLauncher.execute(DelegatingLauncher.java:58)
	at java.base/jdk.internal.reflect.DirectMethodHandleAccessor.invoke(DirectMethodHandleAccessor.java:103)
	at java.base/java.lang.reflect.Method.invoke(Method.java:580)
	at org.apache.maven.surefire.api.util.ReflectionUtils.invokeMethodWithArray(ReflectionUtils.java:125)
	at org.apache.maven.surefire.junitplatform.LauncherAdapter.executeWithCancellationToken(LauncherAdapter.java:68)
	at org.apache.maven.surefire.junitplatform.LauncherAdapter.execute(LauncherAdapter.java:54)
	at org.apache.maven.surefire.junitplatform.JUnitPlatformProvider.execute(JUnitPlatformProvider.java:203)
	at org.apache.maven.surefire.junitplatform.JUnitPlatformProvider.invokeAllTests(JUnitPlatformProvider.java:168)
	at org.apache.maven.surefire.junitplatform.JUnitPlatformProvider.invoke(JUnitPlatformProvider.java:134)
	at org.apache.maven.surefire.booter.ForkedBooter.runSuitesInProcess(ForkedBooter.java:385)
	at org.apache.maven.surefire.booter.ForkedBooter.execute(ForkedBooter.java:162)
	at org.apache.maven.surefire.booter.ForkedBooter.run(ForkedBooter.java:507)
	at org.apache.maven.surefire.booter.ForkedBooter.main(ForkedBooter.java:495)
Caused by: com.mysql.cj.exceptions.CJCommunicationsException: Communications link failure

The last packet successfully received from the server was 11 milliseconds ago. The last packet sent successfully to the server was 11 milliseconds ago.
	at java.base/jdk.internal.reflect.DirectConstructorHandleAccessor.newInstance(DirectConstructorHandleAccessor.java:62)
	at java.base/java.lang.reflect.Constructor.newInstanceWithCaller(Constructor.java:502)
	at java.base/java.lang.reflect.Constructor.newInstance(Constructor.java:486)
	at com.mysql.cj.exceptions.ExceptionFactory.createException(ExceptionFactory.java:52)
	at com.mysql.cj.exceptions.ExceptionFactory.createException(ExceptionFactory.java:95)
	at com.mysql.cj.exceptions.ExceptionFactory.createException(ExceptionFactory.java:140)
	at com.mysql.cj.exceptions.ExceptionFactory.createCommunicationsException(ExceptionFactory.java:156)
	at com.mysql.cj.protocol.a.NativeProtocol.readMessage(NativeProtocol.java:590)
	at com.mysql.cj.protocol.a.NativeProtocol.checkErrorMessage(NativeProtocol.java:767)
	at com.mysql.cj.protocol.a.NativeProtocol.sendCommand(NativeProtocol.java:706)
	at com.mysql.cj.protocol.a.NativeProtocol.sendQueryPacket(NativeProtocol.java:938)
	at com.mysql.cj.NativeSession.execSQL(NativeSession.java:817)
	at com.mysql.cj.jdbc.ConnectionImpl.commit(ConnectionImpl.java:794)
	... 154 common frames omitted
Caused by: java.io.EOFException: Can not read response from server. Expected to read 4 bytes, read 0 bytes before connection was unexpectedly lost.
	at com.mysql.cj.protocol.FullReadInputStream.readFully(FullReadInputStream.java:58)
	at com.mysql.cj.protocol.a.SimplePacketReader.readHeaderLocal(SimplePacketReader.java:72)
	at com.mysql.cj.protocol.a.SimplePacketReader.readHeader(SimplePacketReader.java:54)
	at com.mysql.cj.protocol.a.SimplePacketReader.readHeader(SimplePacketReader.java:36)
	at com.mysql.cj.protocol.a.TimeTrackingPacketReader.readHeader(TimeTrackingPacketReader.java:43)
	at com.mysql.cj.protocol.a.TimeTrackingPacketReader.readHeader(TimeTrackingPacketReader.java:32)
	at com.mysql.cj.protocol.a.MultiPacketReader.readHeader(MultiPacketReader.java:45)
	at com.mysql.cj.protocol.a.MultiPacketReader.readHeader(MultiPacketReader.java:35)
	at com.mysql.cj.protocol.a.NativeProtocol.readMessage(NativeProtocol.java:584)
	... 159 common frames omitted
11:09:07.290 [main] ERROR com.baomidou.dynamic.datasource.tx.ConnectionProxy -- Communications link failure

The last packet successfully received from the server was 11 milliseconds ago. The last packet sent successfully to the server was 11 milliseconds ago.
com.mysql.cj.jdbc.exceptions.CommunicationsException: Communications link failure

The last packet successfully received from the server was 11 milliseconds ago. The last packet sent successfully to the server was 11 milliseconds ago.
	at com.mysql.cj.jdbc.exceptions.SQLError.createCommunicationsException(SQLError.java:165)
	at com.mysql.cj.jdbc.exceptions.SQLExceptionsMapping.translateException(SQLExceptionsMapping.java:55)
	at com.mysql.cj.jdbc.ConnectionImpl.commit(ConnectionImpl.java:814)
	at com.zaxxer.hikari.pool.ProxyConnection.commit(ProxyConnection.java:378)
	at com.zaxxer.hikari.pool.HikariProxyConnection.commit(HikariProxyConnection.java)
	at java.base/jdk.internal.reflect.DirectMethodHandleAccessor.invoke(DirectMethodHandleAccessor.java:103)
	at java.base/java.lang.reflect.Method.invoke(Method.java:580)
	at org.namewta.test.notify.NotifyAtomicResultIntegrationTest$1.lambda$getConnection$0(NotifyAtomicResultIntegrationTest.java:118)
	at jdk.proxy2/jdk.proxy2.$Proxy131.commit(Unknown Source)
	at com.baomidou.dynamic.datasource.tx.ConnectionProxy.notify(ConnectionProxy.java:62)
	at com.baomidou.dynamic.datasource.tx.ConnectionFactory.notify(ConnectionFactory.java:153)
	at com.baomidou.dynamic.datasource.tx.LocalTxUtil.commit(LocalTxUtil.java:91)
	at com.baomidou.dynamic.datasource.tx.TransactionalTemplate.doExecute(TransactionalTemplate.java:126)
	at com.baomidou.dynamic.datasource.tx.TransactionalTemplate.execute(TransactionalTemplate.java:94)
	at com.baomidou.dynamic.datasource.aop.DynamicLocalTransactionInterceptor.invoke(DynamicLocalTransactionInterceptor.java:59)
	at org.springframework.aop.framework.ReflectiveMethodInvocation.proceed(ReflectiveMethodInvocation.java:179)
	at org.springframework.aop.framework.CglibAopProxy$DynamicAdvisedInterceptor.intercept(CglibAopProxy.java:719)
	at org.namewta.notify.usecase.NotifyDispatchResultUseCase$$SpringCGLIB$$15.completeInApp(<generated>)
	at org.namewta.notify.service.runtime.DispatchNotificationService.dispatchInApp(DispatchNotificationService.java:223)
	at org.namewta.notify.service.runtime.DispatchNotificationService.dispatch(DispatchNotificationService.java:92)
	at org.namewta.test.notify.NotifyAtomicResultIntegrationTest.lambda$uncertainResultCommitUsesDurableFactsToPreventDuplicateInbox$17(NotifyAtomicResultIntegrationTest.java:508)
	at org.assertj.core.api.ThrowableAssert.catchThrowable(ThrowableAssert.java:66)
	at org.assertj.core.api.AssertionsForClassTypes.catchThrowable(AssertionsForClassTypes.java:908)
	at org.assertj.core.api.Assertions.catchThrowable(Assertions.java:1476)
	at org.assertj.core.api.Assertions.assertThatThrownBy(Assertions.java:1319)
	at org.namewta.test.notify.NotifyAtomicResultIntegrationTest.uncertainResultCommitUsesDurableFactsToPreventDuplicateInbox(NotifyAtomicResultIntegrationTest.java:508)
	at java.base/jdk.internal.reflect.DirectMethodHandleAccessor.invoke(DirectMethodHandleAccessor.java:103)
	at java.base/java.lang.reflect.Method.invoke(Method.java:580)
	at org.junit.platform.commons.util.ReflectionUtils.invokeMethod(ReflectionUtils.java:701)
	at org.junit.platform.commons.support.ReflectionSupport.invokeMethod(ReflectionSupport.java:502)
	at org.junit.jupiter.engine.support.MethodReflectionUtils.invoke(MethodReflectionUtils.java:45)
	at org.junit.jupiter.engine.execution.MethodInvocation.proceed(MethodInvocation.java:61)
	at org.junit.jupiter.engine.execution.InvocationInterceptorChain$ValidatingInvocation.proceed(InvocationInterceptorChain.java:124)
	at org.junit.jupiter.engine.extension.TimeoutExtension.intercept(TimeoutExtension.java:163)
	at org.junit.jupiter.engine.extension.TimeoutExtension.interceptTestableMethod(TimeoutExtension.java:148)
	at org.junit.jupiter.engine.extension.TimeoutExtension.interceptTestTemplateMethod(TimeoutExtension.java:94)
	at org.junit.jupiter.engine.execution.InterceptingExecutableInvoker$ReflectiveInterceptorCall.lambda$ofVoidMethod$0(InterceptingExecutableInvoker.java:123)
	at org.junit.jupiter.engine.execution.InterceptingExecutableInvoker.lambda$invoke$0(InterceptingExecutableInvoker.java:105)
	at org.junit.jupiter.engine.execution.InvocationInterceptorChain$InterceptedInvocation.proceed(InvocationInterceptorChain.java:99)
	at org.junit.jupiter.engine.execution.InvocationInterceptorChain.proceed(InvocationInterceptorChain.java:66)
	at org.junit.jupiter.engine.execution.InvocationInterceptorChain.chainAndInvoke(InvocationInterceptorChain.java:47)
	at org.junit.jupiter.engine.execution.InvocationInterceptorChain.invoke(InvocationInterceptorChain.java:39)
	at org.junit.jupiter.engine.execution.InterceptingExecutableInvoker.invoke(InterceptingExecutableInvoker.java:104)
	at org.junit.jupiter.engine.execution.InterceptingExecutableInvoker.invoke(InterceptingExecutableInvoker.java:98)
	at org.junit.jupiter.engine.execution.InterceptingExecutableInvoker.invokeVoid(InterceptingExecutableInvoker.java:71)
	at org.junit.jupiter.engine.descriptor.TestMethodTestDescriptor.lambda$invokeTestMethod$0(TestMethodTestDescriptor.java:219)
	at org.junit.platform.engine.support.hierarchical.ThrowableCollector.execute(ThrowableCollector.java:74)
	at org.junit.jupiter.engine.descriptor.TestMethodTestDescriptor.invokeTestMethod(TestMethodTestDescriptor.java:215)
	at org.junit.jupiter.engine.descriptor.TestMethodTestDescriptor.execute(TestMethodTestDescriptor.java:157)
	at org.junit.jupiter.engine.descriptor.TestMethodTestDescriptor.execute(TestMethodTestDescriptor.java:70)
	at org.junit.platform.engine.support.hierarchical.NodeTestTask.lambda$executeRecursively$2(NodeTestTask.java:176)
	at org.junit.platform.engine.support.hierarchical.ThrowableCollector.execute(ThrowableCollector.java:74)
	at org.junit.platform.engine.support.hierarchical.NodeTestTask.lambda$executeRecursively$1(NodeTestTask.java:166)
	at org.junit.platform.engine.support.hierarchical.Node.around(Node.java:138)
	at org.junit.platform.engine.support.hierarchical.NodeTestTask.lambda$executeRecursively$0(NodeTestTask.java:164)
	at org.junit.platform.engine.support.hierarchical.ThrowableCollector.execute(ThrowableCollector.java:74)
	at org.junit.platform.engine.support.hierarchical.NodeTestTask.executeRecursively(NodeTestTask.java:163)
	at org.junit.platform.engine.support.hierarchical.NodeTestTask.execute(NodeTestTask.java:116)
	at org.junit.platform.engine.support.hierarchical.SameThreadHierarchicalTestExecutorService.submit(SameThreadHierarchicalTestExecutorService.java:36)
	at org.junit.platform.engine.support.hierarchical.NodeTestTask$DefaultDynamicTestExecutor.execute(NodeTestTask.java:268)
	at org.junit.platform.engine.support.hierarchical.NodeTestTask$DefaultDynamicTestExecutor.execute(NodeTestTask.java:246)
	at org.junit.jupiter.engine.descriptor.TemplateExecutor.execute(TemplateExecutor.java:96)
	at org.junit.jupiter.engine.descriptor.TemplateExecutor.lambda$executeForProvider$1(TemplateExecutor.java:59)
	at java.base/java.util.Optional.ifPresent(Optional.java:178)
	at org.junit.jupiter.engine.descriptor.TemplateExecutor.lambda$executeForProvider$0(TemplateExecutor.java:59)
	at java.base/java.util.stream.ForEachOps$ForEachOp$OfRef.accept(ForEachOps.java:184)
	at java.base/java.util.stream.ReferencePipeline$3$1.accept(ReferencePipeline.java:197)
	at java.base/java.util.stream.ForEachOps$ForEachOp$OfRef.accept(ForEachOps.java:184)
	at java.base/java.util.stream.ForEachOps$ForEachOp$OfRef.accept(ForEachOps.java:184)
	at java.base/java.util.stream.ReferencePipeline$3$1.accept(ReferencePipeline.java:197)
	at java.base/java.util.Spliterators$ArraySpliterator.forEachRemaining(Spliterators.java:1024)
	at java.base/java.util.stream.AbstractPipeline.copyInto(AbstractPipeline.java:509)
	at java.base/java.util.stream.AbstractPipeline.wrapAndCopyInto(AbstractPipeline.java:499)
	at java.base/java.util.stream.ForEachOps$ForEachOp.evaluateSequential(ForEachOps.java:151)
	at java.base/java.util.stream.ForEachOps$ForEachOp$OfRef.evaluateSequential(ForEachOps.java:174)
	at java.base/java.util.stream.AbstractPipeline.evaluate(AbstractPipeline.java:234)
	at java.base/java.util.stream.ReferencePipeline.forEach(ReferencePipeline.java:596)
	at java.base/java.util.stream.ReferencePipeline$7$1.accept(ReferencePipeline.java:276)
	at java.base/java.util.ArrayList$ArrayListSpliterator.forEachRemaining(ArrayList.java:1708)
	at java.base/java.util.stream.AbstractPipeline.copyInto(AbstractPipeline.java:509)
	at java.base/java.util.stream.AbstractPipeline.wrapAndCopyInto(AbstractPipeline.java:499)
	at java.base/java.util.stream.ForEachOps$ForEachOp.evaluateSequential(ForEachOps.java:151)
	at java.base/java.util.stream.ForEachOps$ForEachOp$OfRef.evaluateSequential(ForEachOps.java:174)
	at java.base/java.util.stream.AbstractPipeline.evaluate(AbstractPipeline.java:234)
	at java.base/java.util.stream.ReferencePipeline.forEach(ReferencePipeline.java:596)
	at java.base/java.util.stream.ReferencePipeline$7$1.accept(ReferencePipeline.java:276)
	at java.base/java.util.stream.ReferencePipeline$3$1.accept(ReferencePipeline.java:197)
	at java.base/java.util.stream.ReferencePipeline$3$1.accept(ReferencePipeline.java:197)
	at java.base/java.util.stream.ReferencePipeline$3$1.accept(ReferencePipeline.java:197)
	at java.base/java.util.AbstractList$RandomAccessSpliterator.forEachRemaining(AbstractList.java:722)
	at java.base/java.util.stream.AbstractPipeline.copyInto(AbstractPipeline.java:509)
	at java.base/java.util.stream.AbstractPipeline.wrapAndCopyInto(AbstractPipeline.java:499)
	at java.base/java.util.stream.ForEachOps$ForEachOp.evaluateSequential(ForEachOps.java:151)
	at java.base/java.util.stream.ForEachOps$ForEachOp$OfRef.evaluateSequential(ForEachOps.java:174)
	at java.base/java.util.stream.AbstractPipeline.evaluate(AbstractPipeline.java:234)
	at java.base/java.util.stream.ReferencePipeline.forEach(ReferencePipeline.java:596)
	at org.junit.jupiter.engine.descriptor.TemplateExecutor.executeForProvider(TemplateExecutor.java:57)
	at org.junit.jupiter.engine.descriptor.TemplateExecutor.execute(TemplateExecutor.java:46)
	at org.junit.jupiter.engine.descriptor.TestTemplateTestDescriptor.execute(TestTemplateTestDescriptor.java:112)
	at org.junit.jupiter.engine.descriptor.TestTemplateTestDescriptor.execute(TestTemplateTestDescriptor.java:40)
	at org.junit.platform.engine.support.hierarchical.NodeTestTask.lambda$executeRecursively$2(NodeTestTask.java:176)
	at org.junit.platform.engine.support.hierarchical.ThrowableCollector.execute(ThrowableCollector.java:74)
	at org.junit.platform.engine.support.hierarchical.NodeTestTask.lambda$executeRecursively$1(NodeTestTask.java:166)
	at org.junit.platform.engine.support.hierarchical.Node.around(Node.java:138)
	at org.junit.platform.engine.support.hierarchical.NodeTestTask.lambda$executeRecursively$0(NodeTestTask.java:164)
	at org.junit.platform.engine.support.hierarchical.ThrowableCollector.execute(ThrowableCollector.java:74)
	at org.junit.platform.engine.support.hierarchical.NodeTestTask.executeRecursively(NodeTestTask.java:163)
	at org.junit.platform.engine.support.hierarchical.NodeTestTask.execute(NodeTestTask.java:116)
	at java.base/java.util.ArrayList.forEach(ArrayList.java:1596)
	at org.junit.platform.engine.support.hierarchical.SameThreadHierarchicalTestExecutorService.invokeAll(SameThreadHierarchicalTestExecutorService.java:42)
	at org.junit.platform.engine.support.hierarchical.NodeTestTask.lambda$executeRecursively$2(NodeTestTask.java:180)
	at org.junit.platform.engine.support.hierarchical.ThrowableCollector.execute(ThrowableCollector.java:74)
	at org.junit.platform.engine.support.hierarchical.NodeTestTask.lambda$executeRecursively$1(NodeTestTask.java:166)
	at org.junit.platform.engine.support.hierarchical.Node.around(Node.java:138)
	at org.junit.platform.engine.support.hierarchical.NodeTestTask.lambda$executeRecursively$0(NodeTestTask.java:164)
	at org.junit.platform.engine.support.hierarchical.ThrowableCollector.execute(ThrowableCollector.java:74)
	at org.junit.platform.engine.support.hierarchical.NodeTestTask.executeRecursively(NodeTestTask.java:163)
	at org.junit.platform.engine.support.hierarchical.NodeTestTask.execute(NodeTestTask.java:116)
	at java.base/java.util.ArrayList.forEach(ArrayList.java:1596)
	at org.junit.platform.engine.support.hierarchical.SameThreadHierarchicalTestExecutorService.invokeAll(SameThreadHierarchicalTestExecutorService.java:42)
	at org.junit.platform.engine.support.hierarchical.NodeTestTask.lambda$executeRecursively$2(NodeTestTask.java:180)
	at org.junit.platform.engine.support.hierarchical.ThrowableCollector.execute(ThrowableCollector.java:74)
	at org.junit.platform.engine.support.hierarchical.NodeTestTask.lambda$executeRecursively$1(NodeTestTask.java:166)
	at org.junit.platform.engine.support.hierarchical.Node.around(Node.java:138)
	at org.junit.platform.engine.support.hierarchical.NodeTestTask.lambda$executeRecursively$0(NodeTestTask.java:164)
	at org.junit.platform.engine.support.hierarchical.ThrowableCollector.execute(ThrowableCollector.java:74)
	at org.junit.platform.engine.support.hierarchical.NodeTestTask.executeRecursively(NodeTestTask.java:163)
	at org.junit.platform.engine.support.hierarchical.NodeTestTask.execute(NodeTestTask.java:116)
	at org.junit.platform.engine.support.hierarchical.SameThreadHierarchicalTestExecutorService.submit(SameThreadHierarchicalTestExecutorService.java:36)
	at org.junit.platform.engine.support.hierarchical.HierarchicalTestExecutor.execute(HierarchicalTestExecutor.java:52)
	at org.junit.platform.engine.support.hierarchical.HierarchicalTestEngine.execute(HierarchicalTestEngine.java:58)
	at org.junit.platform.launcher.core.EngineExecutionOrchestrator.executeEngine(EngineExecutionOrchestrator.java:246)
	at org.junit.platform.launcher.core.EngineExecutionOrchestrator.failOrExecuteEngine(EngineExecutionOrchestrator.java:218)
	at org.junit.platform.launcher.core.EngineExecutionOrchestrator.execute(EngineExecutionOrchestrator.java:179)
	at org.junit.platform.launcher.core.EngineExecutionOrchestrator.execute(EngineExecutionOrchestrator.java:108)
	at org.junit.platform.launcher.core.EngineExecutionOrchestrator.lambda$execute$0(EngineExecutionOrchestrator.java:66)
	at org.junit.platform.launcher.core.EngineExecutionOrchestrator.withInterceptedStreams(EngineExecutionOrchestrator.java:157)
	at org.junit.platform.launcher.core.EngineExecutionOrchestrator.execute(EngineExecutionOrchestrator.java:65)
	at org.junit.platform.launcher.core.DefaultLauncher.execute(DefaultLauncher.java:125)
	at org.junit.platform.launcher.core.DefaultLauncher.execute(DefaultLauncher.java:114)
	at org.junit.platform.launcher.core.DelegatingLauncher.execute(DelegatingLauncher.java:58)
	at org.junit.platform.launcher.core.InterceptingLauncher.lambda$execute$2(InterceptingLauncher.java:57)
	at org.junit.platform.launcher.core.ClasspathAlignmentCheckingLauncherInterceptor.intercept(ClasspathAlignmentCheckingLauncherInterceptor.java:25)
	at org.junit.platform.launcher.core.InterceptingLauncher.execute(InterceptingLauncher.java:56)
	at org.junit.platform.launcher.core.DelegatingLauncher.execute(DelegatingLauncher.java:58)
	at java.base/jdk.internal.reflect.DirectMethodHandleAccessor.invoke(DirectMethodHandleAccessor.java:103)
	at java.base/java.lang.reflect.Method.invoke(Method.java:580)
	at org.apache.maven.surefire.api.util.ReflectionUtils.invokeMethodWithArray(ReflectionUtils.java:125)
	at org.apache.maven.surefire.junitplatform.LauncherAdapter.executeWithCancellationToken(LauncherAdapter.java:68)
	at org.apache.maven.surefire.junitplatform.LauncherAdapter.execute(LauncherAdapter.java:54)
	at org.apache.maven.surefire.junitplatform.JUnitPlatformProvider.execute(JUnitPlatformProvider.java:203)
	at org.apache.maven.surefire.junitplatform.JUnitPlatformProvider.invokeAllTests(JUnitPlatformProvider.java:168)
	at org.apache.maven.surefire.junitplatform.JUnitPlatformProvider.invoke(JUnitPlatformProvider.java:134)
	at org.apache.maven.surefire.booter.ForkedBooter.runSuitesInProcess(ForkedBooter.java:385)
	at org.apache.maven.surefire.booter.ForkedBooter.execute(ForkedBooter.java:162)
	at org.apache.maven.surefire.booter.ForkedBooter.run(ForkedBooter.java:507)
	at org.apache.maven.surefire.booter.ForkedBooter.main(ForkedBooter.java:495)
Caused by: com.mysql.cj.exceptions.CJCommunicationsException: Communications link failure

The last packet successfully received from the server was 11 milliseconds ago. The last packet sent successfully to the server was 11 milliseconds ago.
	at java.base/jdk.internal.reflect.DirectConstructorHandleAccessor.newInstance(DirectConstructorHandleAccessor.java:62)
	at java.base/java.lang.reflect.Constructor.newInstanceWithCaller(Constructor.java:502)
	at java.base/java.lang.reflect.Constructor.newInstance(Constructor.java:486)
	at com.mysql.cj.exceptions.ExceptionFactory.createException(ExceptionFactory.java:52)
	at com.mysql.cj.exceptions.ExceptionFactory.createException(ExceptionFactory.java:95)
	at com.mysql.cj.exceptions.ExceptionFactory.createException(ExceptionFactory.java:140)
	at com.mysql.cj.exceptions.ExceptionFactory.createCommunicationsException(ExceptionFactory.java:156)
	at com.mysql.cj.protocol.a.NativeProtocol.readMessage(NativeProtocol.java:590)
	at com.mysql.cj.protocol.a.NativeProtocol.checkErrorMessage(NativeProtocol.java:767)
	at com.mysql.cj.protocol.a.NativeProtocol.sendCommand(NativeProtocol.java:706)
	at com.mysql.cj.protocol.a.NativeProtocol.sendQueryPacket(NativeProtocol.java:938)
	at com.mysql.cj.NativeSession.execSQL(NativeSession.java:817)
	at com.mysql.cj.jdbc.ConnectionImpl.commit(ConnectionImpl.java:794)
	... 154 common frames omitted
Caused by: java.io.EOFException: Can not read response from server. Expected to read 4 bytes, read 0 bytes before connection was unexpectedly lost.
	at com.mysql.cj.protocol.FullReadInputStream.readFully(FullReadInputStream.java:58)
	at com.mysql.cj.protocol.a.SimplePacketReader.readHeaderLocal(SimplePacketReader.java:72)
	at com.mysql.cj.protocol.a.SimplePacketReader.readHeader(SimplePacketReader.java:54)
	at com.mysql.cj.protocol.a.SimplePacketReader.readHeader(SimplePacketReader.java:36)
	at com.mysql.cj.protocol.a.TimeTrackingPacketReader.readHeader(TimeTrackingPacketReader.java:43)
	at com.mysql.cj.protocol.a.TimeTrackingPacketReader.readHeader(TimeTrackingPacketReader.java:32)
	at com.mysql.cj.protocol.a.MultiPacketReader.readHeader(MultiPacketReader.java:45)
	at com.mysql.cj.protocol.a.MultiPacketReader.readHeader(MultiPacketReader.java:35)
	at com.mysql.cj.protocol.a.NativeProtocol.readMessage(NativeProtocol.java:584)
	... 159 common frames omitted
11:09:07.416 [main] WARN org.namewta.notify.adapter.event.InAppCommittedPushListener -- 站内实时提示失败，messageId=9220001, reason=IllegalStateException
11:09:07.533 [main] WARN org.namewta.notify.adapter.event.InAppCommittedPushListener -- 站内实时提示失败，messageId=9220001, reason=IllegalStateException
11:09:07.567 [main] INFO com.baomidou.dynamic.datasource.DynamicRoutingDataSource -- dynamic-datasource start closing ....
11:09:07.568 [main] INFO com.baomidou.dynamic.datasource.DynamicRoutingDataSource -- dynamic-datasource all closed success,bye
11:09:07.568 [main] INFO com.zaxxer.hikari.HikariDataSource -- HikariPool-16 - Shutdown initiated...
11:09:07.585 [main] INFO com.zaxxer.hikari.HikariDataSource -- HikariPool-16 - Shutdown completed.
11:09:07.588 [main] INFO com.baomidou.dynamic.datasource.DynamicRoutingDataSource -- dynamic-datasource - add a datasource named [master] success
11:09:07.825 [main] INFO org.redisson.Version -- Redisson 4.6.1
11:09:07.837 [redisson-netty-50-1] INFO org.redisson.connection.ConnectionsHolder -- 1 connections initialized for 127.0.0.1/127.0.0.1:32841
11:09:07.843 [redisson-netty-50-2] INFO org.redisson.connection.ConnectionsHolder -- 1 connections initialized for 127.0.0.1/127.0.0.1:32841
11:09:07.876 [main] INFO com.zaxxer.hikari.HikariDataSource -- HikariPool-17 - Starting...
11:09:07.885 [main] INFO com.zaxxer.hikari.pool.HikariPool -- HikariPool-17 - Added connection com.mysql.cj.jdbc.ConnectionImpl@2920028c
11:09:07.886 [main] INFO com.zaxxer.hikari.HikariDataSource -- HikariPool-17 - Start completed.
11:09:08.036 [main] ERROR com.baomidou.dynamic.datasource.tx.ConnectionProxy -- owned lost commit acknowledgement
java.sql.SQLRecoverableException: owned lost commit acknowledgement
	at org.namewta.test.notify.NotifyAtomicResultIntegrationTest$1.lambda$getConnection$0(NotifyAtomicResultIntegrationTest.java:115)
	at jdk.proxy2/jdk.proxy2.$Proxy131.commit(Unknown Source)
	at com.baomidou.dynamic.datasource.tx.ConnectionProxy.notify(ConnectionProxy.java:62)
	at com.baomidou.dynamic.datasource.tx.ConnectionFactory.notify(ConnectionFactory.java:153)
	at com.baomidou.dynamic.datasource.tx.LocalTxUtil.commit(LocalTxUtil.java:91)
	at com.baomidou.dynamic.datasource.tx.TransactionalTemplate.doExecute(TransactionalTemplate.java:126)
	at com.baomidou.dynamic.datasource.tx.TransactionalTemplate.execute(TransactionalTemplate.java:94)
	at com.baomidou.dynamic.datasource.aop.DynamicLocalTransactionInterceptor.invoke(DynamicLocalTransactionInterceptor.java:59)
	at org.springframework.aop.framework.ReflectiveMethodInvocation.proceed(ReflectiveMethodInvocation.java:179)
	at org.springframework.aop.framework.CglibAopProxy$DynamicAdvisedInterceptor.intercept(CglibAopProxy.java:719)
	at org.namewta.notify.usecase.NotifyDispatchResultUseCase$$SpringCGLIB$$16.completeInApp(<generated>)
	at org.namewta.notify.service.runtime.DispatchNotificationService.dispatchInApp(DispatchNotificationService.java:223)
	at org.namewta.notify.service.runtime.DispatchNotificationService.dispatch(DispatchNotificationService.java:92)
	at org.namewta.test.notify.NotifyAtomicResultIntegrationTest.lambda$uncertainResultCommitUsesDurableFactsToPreventDuplicateInbox$17(NotifyAtomicResultIntegrationTest.java:508)
	at org.assertj.core.api.ThrowableAssert.catchThrowable(ThrowableAssert.java:66)
	at org.assertj.core.api.AssertionsForClassTypes.catchThrowable(AssertionsForClassTypes.java:908)
	at org.assertj.core.api.Assertions.catchThrowable(Assertions.java:1476)
	at org.assertj.core.api.Assertions.assertThatThrownBy(Assertions.java:1319)
	at org.namewta.test.notify.NotifyAtomicResultIntegrationTest.uncertainResultCommitUsesDurableFactsToPreventDuplicateInbox(NotifyAtomicResultIntegrationTest.java:508)
	at java.base/jdk.internal.reflect.DirectMethodHandleAccessor.invoke(DirectMethodHandleAccessor.java:103)
	at java.base/java.lang.reflect.Method.invoke(Method.java:580)
	at org.junit.platform.commons.util.ReflectionUtils.invokeMethod(ReflectionUtils.java:701)
	at org.junit.platform.commons.support.ReflectionSupport.invokeMethod(ReflectionSupport.java:502)
	at org.junit.jupiter.engine.support.MethodReflectionUtils.invoke(MethodReflectionUtils.java:45)
	at org.junit.jupiter.engine.execution.MethodInvocation.proceed(MethodInvocation.java:61)
	at org.junit.jupiter.engine.execution.InvocationInterceptorChain$ValidatingInvocation.proceed(InvocationInterceptorChain.java:124)
	at org.junit.jupiter.engine.extension.TimeoutExtension.intercept(TimeoutExtension.java:163)
	at org.junit.jupiter.engine.extension.TimeoutExtension.interceptTestableMethod(TimeoutExtension.java:148)
	at org.junit.jupiter.engine.extension.TimeoutExtension.interceptTestTemplateMethod(TimeoutExtension.java:94)
	at org.junit.jupiter.engine.execution.InterceptingExecutableInvoker$ReflectiveInterceptorCall.lambda$ofVoidMethod$0(InterceptingExecutableInvoker.java:123)
	at org.junit.jupiter.engine.execution.InterceptingExecutableInvoker.lambda$invoke$0(InterceptingExecutableInvoker.java:105)
	at org.junit.jupiter.engine.execution.InvocationInterceptorChain$InterceptedInvocation.proceed(InvocationInterceptorChain.java:99)
	at org.junit.jupiter.engine.execution.InvocationInterceptorChain.proceed(InvocationInterceptorChain.java:66)
	at org.junit.jupiter.engine.execution.InvocationInterceptorChain.chainAndInvoke(InvocationInterceptorChain.java:47)
	at org.junit.jupiter.engine.execution.InvocationInterceptorChain.invoke(InvocationInterceptorChain.java:39)
	at org.junit.jupiter.engine.execution.InterceptingExecutableInvoker.invoke(InterceptingExecutableInvoker.java:104)
	at org.junit.jupiter.engine.execution.InterceptingExecutableInvoker.invoke(InterceptingExecutableInvoker.java:98)
	at org.junit.jupiter.engine.execution.InterceptingExecutableInvoker.invokeVoid(InterceptingExecutableInvoker.java:71)
	at org.junit.jupiter.engine.descriptor.TestMethodTestDescriptor.lambda$invokeTestMethod$0(TestMethodTestDescriptor.java:219)
	at org.junit.platform.engine.support.hierarchical.ThrowableCollector.execute(ThrowableCollector.java:74)
	at org.junit.jupiter.engine.descriptor.TestMethodTestDescriptor.invokeTestMethod(TestMethodTestDescriptor.java:215)
	at org.junit.jupiter.engine.descriptor.TestMethodTestDescriptor.execute(TestMethodTestDescriptor.java:157)
	at org.junit.jupiter.engine.descriptor.TestMethodTestDescriptor.execute(TestMethodTestDescriptor.java:70)
	at org.junit.platform.engine.support.hierarchical.NodeTestTask.lambda$executeRecursively$2(NodeTestTask.java:176)
	at org.junit.platform.engine.support.hierarchical.ThrowableCollector.execute(ThrowableCollector.java:74)
	at org.junit.platform.engine.support.hierarchical.NodeTestTask.lambda$executeRecursively$1(NodeTestTask.java:166)
	at org.junit.platform.engine.support.hierarchical.Node.around(Node.java:138)
	at org.junit.platform.engine.support.hierarchical.NodeTestTask.lambda$executeRecursively$0(NodeTestTask.java:164)
	at org.junit.platform.engine.support.hierarchical.ThrowableCollector.execute(ThrowableCollector.java:74)
	at org.junit.platform.engine.support.hierarchical.NodeTestTask.executeRecursively(NodeTestTask.java:163)
	at org.junit.platform.engine.support.hierarchical.NodeTestTask.execute(NodeTestTask.java:116)
	at org.junit.platform.engine.support.hierarchical.SameThreadHierarchicalTestExecutorService.submit(SameThreadHierarchicalTestExecutorService.java:36)
	at org.junit.platform.engine.support.hierarchical.NodeTestTask$DefaultDynamicTestExecutor.execute(NodeTestTask.java:268)
	at org.junit.platform.engine.support.hierarchical.NodeTestTask$DefaultDynamicTestExecutor.execute(NodeTestTask.java:246)
	at org.junit.jupiter.engine.descriptor.TemplateExecutor.execute(TemplateExecutor.java:96)
	at org.junit.jupiter.engine.descriptor.TemplateExecutor.lambda$executeForProvider$1(TemplateExecutor.java:59)
	at java.base/java.util.Optional.ifPresent(Optional.java:178)
	at org.junit.jupiter.engine.descriptor.TemplateExecutor.lambda$executeForProvider$0(TemplateExecutor.java:59)
	at java.base/java.util.stream.ForEachOps$ForEachOp$OfRef.accept(ForEachOps.java:184)
	at java.base/java.util.stream.ReferencePipeline$3$1.accept(ReferencePipeline.java:197)
	at java.base/java.util.stream.ForEachOps$ForEachOp$OfRef.accept(ForEachOps.java:184)
	at java.base/java.util.stream.ForEachOps$ForEachOp$OfRef.accept(ForEachOps.java:184)
	at java.base/java.util.stream.ReferencePipeline$3$1.accept(ReferencePipeline.java:197)
	at java.base/java.util.Spliterators$ArraySpliterator.forEachRemaining(Spliterators.java:1024)
	at java.base/java.util.stream.AbstractPipeline.copyInto(AbstractPipeline.java:509)
	at java.base/java.util.stream.AbstractPipeline.wrapAndCopyInto(AbstractPipeline.java:499)
	at java.base/java.util.stream.ForEachOps$ForEachOp.evaluateSequential(ForEachOps.java:151)
	at java.base/java.util.stream.ForEachOps$ForEachOp$OfRef.evaluateSequential(ForEachOps.java:174)
	at java.base/java.util.stream.AbstractPipeline.evaluate(AbstractPipeline.java:234)
	at java.base/java.util.stream.ReferencePipeline.forEach(ReferencePipeline.java:596)
	at java.base/java.util.stream.ReferencePipeline$7$1.accept(ReferencePipeline.java:276)
	at java.base/java.util.ArrayList$ArrayListSpliterator.forEachRemaining(ArrayList.java:1708)
	at java.base/java.util.stream.AbstractPipeline.copyInto(AbstractPipeline.java:509)
	at java.base/java.util.stream.AbstractPipeline.wrapAndCopyInto(AbstractPipeline.java:499)
	at java.base/java.util.stream.ForEachOps$ForEachOp.evaluateSequential(ForEachOps.java:151)
	at java.base/java.util.stream.ForEachOps$ForEachOp$OfRef.evaluateSequential(ForEachOps.java:174)
	at java.base/java.util.stream.AbstractPipeline.evaluate(AbstractPipeline.java:234)
	at java.base/java.util.stream.ReferencePipeline.forEach(ReferencePipeline.java:596)
	at java.base/java.util.stream.ReferencePipeline$7$1.accept(ReferencePipeline.java:276)
	at java.base/java.util.stream.ReferencePipeline$3$1.accept(ReferencePipeline.java:197)
	at java.base/java.util.stream.ReferencePipeline$3$1.accept(ReferencePipeline.java:197)
	at java.base/java.util.stream.ReferencePipeline$3$1.accept(ReferencePipeline.java:197)
	at java.base/java.util.AbstractList$RandomAccessSpliterator.forEachRemaining(AbstractList.java:722)
	at java.base/java.util.stream.AbstractPipeline.copyInto(AbstractPipeline.java:509)
	at java.base/java.util.stream.AbstractPipeline.wrapAndCopyInto(AbstractPipeline.java:499)
	at java.base/java.util.stream.ForEachOps$ForEachOp.evaluateSequential(ForEachOps.java:151)
	at java.base/java.util.stream.ForEachOps$ForEachOp$OfRef.evaluateSequential(ForEachOps.java:174)
	at java.base/java.util.stream.AbstractPipeline.evaluate(AbstractPipeline.java:234)
	at java.base/java.util.stream.ReferencePipeline.forEach(ReferencePipeline.java:596)
	at org.junit.jupiter.engine.descriptor.TemplateExecutor.executeForProvider(TemplateExecutor.java:57)
	at org.junit.jupiter.engine.descriptor.TemplateExecutor.execute(TemplateExecutor.java:46)
	at org.junit.jupiter.engine.descriptor.TestTemplateTestDescriptor.execute(TestTemplateTestDescriptor.java:112)
	at org.junit.jupiter.engine.descriptor.TestTemplateTestDescriptor.execute(TestTemplateTestDescriptor.java:40)
	at org.junit.platform.engine.support.hierarchical.NodeTestTask.lambda$executeRecursively$2(NodeTestTask.java:176)
	at org.junit.platform.engine.support.hierarchical.ThrowableCollector.execute(ThrowableCollector.java:74)
	at org.junit.platform.engine.support.hierarchical.NodeTestTask.lambda$executeRecursively$1(NodeTestTask.java:166)
	at org.junit.platform.engine.support.hierarchical.Node.around(Node.java:138)
	at org.junit.platform.engine.support.hierarchical.NodeTestTask.lambda$executeRecursively$0(NodeTestTask.java:164)
	at org.junit.platform.engine.support.hierarchical.ThrowableCollector.execute(ThrowableCollector.java:74)
	at org.junit.platform.engine.support.hierarchical.NodeTestTask.executeRecursively(NodeTestTask.java:163)
	at org.junit.platform.engine.support.hierarchical.NodeTestTask.execute(NodeTestTask.java:116)
	at java.base/java.util.ArrayList.forEach(ArrayList.java:1596)
	at org.junit.platform.engine.support.hierarchical.SameThreadHierarchicalTestExecutorService.invokeAll(SameThreadHierarchicalTestExecutorService.java:42)
	at org.junit.platform.engine.support.hierarchical.NodeTestTask.lambda$executeRecursively$2(NodeTestTask.java:180)
	at org.junit.platform.engine.support.hierarchical.ThrowableCollector.execute(ThrowableCollector.java:74)
	at org.junit.platform.engine.support.hierarchical.NodeTestTask.lambda$executeRecursively$1(NodeTestTask.java:166)
	at org.junit.platform.engine.support.hierarchical.Node.around(Node.java:138)
	at org.junit.platform.engine.support.hierarchical.NodeTestTask.lambda$executeRecursively$0(NodeTestTask.java:164)
	at org.junit.platform.engine.support.hierarchical.ThrowableCollector.execute(ThrowableCollector.java:74)
	at org.junit.platform.engine.support.hierarchical.NodeTestTask.executeRecursively(NodeTestTask.java:163)
	at org.junit.platform.engine.support.hierarchical.NodeTestTask.execute(NodeTestTask.java:116)
	at java.base/java.util.ArrayList.forEach(ArrayList.java:1596)
	at org.junit.platform.engine.support.hierarchical.SameThreadHierarchicalTestExecutorService.invokeAll(SameThreadHierarchicalTestExecutorService.java:42)
	at org.junit.platform.engine.support.hierarchical.NodeTestTask.lambda$executeRecursively$2(NodeTestTask.java:180)
	at org.junit.platform.engine.support.hierarchical.ThrowableCollector.execute(ThrowableCollector.java:74)
	at org.junit.platform.engine.support.hierarchical.NodeTestTask.lambda$executeRecursively$1(NodeTestTask.java:166)
	at org.junit.platform.engine.support.hierarchical.Node.around(Node.java:138)
	at org.junit.platform.engine.support.hierarchical.NodeTestTask.lambda$executeRecursively$0(NodeTestTask.java:164)
	at org.junit.platform.engine.support.hierarchical.ThrowableCollector.execute(ThrowableCollector.java:74)
	at org.junit.platform.engine.support.hierarchical.NodeTestTask.executeRecursively(NodeTestTask.java:163)
	at org.junit.platform.engine.support.hierarchical.NodeTestTask.execute(NodeTestTask.java:116)
	at org.junit.platform.engine.support.hierarchical.SameThreadHierarchicalTestExecutorService.submit(SameThreadHierarchicalTestExecutorService.java:36)
	at org.junit.platform.engine.support.hierarchical.HierarchicalTestExecutor.execute(HierarchicalTestExecutor.java:52)
	at org.junit.platform.engine.support.hierarchical.HierarchicalTestEngine.execute(HierarchicalTestEngine.java:58)
	at org.junit.platform.launcher.core.EngineExecutionOrchestrator.executeEngine(EngineExecutionOrchestrator.java:246)
	at org.junit.platform.launcher.core.EngineExecutionOrchestrator.failOrExecuteEngine(EngineExecutionOrchestrator.java:218)
	at org.junit.platform.launcher.core.EngineExecutionOrchestrator.execute(EngineExecutionOrchestrator.java:179)
	at org.junit.platform.launcher.core.EngineExecutionOrchestrator.execute(EngineExecutionOrchestrator.java:108)
	at org.junit.platform.launcher.core.EngineExecutionOrchestrator.lambda$execute$0(EngineExecutionOrchestrator.java:66)
	at org.junit.platform.launcher.core.EngineExecutionOrchestrator.withInterceptedStreams(EngineExecutionOrchestrator.java:157)
	at org.junit.platform.launcher.core.EngineExecutionOrchestrator.execute(EngineExecutionOrchestrator.java:65)
	at org.junit.platform.launcher.core.DefaultLauncher.execute(DefaultLauncher.java:125)
	at org.junit.platform.launcher.core.DefaultLauncher.execute(DefaultLauncher.java:114)
	at org.junit.platform.launcher.core.DelegatingLauncher.execute(DelegatingLauncher.java:58)
	at org.junit.platform.launcher.core.InterceptingLauncher.lambda$execute$2(InterceptingLauncher.java:57)
	at org.junit.platform.launcher.core.ClasspathAlignmentCheckingLauncherInterceptor.intercept(ClasspathAlignmentCheckingLauncherInterceptor.java:25)
	at org.junit.platform.launcher.core.InterceptingLauncher.execute(InterceptingLauncher.java:56)
	at org.junit.platform.launcher.core.DelegatingLauncher.execute(DelegatingLauncher.java:58)
	at java.base/jdk.internal.reflect.DirectMethodHandleAccessor.invoke(DirectMethodHandleAccessor.java:103)
	at java.base/java.lang.reflect.Method.invoke(Method.java:580)
	at org.apache.maven.surefire.api.util.ReflectionUtils.invokeMethodWithArray(ReflectionUtils.java:125)
	at org.apache.maven.surefire.junitplatform.LauncherAdapter.executeWithCancellationToken(LauncherAdapter.java:68)
	at org.apache.maven.surefire.junitplatform.LauncherAdapter.execute(LauncherAdapter.java:54)
	at org.apache.maven.surefire.junitplatform.JUnitPlatformProvider.execute(JUnitPlatformProvider.java:203)
	at org.apache.maven.surefire.junitplatform.JUnitPlatformProvider.invokeAllTests(JUnitPlatformProvider.java:168)
	at org.apache.maven.surefire.junitplatform.JUnitPlatformProvider.invoke(JUnitPlatformProvider.java:134)
	at org.apache.maven.surefire.booter.ForkedBooter.runSuitesInProcess(ForkedBooter.java:385)
	at org.apache.maven.surefire.booter.ForkedBooter.execute(ForkedBooter.java:162)
	at org.apache.maven.surefire.booter.ForkedBooter.run(ForkedBooter.java:507)
	at org.apache.maven.surefire.booter.ForkedBooter.main(ForkedBooter.java:495)
11:09:08.251 [main] WARN org.namewta.notify.adapter.event.InAppCommittedPushListener -- 站内实时提示失败，messageId=9220001, reason=IllegalStateException
11:09:08.307 [main] INFO com.baomidou.dynamic.datasource.DynamicRoutingDataSource -- dynamic-datasource start closing ....
11:09:08.307 [main] INFO com.baomidou.dynamic.datasource.DynamicRoutingDataSource -- dynamic-datasource all closed success,bye
11:09:08.307 [main] INFO com.zaxxer.hikari.HikariDataSource -- HikariPool-17 - Shutdown initiated...
11:09:08.317 [main] INFO com.zaxxer.hikari.HikariDataSource -- HikariPool-17 - Shutdown completed.
11:09:08.327 [main] INFO com.baomidou.dynamic.datasource.DynamicRoutingDataSource -- dynamic-datasource - add a datasource named [master] success
11:09:08.609 [main] INFO org.redisson.Version -- Redisson 4.6.1
11:09:08.617 [redisson-netty-53-1] INFO org.redisson.connection.ConnectionsHolder -- 1 connections initialized for 127.0.0.1/127.0.0.1:32841
11:09:08.618 [redisson-netty-53-2] INFO org.redisson.connection.ConnectionsHolder -- 1 connections initialized for 127.0.0.1/127.0.0.1:32841
11:09:08.648 [main] INFO com.zaxxer.hikari.HikariDataSource -- HikariPool-18 - Starting...
11:09:08.652 [main] INFO com.zaxxer.hikari.pool.HikariPool -- HikariPool-18 - Added connection com.mysql.cj.jdbc.ConnectionImpl@767c69d4
11:09:08.653 [main] INFO com.zaxxer.hikari.HikariDataSource -- HikariPool-18 - Start completed.
11:09:08.804 [main] INFO com.baomidou.dynamic.datasource.DynamicRoutingDataSource -- dynamic-datasource start closing ....
11:09:08.804 [main] INFO com.baomidou.dynamic.datasource.DynamicRoutingDataSource -- dynamic-datasource all closed success,bye
11:09:08.804 [main] INFO com.zaxxer.hikari.HikariDataSource -- HikariPool-18 - Shutdown initiated...
11:09:08.830 [main] INFO com.zaxxer.hikari.HikariDataSource -- HikariPool-18 - Shutdown completed.
11:09:08.833 [main] INFO com.baomidou.dynamic.datasource.DynamicRoutingDataSource -- dynamic-datasource - add a datasource named [master] success
11:09:08.995 [main] INFO org.redisson.Version -- Redisson 4.6.1
11:09:09.001 [redisson-netty-56-1] INFO org.redisson.connection.ConnectionsHolder -- 1 connections initialized for 127.0.0.1/127.0.0.1:32841
11:09:09.001 [redisson-netty-56-2] INFO org.redisson.connection.ConnectionsHolder -- 1 connections initialized for 127.0.0.1/127.0.0.1:32841
11:09:09.020 [main] INFO com.zaxxer.hikari.HikariDataSource -- HikariPool-19 - Starting...
11:09:09.024 [main] INFO com.zaxxer.hikari.pool.HikariPool -- HikariPool-19 - Added connection com.mysql.cj.jdbc.ConnectionImpl@13bd25ab
11:09:09.025 [main] INFO com.zaxxer.hikari.HikariDataSource -- HikariPool-19 - Start completed.
11:09:09.163 [main] INFO com.baomidou.dynamic.datasource.DynamicRoutingDataSource -- dynamic-datasource start closing ....
11:09:09.163 [main] INFO com.baomidou.dynamic.datasource.DynamicRoutingDataSource -- dynamic-datasource all closed success,bye
11:09:09.163 [main] INFO com.zaxxer.hikari.HikariDataSource -- HikariPool-19 - Shutdown initiated...
11:09:09.165 [main] INFO com.zaxxer.hikari.HikariDataSource -- HikariPool-19 - Shutdown completed.
11:09:09.167 [main] INFO com.baomidou.dynamic.datasource.DynamicRoutingDataSource -- dynamic-datasource - add a datasource named [master] success
11:09:09.325 [main] INFO org.redisson.Version -- Redisson 4.6.1
11:09:09.334 [redisson-netty-59-1] INFO org.redisson.connection.ConnectionsHolder -- 1 connections initialized for 127.0.0.1/127.0.0.1:32841
11:09:09.337 [redisson-netty-59-2] INFO org.redisson.connection.ConnectionsHolder -- 1 connections initialized for 127.0.0.1/127.0.0.1:32841
11:09:09.358 [main] INFO com.zaxxer.hikari.HikariDataSource -- HikariPool-20 - Starting...
11:09:09.364 [main] INFO com.zaxxer.hikari.pool.HikariPool -- HikariPool-20 - Added connection com.mysql.cj.jdbc.ConnectionImpl@6a6a701f
11:09:09.365 [main] INFO com.zaxxer.hikari.HikariDataSource -- HikariPool-20 - Start completed.
11:09:09.474 [main] INFO com.baomidou.dynamic.datasource.DynamicRoutingDataSource -- dynamic-datasource start closing ....
11:09:09.474 [main] INFO com.baomidou.dynamic.datasource.DynamicRoutingDataSource -- dynamic-datasource all closed success,bye
11:09:09.474 [main] INFO com.zaxxer.hikari.HikariDataSource -- HikariPool-20 - Shutdown initiated...
11:09:09.502 [main] INFO com.zaxxer.hikari.HikariDataSource -- HikariPool-20 - Shutdown completed.
11:09:09.504 [main] INFO com.baomidou.dynamic.datasource.DynamicRoutingDataSource -- dynamic-datasource - add a datasource named [master] success
11:09:09.625 [main] INFO org.redisson.Version -- Redisson 4.6.1
11:09:09.634 [redisson-netty-62-1] INFO org.redisson.connection.ConnectionsHolder -- 1 connections initialized for 127.0.0.1/127.0.0.1:32841
11:09:09.634 [redisson-netty-62-2] INFO org.redisson.connection.ConnectionsHolder -- 1 connections initialized for 127.0.0.1/127.0.0.1:32841
11:09:09.660 [main] INFO com.zaxxer.hikari.HikariDataSource -- HikariPool-21 - Starting...
11:09:09.666 [main] INFO com.zaxxer.hikari.pool.HikariPool -- HikariPool-21 - Added connection com.mysql.cj.jdbc.ConnectionImpl@447dd61f
11:09:09.666 [main] INFO com.zaxxer.hikari.HikariDataSource -- HikariPool-21 - Start completed.
11:09:09.724 [main] INFO com.baomidou.dynamic.datasource.DynamicRoutingDataSource -- dynamic-datasource start closing ....
11:09:09.724 [main] INFO com.baomidou.dynamic.datasource.DynamicRoutingDataSource -- dynamic-datasource all closed success,bye
11:09:09.724 [main] INFO com.zaxxer.hikari.HikariDataSource -- HikariPool-21 - Shutdown initiated...
11:09:09.726 [main] INFO com.zaxxer.hikari.HikariDataSource -- HikariPool-21 - Shutdown completed.
11:09:09.728 [main] INFO com.baomidou.dynamic.datasource.DynamicRoutingDataSource -- dynamic-datasource - add a datasource named [master] success
11:09:09.872 [main] INFO org.redisson.Version -- Redisson 4.6.1
11:09:09.878 [redisson-netty-65-2] INFO org.redisson.connection.ConnectionsHolder -- 1 connections initialized for 127.0.0.1/127.0.0.1:32841
11:09:09.878 [redisson-netty-65-1] INFO org.redisson.connection.ConnectionsHolder -- 1 connections initialized for 127.0.0.1/127.0.0.1:32841
11:09:09.896 [main] INFO com.zaxxer.hikari.HikariDataSource -- HikariPool-22 - Starting...
11:09:09.903 [main] INFO com.zaxxer.hikari.pool.HikariPool -- HikariPool-22 - Added connection com.mysql.cj.jdbc.ConnectionImpl@48a26095
11:09:09.903 [main] INFO com.zaxxer.hikari.HikariDataSource -- HikariPool-22 - Start completed.
11:09:10.101 [main] WARN org.namewta.notify.adapter.event.InAppCommittedPushListener -- 站内实时提示失败，messageId=9220001, reason=IllegalStateException
11:09:10.148 [main] INFO com.baomidou.dynamic.datasource.DynamicRoutingDataSource -- dynamic-datasource start closing ....
11:09:10.148 [main] INFO com.baomidou.dynamic.datasource.DynamicRoutingDataSource -- dynamic-datasource all closed success,bye
11:09:10.148 [main] INFO com.zaxxer.hikari.HikariDataSource -- HikariPool-22 - Shutdown initiated...
11:09:10.151 [main] INFO com.zaxxer.hikari.HikariDataSource -- HikariPool-22 - Shutdown completed.
11:09:10.154 [main] INFO com.baomidou.dynamic.datasource.DynamicRoutingDataSource -- dynamic-datasource - add a datasource named [master] success
11:09:10.271 [main] INFO org.redisson.Version -- Redisson 4.6.1
11:09:10.278 [redisson-netty-68-1] INFO org.redisson.connection.ConnectionsHolder -- 1 connections initialized for 127.0.0.1/127.0.0.1:32841
11:09:10.278 [redisson-netty-68-2] INFO org.redisson.connection.ConnectionsHolder -- 1 connections initialized for 127.0.0.1/127.0.0.1:32841
11:09:10.302 [main] INFO com.zaxxer.hikari.HikariDataSource -- HikariPool-23 - Starting...
11:09:10.307 [main] INFO com.zaxxer.hikari.pool.HikariPool -- HikariPool-23 - Added connection com.mysql.cj.jdbc.ConnectionImpl@592bc6a7
11:09:10.307 [main] INFO com.zaxxer.hikari.HikariDataSource -- HikariPool-23 - Start completed.
11:09:10.513 [main] INFO com.baomidou.dynamic.datasource.DynamicRoutingDataSource -- dynamic-datasource start closing ....
11:09:10.513 [main] INFO com.baomidou.dynamic.datasource.DynamicRoutingDataSource -- dynamic-datasource all closed success,bye
11:09:10.513 [main] INFO com.zaxxer.hikari.HikariDataSource -- HikariPool-23 - Shutdown initiated...
11:09:10.520 [main] INFO com.zaxxer.hikari.HikariDataSource -- HikariPool-23 - Shutdown completed.
11:09:10.523 [main] INFO com.baomidou.dynamic.datasource.DynamicRoutingDataSource -- dynamic-datasource - add a datasource named [master] success
11:09:10.712 [main] INFO org.redisson.Version -- Redisson 4.6.1
11:09:10.719 [redisson-netty-71-1] INFO org.redisson.connection.ConnectionsHolder -- 1 connections initialized for 127.0.0.1/127.0.0.1:32841
11:09:10.724 [redisson-netty-71-2] INFO org.redisson.connection.ConnectionsHolder -- 1 connections initialized for 127.0.0.1/127.0.0.1:32841
11:09:10.745 [main] INFO com.zaxxer.hikari.HikariDataSource -- HikariPool-24 - Starting...
11:09:10.754 [main] INFO com.zaxxer.hikari.pool.HikariPool -- HikariPool-24 - Added connection com.mysql.cj.jdbc.ConnectionImpl@4f6f13f0
11:09:10.754 [main] INFO com.zaxxer.hikari.HikariDataSource -- HikariPool-24 - Start completed.
11:09:10.879 [main] WARN org.namewta.notify.adapter.event.InAppCommittedPushListener -- 站内实时提示失败，messageId=9220001, reason=IllegalStateException
11:09:10.920 [main] INFO com.baomidou.dynamic.datasource.DynamicRoutingDataSource -- dynamic-datasource start closing ....
11:09:10.920 [main] INFO com.baomidou.dynamic.datasource.DynamicRoutingDataSource -- dynamic-datasource all closed success,bye
11:09:10.920 [main] INFO com.zaxxer.hikari.HikariDataSource -- HikariPool-24 - Shutdown initiated...
11:09:10.935 [main] INFO com.zaxxer.hikari.HikariDataSource -- HikariPool-24 - Shutdown completed.
11:09:10.938 [main] INFO com.baomidou.dynamic.datasource.DynamicRoutingDataSource -- dynamic-datasource - add a datasource named [master] success
11:09:11.101 [main] INFO org.redisson.Version -- Redisson 4.6.1
11:09:11.106 [redisson-netty-74-1] INFO org.redisson.connection.ConnectionsHolder -- 1 connections initialized for 127.0.0.1/127.0.0.1:32841
11:09:11.108 [redisson-netty-74-2] INFO org.redisson.connection.ConnectionsHolder -- 1 connections initialized for 127.0.0.1/127.0.0.1:32841
11:09:11.133 [main] INFO com.zaxxer.hikari.HikariDataSource -- HikariPool-25 - Starting...
11:09:11.140 [main] INFO com.zaxxer.hikari.pool.HikariPool -- HikariPool-25 - Added connection com.mysql.cj.jdbc.ConnectionImpl@486d5c27
11:09:11.140 [main] INFO com.zaxxer.hikari.HikariDataSource -- HikariPool-25 - Start completed.
11:09:11.296 [main] INFO com.baomidou.dynamic.datasource.DynamicRoutingDataSource -- dynamic-datasource start closing ....
11:09:11.296 [main] INFO com.baomidou.dynamic.datasource.DynamicRoutingDataSource -- dynamic-datasource all closed success,bye
11:09:11.296 [main] INFO com.zaxxer.hikari.HikariDataSource -- HikariPool-25 - Shutdown initiated...
11:09:11.319 [main] INFO com.zaxxer.hikari.HikariDataSource -- HikariPool-25 - Shutdown completed.
11:09:11.328 [main] INFO com.baomidou.dynamic.datasource.DynamicRoutingDataSource -- dynamic-datasource - add a datasource named [master] success
11:09:11.550 [main] INFO org.redisson.Version -- Redisson 4.6.1
11:09:11.556 [redisson-netty-77-1] INFO org.redisson.connection.ConnectionsHolder -- 1 connections initialized for 127.0.0.1/127.0.0.1:32841
11:09:11.557 [redisson-netty-77-2] INFO org.redisson.connection.ConnectionsHolder -- 1 connections initialized for 127.0.0.1/127.0.0.1:32841
11:09:11.588 [main] INFO com.zaxxer.hikari.HikariDataSource -- HikariPool-26 - Starting...
11:09:11.594 [main] INFO com.zaxxer.hikari.pool.HikariPool -- HikariPool-26 - Added connection com.mysql.cj.jdbc.ConnectionImpl@4b52e9cc
11:09:11.594 [main] INFO com.zaxxer.hikari.HikariDataSource -- HikariPool-26 - Start completed.
11:09:11.749 [main] INFO com.baomidou.dynamic.datasource.DynamicRoutingDataSource -- dynamic-datasource start closing ....
11:09:11.749 [main] INFO com.baomidou.dynamic.datasource.DynamicRoutingDataSource -- dynamic-datasource all closed success,bye
11:09:11.749 [main] INFO com.zaxxer.hikari.HikariDataSource -- HikariPool-26 - Shutdown initiated...
11:09:11.769 [main] INFO com.zaxxer.hikari.HikariDataSource -- HikariPool-26 - Shutdown completed.
11:09:11.771 [main] INFO com.baomidou.dynamic.datasource.DynamicRoutingDataSource -- dynamic-datasource - add a datasource named [master] success
11:09:11.974 [main] INFO org.redisson.Version -- Redisson 4.6.1
11:09:11.983 [redisson-netty-80-1] INFO org.redisson.connection.ConnectionsHolder -- 1 connections initialized for 127.0.0.1/127.0.0.1:32841
11:09:11.984 [redisson-netty-80-2] INFO org.redisson.connection.ConnectionsHolder -- 1 connections initialized for 127.0.0.1/127.0.0.1:32841
11:09:12.008 [main] INFO com.zaxxer.hikari.HikariDataSource -- HikariPool-27 - Starting...
11:09:12.015 [main] INFO com.zaxxer.hikari.pool.HikariPool -- HikariPool-27 - Added connection com.mysql.cj.jdbc.ConnectionImpl@28c92c51
11:09:12.015 [main] INFO com.zaxxer.hikari.HikariDataSource -- HikariPool-27 - Start completed.
11:09:12.117 [main] INFO com.baomidou.dynamic.datasource.DynamicRoutingDataSource -- dynamic-datasource start closing ....
11:09:12.117 [main] INFO com.baomidou.dynamic.datasource.DynamicRoutingDataSource -- dynamic-datasource all closed success,bye
11:09:12.117 [main] INFO com.zaxxer.hikari.HikariDataSource -- HikariPool-27 - Shutdown initiated...
11:09:12.153 [main] INFO com.zaxxer.hikari.HikariDataSource -- HikariPool-27 - Shutdown completed.
11:09:12.158 [main] INFO com.baomidou.dynamic.datasource.DynamicRoutingDataSource -- dynamic-datasource - add a datasource named [master] success
11:09:12.315 [main] INFO org.redisson.Version -- Redisson 4.6.1
11:09:12.321 [redisson-netty-83-1] INFO org.redisson.connection.ConnectionsHolder -- 1 connections initialized for 127.0.0.1/127.0.0.1:32841
11:09:12.322 [redisson-netty-83-2] INFO org.redisson.connection.ConnectionsHolder -- 1 connections initialized for 127.0.0.1/127.0.0.1:32841
11:09:12.343 [main] INFO com.zaxxer.hikari.HikariDataSource -- HikariPool-28 - Starting...
11:09:12.349 [main] INFO com.zaxxer.hikari.pool.HikariPool -- HikariPool-28 - Added connection com.mysql.cj.jdbc.ConnectionImpl@3ecd0cf9
11:09:12.350 [main] INFO com.zaxxer.hikari.HikariDataSource -- HikariPool-28 - Start completed.
11:09:12.476 [main] INFO com.baomidou.dynamic.datasource.DynamicRoutingDataSource -- dynamic-datasource start closing ....
11:09:12.477 [main] INFO com.baomidou.dynamic.datasource.DynamicRoutingDataSource -- dynamic-datasource all closed success,bye
11:09:12.477 [main] INFO com.zaxxer.hikari.HikariDataSource -- HikariPool-28 - Shutdown initiated...
11:09:12.484 [main] INFO com.zaxxer.hikari.HikariDataSource -- HikariPool-28 - Shutdown completed.
11:09:12.487 [main] INFO com.baomidou.dynamic.datasource.DynamicRoutingDataSource -- dynamic-datasource - add a datasource named [master] success
11:09:12.623 [main] INFO org.redisson.Version -- Redisson 4.6.1
11:09:12.628 [redisson-netty-86-1] INFO org.redisson.connection.ConnectionsHolder -- 1 connections initialized for 127.0.0.1/127.0.0.1:32841
11:09:12.629 [redisson-netty-86-2] INFO org.redisson.connection.ConnectionsHolder -- 1 connections initialized for 127.0.0.1/127.0.0.1:32841
11:09:12.654 [main] INFO com.zaxxer.hikari.HikariDataSource -- HikariPool-29 - Starting...
11:09:12.662 [main] INFO com.zaxxer.hikari.pool.HikariPool -- HikariPool-29 - Added connection com.mysql.cj.jdbc.ConnectionImpl@3fe19a69
11:09:12.665 [main] INFO com.zaxxer.hikari.HikariDataSource -- HikariPool-29 - Start completed.
11:09:12.789 [main] INFO com.baomidou.dynamic.datasource.DynamicRoutingDataSource -- dynamic-datasource start closing ....
11:09:12.789 [main] INFO com.baomidou.dynamic.datasource.DynamicRoutingDataSource -- dynamic-datasource all closed success,bye
11:09:12.789 [main] INFO com.zaxxer.hikari.HikariDataSource -- HikariPool-29 - Shutdown initiated...
11:09:12.803 [main] INFO com.zaxxer.hikari.HikariDataSource -- HikariPool-29 - Shutdown completed.
11:09:12.805 [main] INFO com.baomidou.dynamic.datasource.DynamicRoutingDataSource -- dynamic-datasource - add a datasource named [master] success
11:09:12.959 [main] INFO org.redisson.Version -- Redisson 4.6.1
11:09:12.966 [redisson-netty-89-1] INFO org.redisson.connection.ConnectionsHolder -- 1 connections initialized for 127.0.0.1/127.0.0.1:32841
11:09:12.966 [redisson-netty-89-2] INFO org.redisson.connection.ConnectionsHolder -- 1 connections initialized for 127.0.0.1/127.0.0.1:32841
11:09:12.984 [main] INFO com.zaxxer.hikari.HikariDataSource -- HikariPool-30 - Starting...
11:09:12.988 [main] INFO com.zaxxer.hikari.pool.HikariPool -- HikariPool-30 - Added connection com.mysql.cj.jdbc.ConnectionImpl@214e42a1
11:09:12.989 [main] INFO com.zaxxer.hikari.HikariDataSource -- HikariPool-30 - Start completed.
11:09:13.123 [main] INFO com.baomidou.dynamic.datasource.DynamicRoutingDataSource -- dynamic-datasource start closing ....
11:09:13.123 [main] INFO com.baomidou.dynamic.datasource.DynamicRoutingDataSource -- dynamic-datasource all closed success,bye
11:09:13.123 [main] INFO com.zaxxer.hikari.HikariDataSource -- HikariPool-30 - Shutdown initiated...
11:09:13.125 [main] INFO com.zaxxer.hikari.HikariDataSource -- HikariPool-30 - Shutdown completed.
11:09:13.134 [main] INFO com.baomidou.dynamic.datasource.DynamicRoutingDataSource -- dynamic-datasource - add a datasource named [master] success
11:09:13.351 [main] INFO org.redisson.Version -- Redisson 4.6.1
11:09:13.358 [redisson-netty-92-1] INFO org.redisson.connection.ConnectionsHolder -- 1 connections initialized for 127.0.0.1/127.0.0.1:32841
11:09:13.358 [redisson-netty-92-2] INFO org.redisson.connection.ConnectionsHolder -- 1 connections initialized for 127.0.0.1/127.0.0.1:32841
11:09:13.380 [main] INFO com.zaxxer.hikari.HikariDataSource -- HikariPool-31 - Starting...
11:09:13.387 [main] INFO com.zaxxer.hikari.pool.HikariPool -- HikariPool-31 - Added connection com.mysql.cj.jdbc.ConnectionImpl@24910a3e
11:09:13.387 [main] INFO com.zaxxer.hikari.HikariDataSource -- HikariPool-31 - Start completed.
11:09:13.531 [main] INFO com.baomidou.dynamic.datasource.DynamicRoutingDataSource -- dynamic-datasource start closing ....
11:09:13.531 [main] INFO com.baomidou.dynamic.datasource.DynamicRoutingDataSource -- dynamic-datasource all closed success,bye
11:09:13.531 [main] INFO com.zaxxer.hikari.HikariDataSource -- HikariPool-31 - Shutdown initiated...
11:09:13.564 [main] INFO com.zaxxer.hikari.HikariDataSource -- HikariPool-31 - Shutdown completed.
11:09:13.567 [main] INFO com.baomidou.dynamic.datasource.DynamicRoutingDataSource -- dynamic-datasource - add a datasource named [master] success
11:09:13.765 [main] INFO org.redisson.Version -- Redisson 4.6.1
11:09:13.783 [redisson-netty-95-1] INFO org.redisson.connection.ConnectionsHolder -- 1 connections initialized for 127.0.0.1/127.0.0.1:32841
11:09:13.783 [redisson-netty-95-2] INFO org.redisson.connection.ConnectionsHolder -- 1 connections initialized for 127.0.0.1/127.0.0.1:32841
11:09:13.812 [main] INFO com.zaxxer.hikari.HikariDataSource -- HikariPool-32 - Starting...
11:09:13.816 [main] INFO com.zaxxer.hikari.pool.HikariPool -- HikariPool-32 - Added connection com.mysql.cj.jdbc.ConnectionImpl@758d9a5b
11:09:13.816 [main] INFO com.zaxxer.hikari.HikariDataSource -- HikariPool-32 - Start completed.
11:09:13.975 [main] INFO com.baomidou.dynamic.datasource.DynamicRoutingDataSource -- dynamic-datasource start closing ....
11:09:13.975 [main] INFO com.baomidou.dynamic.datasource.DynamicRoutingDataSource -- dynamic-datasource all closed success,bye
11:09:13.975 [main] INFO com.zaxxer.hikari.HikariDataSource -- HikariPool-32 - Shutdown initiated...
11:09:13.988 [main] INFO com.zaxxer.hikari.HikariDataSource -- HikariPool-32 - Shutdown completed.
11:09:13.992 [main] INFO com.baomidou.dynamic.datasource.DynamicRoutingDataSource -- dynamic-datasource - add a datasource named [master] success
11:09:14.201 [main] INFO org.redisson.Version -- Redisson 4.6.1
11:09:14.206 [redisson-netty-98-1] INFO org.redisson.connection.ConnectionsHolder -- 1 connections initialized for 127.0.0.1/127.0.0.1:32841
11:09:14.207 [redisson-netty-98-2] INFO org.redisson.connection.ConnectionsHolder -- 1 connections initialized for 127.0.0.1/127.0.0.1:32841
11:09:14.229 [main] INFO com.zaxxer.hikari.HikariDataSource -- HikariPool-33 - Starting...
11:09:14.233 [main] INFO com.zaxxer.hikari.pool.HikariPool -- HikariPool-33 - Added connection com.mysql.cj.jdbc.ConnectionImpl@5698fc85
11:09:14.233 [main] INFO com.zaxxer.hikari.HikariDataSource -- HikariPool-33 - Start completed.
11:09:14.405 [main] INFO com.baomidou.dynamic.datasource.DynamicRoutingDataSource -- dynamic-datasource start closing ....
11:09:14.405 [main] INFO com.baomidou.dynamic.datasource.DynamicRoutingDataSource -- dynamic-datasource all closed success,bye
11:09:14.405 [main] INFO com.zaxxer.hikari.HikariDataSource -- HikariPool-33 - Shutdown initiated...
11:09:14.407 [main] INFO com.zaxxer.hikari.HikariDataSource -- HikariPool-33 - Shutdown completed.
11:09:14.410 [main] INFO com.baomidou.dynamic.datasource.DynamicRoutingDataSource -- dynamic-datasource - add a datasource named [master] success
11:09:14.569 [main] INFO org.redisson.Version -- Redisson 4.6.1
11:09:14.576 [redisson-netty-101-2] INFO org.redisson.connection.ConnectionsHolder -- 1 connections initialized for 127.0.0.1/127.0.0.1:32841
11:09:14.576 [redisson-netty-101-1] INFO org.redisson.connection.ConnectionsHolder -- 1 connections initialized for 127.0.0.1/127.0.0.1:32841
11:09:14.599 [main] INFO com.zaxxer.hikari.HikariDataSource -- HikariPool-34 - Starting...
11:09:14.605 [main] INFO com.zaxxer.hikari.pool.HikariPool -- HikariPool-34 - Added connection com.mysql.cj.jdbc.ConnectionImpl@1538ca32
11:09:14.606 [main] INFO com.zaxxer.hikari.HikariDataSource -- HikariPool-34 - Start completed.
11:09:14.731 [main] INFO com.baomidou.dynamic.datasource.DynamicRoutingDataSource -- dynamic-datasource start closing ....
11:09:14.732 [main] INFO com.baomidou.dynamic.datasource.DynamicRoutingDataSource -- dynamic-datasource all closed success,bye
11:09:14.732 [main] INFO com.zaxxer.hikari.HikariDataSource -- HikariPool-34 - Shutdown initiated...
11:09:14.747 [main] INFO com.zaxxer.hikari.HikariDataSource -- HikariPool-34 - Shutdown completed.
11:09:14.752 [main] INFO com.baomidou.dynamic.datasource.DynamicRoutingDataSource -- dynamic-datasource - add a datasource named [master] success
11:09:14.904 [main] INFO org.redisson.Version -- Redisson 4.6.1
11:09:14.911 [redisson-netty-104-1] INFO org.redisson.connection.ConnectionsHolder -- 1 connections initialized for 127.0.0.1/127.0.0.1:32841
11:09:14.911 [redisson-netty-104-2] INFO org.redisson.connection.ConnectionsHolder -- 1 connections initialized for 127.0.0.1/127.0.0.1:32841
11:09:14.935 [main] INFO com.zaxxer.hikari.HikariDataSource -- HikariPool-35 - Starting...
11:09:14.941 [main] INFO com.zaxxer.hikari.pool.HikariPool -- HikariPool-35 - Added connection com.mysql.cj.jdbc.ConnectionImpl@4ebcd5dc
11:09:14.941 [main] INFO com.zaxxer.hikari.HikariDataSource -- HikariPool-35 - Start completed.
11:09:15.041 [main] WARN org.namewta.notify.adapter.event.InAppCommittedPushListener -- 站内实时提示失败，messageId=9220001, reason=IllegalStateException
11:09:15.081 [main] INFO com.baomidou.dynamic.datasource.DynamicRoutingDataSource -- dynamic-datasource start closing ....
11:09:15.082 [main] INFO com.baomidou.dynamic.datasource.DynamicRoutingDataSource -- dynamic-datasource all closed success,bye
11:09:15.082 [main] INFO com.zaxxer.hikari.HikariDataSource -- HikariPool-35 - Shutdown initiated...
11:09:15.118 [main] INFO com.zaxxer.hikari.HikariDataSource -- HikariPool-35 - Shutdown completed.
11:09:15.121 [main] INFO com.baomidou.dynamic.datasource.DynamicRoutingDataSource -- dynamic-datasource - add a datasource named [master] success
11:09:15.290 [main] INFO org.redisson.Version -- Redisson 4.6.1
11:09:15.297 [redisson-netty-107-2] INFO org.redisson.connection.ConnectionsHolder -- 1 connections initialized for 127.0.0.1/127.0.0.1:32841
11:09:15.297 [redisson-netty-107-1] INFO org.redisson.connection.ConnectionsHolder -- 1 connections initialized for 127.0.0.1/127.0.0.1:32841
11:09:15.335 [main] INFO com.zaxxer.hikari.HikariDataSource -- HikariPool-36 - Starting...
11:09:15.343 [main] INFO com.zaxxer.hikari.pool.HikariPool -- HikariPool-36 - Added connection com.mysql.cj.jdbc.ConnectionImpl@64c8afbe
11:09:15.344 [main] INFO com.zaxxer.hikari.HikariDataSource -- HikariPool-36 - Start completed.
11:09:15.444 [main] INFO com.baomidou.dynamic.datasource.DynamicRoutingDataSource -- dynamic-datasource start closing ....
11:09:15.444 [main] INFO com.baomidou.dynamic.datasource.DynamicRoutingDataSource -- dynamic-datasource all closed success,bye
11:09:15.444 [main] INFO com.zaxxer.hikari.HikariDataSource -- HikariPool-36 - Shutdown initiated...
11:09:15.482 [main] INFO com.zaxxer.hikari.HikariDataSource -- HikariPool-36 - Shutdown completed.
11:09:15.485 [main] INFO com.baomidou.dynamic.datasource.DynamicRoutingDataSource -- dynamic-datasource - add a datasource named [master] success
11:09:15.651 [main] INFO org.redisson.Version -- Redisson 4.6.1
11:09:15.660 [redisson-netty-110-1] INFO org.redisson.connection.ConnectionsHolder -- 1 connections initialized for 127.0.0.1/127.0.0.1:32841
11:09:15.665 [redisson-netty-110-2] INFO org.redisson.connection.ConnectionsHolder -- 1 connections initialized for 127.0.0.1/127.0.0.1:32841
11:09:15.691 [main] INFO com.zaxxer.hikari.HikariDataSource -- HikariPool-37 - Starting...
11:09:15.700 [main] INFO com.zaxxer.hikari.pool.HikariPool -- HikariPool-37 - Added connection com.mysql.cj.jdbc.ConnectionImpl@66e4989a
11:09:15.701 [main] INFO com.zaxxer.hikari.HikariDataSource -- HikariPool-37 - Start completed.
11:09:15.810 [main] WARN org.namewta.notify.adapter.event.InAppCommittedPushListener -- 站内实时提示失败，messageId=9220001, reason=IllegalStateException
11:09:15.845 [main] INFO com.baomidou.dynamic.datasource.DynamicRoutingDataSource -- dynamic-datasource start closing ....
11:09:15.845 [main] INFO com.baomidou.dynamic.datasource.DynamicRoutingDataSource -- dynamic-datasource all closed success,bye
11:09:15.845 [main] INFO com.zaxxer.hikari.HikariDataSource -- HikariPool-37 - Shutdown initiated...
11:09:15.870 [main] INFO com.zaxxer.hikari.HikariDataSource -- HikariPool-37 - Shutdown completed.
11:09:15.873 [main] INFO com.baomidou.dynamic.datasource.DynamicRoutingDataSource -- dynamic-datasource - add a datasource named [master] success
11:09:16.006 [main] INFO org.redisson.Version -- Redisson 4.6.1
11:09:16.009 [redisson-netty-113-1] INFO org.redisson.connection.ConnectionsHolder -- 1 connections initialized for 127.0.0.1/127.0.0.1:32841
11:09:16.010 [redisson-netty-113-2] INFO org.redisson.connection.ConnectionsHolder -- 1 connections initialized for 127.0.0.1/127.0.0.1:32841
11:09:16.025 [main] INFO com.zaxxer.hikari.HikariDataSource -- HikariPool-38 - Starting...
11:09:16.031 [main] INFO com.zaxxer.hikari.pool.HikariPool -- HikariPool-38 - Added connection com.mysql.cj.jdbc.ConnectionImpl@294c7146
11:09:16.031 [main] INFO com.zaxxer.hikari.HikariDataSource -- HikariPool-38 - Start completed.
11:09:16.123 [main] INFO com.baomidou.dynamic.datasource.DynamicRoutingDataSource -- dynamic-datasource start closing ....
11:09:16.124 [main] INFO com.baomidou.dynamic.datasource.DynamicRoutingDataSource -- dynamic-datasource all closed success,bye
11:09:16.124 [main] INFO com.zaxxer.hikari.HikariDataSource -- HikariPool-38 - Shutdown initiated...
11:09:16.125 [main] INFO com.zaxxer.hikari.HikariDataSource -- HikariPool-38 - Shutdown completed.
11:09:16.130 [main] INFO com.baomidou.dynamic.datasource.DynamicRoutingDataSource -- dynamic-datasource - add a datasource named [master] success
11:09:16.265 [main] INFO org.redisson.Version -- Redisson 4.6.1
11:09:16.270 [redisson-netty-116-1] INFO org.redisson.connection.ConnectionsHolder -- 1 connections initialized for 127.0.0.1/127.0.0.1:32841
11:09:16.270 [redisson-netty-116-2] INFO org.redisson.connection.ConnectionsHolder -- 1 connections initialized for 127.0.0.1/127.0.0.1:32841
11:09:16.288 [main] INFO com.zaxxer.hikari.HikariDataSource -- HikariPool-39 - Starting...
11:09:16.294 [main] INFO com.zaxxer.hikari.pool.HikariPool -- HikariPool-39 - Added connection com.mysql.cj.jdbc.ConnectionImpl@6988cc01
11:09:16.294 [main] INFO com.zaxxer.hikari.HikariDataSource -- HikariPool-39 - Start completed.
11:09:16.396 [main] WARN org.namewta.notify.adapter.event.InAppCommittedPushListener -- 站内实时提示失败，messageId=9220001, reason=IllegalStateException
11:09:16.422 [main] INFO com.baomidou.dynamic.datasource.DynamicRoutingDataSource -- dynamic-datasource start closing ....
11:09:16.422 [main] INFO com.baomidou.dynamic.datasource.DynamicRoutingDataSource -- dynamic-datasource all closed success,bye
11:09:16.422 [main] INFO com.zaxxer.hikari.HikariDataSource -- HikariPool-39 - Shutdown initiated...
11:09:16.434 [main] INFO com.zaxxer.hikari.HikariDataSource -- HikariPool-39 - Shutdown completed.
11:09:16.436 [main] INFO com.baomidou.dynamic.datasource.DynamicRoutingDataSource -- dynamic-datasource - add a datasource named [master] success
11:09:16.562 [main] INFO org.redisson.Version -- Redisson 4.6.1
11:09:16.569 [redisson-netty-119-1] INFO org.redisson.connection.ConnectionsHolder -- 1 connections initialized for 127.0.0.1/127.0.0.1:32841
11:09:16.570 [redisson-netty-119-2] INFO org.redisson.connection.ConnectionsHolder -- 1 connections initialized for 127.0.0.1/127.0.0.1:32841
11:09:16.588 [main] INFO com.zaxxer.hikari.HikariDataSource -- HikariPool-40 - Starting...
11:09:16.593 [main] INFO com.zaxxer.hikari.pool.HikariPool -- HikariPool-40 - Added connection com.mysql.cj.jdbc.ConnectionImpl@14e11cb7
11:09:16.593 [main] INFO com.zaxxer.hikari.HikariDataSource -- HikariPool-40 - Start completed.
11:09:16.680 [main] WARN org.namewta.notify.adapter.event.InAppCommittedPushListener -- 站内实时提示失败，messageId=9220001, reason=IllegalStateException
11:09:16.710 [main] INFO com.baomidou.dynamic.datasource.DynamicRoutingDataSource -- dynamic-datasource start closing ....
11:09:16.710 [main] INFO com.baomidou.dynamic.datasource.DynamicRoutingDataSource -- dynamic-datasource all closed success,bye
11:09:16.710 [main] INFO com.zaxxer.hikari.HikariDataSource -- HikariPool-40 - Shutdown initiated...
11:09:16.731 [main] INFO com.zaxxer.hikari.HikariDataSource -- HikariPool-40 - Shutdown completed.
11:09:16.733 [main] INFO com.baomidou.dynamic.datasource.DynamicRoutingDataSource -- dynamic-datasource - add a datasource named [master] success
11:09:16.882 [main] INFO org.redisson.Version -- Redisson 4.6.1
11:09:16.886 [redisson-netty-122-1] INFO org.redisson.connection.ConnectionsHolder -- 1 connections initialized for 127.0.0.1/127.0.0.1:32841
11:09:16.886 [redisson-netty-122-2] INFO org.redisson.connection.ConnectionsHolder -- 1 connections initialized for 127.0.0.1/127.0.0.1:32841
11:09:16.908 [main] INFO com.zaxxer.hikari.HikariDataSource -- HikariPool-41 - Starting...
11:09:16.914 [main] INFO com.zaxxer.hikari.pool.HikariPool -- HikariPool-41 - Added connection com.mysql.cj.jdbc.ConnectionImpl@17a7842f
11:09:16.914 [main] INFO com.zaxxer.hikari.HikariDataSource -- HikariPool-41 - Start completed.
11:09:16.998 [main] WARN org.namewta.notify.adapter.event.InAppCommittedPushListener -- 站内实时提示失败，messageId=9220001, reason=IllegalStateException
11:09:17.047 [main] INFO com.baomidou.dynamic.datasource.DynamicRoutingDataSource -- dynamic-datasource start closing ....
11:09:17.047 [main] INFO com.baomidou.dynamic.datasource.DynamicRoutingDataSource -- dynamic-datasource all closed success,bye
11:09:17.047 [main] INFO com.zaxxer.hikari.HikariDataSource -- HikariPool-41 - Shutdown initiated...
11:09:17.058 [main] INFO com.zaxxer.hikari.HikariDataSource -- HikariPool-41 - Shutdown completed.
11:09:17.060 [main] INFO com.baomidou.dynamic.datasource.DynamicRoutingDataSource -- dynamic-datasource - add a datasource named [master] success
11:09:17.230 [main] INFO org.redisson.Version -- Redisson 4.6.1
11:09:17.237 [redisson-netty-125-2] INFO org.redisson.connection.ConnectionsHolder -- 1 connections initialized for 127.0.0.1/127.0.0.1:32841
11:09:17.237 [redisson-netty-125-1] INFO org.redisson.connection.ConnectionsHolder -- 1 connections initialized for 127.0.0.1/127.0.0.1:32841
11:09:17.275 [main] INFO com.zaxxer.hikari.HikariDataSource -- HikariPool-42 - Starting...
11:09:17.286 [main] INFO com.zaxxer.hikari.pool.HikariPool -- HikariPool-42 - Added connection com.mysql.cj.jdbc.ConnectionImpl@7d2a7662
11:09:17.286 [main] INFO com.zaxxer.hikari.HikariDataSource -- HikariPool-42 - Start completed.
11:09:17.484 [main] INFO com.baomidou.dynamic.datasource.DynamicRoutingDataSource -- dynamic-datasource start closing ....
11:09:17.484 [main] INFO com.baomidou.dynamic.datasource.DynamicRoutingDataSource -- dynamic-datasource all closed success,bye
11:09:17.484 [main] INFO com.zaxxer.hikari.HikariDataSource -- HikariPool-42 - Shutdown initiated...
11:09:17.508 [main] INFO com.zaxxer.hikari.HikariDataSource -- HikariPool-42 - Shutdown completed.
11:09:17.513 [main] INFO com.baomidou.dynamic.datasource.DynamicRoutingDataSource -- dynamic-datasource - add a datasource named [master] success
11:09:17.679 [main] INFO org.redisson.Version -- Redisson 4.6.1
11:09:17.690 [redisson-netty-128-1] INFO org.redisson.connection.ConnectionsHolder -- 1 connections initialized for 127.0.0.1/127.0.0.1:32841
11:09:17.696 [redisson-netty-128-2] INFO org.redisson.connection.ConnectionsHolder -- 1 connections initialized for 127.0.0.1/127.0.0.1:32841
11:09:17.721 [main] INFO com.zaxxer.hikari.HikariDataSource -- HikariPool-43 - Starting...
11:09:17.725 [main] INFO com.zaxxer.hikari.pool.HikariPool -- HikariPool-43 - Added connection com.mysql.cj.jdbc.ConnectionImpl@575f4499
11:09:17.725 [main] INFO com.zaxxer.hikari.HikariDataSource -- HikariPool-43 - Start completed.
11:09:17.824 [main] INFO com.baomidou.dynamic.datasource.DynamicRoutingDataSource -- dynamic-datasource start closing ....
11:09:17.824 [main] INFO com.baomidou.dynamic.datasource.DynamicRoutingDataSource -- dynamic-datasource all closed success,bye
11:09:17.824 [main] INFO com.zaxxer.hikari.HikariDataSource -- HikariPool-43 - Shutdown initiated...
11:09:17.827 [main] INFO com.zaxxer.hikari.HikariDataSource -- HikariPool-43 - Shutdown completed.
11:09:17.831 [main] INFO com.baomidou.dynamic.datasource.DynamicRoutingDataSource -- dynamic-datasource - add a datasource named [master] success
11:09:17.987 [main] INFO org.redisson.Version -- Redisson 4.6.1
11:09:17.993 [redisson-netty-131-1] INFO org.redisson.connection.ConnectionsHolder -- 1 connections initialized for 127.0.0.1/127.0.0.1:32841
11:09:17.995 [redisson-netty-131-2] INFO org.redisson.connection.ConnectionsHolder -- 1 connections initialized for 127.0.0.1/127.0.0.1:32841
11:09:18.018 [main] INFO com.zaxxer.hikari.HikariDataSource -- HikariPool-44 - Starting...
11:09:18.021 [main] INFO com.zaxxer.hikari.pool.HikariPool -- HikariPool-44 - Added connection com.mysql.cj.jdbc.ConnectionImpl@cb784b5
11:09:18.022 [main] INFO com.zaxxer.hikari.HikariDataSource -- HikariPool-44 - Start completed.
11:09:18.108 [main] INFO com.baomidou.dynamic.datasource.DynamicRoutingDataSource -- dynamic-datasource start closing ....
11:09:18.108 [main] INFO com.baomidou.dynamic.datasource.DynamicRoutingDataSource -- dynamic-datasource all closed success,bye
11:09:18.108 [main] INFO com.zaxxer.hikari.HikariDataSource -- HikariPool-44 - Shutdown initiated...
11:09:18.109 [main] INFO com.zaxxer.hikari.HikariDataSource -- HikariPool-44 - Shutdown completed.
11:09:18.114 [main] INFO com.baomidou.dynamic.datasource.DynamicRoutingDataSource -- dynamic-datasource - add a datasource named [master] success
11:09:18.332 [main] INFO org.redisson.Version -- Redisson 4.6.1
11:09:18.337 [redisson-netty-134-1] INFO org.redisson.connection.ConnectionsHolder -- 1 connections initialized for 127.0.0.1/127.0.0.1:32841
11:09:18.337 [redisson-netty-134-2] INFO org.redisson.connection.ConnectionsHolder -- 1 connections initialized for 127.0.0.1/127.0.0.1:32841
11:09:18.360 [main] INFO com.zaxxer.hikari.HikariDataSource -- HikariPool-45 - Starting...
11:09:18.368 [main] INFO com.zaxxer.hikari.pool.HikariPool -- HikariPool-45 - Added connection com.mysql.cj.jdbc.ConnectionImpl@31b7f472
11:09:18.368 [main] INFO com.zaxxer.hikari.HikariDataSource -- HikariPool-45 - Start completed.
11:09:18.434 [main] INFO com.baomidou.dynamic.datasource.DynamicRoutingDataSource -- dynamic-datasource start closing ....
11:09:18.434 [main] INFO com.baomidou.dynamic.datasource.DynamicRoutingDataSource -- dynamic-datasource all closed success,bye
11:09:18.434 [main] INFO com.zaxxer.hikari.HikariDataSource -- HikariPool-45 - Shutdown initiated...
11:09:18.435 [main] INFO com.zaxxer.hikari.HikariDataSource -- HikariPool-45 - Shutdown completed.
11:09:18.438 [main] INFO com.baomidou.dynamic.datasource.DynamicRoutingDataSource -- dynamic-datasource - add a datasource named [master] success
11:09:18.576 [main] INFO org.redisson.Version -- Redisson 4.6.1
11:09:18.583 [redisson-netty-137-1] INFO org.redisson.connection.ConnectionsHolder -- 1 connections initialized for 127.0.0.1/127.0.0.1:32841
11:09:18.583 [redisson-netty-137-2] INFO org.redisson.connection.ConnectionsHolder -- 1 connections initialized for 127.0.0.1/127.0.0.1:32841
11:09:18.600 [main] INFO com.zaxxer.hikari.HikariDataSource -- HikariPool-46 - Starting...
11:09:18.603 [main] INFO com.zaxxer.hikari.pool.HikariPool -- HikariPool-46 - Added connection com.mysql.cj.jdbc.ConnectionImpl@7c946bca
11:09:18.603 [main] INFO com.zaxxer.hikari.HikariDataSource -- HikariPool-46 - Start completed.
11:09:18.666 [main] INFO com.baomidou.dynamic.datasource.DynamicRoutingDataSource -- dynamic-datasource start closing ....
11:09:18.666 [main] INFO com.baomidou.dynamic.datasource.DynamicRoutingDataSource -- dynamic-datasource all closed success,bye
11:09:18.666 [main] INFO com.zaxxer.hikari.HikariDataSource -- HikariPool-46 - Shutdown initiated...
11:09:18.669 [main] INFO com.zaxxer.hikari.HikariDataSource -- HikariPool-46 - Shutdown completed.
11:09:18.672 [main] INFO com.baomidou.dynamic.datasource.DynamicRoutingDataSource -- dynamic-datasource - add a datasource named [master] success
11:09:18.801 [main] INFO org.redisson.Version -- Redisson 4.6.1
11:09:18.806 [redisson-netty-140-1] INFO org.redisson.connection.ConnectionsHolder -- 1 connections initialized for 127.0.0.1/127.0.0.1:32841
11:09:18.807 [redisson-netty-140-2] INFO org.redisson.connection.ConnectionsHolder -- 1 connections initialized for 127.0.0.1/127.0.0.1:32841
11:09:18.825 [main] INFO com.zaxxer.hikari.HikariDataSource -- HikariPool-47 - Starting...
11:09:18.831 [main] INFO com.zaxxer.hikari.pool.HikariPool -- HikariPool-47 - Added connection com.mysql.cj.jdbc.ConnectionImpl@42294ce4
11:09:18.831 [main] INFO com.zaxxer.hikari.HikariDataSource -- HikariPool-47 - Start completed.
11:09:18.926 [main] INFO com.baomidou.dynamic.datasource.DynamicRoutingDataSource -- dynamic-datasource start closing ....
11:09:18.926 [main] INFO com.baomidou.dynamic.datasource.DynamicRoutingDataSource -- dynamic-datasource all closed success,bye
11:09:18.926 [main] INFO com.zaxxer.hikari.HikariDataSource -- HikariPool-47 - Shutdown initiated...
11:09:18.928 [main] INFO com.zaxxer.hikari.HikariDataSource -- HikariPool-47 - Shutdown completed.
11:09:18.931 [main] INFO com.baomidou.dynamic.datasource.DynamicRoutingDataSource -- dynamic-datasource - add a datasource named [master] success
11:09:19.076 [main] INFO org.redisson.Version -- Redisson 4.6.1
11:09:19.096 [redisson-netty-143-1] INFO org.redisson.connection.ConnectionsHolder -- 1 connections initialized for 127.0.0.1/127.0.0.1:32841
11:09:19.098 [redisson-netty-143-2] INFO org.redisson.connection.ConnectionsHolder -- 1 connections initialized for 127.0.0.1/127.0.0.1:32841
11:09:19.116 [main] INFO com.zaxxer.hikari.HikariDataSource -- HikariPool-48 - Starting...
11:09:19.122 [main] INFO com.zaxxer.hikari.pool.HikariPool -- HikariPool-48 - Added connection com.mysql.cj.jdbc.ConnectionImpl@194c02c3
11:09:19.123 [main] INFO com.zaxxer.hikari.HikariDataSource -- HikariPool-48 - Start completed.
11:09:19.373 [main] INFO com.baomidou.dynamic.datasource.DynamicRoutingDataSource -- dynamic-datasource start closing ....
11:09:19.374 [main] INFO com.baomidou.dynamic.datasource.DynamicRoutingDataSource -- dynamic-datasource all closed success,bye
11:09:19.374 [main] INFO com.zaxxer.hikari.HikariDataSource -- HikariPool-48 - Shutdown initiated...
11:09:19.402 [main] INFO com.zaxxer.hikari.HikariDataSource -- HikariPool-48 - Shutdown completed.
11:09:19.404 [main] INFO com.baomidou.dynamic.datasource.DynamicRoutingDataSource -- dynamic-datasource - add a datasource named [master] success
11:09:19.541 [main] INFO org.redisson.Version -- Redisson 4.6.1
11:09:19.546 [redisson-netty-146-2] INFO org.redisson.connection.ConnectionsHolder -- 1 connections initialized for 127.0.0.1/127.0.0.1:32841
11:09:19.546 [redisson-netty-146-1] INFO org.redisson.connection.ConnectionsHolder -- 1 connections initialized for 127.0.0.1/127.0.0.1:32841
11:09:19.560 [main] INFO com.zaxxer.hikari.HikariDataSource -- HikariPool-49 - Starting...
11:09:19.570 [main] INFO com.zaxxer.hikari.pool.HikariPool -- HikariPool-49 - Added connection com.mysql.cj.jdbc.ConnectionImpl@4fd49e0a
11:09:19.570 [main] INFO com.zaxxer.hikari.HikariDataSource -- HikariPool-49 - Start completed.
11:09:19.659 [main] INFO com.baomidou.dynamic.datasource.DynamicRoutingDataSource -- dynamic-datasource start closing ....
11:09:19.659 [main] INFO com.baomidou.dynamic.datasource.DynamicRoutingDataSource -- dynamic-datasource all closed success,bye
11:09:19.659 [main] INFO com.zaxxer.hikari.HikariDataSource -- HikariPool-49 - Shutdown initiated...
11:09:19.660 [main] INFO com.zaxxer.hikari.HikariDataSource -- HikariPool-49 - Shutdown completed.
11:09:19.663 [main] INFO com.baomidou.dynamic.datasource.DynamicRoutingDataSource -- dynamic-datasource - add a datasource named [master] success
11:09:19.771 [main] INFO org.redisson.Version -- Redisson 4.6.1
11:09:19.776 [redisson-netty-149-1] INFO org.redisson.connection.ConnectionsHolder -- 1 connections initialized for 127.0.0.1/127.0.0.1:32841
11:09:19.777 [redisson-netty-149-2] INFO org.redisson.connection.ConnectionsHolder -- 1 connections initialized for 127.0.0.1/127.0.0.1:32841
11:09:19.790 [main] INFO com.zaxxer.hikari.HikariDataSource -- HikariPool-50 - Starting...
11:09:19.800 [main] INFO com.zaxxer.hikari.pool.HikariPool -- HikariPool-50 - Added connection com.mysql.cj.jdbc.ConnectionImpl@6a3c79f0
11:09:19.800 [main] INFO com.zaxxer.hikari.HikariDataSource -- HikariPool-50 - Start completed.
11:09:19.841 [main] INFO com.baomidou.dynamic.datasource.DynamicRoutingDataSource -- dynamic-datasource start closing ....
11:09:19.842 [main] INFO com.baomidou.dynamic.datasource.DynamicRoutingDataSource -- dynamic-datasource all closed success,bye
11:09:19.842 [main] INFO com.zaxxer.hikari.HikariDataSource -- HikariPool-50 - Shutdown initiated...
11:09:19.844 [main] INFO com.zaxxer.hikari.HikariDataSource -- HikariPool-50 - Shutdown completed.
11:09:19.845 [main] INFO com.baomidou.dynamic.datasource.DynamicRoutingDataSource -- dynamic-datasource - add a datasource named [master] success
11:09:20.015 [main] INFO org.redisson.Version -- Redisson 4.6.1
11:09:20.021 [redisson-netty-152-1] INFO org.redisson.connection.ConnectionsHolder -- 1 connections initialized for 127.0.0.1/127.0.0.1:32841
11:09:20.021 [redisson-netty-152-2] INFO org.redisson.connection.ConnectionsHolder -- 1 connections initialized for 127.0.0.1/127.0.0.1:32841
11:09:20.040 [main] INFO com.zaxxer.hikari.HikariDataSource -- HikariPool-51 - Starting...
11:09:20.044 [main] INFO com.zaxxer.hikari.pool.HikariPool -- HikariPool-51 - Added connection com.mysql.cj.jdbc.ConnectionImpl@143f0603
11:09:20.044 [main] INFO com.zaxxer.hikari.HikariDataSource -- HikariPool-51 - Start completed.
11:09:20.133 [main] INFO com.baomidou.dynamic.datasource.DynamicRoutingDataSource -- dynamic-datasource start closing ....
11:09:20.133 [main] INFO com.baomidou.dynamic.datasource.DynamicRoutingDataSource -- dynamic-datasource all closed success,bye
11:09:20.133 [main] INFO com.zaxxer.hikari.HikariDataSource -- HikariPool-51 - Shutdown initiated...
11:09:20.136 [main] INFO com.zaxxer.hikari.HikariDataSource -- HikariPool-51 - Shutdown completed.
11:09:20.138 [main] INFO com.baomidou.dynamic.datasource.DynamicRoutingDataSource -- dynamic-datasource - add a datasource named [master] success
11:09:20.318 [main] INFO org.redisson.Version -- Redisson 4.6.1
11:09:20.323 [redisson-netty-155-2] INFO org.redisson.connection.ConnectionsHolder -- 1 connections initialized for 127.0.0.1/127.0.0.1:32841
11:09:20.323 [redisson-netty-155-1] INFO org.redisson.connection.ConnectionsHolder -- 1 connections initialized for 127.0.0.1/127.0.0.1:32841
11:09:20.345 [main] INFO com.zaxxer.hikari.HikariDataSource -- HikariPool-52 - Starting...
11:09:20.351 [main] INFO com.zaxxer.hikari.pool.HikariPool -- HikariPool-52 - Added connection com.mysql.cj.jdbc.ConnectionImpl@250db31d
11:09:20.352 [main] INFO com.zaxxer.hikari.HikariDataSource -- HikariPool-52 - Start completed.
11:09:20.440 [main] INFO com.baomidou.dynamic.datasource.DynamicRoutingDataSource -- dynamic-datasource start closing ....
11:09:20.440 [main] INFO com.baomidou.dynamic.datasource.DynamicRoutingDataSource -- dynamic-datasource all closed success,bye
11:09:20.440 [main] INFO com.zaxxer.hikari.HikariDataSource -- HikariPool-52 - Shutdown initiated...
11:09:20.442 [main] INFO com.zaxxer.hikari.HikariDataSource -- HikariPool-52 - Shutdown completed.
11:09:20.445 [main] INFO com.baomidou.dynamic.datasource.DynamicRoutingDataSource -- dynamic-datasource - add a datasource named [master] success
11:09:20.604 [main] INFO org.redisson.Version -- Redisson 4.6.1
11:09:20.617 [redisson-netty-158-1] INFO org.redisson.connection.ConnectionsHolder -- 1 connections initialized for 127.0.0.1/127.0.0.1:32841
11:09:20.618 [redisson-netty-158-2] INFO org.redisson.connection.ConnectionsHolder -- 1 connections initialized for 127.0.0.1/127.0.0.1:32841
11:09:20.641 [main] INFO com.zaxxer.hikari.HikariDataSource -- HikariPool-53 - Starting...
11:09:20.647 [main] INFO com.zaxxer.hikari.pool.HikariPool -- HikariPool-53 - Added connection com.mysql.cj.jdbc.ConnectionImpl@3aa6a6d8
11:09:20.649 [main] INFO com.zaxxer.hikari.HikariDataSource -- HikariPool-53 - Start completed.
11:09:20.786 [main] INFO com.baomidou.dynamic.datasource.DynamicRoutingDataSource -- dynamic-datasource start closing ....
11:09:20.786 [main] INFO com.baomidou.dynamic.datasource.DynamicRoutingDataSource -- dynamic-datasource all closed success,bye
11:09:20.786 [main] INFO com.zaxxer.hikari.HikariDataSource -- HikariPool-53 - Shutdown initiated...
11:09:20.807 [main] INFO com.zaxxer.hikari.HikariDataSource -- HikariPool-53 - Shutdown completed.
11:09:20.808 [main] INFO com.baomidou.dynamic.datasource.DynamicRoutingDataSource -- dynamic-datasource - add a datasource named [master] success
11:09:20.978 [main] INFO org.redisson.Version -- Redisson 4.6.1
11:09:20.983 [redisson-netty-161-2] INFO org.redisson.connection.ConnectionsHolder -- 1 connections initialized for 127.0.0.1/127.0.0.1:32841
11:09:20.983 [redisson-netty-161-1] INFO org.redisson.connection.ConnectionsHolder -- 1 connections initialized for 127.0.0.1/127.0.0.1:32841
11:09:21.005 [main] INFO com.zaxxer.hikari.HikariDataSource -- HikariPool-54 - Starting...
11:09:21.014 [main] INFO com.zaxxer.hikari.pool.HikariPool -- HikariPool-54 - Added connection com.mysql.cj.jdbc.ConnectionImpl@30ad3219
11:09:21.014 [main] INFO com.zaxxer.hikari.HikariDataSource -- HikariPool-54 - Start completed.
11:09:21.189 [main] INFO com.baomidou.dynamic.datasource.DynamicRoutingDataSource -- dynamic-datasource start closing ....
11:09:21.189 [main] INFO com.baomidou.dynamic.datasource.DynamicRoutingDataSource -- dynamic-datasource all closed success,bye
11:09:21.189 [main] INFO com.zaxxer.hikari.HikariDataSource -- HikariPool-54 - Shutdown initiated...
11:09:21.223 [main] INFO com.zaxxer.hikari.HikariDataSource -- HikariPool-54 - Shutdown completed.
11:09:21.226 [main] INFO com.baomidou.dynamic.datasource.DynamicRoutingDataSource -- dynamic-datasource - add a datasource named [master] success
11:09:21.370 [main] INFO org.redisson.Version -- Redisson 4.6.1
11:09:21.378 [redisson-netty-164-1] INFO org.redisson.connection.ConnectionsHolder -- 1 connections initialized for 127.0.0.1/127.0.0.1:32841
11:09:21.378 [redisson-netty-164-2] INFO org.redisson.connection.ConnectionsHolder -- 1 connections initialized for 127.0.0.1/127.0.0.1:32841
11:09:21.396 [main] INFO com.zaxxer.hikari.HikariDataSource -- HikariPool-55 - Starting...
11:09:21.401 [main] INFO com.zaxxer.hikari.pool.HikariPool -- HikariPool-55 - Added connection com.mysql.cj.jdbc.ConnectionImpl@32bf498
11:09:21.401 [main] INFO com.zaxxer.hikari.HikariDataSource -- HikariPool-55 - Start completed.
11:09:25.056 [main] INFO com.baomidou.dynamic.datasource.DynamicRoutingDataSource -- dynamic-datasource start closing ....
11:09:25.056 [main] INFO com.baomidou.dynamic.datasource.DynamicRoutingDataSource -- dynamic-datasource all closed success,bye
11:09:25.056 [main] INFO com.zaxxer.hikari.HikariDataSource -- HikariPool-55 - Shutdown initiated...
11:09:25.057 [main] INFO com.zaxxer.hikari.HikariDataSource -- HikariPool-55 - Shutdown completed.
11:09:25.059 [main] INFO com.baomidou.dynamic.datasource.DynamicRoutingDataSource -- dynamic-datasource - add a datasource named [master] success
11:09:25.184 [main] INFO org.redisson.Version -- Redisson 4.6.1
11:09:25.188 [redisson-netty-167-1] INFO org.redisson.connection.ConnectionsHolder -- 1 connections initialized for 127.0.0.1/127.0.0.1:32841
11:09:25.188 [redisson-netty-167-2] INFO org.redisson.connection.ConnectionsHolder -- 1 connections initialized for 127.0.0.1/127.0.0.1:32841
11:09:25.207 [main] INFO com.zaxxer.hikari.HikariDataSource -- HikariPool-56 - Starting...
11:09:25.211 [main] INFO com.zaxxer.hikari.pool.HikariPool -- HikariPool-56 - Added connection com.mysql.cj.jdbc.ConnectionImpl@2f5d7ed6
11:09:25.211 [main] INFO com.zaxxer.hikari.HikariDataSource -- HikariPool-56 - Start completed.
11:09:25.433 [main] INFO com.baomidou.dynamic.datasource.DynamicRoutingDataSource -- dynamic-datasource start closing ....
11:09:25.434 [main] INFO com.baomidou.dynamic.datasource.DynamicRoutingDataSource -- dynamic-datasource all closed success,bye
11:09:25.434 [main] INFO com.zaxxer.hikari.HikariDataSource -- HikariPool-56 - Shutdown initiated...
11:09:25.436 [main] INFO com.zaxxer.hikari.HikariDataSource -- HikariPool-56 - Shutdown completed.
11:09:25.439 [main] INFO com.baomidou.dynamic.datasource.DynamicRoutingDataSource -- dynamic-datasource - add a datasource named [master] success
11:09:25.554 [main] INFO org.redisson.Version -- Redisson 4.6.1
11:09:25.560 [redisson-netty-170-1] INFO org.redisson.connection.ConnectionsHolder -- 1 connections initialized for 127.0.0.1/127.0.0.1:32841
11:09:25.562 [redisson-netty-170-2] INFO org.redisson.connection.ConnectionsHolder -- 1 connections initialized for 127.0.0.1/127.0.0.1:32841
11:09:25.576 [main] INFO com.zaxxer.hikari.HikariDataSource -- HikariPool-57 - Starting...
11:09:25.583 [main] INFO com.zaxxer.hikari.pool.HikariPool -- HikariPool-57 - Added connection com.mysql.cj.jdbc.ConnectionImpl@6ab3547f
11:09:25.583 [main] INFO com.zaxxer.hikari.HikariDataSource -- HikariPool-57 - Start completed.
11:09:25.672 [main] INFO com.baomidou.dynamic.datasource.DynamicRoutingDataSource -- dynamic-datasource start closing ....
11:09:25.672 [main] INFO com.baomidou.dynamic.datasource.DynamicRoutingDataSource -- dynamic-datasource all closed success,bye
11:09:25.672 [main] INFO com.zaxxer.hikari.HikariDataSource -- HikariPool-57 - Shutdown initiated...
11:09:25.672 [main] INFO com.zaxxer.hikari.HikariDataSource -- HikariPool-57 - Shutdown completed.
11:09:25.674 [main] INFO com.baomidou.dynamic.datasource.DynamicRoutingDataSource -- dynamic-datasource - add a datasource named [master] success
11:09:25.781 [main] INFO org.redisson.Version -- Redisson 4.6.1
11:09:25.786 [redisson-netty-173-1] INFO org.redisson.connection.ConnectionsHolder -- 1 connections initialized for 127.0.0.1/127.0.0.1:32841
11:09:25.787 [redisson-netty-173-2] INFO org.redisson.connection.ConnectionsHolder -- 1 connections initialized for 127.0.0.1/127.0.0.1:32841
11:09:25.806 [main] INFO com.zaxxer.hikari.HikariDataSource -- HikariPool-58 - Starting...
11:09:25.810 [main] INFO com.zaxxer.hikari.pool.HikariPool -- HikariPool-58 - Added connection com.mysql.cj.jdbc.ConnectionImpl@5bf8cc88
11:09:25.810 [main] INFO com.zaxxer.hikari.HikariDataSource -- HikariPool-58 - Start completed.
11:09:25.886 [main] INFO com.baomidou.dynamic.datasource.DynamicRoutingDataSource -- dynamic-datasource start closing ....
11:09:25.886 [main] INFO com.baomidou.dynamic.datasource.DynamicRoutingDataSource -- dynamic-datasource all closed success,bye
11:09:25.886 [main] INFO com.zaxxer.hikari.HikariDataSource -- HikariPool-58 - Shutdown initiated...
11:09:25.887 [main] INFO com.zaxxer.hikari.HikariDataSource -- HikariPool-58 - Shutdown completed.
11:09:25.888 [main] INFO com.baomidou.dynamic.datasource.DynamicRoutingDataSource -- dynamic-datasource - add a datasource named [master] success
11:09:25.989 [main] INFO org.redisson.Version -- Redisson 4.6.1
11:09:25.994 [redisson-netty-176-1] INFO org.redisson.connection.ConnectionsHolder -- 1 connections initialized for 127.0.0.1/127.0.0.1:32841
11:09:25.994 [redisson-netty-176-2] INFO org.redisson.connection.ConnectionsHolder -- 1 connections initialized for 127.0.0.1/127.0.0.1:32841
11:09:26.010 [main] INFO com.zaxxer.hikari.HikariDataSource -- HikariPool-59 - Starting...
11:09:26.015 [main] INFO com.zaxxer.hikari.pool.HikariPool -- HikariPool-59 - Added connection com.mysql.cj.jdbc.ConnectionImpl@dfaff72
11:09:26.015 [main] INFO com.zaxxer.hikari.HikariDataSource -- HikariPool-59 - Start completed.
11:09:26.193 [main] INFO com.baomidou.dynamic.datasource.DynamicRoutingDataSource -- dynamic-datasource start closing ....
11:09:26.193 [main] INFO com.baomidou.dynamic.datasource.DynamicRoutingDataSource -- dynamic-datasource all closed success,bye
11:09:26.193 [main] INFO com.zaxxer.hikari.HikariDataSource -- HikariPool-59 - Shutdown initiated...
11:09:26.221 [main] INFO com.zaxxer.hikari.HikariDataSource -- HikariPool-59 - Shutdown completed.
11:09:26.222 [main] INFO com.baomidou.dynamic.datasource.DynamicRoutingDataSource -- dynamic-datasource - add a datasource named [master] success
11:09:26.371 [main] INFO org.redisson.Version -- Redisson 4.6.1
11:09:26.377 [redisson-netty-179-1] INFO org.redisson.connection.ConnectionsHolder -- 1 connections initialized for 127.0.0.1/127.0.0.1:32841
11:09:26.384 [redisson-netty-179-2] INFO org.redisson.connection.ConnectionsHolder -- 1 connections initialized for 127.0.0.1/127.0.0.1:32841
11:09:26.407 [main] INFO com.zaxxer.hikari.HikariDataSource -- HikariPool-60 - Starting...
11:09:26.410 [main] INFO com.zaxxer.hikari.pool.HikariPool -- HikariPool-60 - Added connection com.mysql.cj.jdbc.ConnectionImpl@590b7d48
11:09:26.411 [main] INFO com.zaxxer.hikari.HikariDataSource -- HikariPool-60 - Start completed.
11:09:26.517 [main] INFO com.baomidou.dynamic.datasource.DynamicRoutingDataSource -- dynamic-datasource start closing ....
11:09:26.517 [main] INFO com.baomidou.dynamic.datasource.DynamicRoutingDataSource -- dynamic-datasource all closed success,bye
11:09:26.517 [main] INFO com.zaxxer.hikari.HikariDataSource -- HikariPool-60 - Shutdown initiated...
11:09:26.554 [main] INFO com.zaxxer.hikari.HikariDataSource -- HikariPool-60 - Shutdown completed.
11:09:26.556 [main] INFO com.baomidou.dynamic.datasource.DynamicRoutingDataSource -- dynamic-datasource - add a datasource named [master] success
11:09:26.661 [main] INFO org.redisson.Version -- Redisson 4.6.1
11:09:26.668 [redisson-netty-182-1] INFO org.redisson.connection.ConnectionsHolder -- 1 connections initialized for 127.0.0.1/127.0.0.1:32841
11:09:26.669 [redisson-netty-182-2] INFO org.redisson.connection.ConnectionsHolder -- 1 connections initialized for 127.0.0.1/127.0.0.1:32841
11:09:26.684 [main] INFO com.zaxxer.hikari.HikariDataSource -- HikariPool-61 - Starting...
11:09:26.688 [main] INFO com.zaxxer.hikari.pool.HikariPool -- HikariPool-61 - Added connection com.mysql.cj.jdbc.ConnectionImpl@414d555b
11:09:26.688 [main] INFO com.zaxxer.hikari.HikariDataSource -- HikariPool-61 - Start completed.
11:09:26.753 [main] INFO com.baomidou.dynamic.datasource.DynamicRoutingDataSource -- dynamic-datasource start closing ....
11:09:26.753 [main] INFO com.baomidou.dynamic.datasource.DynamicRoutingDataSource -- dynamic-datasource all closed success,bye
11:09:26.753 [main] INFO com.zaxxer.hikari.HikariDataSource -- HikariPool-61 - Shutdown initiated...
11:09:26.754 [main] INFO com.zaxxer.hikari.HikariDataSource -- HikariPool-61 - Shutdown completed.
11:09:26.755 [main] INFO com.baomidou.dynamic.datasource.DynamicRoutingDataSource -- dynamic-datasource - add a datasource named [master] success
11:09:26.873 [main] INFO org.redisson.Version -- Redisson 4.6.1
11:09:26.878 [redisson-netty-185-1] INFO org.redisson.connection.ConnectionsHolder -- 1 connections initialized for 127.0.0.1/127.0.0.1:32841
11:09:26.878 [redisson-netty-185-2] INFO org.redisson.connection.ConnectionsHolder -- 1 connections initialized for 127.0.0.1/127.0.0.1:32841
11:09:26.896 [main] INFO com.zaxxer.hikari.HikariDataSource -- HikariPool-62 - Starting...
11:09:26.903 [main] INFO com.zaxxer.hikari.pool.HikariPool -- HikariPool-62 - Added connection com.mysql.cj.jdbc.ConnectionImpl@62c2da9e
11:09:26.903 [main] INFO com.zaxxer.hikari.HikariDataSource -- HikariPool-62 - Start completed.
11:09:26.943 [main] INFO org.eclipse.jetty.server.Server -- jetty-12.1.10; built: 2026-05-31T04:45:52.925Z; git: 986024525891c2c20ff08c58ba300dc3b9847586; jvm 21.0.12.1+1-LTS
11:09:26.947 [main] INFO org.eclipse.jetty.server.handler.ContextHandler -- Started oeje11s.ServletContextHandler@39e9aacd{ROOT,/,b=null,a=AVAILABLE,h=oeje11s.ServletHandler@591fac69{STARTED}}
11:09:26.947 [main] INFO org.eclipse.jetty.server.handler.ContextHandler.ROOT -- Initializing Spring DispatcherServlet 'org.springframework.web.servlet.DispatcherServlet-520cb5af'
11:09:26.947 [main] INFO org.springframework.web.servlet.DispatcherServlet -- Initializing Servlet 'org.springframework.web.servlet.DispatcherServlet-520cb5af'
11:09:26.948 [main] INFO org.springframework.web.servlet.DispatcherServlet -- Completed initialization in 1 ms
11:09:26.948 [main] INFO org.eclipse.jetty.ee11.servlet.ServletContextHandler -- Started oeje11s.ServletContextHandler@39e9aacd{ROOT,/,b=null,a=AVAILABLE,h=oeje11s.ServletHandler@591fac69{STARTED}}
11:09:26.949 [main] INFO org.eclipse.jetty.server.AbstractConnector -- Started oejs.ServerConnector@7b747830{HTTP/1.1, (http/1.1)}{localhost:37137}
11:09:26.950 [main] INFO org.eclipse.jetty.server.Server -- Started oejs.Server@7aff6bda{STARTING}[12.1.10,sto=0] @6ms
11:09:27.110 [qtp404641044-517] WARN org.springframework.web.servlet.mvc.support.DefaultHandlerExceptionResolver -- Resolved [org.springframework.web.HttpMediaTypeNotSupportedException: Content-Type 'text/plain' is not supported]
11:09:27.159 [main] INFO org.eclipse.jetty.server.Server -- Stopped oejs.Server@7aff6bda{STOPPING}[12.1.10,sto=0]
11:09:27.161 [main] INFO org.eclipse.jetty.server.AbstractConnector -- Stopped oejs.ServerConnector@7b747830{HTTP/1.1, (http/1.1)}{localhost:0}
11:09:27.161 [main] INFO org.eclipse.jetty.server.handler.ContextHandler.ROOT -- Destroying Spring FrameworkServlet 'org.springframework.web.servlet.DispatcherServlet-520cb5af'
11:09:27.162 [main] INFO org.eclipse.jetty.ee11.servlet.ServletContextHandler -- Stopped oeje11s.ServletContextHandler@39e9aacd{ROOT,/,b=null,a=AVAILABLE,h=oeje11s.ServletHandler@591fac69{STOPPED}}
11:09:27.190 [main] INFO com.baomidou.dynamic.datasource.DynamicRoutingDataSource -- dynamic-datasource start closing ....
11:09:27.190 [main] INFO com.baomidou.dynamic.datasource.DynamicRoutingDataSource -- dynamic-datasource all closed success,bye
11:09:27.190 [main] INFO com.zaxxer.hikari.HikariDataSource -- HikariPool-62 - Shutdown initiated...
11:09:27.222 [main] INFO com.zaxxer.hikari.HikariDataSource -- HikariPool-62 - Shutdown completed.
11:09:27.229 [main] INFO com.baomidou.dynamic.datasource.DynamicRoutingDataSource -- dynamic-datasource - add a datasource named [master] success
11:09:27.398 [main] INFO org.redisson.Version -- Redisson 4.6.1
11:09:27.402 [redisson-netty-188-1] INFO org.redisson.connection.ConnectionsHolder -- 1 connections initialized for 127.0.0.1/127.0.0.1:32841
11:09:27.403 [redisson-netty-188-2] INFO org.redisson.connection.ConnectionsHolder -- 1 connections initialized for 127.0.0.1/127.0.0.1:32841
11:09:27.421 [main] INFO com.zaxxer.hikari.HikariDataSource -- HikariPool-63 - Starting...
11:09:27.430 [main] INFO com.zaxxer.hikari.pool.HikariPool -- HikariPool-63 - Added connection com.mysql.cj.jdbc.ConnectionImpl@16c4dc4f
11:09:27.430 [main] INFO com.zaxxer.hikari.HikariDataSource -- HikariPool-63 - Start completed.
11:09:27.505 [main] INFO com.baomidou.dynamic.datasource.DynamicRoutingDataSource -- dynamic-datasource start closing ....
11:09:27.506 [main] INFO com.baomidou.dynamic.datasource.DynamicRoutingDataSource -- dynamic-datasource all closed success,bye
11:09:27.506 [main] INFO com.zaxxer.hikari.HikariDataSource -- HikariPool-63 - Shutdown initiated...
11:09:27.507 [main] INFO com.zaxxer.hikari.HikariDataSource -- HikariPool-63 - Shutdown completed.
11:09:27.509 [main] INFO com.baomidou.dynamic.datasource.DynamicRoutingDataSource -- dynamic-datasource - add a datasource named [master] success
11:09:27.641 [main] INFO org.redisson.Version -- Redisson 4.6.1
11:09:27.648 [redisson-netty-191-1] INFO org.redisson.connection.ConnectionsHolder -- 1 connections initialized for 127.0.0.1/127.0.0.1:32841
11:09:27.649 [redisson-netty-191-2] INFO org.redisson.connection.ConnectionsHolder -- 1 connections initialized for 127.0.0.1/127.0.0.1:32841
11:09:27.664 [main] INFO com.zaxxer.hikari.HikariDataSource -- HikariPool-64 - Starting...
11:09:27.669 [main] INFO com.zaxxer.hikari.pool.HikariPool -- HikariPool-64 - Added connection com.mysql.cj.jdbc.ConnectionImpl@110105ce
11:09:27.669 [main] INFO com.zaxxer.hikari.HikariDataSource -- HikariPool-64 - Start completed.
11:09:27.750 [main] WARN org.namewta.notify.adapter.event.InAppCommittedPushListener -- 站内实时提示失败，messageId=9220001, reason=IllegalStateException
11:09:27.790 [main] INFO com.baomidou.dynamic.datasource.DynamicRoutingDataSource -- dynamic-datasource start closing ....
11:09:27.790 [main] INFO com.baomidou.dynamic.datasource.DynamicRoutingDataSource -- dynamic-datasource all closed success,bye
11:09:27.790 [main] INFO com.zaxxer.hikari.HikariDataSource -- HikariPool-64 - Shutdown initiated...
11:09:27.812 [main] INFO com.zaxxer.hikari.HikariDataSource -- HikariPool-64 - Shutdown completed.
11:09:27.814 [main] INFO com.baomidou.dynamic.datasource.DynamicRoutingDataSource -- dynamic-datasource - add a datasource named [master] success
11:09:27.932 [main] INFO org.redisson.Version -- Redisson 4.6.1
11:09:27.938 [redisson-netty-194-1] INFO org.redisson.connection.ConnectionsHolder -- 1 connections initialized for 127.0.0.1/127.0.0.1:32841
11:09:27.938 [redisson-netty-194-2] INFO org.redisson.connection.ConnectionsHolder -- 1 connections initialized for 127.0.0.1/127.0.0.1:32841
11:09:27.957 [main] INFO com.zaxxer.hikari.HikariDataSource -- HikariPool-65 - Starting...
11:09:27.962 [main] INFO com.zaxxer.hikari.pool.HikariPool -- HikariPool-65 - Added connection com.mysql.cj.jdbc.ConnectionImpl@7bd004a3
11:09:27.962 [main] INFO com.zaxxer.hikari.HikariDataSource -- HikariPool-65 - Start completed.
11:09:28.035 [main] INFO com.baomidou.dynamic.datasource.DynamicRoutingDataSource -- dynamic-datasource start closing ....
11:09:28.035 [main] INFO com.baomidou.dynamic.datasource.DynamicRoutingDataSource -- dynamic-datasource all closed success,bye
11:09:28.035 [main] INFO com.zaxxer.hikari.HikariDataSource -- HikariPool-65 - Shutdown initiated...
11:09:28.035 [main] INFO com.zaxxer.hikari.HikariDataSource -- HikariPool-65 - Shutdown completed.
11:09:28.037 [main] INFO com.baomidou.dynamic.datasource.DynamicRoutingDataSource -- dynamic-datasource - add a datasource named [master] success
11:09:28.193 [main] INFO org.redisson.Version -- Redisson 4.6.1
11:09:28.201 [redisson-netty-197-2] INFO org.redisson.connection.ConnectionsHolder -- 1 connections initialized for 127.0.0.1/127.0.0.1:32841
11:09:28.201 [redisson-netty-197-1] INFO org.redisson.connection.ConnectionsHolder -- 1 connections initialized for 127.0.0.1/127.0.0.1:32841
11:09:28.233 [main] INFO com.zaxxer.hikari.HikariDataSource -- HikariPool-66 - Starting...
11:09:28.239 [main] INFO com.zaxxer.hikari.pool.HikariPool -- HikariPool-66 - Added connection com.mysql.cj.jdbc.ConnectionImpl@4162a6df
11:09:28.240 [main] INFO com.zaxxer.hikari.HikariDataSource -- HikariPool-66 - Start completed.
11:09:28.307 [main] INFO com.baomidou.dynamic.datasource.DynamicRoutingDataSource -- dynamic-datasource start closing ....
11:09:28.307 [main] INFO com.baomidou.dynamic.datasource.DynamicRoutingDataSource -- dynamic-datasource all closed success,bye
11:09:28.307 [main] INFO com.zaxxer.hikari.HikariDataSource -- HikariPool-66 - Shutdown initiated...
11:09:28.310 [main] INFO com.zaxxer.hikari.HikariDataSource -- HikariPool-66 - Shutdown completed.
[INFO] Tests run: 66, Failures: 0, Errors: 0, Skipped: 0, Time elapsed: 45.96 s -- in org.namewta.test.notify.NotifyAtomicResultIntegrationTest
[INFO] Running org.namewta.test.notify.NotifyManualRetryIntegrationTest
11:09:30.062 [main] INFO com.baomidou.dynamic.datasource.DynamicRoutingDataSource -- dynamic-datasource - add a datasource named [master] success
11:09:31.054 [main] INFO org.redisson.Version -- Redisson 4.6.1
11:09:31.553 [redisson-netty-1-2] INFO org.redisson.connection.ConnectionsHolder -- 1 connections initialized for 127.0.0.1/127.0.0.1:32841
11:09:31.553 [redisson-netty-1-1] INFO org.redisson.connection.ConnectionsHolder -- 1 connections initialized for 127.0.0.1/127.0.0.1:32841
Mockito is currently self-attaching to enable the inline-mock-maker. This will no longer work in future releases of the JDK. Please add Mockito as an agent to your build as described in Mockito's documentation: https://javadoc.io/doc/org.mockito/mockito-core/latest/org.mockito/org/mockito/Mockito.html#0.3
WARNING: A Java agent has been loaded dynamically (/root/.m2/repository/net/bytebuddy/byte-buddy-agent/1.18.10/byte-buddy-agent-1.18.10.jar)
WARNING: If a serviceability tool is in use, please run with -XX:+EnableDynamicAgentLoading to hide this warning
WARNING: If a serviceability tool is not in use, please run with -Djdk.instrument.traceUsage for more information
WARNING: Dynamic loading of agents will be disallowed by default in a future release
OpenJDK 64-Bit Server VM warning: Sharing is only supported for boot loader classes because bootstrap classpath has been appended
11:09:33.774 [main] INFO com.zaxxer.hikari.HikariDataSource -- HikariPool-1 - Starting...
11:09:34.282 [main] INFO com.zaxxer.hikari.pool.HikariPool -- HikariPool-1 - Added connection com.mysql.cj.jdbc.ConnectionImpl@6e0d058a
11:09:34.285 [main] INFO com.zaxxer.hikari.HikariDataSource -- HikariPool-1 - Start completed.
11:09:35.276 [main] INFO com.baomidou.dynamic.datasource.DynamicRoutingDataSource -- dynamic-datasource start closing ....
11:09:35.281 [main] INFO com.baomidou.dynamic.datasource.DynamicRoutingDataSource -- dynamic-datasource all closed success,bye
11:09:35.282 [main] INFO com.zaxxer.hikari.HikariDataSource -- HikariPool-1 - Shutdown initiated...
11:09:35.295 [main] INFO com.zaxxer.hikari.HikariDataSource -- HikariPool-1 - Shutdown completed.
11:09:35.312 [main] INFO com.baomidou.dynamic.datasource.DynamicRoutingDataSource -- dynamic-datasource - add a datasource named [master] success
11:09:35.711 [main] INFO org.redisson.Version -- Redisson 4.6.1
11:09:35.721 [redisson-netty-5-1] INFO org.redisson.connection.ConnectionsHolder -- 1 connections initialized for 127.0.0.1/127.0.0.1:32841
11:09:35.723 [redisson-netty-5-2] INFO org.redisson.connection.ConnectionsHolder -- 1 connections initialized for 127.0.0.1/127.0.0.1:32841
11:09:35.791 [main] INFO com.zaxxer.hikari.HikariDataSource -- HikariPool-2 - Starting...
11:09:35.803 [main] INFO com.zaxxer.hikari.pool.HikariPool -- HikariPool-2 - Added connection com.mysql.cj.jdbc.ConnectionImpl@2c846d55
11:09:35.803 [main] INFO com.zaxxer.hikari.HikariDataSource -- HikariPool-2 - Start completed.
11:09:36.064 [main] INFO com.baomidou.dynamic.datasource.DynamicRoutingDataSource -- dynamic-datasource start closing ....
11:09:36.064 [main] INFO com.baomidou.dynamic.datasource.DynamicRoutingDataSource -- dynamic-datasource all closed success,bye
11:09:36.065 [main] INFO com.zaxxer.hikari.HikariDataSource -- HikariPool-2 - Shutdown initiated...
11:09:36.096 [main] INFO com.zaxxer.hikari.HikariDataSource -- HikariPool-2 - Shutdown completed.
11:09:36.101 [main] INFO com.baomidou.dynamic.datasource.DynamicRoutingDataSource -- dynamic-datasource - add a datasource named [master] success
11:09:36.481 [main] INFO org.redisson.Version -- Redisson 4.6.1
11:09:36.492 [redisson-netty-8-1] INFO org.redisson.connection.ConnectionsHolder -- 1 connections initialized for 127.0.0.1/127.0.0.1:32841
11:09:36.501 [redisson-netty-8-2] INFO org.redisson.connection.ConnectionsHolder -- 1 connections initialized for 127.0.0.1/127.0.0.1:32841
11:09:36.580 [main] INFO com.zaxxer.hikari.HikariDataSource -- HikariPool-3 - Starting...
11:09:36.597 [main] INFO com.zaxxer.hikari.pool.HikariPool -- HikariPool-3 - Added connection com.mysql.cj.jdbc.ConnectionImpl@b04a6a4
11:09:36.598 [main] INFO com.zaxxer.hikari.HikariDataSource -- HikariPool-3 - Start completed.
11:09:37.386 [main] INFO com.baomidou.dynamic.datasource.DynamicRoutingDataSource -- dynamic-datasource start closing ....
11:09:37.387 [main] INFO com.baomidou.dynamic.datasource.DynamicRoutingDataSource -- dynamic-datasource all closed success,bye
11:09:37.387 [main] INFO com.zaxxer.hikari.HikariDataSource -- HikariPool-3 - Shutdown initiated...
11:09:37.388 [main] INFO com.zaxxer.hikari.HikariDataSource -- HikariPool-3 - Shutdown completed.
11:09:37.390 [main] INFO com.baomidou.dynamic.datasource.DynamicRoutingDataSource -- dynamic-datasource - add a datasource named [master] success
11:09:37.642 [main] INFO org.redisson.Version -- Redisson 4.6.1
11:09:37.655 [redisson-netty-11-2] INFO org.redisson.connection.ConnectionsHolder -- 1 connections initialized for 127.0.0.1/127.0.0.1:32841
11:09:37.652 [redisson-netty-11-1] INFO org.redisson.connection.ConnectionsHolder -- 1 connections initialized for 127.0.0.1/127.0.0.1:32841
11:09:37.693 [main] INFO com.zaxxer.hikari.HikariDataSource -- HikariPool-4 - Starting...
11:09:37.700 [main] INFO com.zaxxer.hikari.pool.HikariPool -- HikariPool-4 - Added connection com.mysql.cj.jdbc.ConnectionImpl@217009bd
11:09:37.701 [main] INFO com.zaxxer.hikari.HikariDataSource -- HikariPool-4 - Start completed.
11:09:37.986 [main] INFO com.baomidou.dynamic.datasource.DynamicRoutingDataSource -- dynamic-datasource start closing ....
11:09:37.987 [main] INFO com.baomidou.dynamic.datasource.DynamicRoutingDataSource -- dynamic-datasource all closed success,bye
11:09:37.987 [main] INFO com.zaxxer.hikari.HikariDataSource -- HikariPool-4 - Shutdown initiated...
11:09:38.018 [main] INFO com.zaxxer.hikari.HikariDataSource -- HikariPool-4 - Shutdown completed.
11:09:38.024 [main] INFO com.baomidou.dynamic.datasource.DynamicRoutingDataSource -- dynamic-datasource - add a datasource named [master] success
11:09:38.260 [main] INFO org.redisson.Version -- Redisson 4.6.1
11:09:38.268 [redisson-netty-14-1] INFO org.redisson.connection.ConnectionsHolder -- 1 connections initialized for 127.0.0.1/127.0.0.1:32841
11:09:38.274 [redisson-netty-14-2] INFO org.redisson.connection.ConnectionsHolder -- 1 connections initialized for 127.0.0.1/127.0.0.1:32841
11:09:38.321 [main] INFO com.zaxxer.hikari.HikariDataSource -- HikariPool-5 - Starting...
11:09:38.328 [main] INFO com.zaxxer.hikari.pool.HikariPool -- HikariPool-5 - Added connection com.mysql.cj.jdbc.ConnectionImpl@689fcf08
11:09:38.329 [main] INFO com.zaxxer.hikari.HikariDataSource -- HikariPool-5 - Start completed.
11:09:38.496 [main] INFO com.baomidou.dynamic.datasource.DynamicRoutingDataSource -- dynamic-datasource start closing ....
11:09:38.496 [main] INFO com.baomidou.dynamic.datasource.DynamicRoutingDataSource -- dynamic-datasource all closed success,bye
11:09:38.496 [main] INFO com.zaxxer.hikari.HikariDataSource -- HikariPool-5 - Shutdown initiated...
11:09:38.502 [main] INFO com.zaxxer.hikari.HikariDataSource -- HikariPool-5 - Shutdown completed.
11:09:38.506 [main] INFO com.baomidou.dynamic.datasource.DynamicRoutingDataSource -- dynamic-datasource - add a datasource named [master] success
11:09:38.783 [main] INFO org.redisson.Version -- Redisson 4.6.1
11:09:38.789 [redisson-netty-17-1] INFO org.redisson.connection.ConnectionsHolder -- 1 connections initialized for 127.0.0.1/127.0.0.1:32841
11:09:38.790 [redisson-netty-17-2] INFO org.redisson.connection.ConnectionsHolder -- 1 connections initialized for 127.0.0.1/127.0.0.1:32841
11:09:38.820 [main] INFO com.zaxxer.hikari.HikariDataSource -- HikariPool-6 - Starting...
11:09:38.829 [main] INFO com.zaxxer.hikari.pool.HikariPool -- HikariPool-6 - Added connection com.mysql.cj.jdbc.ConnectionImpl@1bd53c5c
11:09:38.830 [main] INFO com.zaxxer.hikari.HikariDataSource -- HikariPool-6 - Start completed.
11:09:39.002 [main] INFO com.baomidou.dynamic.datasource.DynamicRoutingDataSource -- dynamic-datasource start closing ....
11:09:39.002 [main] INFO com.baomidou.dynamic.datasource.DynamicRoutingDataSource -- dynamic-datasource all closed success,bye
11:09:39.002 [main] INFO com.zaxxer.hikari.HikariDataSource -- HikariPool-6 - Shutdown initiated...
11:09:39.010 [main] INFO com.zaxxer.hikari.HikariDataSource -- HikariPool-6 - Shutdown completed.
11:09:39.014 [main] INFO com.baomidou.dynamic.datasource.DynamicRoutingDataSource -- dynamic-datasource - add a datasource named [master] success
11:09:39.247 [main] INFO org.redisson.Version -- Redisson 4.6.1
11:09:39.253 [redisson-netty-20-1] INFO org.redisson.connection.ConnectionsHolder -- 1 connections initialized for 127.0.0.1/127.0.0.1:32841
11:09:39.255 [redisson-netty-20-2] INFO org.redisson.connection.ConnectionsHolder -- 1 connections initialized for 127.0.0.1/127.0.0.1:32841
11:09:39.287 [main] INFO com.zaxxer.hikari.HikariDataSource -- HikariPool-7 - Starting...
11:09:39.296 [main] INFO com.zaxxer.hikari.pool.HikariPool -- HikariPool-7 - Added connection com.mysql.cj.jdbc.ConnectionImpl@3f119b55
11:09:39.297 [main] INFO com.zaxxer.hikari.HikariDataSource -- HikariPool-7 - Start completed.
11:09:39.529 [main] WARN org.namewta.notify.adapter.event.InAppCommittedPushListener -- 站内实时提示失败，messageId=9380049, reason=IllegalStateException
11:09:39.602 [main] INFO com.baomidou.dynamic.datasource.DynamicRoutingDataSource -- dynamic-datasource start closing ....
11:09:39.602 [main] INFO com.baomidou.dynamic.datasource.DynamicRoutingDataSource -- dynamic-datasource all closed success,bye
11:09:39.602 [main] INFO com.zaxxer.hikari.HikariDataSource -- HikariPool-7 - Shutdown initiated...
11:09:39.625 [main] INFO com.zaxxer.hikari.HikariDataSource -- HikariPool-7 - Shutdown completed.
11:09:39.628 [main] INFO com.baomidou.dynamic.datasource.DynamicRoutingDataSource -- dynamic-datasource - add a datasource named [master] success
11:09:39.875 [main] INFO org.redisson.Version -- Redisson 4.6.1
11:09:39.882 [redisson-netty-23-1] INFO org.redisson.connection.ConnectionsHolder -- 1 connections initialized for 127.0.0.1/127.0.0.1:32841
11:09:39.886 [redisson-netty-23-2] INFO org.redisson.connection.ConnectionsHolder -- 1 connections initialized for 127.0.0.1/127.0.0.1:32841
11:09:39.905 [main] INFO com.zaxxer.hikari.HikariDataSource -- HikariPool-8 - Starting...
11:09:39.911 [main] INFO com.zaxxer.hikari.pool.HikariPool -- HikariPool-8 - Added connection com.mysql.cj.jdbc.ConnectionImpl@5ba7391b
11:09:39.911 [main] INFO com.zaxxer.hikari.HikariDataSource -- HikariPool-8 - Start completed.
11:09:39.991 [main] INFO com.baomidou.dynamic.datasource.DynamicRoutingDataSource -- dynamic-datasource start closing ....
11:09:39.991 [main] INFO com.baomidou.dynamic.datasource.DynamicRoutingDataSource -- dynamic-datasource all closed success,bye
11:09:39.991 [main] INFO com.zaxxer.hikari.HikariDataSource -- HikariPool-8 - Shutdown initiated...
11:09:39.993 [main] INFO com.zaxxer.hikari.HikariDataSource -- HikariPool-8 - Shutdown completed.
11:09:39.995 [main] INFO com.baomidou.dynamic.datasource.DynamicRoutingDataSource -- dynamic-datasource - add a datasource named [master] success
11:09:40.133 [main] INFO org.redisson.Version -- Redisson 4.6.1
11:09:40.138 [redisson-netty-26-1] INFO org.redisson.connection.ConnectionsHolder -- 1 connections initialized for 127.0.0.1/127.0.0.1:32841
11:09:40.139 [redisson-netty-26-2] INFO org.redisson.connection.ConnectionsHolder -- 1 connections initialized for 127.0.0.1/127.0.0.1:32841
11:09:40.165 [main] INFO com.zaxxer.hikari.HikariDataSource -- HikariPool-9 - Starting...
11:09:40.171 [main] INFO com.zaxxer.hikari.pool.HikariPool -- HikariPool-9 - Added connection com.mysql.cj.jdbc.ConnectionImpl@627f678d
11:09:40.171 [main] INFO com.zaxxer.hikari.HikariDataSource -- HikariPool-9 - Start completed.
11:09:40.399 [main] INFO com.baomidou.dynamic.datasource.DynamicRoutingDataSource -- dynamic-datasource start closing ....
11:09:40.400 [main] INFO com.baomidou.dynamic.datasource.DynamicRoutingDataSource -- dynamic-datasource all closed success,bye
11:09:40.400 [main] INFO com.zaxxer.hikari.HikariDataSource -- HikariPool-9 - Shutdown initiated...
11:09:40.428 [main] INFO com.zaxxer.hikari.HikariDataSource -- HikariPool-9 - Shutdown completed.
11:09:40.431 [main] INFO com.baomidou.dynamic.datasource.DynamicRoutingDataSource -- dynamic-datasource - add a datasource named [master] success
11:09:40.606 [main] INFO org.redisson.Version -- Redisson 4.6.1
11:09:40.617 [redisson-netty-29-1] INFO org.redisson.connection.ConnectionsHolder -- 1 connections initialized for 127.0.0.1/127.0.0.1:32841
11:09:40.619 [redisson-netty-29-2] INFO org.redisson.connection.ConnectionsHolder -- 1 connections initialized for 127.0.0.1/127.0.0.1:32841
11:09:40.640 [main] INFO com.zaxxer.hikari.HikariDataSource -- HikariPool-10 - Starting...
11:09:40.648 [main] INFO com.zaxxer.hikari.pool.HikariPool -- HikariPool-10 - Added connection com.mysql.cj.jdbc.ConnectionImpl@65b17373
11:09:40.649 [main] INFO com.zaxxer.hikari.HikariDataSource -- HikariPool-10 - Start completed.
11:09:40.809 [main] WARN org.namewta.notify.adapter.event.InAppCommittedPushListener -- 站内实时提示失败，messageId=9380062, reason=IllegalStateException
11:09:40.862 [main] INFO com.baomidou.dynamic.datasource.DynamicRoutingDataSource -- dynamic-datasource start closing ....
11:09:40.862 [main] INFO com.baomidou.dynamic.datasource.DynamicRoutingDataSource -- dynamic-datasource all closed success,bye
11:09:40.862 [main] INFO com.zaxxer.hikari.HikariDataSource -- HikariPool-10 - Shutdown initiated...
11:09:40.888 [main] INFO com.zaxxer.hikari.HikariDataSource -- HikariPool-10 - Shutdown completed.
11:09:40.894 [main] INFO com.baomidou.dynamic.datasource.DynamicRoutingDataSource -- dynamic-datasource - add a datasource named [master] success
11:09:41.026 [main] INFO org.redisson.Version -- Redisson 4.6.1
11:09:41.033 [redisson-netty-32-1] INFO org.redisson.connection.ConnectionsHolder -- 1 connections initialized for 127.0.0.1/127.0.0.1:32841
11:09:41.036 [redisson-netty-32-2] INFO org.redisson.connection.ConnectionsHolder -- 1 connections initialized for 127.0.0.1/127.0.0.1:32841
11:09:41.057 [main] INFO com.zaxxer.hikari.HikariDataSource -- HikariPool-11 - Starting...
11:09:41.061 [main] INFO com.zaxxer.hikari.pool.HikariPool -- HikariPool-11 - Added connection com.mysql.cj.jdbc.ConnectionImpl@3d3709d0
11:09:41.061 [main] INFO com.zaxxer.hikari.HikariDataSource -- HikariPool-11 - Start completed.
11:09:41.240 [main] INFO com.baomidou.dynamic.datasource.DynamicRoutingDataSource -- dynamic-datasource start closing ....
11:09:41.241 [main] INFO com.baomidou.dynamic.datasource.DynamicRoutingDataSource -- dynamic-datasource all closed success,bye
11:09:41.241 [main] INFO com.zaxxer.hikari.HikariDataSource -- HikariPool-11 - Shutdown initiated...
11:09:41.246 [main] INFO com.zaxxer.hikari.HikariDataSource -- HikariPool-11 - Shutdown completed.
11:09:41.251 [main] INFO com.baomidou.dynamic.datasource.DynamicRoutingDataSource -- dynamic-datasource - add a datasource named [master] success
11:09:41.458 [main] INFO org.redisson.Version -- Redisson 4.6.1
11:09:41.468 [redisson-netty-35-1] INFO org.redisson.connection.ConnectionsHolder -- 1 connections initialized for 127.0.0.1/127.0.0.1:32841
11:09:41.470 [redisson-netty-35-2] INFO org.redisson.connection.ConnectionsHolder -- 1 connections initialized for 127.0.0.1/127.0.0.1:32841
11:09:41.502 [main] INFO com.zaxxer.hikari.HikariDataSource -- HikariPool-12 - Starting...
11:09:41.508 [main] INFO com.zaxxer.hikari.pool.HikariPool -- HikariPool-12 - Added connection com.mysql.cj.jdbc.ConnectionImpl@da8853c
11:09:41.508 [main] INFO com.zaxxer.hikari.HikariDataSource -- HikariPool-12 - Start completed.
11:09:41.729 [main] INFO com.baomidou.dynamic.datasource.DynamicRoutingDataSource -- dynamic-datasource start closing ....
11:09:41.729 [main] INFO com.baomidou.dynamic.datasource.DynamicRoutingDataSource -- dynamic-datasource all closed success,bye
11:09:41.729 [main] INFO com.zaxxer.hikari.HikariDataSource -- HikariPool-12 - Shutdown initiated...
11:09:41.770 [main] INFO com.zaxxer.hikari.HikariDataSource -- HikariPool-12 - Shutdown completed.
11:09:41.782 [main] INFO com.baomidou.dynamic.datasource.DynamicRoutingDataSource -- dynamic-datasource - add a datasource named [master] success
11:09:41.991 [main] INFO org.redisson.Version -- Redisson 4.6.1
11:09:41.997 [redisson-netty-38-1] INFO org.redisson.connection.ConnectionsHolder -- 1 connections initialized for 127.0.0.1/127.0.0.1:32841
11:09:42.000 [redisson-netty-38-2] INFO org.redisson.connection.ConnectionsHolder -- 1 connections initialized for 127.0.0.1/127.0.0.1:32841
11:09:42.025 [main] INFO com.zaxxer.hikari.HikariDataSource -- HikariPool-13 - Starting...
11:09:42.034 [main] INFO com.zaxxer.hikari.pool.HikariPool -- HikariPool-13 - Added connection com.mysql.cj.jdbc.ConnectionImpl@13453610
11:09:42.034 [main] INFO com.zaxxer.hikari.HikariDataSource -- HikariPool-13 - Start completed.
11:09:42.185 [main] INFO com.baomidou.dynamic.datasource.DynamicRoutingDataSource -- dynamic-datasource start closing ....
11:09:42.185 [main] INFO com.baomidou.dynamic.datasource.DynamicRoutingDataSource -- dynamic-datasource all closed success,bye
11:09:42.186 [main] INFO com.zaxxer.hikari.HikariDataSource -- HikariPool-13 - Shutdown initiated...
11:09:42.210 [main] INFO com.zaxxer.hikari.HikariDataSource -- HikariPool-13 - Shutdown completed.
[INFO] Tests run: 13, Failures: 0, Errors: 0, Skipped: 0, Time elapsed: 12.47 s -- in org.namewta.test.notify.NotifyManualRetryIntegrationTest
[INFO] 
[INFO] Results:
[INFO] 
[INFO] Tests run: 135, Failures: 0, Errors: 0, Skipped: 0
[INFO] 
[INFO] ------------------------------------------------------------------------
[INFO] Reactor Summary for WTA-Plus 6.0.0:
[INFO] 
[INFO] WTA-Plus ........................................... SUCCESS [  0.697 s]
[INFO] wta-common ......................................... SUCCESS [  0.308 s]
[INFO] wta-common-core .................................... SUCCESS [  1.764 s]
[INFO] wta-common-doc ..................................... SUCCESS [  0.381 s]
[INFO] wta-common-json .................................... SUCCESS [  0.187 s]
[INFO] wta-common-redis ................................... SUCCESS [  0.683 s]
[INFO] wta-common-social .................................. SUCCESS [  0.192 s]
[INFO] wta-common-nacos ................................... SUCCESS [  0.223 s]
[INFO] wta-common-notify .................................. SUCCESS [  0.122 s]
[INFO] wta-common-mail .................................... SUCCESS [  0.177 s]
[INFO] wta-common-mcp ..................................... SUCCESS [  0.191 s]
[INFO] wta-api ............................................ SUCCESS [  0.091 s]
[INFO] wta-common-satoken ................................. SUCCESS [  0.120 s]
[INFO] wta-common-openapi ................................. SUCCESS [  0.110 s]
[INFO] wta-common-mybatis ................................. SUCCESS [  0.346 s]
[INFO] wta-common-translation ............................. SUCCESS [  0.067 s]
[INFO] wta-common-oss ..................................... SUCCESS [  0.201 s]
[INFO] wta-common-log ..................................... SUCCESS [  0.131 s]
[INFO] wta-common-excel ................................... SUCCESS [  0.142 s]
[INFO] wta-common-sms ..................................... SUCCESS [  0.131 s]
[INFO] wta-common-security ................................ SUCCESS [  0.084 s]
[INFO] wta-common-web ..................................... SUCCESS [  0.365 s]
[INFO] wta-common-sensitive ............................... SUCCESS [  0.209 s]
[INFO] wta-common-encrypt ................................. SUCCESS [  0.248 s]
[INFO] wta-common-push .................................... SUCCESS [  0.259 s]
[INFO] wta-modules ........................................ SUCCESS [  0.114 s]
[INFO] wta-system ......................................... SUCCESS [  0.473 s]
[INFO] wta-third .......................................... SUCCESS [  0.213 s]
[INFO] wta-notify ......................................... SUCCESS [  4.829 s]
[INFO] wta-sso ............................................ SUCCESS [  0.166 s]
[INFO] wta-common-job ..................................... SUCCESS [  0.150 s]
[INFO] wta-job ............................................ SUCCESS [  0.132 s]
[INFO] wta-common-ai ...................................... SUCCESS [  0.068 s]
[INFO] wta-ai ............................................. SUCCESS [  0.078 s]
[INFO] wta-common-richtext ................................ SUCCESS [  0.083 s]
[INFO] wta-common-elasticsearch ........................... SUCCESS [  0.121 s]
[INFO] wta-common-mqtt .................................... SUCCESS [  0.092 s]
[INFO] wta-demo ........................................... SUCCESS [  0.178 s]
[INFO] wta-common-liteflow ................................ SUCCESS [  0.104 s]
[INFO] wta-workflow ....................................... SUCCESS [  0.355 s]
[INFO] wta-profile ........................................ SUCCESS [  0.160 s]
[INFO] wta-profile-person ................................. SUCCESS [  5.859 s]
[INFO] wta-profile-enterprise ............................. SUCCESS [  4.542 s]
[INFO] wta-admin .......................................... SUCCESS [02:39 min]
[INFO] ------------------------------------------------------------------------
[INFO] BUILD SUCCESS
[INFO] ------------------------------------------------------------------------
[INFO] Total time:  03:05 min
[INFO] Finished at: 2026-09-23T11:09:42-04:00
[INFO] ------------------------------------------------------------------------
