Picked up JAVA_TOOL_OPTIONS: -Xms128m -Xmx1536m -Djava.io.tmpdir=/tmp/wta-t42/runs/8f6c6e89433059e7/tmp
[INFO] Scanning for projects...
[INFO] ------------------------------------------------------------------------
[INFO] Reactor Build Order:
[INFO] 
[INFO] WTA-Plus                                                           [pom]
[INFO] wta-common                                                         [pom]
[INFO] wta-common-core                                                    [jar]
[INFO] wta-common-doc                                                     [jar]
[INFO] wta-common-json                                                    [jar]
[INFO] wta-common-redis                                                   [jar]
[INFO] wta-common-social                                                  [jar]
[INFO] wta-common-nacos                                                   [jar]
[INFO] wta-common-notify                                                  [jar]
[INFO] wta-common-mail                                                    [jar]
[INFO] wta-common-mcp                                                     [jar]
[INFO] wta-api                                                            [jar]
[INFO] wta-common-satoken                                                 [jar]
[INFO] wta-common-openapi                                                 [jar]
[INFO] wta-common-mybatis                                                 [jar]
[INFO] wta-common-translation                                             [jar]
[INFO] wta-common-oss                                                     [jar]
[INFO] wta-common-log                                                     [jar]
[INFO] wta-common-excel                                                   [jar]
[INFO] wta-common-sms                                                     [jar]
[INFO] wta-common-security                                                [jar]
[INFO] wta-common-web                                                     [jar]
[INFO] wta-common-sensitive                                               [jar]
[INFO] wta-common-encrypt                                                 [jar]
[INFO] wta-common-push                                                    [jar]
[INFO] wta-modules                                                        [pom]
[INFO] wta-system                                                         [jar]
[INFO] wta-third                                                          [jar]
[INFO] wta-notify                                                         [jar]
[INFO] wta-sso                                                            [jar]
[INFO] wta-common-job                                                     [jar]
[INFO] wta-job                                                            [jar]
[INFO] wta-common-ai                                                      [jar]
[INFO] wta-ai                                                             [jar]
[INFO] wta-common-richtext                                                [jar]
[INFO] wta-common-elasticsearch                                           [jar]
[INFO] wta-common-mqtt                                                    [jar]
[INFO] wta-demo                                                           [jar]
[INFO] wta-common-liteflow                                                [jar]
[INFO] wta-workflow                                                       [jar]
[INFO] wta-profile                                                        [pom]
[INFO] wta-profile-person                                                 [jar]
[INFO] wta-profile-enterprise                                             [jar]
[INFO] wta-admin                                                          [jar]
[INFO] 
[INFO] ----------------------< org.namewta:wta-vue-plus >----------------------
[INFO] Building WTA-Plus 6.0.0                                           [1/44]
[INFO]   from pom.xml
[INFO] --------------------------------[ pom ]---------------------------------
[INFO] 
[INFO] --- flatten:1.7.3:flatten (flatten) @ wta-vue-plus ---
[INFO] Generating flattened POM of project org.namewta:wta-vue-plus:pom:6.0.0...
[INFO] 
[INFO] -----------------------< org.namewta:wta-common >-----------------------
[INFO] Building wta-common 6.0.0                                         [2/44]
[INFO]   from wta-common/pom.xml
[INFO] --------------------------------[ pom ]---------------------------------
[INFO] 
[INFO] --- flatten:1.7.3:flatten (flatten) @ wta-common ---
[INFO] Generating flattened POM of project org.namewta:wta-common:pom:6.0.0...
[INFO] 
[INFO] --------------------< org.namewta:wta-common-core >---------------------
[INFO] Building wta-common-core 6.0.0                                    [3/44]
[INFO]   from wta-common/wta-common-core/pom.xml
[INFO] --------------------------------[ jar ]---------------------------------
[INFO] 
[INFO] --- resources:3.3.1:resources (default-resources) @ wta-common-core ---
[INFO] Copying 1 resource from src/main/resources to target/classes
[INFO] Copying 0 resource from src/main/resources to target/classes
[INFO] 
[INFO] --- flatten:1.7.3:flatten (flatten) @ wta-common-core ---
[INFO] Generating flattened POM of project org.namewta:wta-common-core:jar:6.0.0...
[INFO] 
[INFO] --- compiler:3.15.0:compile (default-compile) @ wta-common-core ---
[INFO] Nothing to compile - all classes are up to date.
[INFO] 
[INFO] --- resources:3.3.1:testResources (default-testResources) @ wta-common-core ---
[INFO] skip non existing resourceDirectory /srv/WTA-plus/backend/wta-common/wta-common-core/src/test/resources
[INFO] 
[INFO] --- compiler:3.15.0:testCompile (default-testCompile) @ wta-common-core ---
[INFO] Nothing to compile - all classes are up to date.
[INFO] 
[INFO] --- surefire:3.5.5:test (default-test) @ wta-common-core ---
[INFO] 
[INFO] ---------------------< org.namewta:wta-common-doc >---------------------
[INFO] Building wta-common-doc 6.0.0                                     [4/44]
[INFO]   from wta-common/wta-common-doc/pom.xml
[INFO] --------------------------------[ jar ]---------------------------------
[INFO] 
[INFO] --- resources:3.3.1:resources (default-resources) @ wta-common-doc ---
[INFO] Copying 1 resource from src/main/resources to target/classes
[INFO] Copying 0 resource from src/main/resources to target/classes
[INFO] 
[INFO] --- flatten:1.7.3:flatten (flatten) @ wta-common-doc ---
[INFO] Generating flattened POM of project org.namewta:wta-common-doc:jar:6.0.0...
[INFO] 
[INFO] --- compiler:3.15.0:compile (default-compile) @ wta-common-doc ---
[INFO] Nothing to compile - all classes are up to date.
[INFO] 
[INFO] --- resources:3.3.1:testResources (default-testResources) @ wta-common-doc ---
[INFO] skip non existing resourceDirectory /srv/WTA-plus/backend/wta-common/wta-common-doc/src/test/resources
[INFO] 
[INFO] --- compiler:3.15.0:testCompile (default-testCompile) @ wta-common-doc ---
[INFO] No sources to compile
[INFO] 
[INFO] --- surefire:3.5.5:test (default-test) @ wta-common-doc ---
[INFO] No tests to run.
[INFO] 
[INFO] --------------------< org.namewta:wta-common-json >---------------------
[INFO] Building wta-common-json 6.0.0                                    [5/44]
[INFO]   from wta-common/wta-common-json/pom.xml
[INFO] --------------------------------[ jar ]---------------------------------
[INFO] 
[INFO] --- resources:3.3.1:resources (default-resources) @ wta-common-json ---
[INFO] Copying 1 resource from src/main/resources to target/classes
[INFO] Copying 0 resource from src/main/resources to target/classes
[INFO] 
[INFO] --- flatten:1.7.3:flatten (flatten) @ wta-common-json ---
[INFO] Generating flattened POM of project org.namewta:wta-common-json:jar:6.0.0...
[INFO] 
[INFO] --- compiler:3.15.0:compile (default-compile) @ wta-common-json ---
[INFO] Nothing to compile - all classes are up to date.
[INFO] 
[INFO] --- resources:3.3.1:testResources (default-testResources) @ wta-common-json ---
[INFO] skip non existing resourceDirectory /srv/WTA-plus/backend/wta-common/wta-common-json/src/test/resources
[INFO] 
[INFO] --- compiler:3.15.0:testCompile (default-testCompile) @ wta-common-json ---
[INFO] Nothing to compile - all classes are up to date.
[INFO] 
[INFO] --- surefire:3.5.5:test (default-test) @ wta-common-json ---
[INFO] 
[INFO] --------------------< org.namewta:wta-common-redis >--------------------
[INFO] Building wta-common-redis 6.0.0                                   [6/44]
[INFO]   from wta-common/wta-common-redis/pom.xml
[INFO] --------------------------------[ jar ]---------------------------------
[INFO] 
[INFO] --- resources:3.3.1:resources (default-resources) @ wta-common-redis ---
[INFO] Copying 2 resources from src/main/resources to target/classes
[INFO] Copying 0 resource from src/main/resources to target/classes
[INFO] 
[INFO] --- flatten:1.7.3:flatten (flatten) @ wta-common-redis ---
[INFO] Generating flattened POM of project org.namewta:wta-common-redis:jar:6.0.0...
[INFO] 
[INFO] --- compiler:3.15.0:compile (default-compile) @ wta-common-redis ---
[INFO] Nothing to compile - all classes are up to date.
[INFO] 
[INFO] --- resources:3.3.1:testResources (default-testResources) @ wta-common-redis ---
[INFO] skip non existing resourceDirectory /srv/WTA-plus/backend/wta-common/wta-common-redis/src/test/resources
[INFO] 
[INFO] --- compiler:3.15.0:testCompile (default-testCompile) @ wta-common-redis ---
[INFO] Nothing to compile - all classes are up to date.
[INFO] 
[INFO] --- surefire:3.5.5:test (default-test) @ wta-common-redis ---
[INFO] 
[INFO] -------------------< org.namewta:wta-common-social >--------------------
[INFO] Building wta-common-social 6.0.0                                  [7/44]
[INFO]   from wta-common/wta-common-social/pom.xml
[INFO] --------------------------------[ jar ]---------------------------------
[INFO] 
[INFO] --- resources:3.3.1:resources (default-resources) @ wta-common-social ---
[INFO] Copying 1 resource from src/main/resources to target/classes
[INFO] Copying 0 resource from src/main/resources to target/classes
[INFO] 
[INFO] --- flatten:1.7.3:flatten (flatten) @ wta-common-social ---
[INFO] Generating flattened POM of project org.namewta:wta-common-social:jar:6.0.0...
[INFO] 
[INFO] --- compiler:3.15.0:compile (default-compile) @ wta-common-social ---
[INFO] Nothing to compile - all classes are up to date.
[INFO] 
[INFO] --- resources:3.3.1:testResources (default-testResources) @ wta-common-social ---
[INFO] skip non existing resourceDirectory /srv/WTA-plus/backend/wta-common/wta-common-social/src/test/resources
[INFO] 
[INFO] --- compiler:3.15.0:testCompile (default-testCompile) @ wta-common-social ---
[INFO] No sources to compile
[INFO] 
[INFO] --- surefire:3.5.5:test (default-test) @ wta-common-social ---
[INFO] No tests to run.
[INFO] 
[INFO] --------------------< org.namewta:wta-common-nacos >--------------------
[INFO] Building wta-common-nacos 6.0.0                                   [8/44]
[INFO]   from wta-common/wta-common-nacos/pom.xml
[INFO] --------------------------------[ jar ]---------------------------------
[INFO] 
[INFO] --- resources:3.3.1:resources (default-resources) @ wta-common-nacos ---
[INFO] Copying 2 resources from src/main/resources to target/classes
[INFO] Copying 0 resource from src/main/resources to target/classes
[INFO] 
[INFO] --- flatten:1.7.3:flatten (flatten) @ wta-common-nacos ---
[INFO] Generating flattened POM of project org.namewta:wta-common-nacos:jar:6.0.0...
[INFO] 
[INFO] --- compiler:3.15.0:compile (default-compile) @ wta-common-nacos ---
[INFO] Nothing to compile - all classes are up to date.
[INFO] 
[INFO] --- resources:3.3.1:testResources (default-testResources) @ wta-common-nacos ---
[INFO] skip non existing resourceDirectory /srv/WTA-plus/backend/wta-common/wta-common-nacos/src/test/resources
[INFO] 
[INFO] --- compiler:3.15.0:testCompile (default-testCompile) @ wta-common-nacos ---
[INFO] Nothing to compile - all classes are up to date.
[INFO] 
[INFO] --- surefire:3.5.5:test (default-test) @ wta-common-nacos ---
[INFO] 
[INFO] -------------------< org.namewta:wta-common-notify >--------------------
[INFO] Building wta-common-notify 6.0.0                                  [9/44]
[INFO]   from wta-common/wta-common-notify/pom.xml
[INFO] --------------------------------[ jar ]---------------------------------
[INFO] 
[INFO] --- resources:3.3.1:resources (default-resources) @ wta-common-notify ---
[INFO] Copying 1 resource from src/main/resources to target/classes
[INFO] Copying 0 resource from src/main/resources to target/classes
[INFO] 
[INFO] --- flatten:1.7.3:flatten (flatten) @ wta-common-notify ---
[INFO] Generating flattened POM of project org.namewta:wta-common-notify:jar:6.0.0...
[INFO] 
[INFO] --- compiler:3.15.0:compile (default-compile) @ wta-common-notify ---
[INFO] Nothing to compile - all classes are up to date.
[INFO] 
[INFO] --- resources:3.3.1:testResources (default-testResources) @ wta-common-notify ---
[INFO] skip non existing resourceDirectory /srv/WTA-plus/backend/wta-common/wta-common-notify/src/test/resources
[INFO] 
[INFO] --- compiler:3.15.0:testCompile (default-testCompile) @ wta-common-notify ---
[INFO] No sources to compile
[INFO] 
[INFO] --- surefire:3.5.5:test (default-test) @ wta-common-notify ---
[INFO] No tests to run.
[INFO] 
[INFO] --------------------< org.namewta:wta-common-mail >---------------------
[INFO] Building wta-common-mail 6.0.0                                   [10/44]
[INFO]   from wta-common/wta-common-mail/pom.xml
[INFO] --------------------------------[ jar ]---------------------------------
[INFO] 
[INFO] --- resources:3.3.1:resources (default-resources) @ wta-common-mail ---
[INFO] Copying 1 resource from src/main/resources to target/classes
[INFO] Copying 0 resource from src/main/resources to target/classes
[INFO] 
[INFO] --- flatten:1.7.3:flatten (flatten) @ wta-common-mail ---
[INFO] Generating flattened POM of project org.namewta:wta-common-mail:jar:6.0.0...
[INFO] 
[INFO] --- compiler:3.15.0:compile (default-compile) @ wta-common-mail ---
[INFO] Nothing to compile - all classes are up to date.
[INFO] 
[INFO] --- resources:3.3.1:testResources (default-testResources) @ wta-common-mail ---
[INFO] skip non existing resourceDirectory /srv/WTA-plus/backend/wta-common/wta-common-mail/src/test/resources
[INFO] 
[INFO] --- compiler:3.15.0:testCompile (default-testCompile) @ wta-common-mail ---
[INFO] No sources to compile
[INFO] 
[INFO] --- surefire:3.5.5:test (default-test) @ wta-common-mail ---
[INFO] No tests to run.
[INFO] 
[INFO] ---------------------< org.namewta:wta-common-mcp >---------------------
[INFO] Building wta-common-mcp 6.0.0                                    [11/44]
[INFO]   from wta-common/wta-common-mcp/pom.xml
[INFO] --------------------------------[ jar ]---------------------------------
[INFO] 
[INFO] --- resources:3.3.1:resources (default-resources) @ wta-common-mcp ---
[INFO] Copying 1 resource from src/main/resources to target/classes
[INFO] Copying 0 resource from src/main/resources to target/classes
[INFO] 
[INFO] --- flatten:1.7.3:flatten (flatten) @ wta-common-mcp ---
[INFO] Generating flattened POM of project org.namewta:wta-common-mcp:jar:6.0.0...
[INFO] 
[INFO] --- compiler:3.15.0:compile (default-compile) @ wta-common-mcp ---
[INFO] Nothing to compile - all classes are up to date.
[INFO] 
[INFO] --- resources:3.3.1:testResources (default-testResources) @ wta-common-mcp ---
[INFO] skip non existing resourceDirectory /srv/WTA-plus/backend/wta-common/wta-common-mcp/src/test/resources
[INFO] 
[INFO] --- compiler:3.15.0:testCompile (default-testCompile) @ wta-common-mcp ---
[INFO] No sources to compile
[INFO] 
[INFO] --- surefire:3.5.5:test (default-test) @ wta-common-mcp ---
[INFO] No tests to run.
[INFO] 
[INFO] ------------------------< org.namewta:wta-api >-------------------------
[INFO] Building wta-api 6.0.0                                           [12/44]
[INFO]   from wta-api/pom.xml
[INFO] --------------------------------[ jar ]---------------------------------
[INFO] 
[INFO] --- resources:3.3.1:resources (default-resources) @ wta-api ---
[INFO] skip non existing resourceDirectory /srv/WTA-plus/backend/wta-api/src/main/resources
[INFO] skip non existing resourceDirectory /srv/WTA-plus/backend/wta-api/src/main/resources
[INFO] 
[INFO] --- flatten:1.7.3:flatten (flatten) @ wta-api ---
[INFO] Generating flattened POM of project org.namewta:wta-api:jar:6.0.0...
[INFO] 
[INFO] --- compiler:3.15.0:compile (default-compile) @ wta-api ---
[INFO] Nothing to compile - all classes are up to date.
[INFO] 
[INFO] --- resources:3.3.1:testResources (default-testResources) @ wta-api ---
[INFO] skip non existing resourceDirectory /srv/WTA-plus/backend/wta-api/src/test/resources
[INFO] 
[INFO] --- compiler:3.15.0:testCompile (default-testCompile) @ wta-api ---
[INFO] No sources to compile
[INFO] 
[INFO] --- surefire:3.5.5:test (default-test) @ wta-api ---
[INFO] No tests to run.
[INFO] 
[INFO] -------------------< org.namewta:wta-common-satoken >-------------------
[INFO] Building wta-common-satoken 6.0.0                                [13/44]
[INFO]   from wta-common/wta-common-satoken/pom.xml
[INFO] --------------------------------[ jar ]---------------------------------
[INFO] 
[INFO] --- resources:3.3.1:resources (default-resources) @ wta-common-satoken ---
[INFO] Copying 2 resources from src/main/resources to target/classes
[INFO] Copying 0 resource from src/main/resources to target/classes
[INFO] 
[INFO] --- flatten:1.7.3:flatten (flatten) @ wta-common-satoken ---
[INFO] Generating flattened POM of project org.namewta:wta-common-satoken:jar:6.0.0...
[INFO] 
[INFO] --- compiler:3.15.0:compile (default-compile) @ wta-common-satoken ---
[INFO] Nothing to compile - all classes are up to date.
[INFO] 
[INFO] --- resources:3.3.1:testResources (default-testResources) @ wta-common-satoken ---
[INFO] skip non existing resourceDirectory /srv/WTA-plus/backend/wta-common/wta-common-satoken/src/test/resources
[INFO] 
[INFO] --- compiler:3.15.0:testCompile (default-testCompile) @ wta-common-satoken ---
[INFO] No sources to compile
[INFO] 
[INFO] --- surefire:3.5.5:test (default-test) @ wta-common-satoken ---
[INFO] No tests to run.
[INFO] 
[INFO] -------------------< org.namewta:wta-common-openapi >-------------------
[INFO] Building wta-common-openapi 6.0.0                                [14/44]
[INFO]   from wta-common/wta-common-openapi/pom.xml
[INFO] --------------------------------[ jar ]---------------------------------
[INFO] 
[INFO] --- resources:3.3.1:resources (default-resources) @ wta-common-openapi ---
[INFO] Copying 1 resource from src/main/resources to target/classes
[INFO] Copying 0 resource from src/main/resources to target/classes
[INFO] 
[INFO] --- flatten:1.7.3:flatten (flatten) @ wta-common-openapi ---
[INFO] Generating flattened POM of project org.namewta:wta-common-openapi:jar:6.0.0...
[INFO] 
[INFO] --- compiler:3.15.0:compile (default-compile) @ wta-common-openapi ---
[INFO] Nothing to compile - all classes are up to date.
[INFO] 
[INFO] --- resources:3.3.1:testResources (default-testResources) @ wta-common-openapi ---
[INFO] skip non existing resourceDirectory /srv/WTA-plus/backend/wta-common/wta-common-openapi/src/test/resources
[INFO] 
[INFO] --- compiler:3.15.0:testCompile (default-testCompile) @ wta-common-openapi ---
[INFO] Nothing to compile - all classes are up to date.
[INFO] 
[INFO] --- surefire:3.5.5:test (default-test) @ wta-common-openapi ---
[INFO] 
[INFO] -------------------< org.namewta:wta-common-mybatis >-------------------
[INFO] Building wta-common-mybatis 6.0.0                                [15/44]
[INFO]   from wta-common/wta-common-mybatis/pom.xml
[INFO] --------------------------------[ jar ]---------------------------------
[INFO] 
[INFO] --- resources:3.3.1:resources (default-resources) @ wta-common-mybatis ---
[INFO] Copying 2 resources from src/main/resources to target/classes
[INFO] Copying 0 resource from src/main/resources to target/classes
[INFO] 
[INFO] --- flatten:1.7.3:flatten (flatten) @ wta-common-mybatis ---
[INFO] Generating flattened POM of project org.namewta:wta-common-mybatis:jar:6.0.0...
[INFO] 
[INFO] --- compiler:3.15.0:compile (default-compile) @ wta-common-mybatis ---
[INFO] Nothing to compile - all classes are up to date.
[INFO] 
[INFO] --- resources:3.3.1:testResources (default-testResources) @ wta-common-mybatis ---
[INFO] skip non existing resourceDirectory /srv/WTA-plus/backend/wta-common/wta-common-mybatis/src/test/resources
[INFO] 
[INFO] --- compiler:3.15.0:testCompile (default-testCompile) @ wta-common-mybatis ---
[INFO] No sources to compile
[INFO] 
[INFO] --- surefire:3.5.5:test (default-test) @ wta-common-mybatis ---
[INFO] No tests to run.
[INFO] 
[INFO] -----------------< org.namewta:wta-common-translation >-----------------
[INFO] Building wta-common-translation 6.0.0                            [16/44]
[INFO]   from wta-common/wta-common-translation/pom.xml
[INFO] --------------------------------[ jar ]---------------------------------
[INFO] 
[INFO] --- resources:3.3.1:resources (default-resources) @ wta-common-translation ---
[INFO] Copying 1 resource from src/main/resources to target/classes
[INFO] Copying 0 resource from src/main/resources to target/classes
[INFO] 
[INFO] --- flatten:1.7.3:flatten (flatten) @ wta-common-translation ---
[INFO] Generating flattened POM of project org.namewta:wta-common-translation:jar:6.0.0...
[INFO] 
[INFO] --- compiler:3.15.0:compile (default-compile) @ wta-common-translation ---
[INFO] Nothing to compile - all classes are up to date.
[INFO] 
[INFO] --- resources:3.3.1:testResources (default-testResources) @ wta-common-translation ---
[INFO] skip non existing resourceDirectory /srv/WTA-plus/backend/wta-common/wta-common-translation/src/test/resources
[INFO] 
[INFO] --- compiler:3.15.0:testCompile (default-testCompile) @ wta-common-translation ---
[INFO] No sources to compile
[INFO] 
[INFO] --- surefire:3.5.5:test (default-test) @ wta-common-translation ---
[INFO] No tests to run.
[INFO] 
[INFO] ---------------------< org.namewta:wta-common-oss >---------------------
[INFO] Building wta-common-oss 6.0.0                                    [17/44]
[INFO]   from wta-common/wta-common-oss/pom.xml
[INFO] --------------------------------[ jar ]---------------------------------
[INFO] 
[INFO] --- resources:3.3.1:resources (default-resources) @ wta-common-oss ---
[INFO] skip non existing resourceDirectory /srv/WTA-plus/backend/wta-common/wta-common-oss/src/main/resources
[INFO] skip non existing resourceDirectory /srv/WTA-plus/backend/wta-common/wta-common-oss/src/main/resources
[INFO] 
[INFO] --- flatten:1.7.3:flatten (flatten) @ wta-common-oss ---
[INFO] Generating flattened POM of project org.namewta:wta-common-oss:jar:6.0.0...
[INFO] 
[INFO] --- compiler:3.15.0:compile (default-compile) @ wta-common-oss ---
[INFO] Nothing to compile - all classes are up to date.
[INFO] 
[INFO] --- resources:3.3.1:testResources (default-testResources) @ wta-common-oss ---
[INFO] skip non existing resourceDirectory /srv/WTA-plus/backend/wta-common/wta-common-oss/src/test/resources
[INFO] 
[INFO] --- compiler:3.15.0:testCompile (default-testCompile) @ wta-common-oss ---
[INFO] Nothing to compile - all classes are up to date.
[INFO] 
[INFO] --- surefire:3.5.5:test (default-test) @ wta-common-oss ---
[INFO] 
[INFO] ---------------------< org.namewta:wta-common-log >---------------------
[INFO] Building wta-common-log 6.0.0                                    [18/44]
[INFO]   from wta-common/wta-common-log/pom.xml
[INFO] --------------------------------[ jar ]---------------------------------
[INFO] 
[INFO] --- resources:3.3.1:resources (default-resources) @ wta-common-log ---
[INFO] Copying 1 resource from src/main/resources to target/classes
[INFO] Copying 0 resource from src/main/resources to target/classes
[INFO] 
[INFO] --- flatten:1.7.3:flatten (flatten) @ wta-common-log ---
[INFO] Generating flattened POM of project org.namewta:wta-common-log:jar:6.0.0...
[INFO] 
[INFO] --- compiler:3.15.0:compile (default-compile) @ wta-common-log ---
[INFO] Nothing to compile - all classes are up to date.
[INFO] 
[INFO] --- resources:3.3.1:testResources (default-testResources) @ wta-common-log ---
[INFO] skip non existing resourceDirectory /srv/WTA-plus/backend/wta-common/wta-common-log/src/test/resources
[INFO] 
[INFO] --- compiler:3.15.0:testCompile (default-testCompile) @ wta-common-log ---
[INFO] Nothing to compile - all classes are up to date.
[INFO] 
[INFO] --- surefire:3.5.5:test (default-test) @ wta-common-log ---
[INFO] 
[INFO] --------------------< org.namewta:wta-common-excel >--------------------
[INFO] Building wta-common-excel 6.0.0                                  [19/44]
[INFO]   from wta-common/wta-common-excel/pom.xml
[INFO] --------------------------------[ jar ]---------------------------------
[INFO] 
[INFO] --- resources:3.3.1:resources (default-resources) @ wta-common-excel ---
[INFO] skip non existing resourceDirectory /srv/WTA-plus/backend/wta-common/wta-common-excel/src/main/resources
[INFO] skip non existing resourceDirectory /srv/WTA-plus/backend/wta-common/wta-common-excel/src/main/resources
[INFO] 
[INFO] --- flatten:1.7.3:flatten (flatten) @ wta-common-excel ---
[INFO] Generating flattened POM of project org.namewta:wta-common-excel:jar:6.0.0...
[INFO] 
[INFO] --- compiler:3.15.0:compile (default-compile) @ wta-common-excel ---
[INFO] Nothing to compile - all classes are up to date.
[INFO] 
[INFO] --- resources:3.3.1:testResources (default-testResources) @ wta-common-excel ---
[INFO] skip non existing resourceDirectory /srv/WTA-plus/backend/wta-common/wta-common-excel/src/test/resources
[INFO] 
[INFO] --- compiler:3.15.0:testCompile (default-testCompile) @ wta-common-excel ---
[INFO] No sources to compile
[INFO] 
[INFO] --- surefire:3.5.5:test (default-test) @ wta-common-excel ---
[INFO] No tests to run.
[INFO] 
[INFO] ---------------------< org.namewta:wta-common-sms >---------------------
[INFO] Building wta-common-sms 6.0.0                                    [20/44]
[INFO]   from wta-common/wta-common-sms/pom.xml
[INFO] --------------------------------[ jar ]---------------------------------
[INFO] 
[INFO] --- resources:3.3.1:resources (default-resources) @ wta-common-sms ---
[INFO] Copying 1 resource from src/main/resources to target/classes
[INFO] Copying 0 resource from src/main/resources to target/classes
[INFO] 
[INFO] --- flatten:1.7.3:flatten (flatten) @ wta-common-sms ---
[INFO] Generating flattened POM of project org.namewta:wta-common-sms:jar:6.0.0...
[INFO] 
[INFO] --- compiler:3.15.0:compile (default-compile) @ wta-common-sms ---
[INFO] Nothing to compile - all classes are up to date.
[INFO] 
[INFO] --- resources:3.3.1:testResources (default-testResources) @ wta-common-sms ---
[INFO] skip non existing resourceDirectory /srv/WTA-plus/backend/wta-common/wta-common-sms/src/test/resources
[INFO] 
[INFO] --- compiler:3.15.0:testCompile (default-testCompile) @ wta-common-sms ---
[INFO] Nothing to compile - all classes are up to date.
[INFO] 
[INFO] --- surefire:3.5.5:test (default-test) @ wta-common-sms ---
[INFO] 
[INFO] ------------------< org.namewta:wta-common-security >-------------------
[INFO] Building wta-common-security 6.0.0                               [21/44]
[INFO]   from wta-common/wta-common-security/pom.xml
[INFO] --------------------------------[ jar ]---------------------------------
[INFO] 
[INFO] --- resources:3.3.1:resources (default-resources) @ wta-common-security ---
[INFO] Copying 1 resource from src/main/resources to target/classes
[INFO] Copying 0 resource from src/main/resources to target/classes
[INFO] 
[INFO] --- flatten:1.7.3:flatten (flatten) @ wta-common-security ---
[INFO] Generating flattened POM of project org.namewta:wta-common-security:jar:6.0.0...
[INFO] 
[INFO] --- compiler:3.15.0:compile (default-compile) @ wta-common-security ---
[INFO] Nothing to compile - all classes are up to date.
[INFO] 
[INFO] --- resources:3.3.1:testResources (default-testResources) @ wta-common-security ---
[INFO] skip non existing resourceDirectory /srv/WTA-plus/backend/wta-common/wta-common-security/src/test/resources
[INFO] 
[INFO] --- compiler:3.15.0:testCompile (default-testCompile) @ wta-common-security ---
[INFO] No sources to compile
[INFO] 
[INFO] --- surefire:3.5.5:test (default-test) @ wta-common-security ---
[INFO] No tests to run.
[INFO] 
[INFO] ---------------------< org.namewta:wta-common-web >---------------------
[INFO] Building wta-common-web 6.0.0                                    [22/44]
[INFO]   from wta-common/wta-common-web/pom.xml
[INFO] --------------------------------[ jar ]---------------------------------
[INFO] 
[INFO] --- resources:3.3.1:resources (default-resources) @ wta-common-web ---
[INFO] Copying 1 resource from src/main/resources to target/classes
[INFO] Copying 0 resource from src/main/resources to target/classes
[INFO] 
[INFO] --- flatten:1.7.3:flatten (flatten) @ wta-common-web ---
[INFO] Generating flattened POM of project org.namewta:wta-common-web:jar:6.0.0...
[INFO] 
[INFO] --- compiler:3.15.0:compile (default-compile) @ wta-common-web ---
[INFO] Nothing to compile - all classes are up to date.
[INFO] 
[INFO] --- resources:3.3.1:testResources (default-testResources) @ wta-common-web ---
[INFO] skip non existing resourceDirectory /srv/WTA-plus/backend/wta-common/wta-common-web/src/test/resources
[INFO] 
[INFO] --- compiler:3.15.0:testCompile (default-testCompile) @ wta-common-web ---
[INFO] Nothing to compile - all classes are up to date.
[INFO] 
[INFO] --- surefire:3.5.5:test (default-test) @ wta-common-web ---
[INFO] 
[INFO] ------------------< org.namewta:wta-common-sensitive >------------------
[INFO] Building wta-common-sensitive 6.0.0                              [23/44]
[INFO]   from wta-common/wta-common-sensitive/pom.xml
[INFO] --------------------------------[ jar ]---------------------------------
[INFO] 
[INFO] --- resources:3.3.1:resources (default-resources) @ wta-common-sensitive ---
[INFO] Copying 1 resource from src/main/resources to target/classes
[INFO] Copying 0 resource from src/main/resources to target/classes
[INFO] 
[INFO] --- flatten:1.7.3:flatten (flatten) @ wta-common-sensitive ---
[INFO] Generating flattened POM of project org.namewta:wta-common-sensitive:jar:6.0.0...
[INFO] 
[INFO] --- compiler:3.15.0:compile (default-compile) @ wta-common-sensitive ---
[INFO] Nothing to compile - all classes are up to date.
[INFO] 
[INFO] --- resources:3.3.1:testResources (default-testResources) @ wta-common-sensitive ---
[INFO] skip non existing resourceDirectory /srv/WTA-plus/backend/wta-common/wta-common-sensitive/src/test/resources
[INFO] 
[INFO] --- compiler:3.15.0:testCompile (default-testCompile) @ wta-common-sensitive ---
[INFO] No sources to compile
[INFO] 
[INFO] --- surefire:3.5.5:test (default-test) @ wta-common-sensitive ---
[INFO] No tests to run.
[INFO] 
[INFO] -------------------< org.namewta:wta-common-encrypt >-------------------
[INFO] Building wta-common-encrypt 6.0.0                                [24/44]
[INFO]   from wta-common/wta-common-encrypt/pom.xml
[INFO] --------------------------------[ jar ]---------------------------------
[INFO] 
[INFO] --- resources:3.3.1:resources (default-resources) @ wta-common-encrypt ---
[INFO] Copying 1 resource from src/main/resources to target/classes
[INFO] Copying 0 resource from src/main/resources to target/classes
[INFO] 
[INFO] --- flatten:1.7.3:flatten (flatten) @ wta-common-encrypt ---
[INFO] Generating flattened POM of project org.namewta:wta-common-encrypt:jar:6.0.0...
[INFO] 
[INFO] --- compiler:3.15.0:compile (default-compile) @ wta-common-encrypt ---
[INFO] Nothing to compile - all classes are up to date.
[INFO] 
[INFO] --- resources:3.3.1:testResources (default-testResources) @ wta-common-encrypt ---
[INFO] skip non existing resourceDirectory /srv/WTA-plus/backend/wta-common/wta-common-encrypt/src/test/resources
[INFO] 
[INFO] --- compiler:3.15.0:testCompile (default-testCompile) @ wta-common-encrypt ---
[INFO] No sources to compile
[INFO] 
[INFO] --- surefire:3.5.5:test (default-test) @ wta-common-encrypt ---
[INFO] No tests to run.
[INFO] 
[INFO] --------------------< org.namewta:wta-common-push >---------------------
[INFO] Building wta-common-push 6.0.0                                   [25/44]
[INFO]   from wta-common/wta-common-push/pom.xml
[INFO] --------------------------------[ jar ]---------------------------------
[INFO] 
[INFO] --- resources:3.3.1:resources (default-resources) @ wta-common-push ---
[INFO] Copying 1 resource from src/main/resources to target/classes
[INFO] Copying 0 resource from src/main/resources to target/classes
[INFO] 
[INFO] --- flatten:1.7.3:flatten (flatten) @ wta-common-push ---
[INFO] Generating flattened POM of project org.namewta:wta-common-push:jar:6.0.0...
[INFO] 
[INFO] --- compiler:3.15.0:compile (default-compile) @ wta-common-push ---
[INFO] Nothing to compile - all classes are up to date.
[INFO] 
[INFO] --- resources:3.3.1:testResources (default-testResources) @ wta-common-push ---
[INFO] skip non existing resourceDirectory /srv/WTA-plus/backend/wta-common/wta-common-push/src/test/resources
[INFO] 
[INFO] --- compiler:3.15.0:testCompile (default-testCompile) @ wta-common-push ---
[INFO] Nothing to compile - all classes are up to date.
[INFO] 
[INFO] --- surefire:3.5.5:test (default-test) @ wta-common-push ---
[INFO] 
[INFO] ----------------------< org.namewta:wta-modules >-----------------------
[INFO] Building wta-modules 6.0.0                                       [26/44]
[INFO]   from wta-modules/pom.xml
[INFO] --------------------------------[ pom ]---------------------------------
[INFO] 
[INFO] --- flatten:1.7.3:flatten (flatten) @ wta-modules ---
[INFO] Generating flattened POM of project org.namewta:wta-modules:pom:6.0.0...
[INFO] 
[INFO] -----------------------< org.namewta:wta-system >-----------------------
[INFO] Building wta-system 6.0.0                                        [27/44]
[INFO]   from wta-modules/wta-system/pom.xml
[INFO] --------------------------------[ jar ]---------------------------------
[INFO] 
[INFO] --- resources:3.3.1:resources (default-resources) @ wta-system ---
[INFO] Copying 23 resources from src/main/resources to target/classes
[INFO] Copying 0 resource from src/main/resources to target/classes
[INFO] 
[INFO] --- flatten:1.7.3:flatten (flatten) @ wta-system ---
[INFO] Generating flattened POM of project org.namewta:wta-system:jar:6.0.0...
[INFO] 
[INFO] --- compiler:3.15.0:compile (default-compile) @ wta-system ---
[INFO] Nothing to compile - all classes are up to date.
[INFO] 
[INFO] --- resources:3.3.1:testResources (default-testResources) @ wta-system ---
[INFO] skip non existing resourceDirectory /srv/WTA-plus/backend/wta-modules/wta-system/src/test/resources
[INFO] 
[INFO] --- compiler:3.15.0:testCompile (default-testCompile) @ wta-system ---
[INFO] Nothing to compile - all classes are up to date.
[INFO] 
[INFO] --- surefire:3.5.5:test (default-test) @ wta-system ---
[INFO] 
[INFO] -----------------------< org.namewta:wta-third >------------------------
[INFO] Building wta-third 6.0.0                                         [28/44]
[INFO]   from wta-modules/wta-third/pom.xml
[INFO] --------------------------------[ jar ]---------------------------------
[INFO] 
[INFO] --- resources:3.3.1:resources (default-resources) @ wta-third ---
[INFO] Copying 1 resource from src/main/resources to target/classes
[INFO] Copying 0 resource from src/main/resources to target/classes
[INFO] 
[INFO] --- flatten:1.7.3:flatten (flatten) @ wta-third ---
[INFO] Generating flattened POM of project org.namewta:wta-third:jar:6.0.0...
[INFO] 
[INFO] --- compiler:3.15.0:compile (default-compile) @ wta-third ---
[INFO] Nothing to compile - all classes are up to date.
[INFO] 
[INFO] --- resources:3.3.1:testResources (default-testResources) @ wta-third ---
[INFO] skip non existing resourceDirectory /srv/WTA-plus/backend/wta-modules/wta-third/src/test/resources
[INFO] 
[INFO] --- compiler:3.15.0:testCompile (default-testCompile) @ wta-third ---
[INFO] Nothing to compile - all classes are up to date.
[INFO] 
[INFO] --- surefire:3.5.5:test (default-test) @ wta-third ---
[INFO] 
[INFO] -----------------------< org.namewta:wta-notify >-----------------------
[INFO] Building wta-notify 6.0.0                                        [29/44]
[INFO]   from wta-modules/wta-notify/pom.xml
[INFO] --------------------------------[ jar ]---------------------------------
[INFO] 
[INFO] --- resources:3.3.1:resources (default-resources) @ wta-notify ---
[INFO] Copying 5 resources from src/main/resources to target/classes
[INFO] Copying 0 resource from src/main/resources to target/classes
[INFO] 
[INFO] --- flatten:1.7.3:flatten (flatten) @ wta-notify ---
[INFO] Generating flattened POM of project org.namewta:wta-notify:jar:6.0.0...
[INFO] 
[INFO] --- compiler:3.15.0:compile (default-compile) @ wta-notify ---
[INFO] Nothing to compile - all classes are up to date.
[INFO] 
[INFO] --- resources:3.3.1:testResources (default-testResources) @ wta-notify ---
[INFO] skip non existing resourceDirectory /srv/WTA-plus/backend/wta-modules/wta-notify/src/test/resources
[INFO] 
[INFO] --- compiler:3.15.0:testCompile (default-testCompile) @ wta-notify ---
[INFO] Recompiling the module because of changed source code.
[INFO] Compiling 24 source files with javac [debug release 21] to target/test-classes
[INFO] /srv/WTA-plus/backend/wta-modules/wta-notify/src/test/java/org/namewta/notify/support/outbox/NotifyOutboxWakeRedisGate.java: /srv/WTA-plus/backend/wta-modules/wta-notify/src/test/java/org/namewta/notify/support/outbox/NotifyOutboxWakeRedisGate.java uses or overrides a deprecated API.
[INFO] /srv/WTA-plus/backend/wta-modules/wta-notify/src/test/java/org/namewta/notify/support/outbox/NotifyOutboxWakeRedisGate.java: Recompile with -Xlint:deprecation for details.
[INFO] /srv/WTA-plus/backend/wta-modules/wta-notify/src/test/java/org/namewta/notify/adapter/provider/Sms4jReceiptTest.java: Some input files use unchecked or unsafe operations.
[INFO] /srv/WTA-plus/backend/wta-modules/wta-notify/src/test/java/org/namewta/notify/adapter/provider/Sms4jReceiptTest.java: Recompile with -Xlint:unchecked for details.
[INFO] 
[INFO] --- surefire:3.5.5:test (default-test) @ wta-notify ---
[INFO] 
[INFO] ------------------------< org.namewta:wta-sso >-------------------------
[INFO] Building wta-sso 6.0.0                                           [30/44]
[INFO]   from wta-modules/wta-sso/pom.xml
[INFO] --------------------------------[ jar ]---------------------------------
[INFO] 
[INFO] --- resources:3.3.1:resources (default-resources) @ wta-sso ---
[INFO] Copying 1 resource from src/main/resources to target/classes
[INFO] Copying 0 resource from src/main/resources to target/classes
[INFO] 
[INFO] --- flatten:1.7.3:flatten (flatten) @ wta-sso ---
[INFO] Generating flattened POM of project org.namewta:wta-sso:jar:6.0.0...
[INFO] 
[INFO] --- compiler:3.15.0:compile (default-compile) @ wta-sso ---
[INFO] Nothing to compile - all classes are up to date.
[INFO] 
[INFO] --- resources:3.3.1:testResources (default-testResources) @ wta-sso ---
[INFO] skip non existing resourceDirectory /srv/WTA-plus/backend/wta-modules/wta-sso/src/test/resources
[INFO] 
[INFO] --- compiler:3.15.0:testCompile (default-testCompile) @ wta-sso ---
[INFO] Nothing to compile - all classes are up to date.
[INFO] 
[INFO] --- surefire:3.5.5:test (default-test) @ wta-sso ---
[INFO] 
[INFO] ---------------------< org.namewta:wta-common-job >---------------------
[INFO] Building wta-common-job 6.0.0                                    [31/44]
[INFO]   from wta-common/wta-common-job/pom.xml
[INFO] --------------------------------[ jar ]---------------------------------
[INFO] 
[INFO] --- resources:3.3.1:resources (default-resources) @ wta-common-job ---
[INFO] Copying 1 resource from src/main/resources to target/classes
[INFO] Copying 0 resource from src/main/resources to target/classes
[INFO] 
[INFO] --- flatten:1.7.3:flatten (flatten) @ wta-common-job ---
[INFO] Generating flattened POM of project org.namewta:wta-common-job:jar:6.0.0...
[INFO] 
[INFO] --- compiler:3.15.0:compile (default-compile) @ wta-common-job ---
[INFO] Nothing to compile - all classes are up to date.
[INFO] 
[INFO] --- resources:3.3.1:testResources (default-testResources) @ wta-common-job ---
[INFO] skip non existing resourceDirectory /srv/WTA-plus/backend/wta-common/wta-common-job/src/test/resources
[INFO] 
[INFO] --- compiler:3.15.0:testCompile (default-testCompile) @ wta-common-job ---
[INFO] No sources to compile
[INFO] 
[INFO] --- surefire:3.5.5:test (default-test) @ wta-common-job ---
[INFO] No tests to run.
[INFO] 
[INFO] ------------------------< org.namewta:wta-job >-------------------------
[INFO] Building wta-job 6.0.0                                           [32/44]
[INFO]   from wta-modules/wta-job/pom.xml
[INFO] --------------------------------[ jar ]---------------------------------
[INFO] 
[INFO] --- resources:3.3.1:resources (default-resources) @ wta-job ---
[INFO] skip non existing resourceDirectory /srv/WTA-plus/backend/wta-modules/wta-job/src/main/resources
[INFO] skip non existing resourceDirectory /srv/WTA-plus/backend/wta-modules/wta-job/src/main/resources
[INFO] 
[INFO] --- flatten:1.7.3:flatten (flatten) @ wta-job ---
[INFO] Generating flattened POM of project org.namewta:wta-job:jar:6.0.0...
[INFO] 
[INFO] --- compiler:3.15.0:compile (default-compile) @ wta-job ---
[INFO] Nothing to compile - all classes are up to date.
[INFO] 
[INFO] --- resources:3.3.1:testResources (default-testResources) @ wta-job ---
[INFO] skip non existing resourceDirectory /srv/WTA-plus/backend/wta-modules/wta-job/src/test/resources
[INFO] 
[INFO] --- compiler:3.15.0:testCompile (default-testCompile) @ wta-job ---
[INFO] No sources to compile
[INFO] 
[INFO] --- surefire:3.5.5:test (default-test) @ wta-job ---
[INFO] No tests to run.
[INFO] 
[INFO] ---------------------< org.namewta:wta-common-ai >----------------------
[INFO] Building wta-common-ai 6.0.0                                     [33/44]
[INFO]   from wta-common/wta-common-ai/pom.xml
[INFO] --------------------------------[ jar ]---------------------------------
[INFO] 
[INFO] --- resources:3.3.1:resources (default-resources) @ wta-common-ai ---
[INFO] Copying 0 resource from src/main/resources to target/classes
[INFO] Copying 0 resource from src/main/resources to target/classes
[INFO] 
[INFO] --- flatten:1.7.3:flatten (flatten) @ wta-common-ai ---
[INFO] Generating flattened POM of project org.namewta:wta-common-ai:jar:6.0.0...
[INFO] 
[INFO] --- compiler:3.15.0:compile (default-compile) @ wta-common-ai ---
[INFO] Nothing to compile - all classes are up to date.
[INFO] 
[INFO] --- resources:3.3.1:testResources (default-testResources) @ wta-common-ai ---
[INFO] skip non existing resourceDirectory /srv/WTA-plus/backend/wta-common/wta-common-ai/src/test/resources
[INFO] 
[INFO] --- compiler:3.15.0:testCompile (default-testCompile) @ wta-common-ai ---
[INFO] No sources to compile
[INFO] 
[INFO] --- surefire:3.5.5:test (default-test) @ wta-common-ai ---
[INFO] No tests to run.
[INFO] 
[INFO] -------------------------< org.namewta:wta-ai >-------------------------
[INFO] Building wta-ai 6.0.0                                            [34/44]
[INFO]   from wta-modules/wta-ai/pom.xml
[INFO] --------------------------------[ jar ]---------------------------------
[INFO] 
[INFO] --- resources:3.3.1:resources (default-resources) @ wta-ai ---
[INFO] skip non existing resourceDirectory /srv/WTA-plus/backend/wta-modules/wta-ai/src/main/resources
[INFO] skip non existing resourceDirectory /srv/WTA-plus/backend/wta-modules/wta-ai/src/main/resources
[INFO] 
[INFO] --- flatten:1.7.3:flatten (flatten) @ wta-ai ---
[INFO] Generating flattened POM of project org.namewta:wta-ai:jar:6.0.0...
[INFO] 
[INFO] --- compiler:3.15.0:compile (default-compile) @ wta-ai ---
[INFO] Nothing to compile - all classes are up to date.
[INFO] 
[INFO] --- resources:3.3.1:testResources (default-testResources) @ wta-ai ---
[INFO] skip non existing resourceDirectory /srv/WTA-plus/backend/wta-modules/wta-ai/src/test/resources
[INFO] 
[INFO] --- compiler:3.15.0:testCompile (default-testCompile) @ wta-ai ---
[INFO] No sources to compile
[INFO] 
[INFO] --- surefire:3.5.5:test (default-test) @ wta-ai ---
[INFO] No tests to run.
[INFO] 
[INFO] ------------------< org.namewta:wta-common-richtext >-------------------
[INFO] Building wta-common-richtext 6.0.0                               [35/44]
[INFO]   from wta-common/wta-common-richtext/pom.xml
[INFO] --------------------------------[ jar ]---------------------------------
[INFO] 
[INFO] --- resources:3.3.1:resources (default-resources) @ wta-common-richtext ---
[INFO] skip non existing resourceDirectory /srv/WTA-plus/backend/wta-common/wta-common-richtext/src/main/resources
[INFO] skip non existing resourceDirectory /srv/WTA-plus/backend/wta-common/wta-common-richtext/src/main/resources
[INFO] 
[INFO] --- flatten:1.7.3:flatten (flatten) @ wta-common-richtext ---
[INFO] Generating flattened POM of project org.namewta:wta-common-richtext:jar:6.0.0...
[INFO] 
[INFO] --- compiler:3.15.0:compile (default-compile) @ wta-common-richtext ---
[INFO] Nothing to compile - all classes are up to date.
[INFO] 
[INFO] --- resources:3.3.1:testResources (default-testResources) @ wta-common-richtext ---
[INFO] skip non existing resourceDirectory /srv/WTA-plus/backend/wta-common/wta-common-richtext/src/test/resources
[INFO] 
[INFO] --- compiler:3.15.0:testCompile (default-testCompile) @ wta-common-richtext ---
[INFO] Nothing to compile - all classes are up to date.
[INFO] 
[INFO] --- surefire:3.5.5:test (default-test) @ wta-common-richtext ---
[INFO] 
[INFO] ----------------< org.namewta:wta-common-elasticsearch >----------------
[INFO] Building wta-common-elasticsearch 6.0.0                          [36/44]
[INFO]   from wta-common/wta-common-elasticsearch/pom.xml
[INFO] --------------------------------[ jar ]---------------------------------
[INFO] 
[INFO] --- resources:3.3.1:resources (default-resources) @ wta-common-elasticsearch ---
[INFO] Copying 2 resources from src/main/resources to target/classes
[INFO] Copying 0 resource from src/main/resources to target/classes
[INFO] 
[INFO] --- flatten:1.7.3:flatten (flatten) @ wta-common-elasticsearch ---
[INFO] Generating flattened POM of project org.namewta:wta-common-elasticsearch:jar:6.0.0...
[INFO] 
[INFO] --- compiler:3.15.0:compile (default-compile) @ wta-common-elasticsearch ---
[INFO] Nothing to compile - all classes are up to date.
[INFO] 
[INFO] --- resources:3.3.1:testResources (default-testResources) @ wta-common-elasticsearch ---
[INFO] skip non existing resourceDirectory /srv/WTA-plus/backend/wta-common/wta-common-elasticsearch/src/test/resources
[INFO] 
[INFO] --- compiler:3.15.0:testCompile (default-testCompile) @ wta-common-elasticsearch ---
[INFO] No sources to compile
[INFO] 
[INFO] --- surefire:3.5.5:test (default-test) @ wta-common-elasticsearch ---
[INFO] No tests to run.
[INFO] 
[INFO] --------------------< org.namewta:wta-common-mqtt >---------------------
[INFO] Building wta-common-mqtt 6.0.0                                   [37/44]
[INFO]   from wta-common/wta-common-mqtt/pom.xml
[INFO] --------------------------------[ jar ]---------------------------------
[INFO] 
[INFO] --- resources:3.3.1:resources (default-resources) @ wta-common-mqtt ---
[INFO] Copying 1 resource from src/main/resources to target/classes
[INFO] Copying 0 resource from src/main/resources to target/classes
[INFO] 
[INFO] --- flatten:1.7.3:flatten (flatten) @ wta-common-mqtt ---
[INFO] Generating flattened POM of project org.namewta:wta-common-mqtt:jar:6.0.0...
[INFO] 
[INFO] --- compiler:3.15.0:compile (default-compile) @ wta-common-mqtt ---
[INFO] Nothing to compile - all classes are up to date.
[INFO] 
[INFO] --- resources:3.3.1:testResources (default-testResources) @ wta-common-mqtt ---
[INFO] skip non existing resourceDirectory /srv/WTA-plus/backend/wta-common/wta-common-mqtt/src/test/resources
[INFO] 
[INFO] --- compiler:3.15.0:testCompile (default-testCompile) @ wta-common-mqtt ---
[INFO] No sources to compile
[INFO] 
[INFO] --- surefire:3.5.5:test (default-test) @ wta-common-mqtt ---
[INFO] No tests to run.
[INFO] 
[INFO] ------------------------< org.namewta:wta-demo >------------------------
[INFO] Building wta-demo 6.0.0                                          [38/44]
[INFO]   from wta-modules/wta-demo/pom.xml
[INFO] --------------------------------[ jar ]---------------------------------
[INFO] 
[INFO] --- resources:3.3.1:resources (default-resources) @ wta-demo ---
[INFO] Copying 6 resources from src/main/resources to target/classes
[INFO] Copying 0 resource from src/main/resources to target/classes
[INFO] 
[INFO] --- flatten:1.7.3:flatten (flatten) @ wta-demo ---
[INFO] Generating flattened POM of project org.namewta:wta-demo:jar:6.0.0...
[INFO] 
[INFO] --- compiler:3.15.0:compile (default-compile) @ wta-demo ---
[INFO] Nothing to compile - all classes are up to date.
[INFO] 
[INFO] --- resources:3.3.1:testResources (default-testResources) @ wta-demo ---
[INFO] skip non existing resourceDirectory /srv/WTA-plus/backend/wta-modules/wta-demo/src/test/resources
[INFO] 
[INFO] --- compiler:3.15.0:testCompile (default-testCompile) @ wta-demo ---
[INFO] Nothing to compile - all classes are up to date.
[INFO] 
[INFO] --- surefire:3.5.5:test (default-test) @ wta-demo ---
[INFO] 
[INFO] ------------------< org.namewta:wta-common-liteflow >-------------------
[INFO] Building wta-common-liteflow 6.0.0                               [39/44]
[INFO]   from wta-common/wta-common-liteflow/pom.xml
[INFO] --------------------------------[ jar ]---------------------------------
[INFO] 
[INFO] --- resources:3.3.1:resources (default-resources) @ wta-common-liteflow ---
[INFO] Copying 1 resource from src/main/resources to target/classes
[INFO] Copying 0 resource from src/main/resources to target/classes
[INFO] 
[INFO] --- flatten:1.7.3:flatten (flatten) @ wta-common-liteflow ---
[INFO] Generating flattened POM of project org.namewta:wta-common-liteflow:jar:6.0.0...
[INFO] 
[INFO] --- compiler:3.15.0:compile (default-compile) @ wta-common-liteflow ---
[INFO] Nothing to compile - all classes are up to date.
[INFO] 
[INFO] --- resources:3.3.1:testResources (default-testResources) @ wta-common-liteflow ---
[INFO] skip non existing resourceDirectory /srv/WTA-plus/backend/wta-common/wta-common-liteflow/src/test/resources
[INFO] 
[INFO] --- compiler:3.15.0:testCompile (default-testCompile) @ wta-common-liteflow ---
[INFO] No sources to compile
[INFO] 
[INFO] --- surefire:3.5.5:test (default-test) @ wta-common-liteflow ---
[INFO] No tests to run.
[INFO] 
[INFO] ----------------------< org.namewta:wta-workflow >----------------------
[INFO] Building wta-workflow 6.0.0                                      [40/44]
[INFO]   from wta-modules/wta-workflow/pom.xml
[INFO] --------------------------------[ jar ]---------------------------------
[INFO] 
[INFO] --- resources:3.3.1:resources (default-resources) @ wta-workflow ---
[INFO] Copying 11 resources from src/main/resources to target/classes
[INFO] Copying 0 resource from src/main/resources to target/classes
[INFO] 
[INFO] --- flatten:1.7.3:flatten (flatten) @ wta-workflow ---
[INFO] Generating flattened POM of project org.namewta:wta-workflow:jar:6.0.0...
[INFO] 
[INFO] --- compiler:3.15.0:compile (default-compile) @ wta-workflow ---
[INFO] Nothing to compile - all classes are up to date.
[INFO] 
[INFO] --- resources:3.3.1:testResources (default-testResources) @ wta-workflow ---
[INFO] skip non existing resourceDirectory /srv/WTA-plus/backend/wta-modules/wta-workflow/src/test/resources
[INFO] 
[INFO] --- compiler:3.15.0:testCompile (default-testCompile) @ wta-workflow ---
[INFO] No sources to compile
[INFO] 
[INFO] --- surefire:3.5.5:test (default-test) @ wta-workflow ---
[INFO] No tests to run.
[INFO] 
[INFO] ----------------------< org.namewta:wta-profile >-----------------------
[INFO] Building wta-profile 6.0.0                                       [41/44]
[INFO]   from wta-modules/wta-profile/pom.xml
[INFO] --------------------------------[ pom ]---------------------------------
[INFO] 
[INFO] --- flatten:1.7.3:flatten (flatten) @ wta-profile ---
[INFO] Generating flattened POM of project org.namewta:wta-profile:pom:6.0.0...
[INFO] 
[INFO] -------------------< org.namewta:wta-profile-person >-------------------
[INFO] Building wta-profile-person 6.0.0                                [42/44]
[INFO]   from wta-modules/wta-profile/wta-profile-person/pom.xml
[INFO] --------------------------------[ jar ]---------------------------------
[INFO] 
[INFO] --- resources:3.3.1:resources (default-resources) @ wta-profile-person ---
[INFO] Copying 6 resources from src/main/resources to target/classes
[INFO] Copying 0 resource from src/main/resources to target/classes
[INFO] 
[INFO] --- flatten:1.7.3:flatten (flatten) @ wta-profile-person ---
[INFO] Generating flattened POM of project org.namewta:wta-profile-person:jar:6.0.0...
[INFO] 
[INFO] --- compiler:3.15.0:compile (default-compile) @ wta-profile-person ---
[INFO] Nothing to compile - all classes are up to date.
[INFO] 
[INFO] --- resources:3.3.1:testResources (default-testResources) @ wta-profile-person ---
[INFO] skip non existing resourceDirectory /srv/WTA-plus/backend/wta-modules/wta-profile/wta-profile-person/src/test/resources
[INFO] 
[INFO] --- compiler:3.15.0:testCompile (default-testCompile) @ wta-profile-person ---
[INFO] Recompiling the module because of changed source code.
[INFO] Compiling 38 source files with javac [debug release 21] to target/test-classes
[INFO] /srv/WTA-plus/backend/wta-modules/wta-profile/wta-profile-person/src/test/java/org/namewta/profile/person/controller/admin/PersonAdminHttpContractTest.java: Some input files use unchecked or unsafe operations.
[INFO] /srv/WTA-plus/backend/wta-modules/wta-profile/wta-profile-person/src/test/java/org/namewta/profile/person/controller/admin/PersonAdminHttpContractTest.java: Recompile with -Xlint:unchecked for details.
[INFO] 
[INFO] --- surefire:3.5.5:test (default-test) @ wta-profile-person ---
[INFO] 
[INFO] -----------------< org.namewta:wta-profile-enterprise >-----------------
[INFO] Building wta-profile-enterprise 6.0.0                            [43/44]
[INFO]   from wta-modules/wta-profile/wta-profile-enterprise/pom.xml
[INFO] --------------------------------[ jar ]---------------------------------
[INFO] 
[INFO] --- resources:3.3.1:resources (default-resources) @ wta-profile-enterprise ---
[INFO] Copying 4 resources from src/main/resources to target/classes
[INFO] Copying 0 resource from src/main/resources to target/classes
[INFO] 
[INFO] --- flatten:1.7.3:flatten (flatten) @ wta-profile-enterprise ---
[INFO] Generating flattened POM of project org.namewta:wta-profile-enterprise:jar:6.0.0...
[INFO] 
[INFO] --- compiler:3.15.0:compile (default-compile) @ wta-profile-enterprise ---
[INFO] Nothing to compile - all classes are up to date.
[INFO] 
[INFO] --- resources:3.3.1:testResources (default-testResources) @ wta-profile-enterprise ---
[INFO] skip non existing resourceDirectory /srv/WTA-plus/backend/wta-modules/wta-profile/wta-profile-enterprise/src/test/resources
[INFO] 
[INFO] --- compiler:3.15.0:testCompile (default-testCompile) @ wta-profile-enterprise ---
[INFO] Recompiling the module because of changed source code.
[INFO] Compiling 31 source files with javac [debug release 21] to target/test-classes
[INFO] /srv/WTA-plus/backend/wta-modules/wta-profile/wta-profile-enterprise/src/test/java/org/namewta/profile/enterprise/service/impl/EnterpriseTransferMySqlRedisE2ETest.java: Some input files use or override a deprecated API.
[INFO] /srv/WTA-plus/backend/wta-modules/wta-profile/wta-profile-enterprise/src/test/java/org/namewta/profile/enterprise/service/impl/EnterpriseTransferMySqlRedisE2ETest.java: Recompile with -Xlint:deprecation for details.
[INFO] /srv/WTA-plus/backend/wta-modules/wta-profile/wta-profile-enterprise/src/test/java/org/namewta/profile/enterprise/controller/admin/EnterpriseAdminHttpContractTest.java: Some input files use unchecked or unsafe operations.
[INFO] /srv/WTA-plus/backend/wta-modules/wta-profile/wta-profile-enterprise/src/test/java/org/namewta/profile/enterprise/controller/admin/EnterpriseAdminHttpContractTest.java: Recompile with -Xlint:unchecked for details.
[INFO] 
[INFO] --- surefire:3.5.5:test (default-test) @ wta-profile-enterprise ---
[INFO] 
[INFO] -----------------------< org.namewta:wta-admin >------------------------
[INFO] Building wta-admin 6.0.0                                         [44/44]
[INFO]   from wta-admin/pom.xml
[INFO] --------------------------------[ jar ]---------------------------------
[INFO] 
[INFO] --- resources:3.3.1:resources (default-resources) @ wta-admin ---
[INFO] Copying 9 resources from src/main/resources to target/classes
[INFO] Copying 4 resources from src/main/resources to target/classes
[INFO] 
[INFO] --- flatten:1.7.3:flatten (flatten) @ wta-admin ---
[INFO] Generating flattened POM of project org.namewta:wta-admin:jar:6.0.0...
[INFO] 
[INFO] --- compiler:3.15.0:compile (default-compile) @ wta-admin ---
[INFO] Nothing to compile - all classes are up to date.
[INFO] 
[INFO] --- resources:3.3.1:testResources (default-testResources) @ wta-admin ---
[INFO] Copying 2 resources from src/test/resources to target/test-classes
[INFO] 
[INFO] --- compiler:3.15.0:testCompile (default-testCompile) @ wta-admin ---
[INFO] Recompiling the module because of changed source code.
[INFO] Compiling 166 source files with javac [debug release 21] to target/test-classes
[INFO] /srv/WTA-plus/backend/wta-admin/src/test/java/org/namewta/common/redis/cache/ThirdRedisIntegrationTest.java: Some input files use or override a deprecated API.
[INFO] /srv/WTA-plus/backend/wta-admin/src/test/java/org/namewta/common/redis/cache/ThirdRedisIntegrationTest.java: Recompile with -Xlint:deprecation for details.
[INFO] /srv/WTA-plus/backend/wta-admin/src/test/java/org/namewta/test/notify/NotifyDeadlineIntegrationTest.java: Some input files use unchecked or unsafe operations.
[INFO] /srv/WTA-plus/backend/wta-admin/src/test/java/org/namewta/test/notify/NotifyDeadlineIntegrationTest.java: Recompile with -Xlint:unchecked for details.
[INFO] 
[INFO] --- surefire:3.5.5:test (default-test) @ wta-admin ---
[INFO] Using auto detected provider org.apache.maven.surefire.junitplatform.JUnitPlatformProvider
[INFO] 
[INFO] -------------------------------------------------------
[INFO]  T E S T S
[INFO] -------------------------------------------------------
Picked up JAVA_TOOL_OPTIONS: -Xms128m -Xmx1536m -Djava.io.tmpdir=/tmp/wta-t42/runs/8f6c6e89433059e7/tmp
[INFO] Running org.namewta.test.notify.NotifyMailAttachmentIntegrationTest
02:15:43,607 |-WARN in ch.qos.logback.core.joran.action.ConversionRuleAction - [converterClass] attribute is deprecated and replaced by [class]. See element [conversionRule] near line 9
Application Version: 6.0.0
Spring Boot Version: 4.1.0
__________            _____.___.__         ____   ____                     __________.__
\______   \__ __  ____\__  |   |__|        \   \ /   /_ __   ____          \______   \  |  __ __  ______
 |       _/  |  \/  _ \/   |   |  |  ______ \   Y   /  |  \_/ __ \   ______ |     ___/  | |  |  \/  ___/
 |    |   \  |  (  <_> )____   |  | /_____/  \     /|  |  /\  ___/  /_____/ |    |   |  |_|  |  /\___ \
 |____|_  /____/ \____// ______|__|           \___/ |____/  \___  >         |____|   |____/____//____  >
        \/             \/                                       \/                                   \/

2026-09-24 02:15:43 [main] INFO  o.n.t.n.NotifyMailAttachmentIntegrationTest
 - Starting NotifyMailAttachmentIntegrationTest using Java 21.0.12.1 with PID 2401861 (started by root in /srv/WTA-plus/backend/wta-admin)
2026-09-24 02:15:43 [main] INFO  o.n.t.n.NotifyMailAttachmentIntegrationTest
 - The following 1 profile is active: "dev"
2026-09-24 02:15:43 [background-preinit] INFO  o.h.validator.internal.util.Version
 - HV000001: Hibernate Validator 9.1.0.Final
2026-09-24 02:15:46 [main] WARN  o.s.c.a.ConfigurationClassPostProcessor
 - Cannot enhance @Configuration bean definition 'com.yomahub.liteflow.springboot.config.LiteflowMainAutoConfiguration' since its singleton instance has been created too early. The typical cause is a non-static @Bean method with a BeanDefinitionRegistryPostProcessor return type: Consider declaring such methods as 'static' and/or marking the containing configuration class as 'proxyBeanMethods=false'.
2026-09-24 02:15:46 [main] WARN  o.s.core.annotation.MergedAnnotation
 - Failed to introspect meta-annotation @AutoConfigureAfter on class com.yomahub.liteflow.springboot.metrics.LiteflowMetricsAutoConfiguration: java.lang.TypeNotPresentException: Type org.springframework.boot.actuate.autoconfigure.metrics.MetricsAutoConfiguration not present
2026-09-24 02:15:46 [main] INFO  c.g.y.a.MybatisPlusJoinAutoConfiguration
 - MPJ SqlSessionFactory bean definition: sqlSessionFactory factoryBeanName: com.baomidou.mybatisplus.autoconfigure.MybatisPlusAutoConfiguration factoryMethodName: sqlSessionFactory source: public org.apache.ibatis.session.SqlSessionFactory com.baomidou.mybatisplus.autoconfigure.MybatisPlusAutoConfiguration.sqlSessionFactory(javax.sql.DataSource)
2026-09-24 02:15:47 [main] WARN  o.s.c.s.PostProcessorRegistrationDelegate$BeanPostProcessorChecker
 - Bean 'com.yomahub.liteflow.springboot.config.LiteflowPropertyAutoConfiguration' of type [com.yomahub.liteflow.springboot.config.LiteflowPropertyAutoConfiguration$$SpringCGLIB$$0] is not eligible for getting processed by all BeanPostProcessors (for example: not eligible for auto-proxying). Is this bean getting eagerly injected/applied to a currently created BeanPostProcessor [componentScanner]? Check the corresponding BeanPostProcessor declaration and its dependencies/advisors. If this bean does not have to be post-processed, declare it with ROLE_INFRASTRUCTURE.
2026-09-24 02:15:47 [main] WARN  o.s.c.s.PostProcessorRegistrationDelegate$BeanPostProcessorChecker
 - Bean 'liteflow-com.yomahub.liteflow.springboot.LiteflowProperty' of type [com.yomahub.liteflow.springboot.LiteflowProperty] is not eligible for getting processed by all BeanPostProcessors (for example: not eligible for auto-proxying). Is this bean getting eagerly injected/applied to a currently created BeanPostProcessor [componentScanner]? Check the corresponding BeanPostProcessor declaration and its dependencies/advisors. If this bean does not have to be post-processed, declare it with ROLE_INFRASTRUCTURE.
2026-09-24 02:15:47 [main] WARN  o.s.c.s.PostProcessorRegistrationDelegate$BeanPostProcessorChecker
 - Bean 'liteflow.monitor-com.yomahub.liteflow.springboot.LiteflowMonitorProperty' of type [com.yomahub.liteflow.springboot.LiteflowMonitorProperty] is not eligible for getting processed by all BeanPostProcessors (for example: not eligible for auto-proxying). Is this bean getting eagerly injected/applied to a currently created BeanPostProcessor [componentScanner]? Check the corresponding BeanPostProcessor declaration and its dependencies/advisors. If this bean does not have to be post-processed, declare it with ROLE_INFRASTRUCTURE.
2026-09-24 02:15:47 [main] WARN  o.s.c.s.PostProcessorRegistrationDelegate$BeanPostProcessorChecker
 - Bean 'liteflowConfig' of type [com.yomahub.liteflow.property.LiteflowConfig] is not eligible for getting processed by all BeanPostProcessors (for example: not eligible for auto-proxying). Is this bean getting eagerly injected/applied to a currently created BeanPostProcessor [componentScanner]? Check the corresponding BeanPostProcessor declaration and its dependencies/advisors. If this bean does not have to be post-processed, declare it with ROLE_INFRASTRUCTURE.
2026-09-24 02:15:47 [main] WARN  o.s.c.s.PostProcessorRegistrationDelegate$BeanPostProcessorChecker
 - Bean 'com.yomahub.liteflow.spi.spring.SpringAware' of type [com.yomahub.liteflow.spi.spring.SpringAware] is not eligible for getting processed by all BeanPostProcessors (for example: not eligible for auto-proxying). Is this bean getting eagerly injected/applied to a currently created BeanPostProcessor [componentScanner]? Check the corresponding BeanPostProcessor declaration and its dependencies/advisors. If this bean does not have to be post-processed, declare it with ROLE_INFRASTRUCTURE.
2026-09-24 02:15:47 [main] INFO  c.yomahub.liteflow.util.LOGOPrinter
 - 
================================================================================================
		 _     ___ _____ _____      _____ _     _____        __
		| |   |_ _|_   _| ____|    |  ___| |   / _ \ \      / /
		| |    | |  | | |  _| _____| |_  | |  | | | \ \ /\ / / 
		| |___ | |  | | | |__|_____|  _| | |__| |_| |\ V  V /  
		|_____|___| |_| |_____|    |_|   |_____\___/  \_/\_/   

		Version: 2.16.1.2
		Make your code amazing.
		website：https://liteflow.cc
================================================================================================

2026-09-24 02:15:47 [main] WARN  o.s.c.s.PostProcessorRegistrationDelegate$BeanPostProcessorChecker
 - Bean 'org.springframework.ai.mcp.server.common.autoconfigure.annotations.McpServerAnnotationScannerAutoConfiguration' of type [org.springframework.ai.mcp.server.common.autoconfigure.annotations.McpServerAnnotationScannerAutoConfiguration] is not eligible for getting processed by all BeanPostProcessors (for example: not eligible for auto-proxying). Is this bean getting eagerly injected/applied to a currently created BeanPostProcessor [serverAnnotatedMethodBeanPostProcessor]? Check the corresponding BeanPostProcessor declaration and its dependencies/advisors. If this bean does not have to be post-processed, declare it with ROLE_INFRASTRUCTURE.
2026-09-24 02:15:47 [main] WARN  o.s.c.s.PostProcessorRegistrationDelegate$BeanPostProcessorChecker
 - Bean 'serverAnnotatedBeanRegistry' of type [org.springframework.ai.mcp.server.common.autoconfigure.annotations.McpServerAnnotationScannerAutoConfiguration$ServerMcpAnnotatedBeans] is not eligible for getting processed by all BeanPostProcessors (for example: not eligible for auto-proxying). Is this bean getting eagerly injected/applied to a currently created BeanPostProcessor [serverAnnotatedMethodBeanPostProcessor]? Check the corresponding BeanPostProcessor declaration and its dependencies/advisors. If this bean does not have to be post-processed, declare it with ROLE_INFRASTRUCTURE.
2026-09-24 02:15:47 [main] WARN  o.s.c.s.PostProcessorRegistrationDelegate$BeanPostProcessorChecker
 - Bean 'spring.ai.mcp.server.annotation-scanner-org.springframework.ai.mcp.server.common.autoconfigure.annotations.McpServerAnnotationScannerProperties' of type [org.springframework.ai.mcp.server.common.autoconfigure.annotations.McpServerAnnotationScannerProperties] is not eligible for getting processed by all BeanPostProcessors (for example: not eligible for auto-proxying). Is this bean getting eagerly injected/applied to a currently created BeanPostProcessor [serverAnnotatedMethodBeanPostProcessor]? Check the corresponding BeanPostProcessor declaration and its dependencies/advisors. If this bean does not have to be post-processed, declare it with ROLE_INFRASTRUCTURE.
2026-09-24 02:15:47 [main] INFO  c.g.y.a.MybatisPlusJoinAutoConfiguration
 - mybatis plus join properties config complete
2026-09-24 02:15:47 [main] INFO  com.zaxxer.hikari.HikariDataSource
 - master - Starting...
2026-09-24 02:15:48 [main] INFO  com.zaxxer.hikari.pool.HikariPool
 - master - Added connection com.mysql.cj.jdbc.ConnectionImpl@60dd53e9
2026-09-24 02:15:48 [main] INFO  com.zaxxer.hikari.HikariDataSource
 - master - Start completed.
2026-09-24 02:15:48 [main] INFO  c.b.d.d.DynamicRoutingDataSource
 - dynamic-datasource - add a datasource named [master] success
2026-09-24 02:15:48 [main] INFO  c.b.d.d.DynamicRoutingDataSource
 - dynamic-datasource initial loaded [1] datasource,primary datasource named [master]
2026-09-24 02:15:48 [main] INFO  c.g.y.a.MybatisPlusJoinAutoConfiguration
 - mybatis plus join SqlInjector init
 _ _   |_  _ _|_. ___ _ |    _ 
| | |\/|_)(_| | |_\  |_)||_|_\ 
     /               |         
                        3.5.15 
2026-09-24 02:15:50 [main] INFO  o.n.common.json.config.JacksonConfig
 - 初始化 jackson 配置
Consume Time：19 ms Mapper ID：org.namewta.notify.mapper.NotifyChannelAccountMapper.selectList Command Type：SELECT
2026-09-24 02:15:50 [main] INFO  o.n.common.redis.config.RedisConfig
 - 初始化 redis 配置
2026-09-24 02:15:50 [main] INFO  org.redisson.Version
 - Redisson 4.6.1
2026-09-24 02:15:50 [redisson-netty-1-5] INFO  o.r.connection.ConnectionsHolder
 - 1 connections initialized for 127.0.0.1/127.0.0.1:33002
2026-09-24 02:15:51 [redisson-netty-1-3] INFO  o.r.connection.ConnectionsHolder
 - 8 connections initialized for 127.0.0.1/127.0.0.1:33002
2026-09-24 02:15:52 [main] INFO  c.y.l.p.i.CmpAroundAspectBeanProcess
 - component[completeAutoPass] has been found
2026-09-24 02:15:52 [main] INFO  c.y.l.p.i.CmpAroundAspectBeanProcess
 - component[completeExecute] has been found
2026-09-24 02:15:52 [main] INFO  c.y.l.p.i.CmpAroundAspectBeanProcess
 - component[completeNeedAutoPass] has been found
2026-09-24 02:15:52 [main] INFO  c.y.l.p.i.CmpAroundAspectBeanProcess
 - component[completePrepare] has been found
2026-09-24 02:15:52 [main] INFO  c.y.l.p.i.CmpAroundAspectBeanProcess
 - component[instanceDeleteEvent] has been found
2026-09-24 02:15:52 [main] INFO  c.y.l.p.i.CmpAroundAspectBeanProcess
 - component[instanceDeleteExecute] has been found
2026-09-24 02:15:52 [main] INFO  c.y.l.p.i.CmpAroundAspectBeanProcess
 - component[instanceDeleteExists] has been found
2026-09-24 02:15:52 [main] INFO  c.y.l.p.i.CmpAroundAspectBeanProcess
 - component[instanceDeleteLoad] has been found
2026-09-24 02:15:52 [main] INFO  c.y.l.p.i.CmpAroundAspectBeanProcess
 - component[taskOpExecute] has been found
2026-09-24 02:15:52 [main] INFO  c.y.l.p.i.CmpAroundAspectBeanProcess
 - component[taskOpLoad] has been found
2026-09-24 02:15:52 [main] INFO  c.y.l.p.i.CmpAroundAspectBeanProcess
 - component[taskOpNeedNotify] has been found
2026-09-24 02:15:52 [main] INFO  c.y.l.p.i.CmpAroundAspectBeanProcess
 - component[taskOpNotify] has been found
2026-09-24 02:15:52 [main] INFO  c.y.l.p.i.CmpAroundAspectBeanProcess
 - component[taskOpPrepare] has been found
2026-09-24 02:15:52 [main] INFO  c.y.l.p.i.CmpAroundAspectBeanProcess
 - component[startExecute] has been found
2026-09-24 02:15:52 [main] INFO  c.y.l.p.i.CmpAroundAspectBeanProcess
 - component[startExists] has been found
2026-09-24 02:15:52 [main] INFO  c.y.l.p.i.CmpAroundAspectBeanProcess
 - component[startPrepareInstance] has been found
2026-09-24 02:15:52 [main] INFO  c.y.l.p.i.CmpAroundAspectBeanProcess
 - component[startPrepareRequest] has been found
2026-09-24 02:15:52 [main] INFO  c.y.l.p.i.CmpAroundAspectBeanProcess
 - component[startResume] has been found
____ ____    ___ ____ _  _ ____ _  _ 
[__  |__| __  |  |  | |_/  |___ |\ | 
___] |  |     |  |__| | \_ |___ | \| 
https://sa-token.cc (v1.45.0)
2026-09-24 02:15:52 [main] INFO  c.b.m.s.MybatisPlusApplicationContextAware
 - Register ApplicationContext instances org.springframework.context.annotation.AnnotationConfigApplicationContext@9b5f3c7
 _ _   |_  _ _|_. ___ _ |    _  .  _  .  _  
| | |\/|_)(_| | |_\  |_)||_|_\  | (_) | | | 
     /               |          /
                                    1.5.9

   ▄     ▄                             ▄▄▄▄▄▄   ▄                     
   █  █  █  ▄▄▄    ▄ ▄▄  ▄▄▄▄▄         █        █     ▄▄▄  ▄     ▄    
   ▀ █▀█ █ ▀   █   █▀  ▀ █ █ █  ▄▄▄▄▄  █▄▄▄▄▄   █    █▀ ▀█ ▀▄ ▄ ▄▀    
    ██ ██▀ ▄▀▀▀█   █     █ █ █         █        █    █   █  █▄█▄█     
    █   █  ▀▄▄▀█   █     █ █ █         █        █▄▄  ▀█▄█▀   █ █      

   :: Warm-Flow ::     (v1.8.9)

2026-09-24 02:15:53 [main] INFO  o.d.w.p.modes.sb.config.BeanConfig
 - 【warm-flow】，加载完成
2026-09-24 02:15:53 [main] INFO  c.y.l.p.i.CmpAroundAspectBeanProcess
 - component[noop] has been found
2026-09-24 02:15:53 [main] INFO  c.y.l.p.i.CmpAroundAspectBeanProcess
 - component[fail] has been found
2026-09-24 02:15:53 [main] INFO  c.y.l.p.i.CmpAroundAspectBeanProcess
 - component[contextRequired] has been found
2026-09-24 02:15:53 [main] INFO  c.y.l.p.i.CmpAroundAspectBeanProcess
 - component[alwaysTrue] has been found
2026-09-24 02:15:53 [main] INFO  c.y.l.p.i.CmpAroundAspectBeanProcess
 - component[alwaysFalse] has been found
2026-09-24 02:15:53 [main] WARN  o.s.c.a.AnnotationConfigApplicationContext
 - Exception encountered during context initialization - cancelling refresh attempt: org.springframework.beans.factory.BeanCreationException: Error creating bean with name 'org.namewta.common.security.handler.AllUrlHandler': No bean named 'requestMappingHandlerMapping' available
2026-09-24 02:15:53 [main] INFO  o.n.c.core.config.ThreadPoolConfig
 - ====关闭后台任务任务线程池====
2026-09-24 02:15:53 [main] INFO  c.b.d.d.DynamicRoutingDataSource
 - dynamic-datasource start closing ....
2026-09-24 02:15:53 [main] INFO  com.zaxxer.hikari.HikariDataSource
 - master - Shutdown initiated...
2026-09-24 02:15:53 [main] INFO  com.zaxxer.hikari.HikariDataSource
 - master - Shutdown completed.
2026-09-24 02:15:53 [main] INFO  c.b.d.d.d.DefaultDataSourceDestroyer
 - dynamic-datasource close the datasource named [master] success,
2026-09-24 02:15:53 [main] INFO  c.b.d.d.DynamicRoutingDataSource
 - dynamic-datasource all closed success,bye



============================
CONDITIONS EVALUATION REPORT
============================


Positive matches:
-----------------

   AopAutoConfiguration matched:
      - @ConditionalOnBooleanProperty (spring.aop.auto=true) matched (OnPropertyCondition)

   AopAutoConfiguration.AspectJAutoProxyingConfiguration matched:
      - @ConditionalOnClass found required class 'org.aspectj.weaver.Advice' (OnClassCondition)

   AopAutoConfiguration.AspectJAutoProxyingConfiguration.CglibAutoProxyConfiguration matched:
      - @ConditionalOnBooleanProperty (spring.aop.proxy-target-class=true) matched (OnPropertyCondition)

   ApplicationAvailabilityAutoConfiguration#applicationAvailability matched:
      - @ConditionalOnMissingBean (types: org.springframework.boot.availability.ApplicationAvailability; SearchStrategy: all) did not find any beans (OnBeanCondition)

   AuditEventsEndpointAutoConfiguration matched:
      - @ConditionalOnAvailableEndpoint marked as exposed by a 'management.endpoints.web.exposure' property (OnAvailableEndpointCondition)

   AvailabilityHealthContributorAutoConfiguration matched:
      - @ConditionalOnClass found required class 'org.springframework.boot.health.contributor.Health' (OnClassCondition)

   AvailabilityProbesAutoConfiguration matched:
      - @ConditionalOnClass found required class 'org.springframework.boot.actuate.endpoint.annotation.Endpoint' (OnClassCondition)
      - @ConditionalOnBooleanProperty (management.endpoint.health.probes.enabled=true) matched (OnPropertyCondition)

   AvailabilityProbesAutoConfiguration#livenessStateHealthIndicator matched:
      - @ConditionalOnMissingBean (names: livenessStateHealthIndicator; SearchStrategy: all) did not find any beans (OnBeanCondition)

   AvailabilityProbesAutoConfiguration#readinessStateHealthIndicator matched:
      - @ConditionalOnMissingBean (names: readinessStateHealthIndicator; SearchStrategy: all) did not find any beans (OnBeanCondition)

   BeansEndpointAutoConfiguration matched:
      - @ConditionalOnAvailableEndpoint marked as exposed by a 'management.endpoints.web.exposure' property (OnAvailableEndpointCondition)

   BeansEndpointAutoConfiguration#beansEndpoint matched:
      - @ConditionalOnMissingBean (types: org.springframework.boot.actuate.beans.BeansEndpoint; SearchStrategy: all) did not find any beans (OnBeanCondition)

   CategoryNameTranslationImpl matched:
      - @ConditionalOnProperty (warm-flow.enabled=true) matched (OnPropertyCondition)

   CompleteAutoPassComponent matched:
      - @ConditionalOnProperty (warm-flow.enabled=true) matched (OnPropertyCondition)

   CompleteExecuteComponent matched:
      - @ConditionalOnProperty (warm-flow.enabled=true) matched (OnPropertyCondition)

   CompleteNeedAutoPassComponent matched:
      - @ConditionalOnProperty (warm-flow.enabled=true) matched (OnPropertyCondition)

   CompletePrepareComponent matched:
      - @ConditionalOnProperty (warm-flow.enabled=true) matched (OnPropertyCondition)

   CompositeMeterRegistryAutoConfiguration matched:
      - @ConditionalOnClass found required class 'io.micrometer.core.instrument.composite.CompositeMeterRegistry' (OnClassCondition)

   ConditionsReportEndpointAutoConfiguration matched:
      - @ConditionalOnAvailableEndpoint marked as exposed by a 'management.endpoints.web.exposure' property (OnAvailableEndpointCondition)

   ConditionsReportEndpointAutoConfiguration#conditionsReportEndpoint matched:
      - @ConditionalOnMissingBean (types: org.springframework.boot.actuate.autoconfigure.condition.ConditionsReportEndpoint; SearchStrategy: current) did not find any beans (OnBeanCondition)

   ConfigurationPropertiesReportEndpointAutoConfiguration matched:
      - @ConditionalOnAvailableEndpoint marked as exposed by a 'management.endpoints.web.exposure' property (OnAvailableEndpointCondition)

   ConfigurationPropertiesReportEndpointAutoConfiguration#configurationPropertiesReportEndpoint matched:
      - @ConditionalOnMissingBean (types: org.springframework.boot.actuate.context.properties.ConfigurationPropertiesReportEndpoint; SearchStrategy: all) did not find any beans (OnBeanCondition)

   ConfigurationPropertiesReportEndpointAutoConfiguration#configurationPropertiesReportEndpointWebExtension matched:
      - @ConditionalOnBean (types: org.springframework.boot.actuate.context.properties.ConfigurationPropertiesReportEndpoint; SearchStrategy: all) found bean 'configurationPropertiesReportEndpoint'; @ConditionalOnMissingBean (types: org.springframework.boot.actuate.context.properties.ConfigurationPropertiesReportEndpointWebExtension; SearchStrategy: all) did not find any beans (OnBeanCondition)
      - @ConditionalOnAvailableEndpoint marked as exposed by a 'management.endpoints.web.exposure' property (OnAvailableEndpointCondition)

   DataRedisAnnotationDrivenConfiguration matched:
      - @ConditionalOnClass found required classes 'org.springframework.data.redis.annotation.EnableRedisListeners', 'org.springframework.messaging.Message' (OnClassCondition)

   DataRedisAnnotationDrivenConfiguration#redisMessageListenerContainer matched:
      - @ConditionalOnSingleCandidate (types: org.springframework.data.redis.connection.RedisConnectionFactory; SearchStrategy: all) found a single bean 'redissonConnectionFactory'; @ConditionalOnMissingBean (names: redisMessageListenerContainer; SearchStrategy: all) did not find any beans (OnBeanCondition)

   DataRedisAnnotationDrivenConfiguration#redisMessageListenerContainerConfigurer matched:
      - @ConditionalOnMissingBean (types: org.springframework.boot.data.redis.autoconfigure.RedisMessageListenerContainerConfigurer; SearchStrategy: all) did not find any beans (OnBeanCondition)

   DataRedisAnnotationDrivenConfiguration.EnableRedisListenersConfiguration matched:
      - @ConditionalOnMissingBean (names: org.springframework.data.redis.config.internalRedisListenerAnnotationProcessor; SearchStrategy: all) did not find any beans (OnBeanCondition)

   DataRedisAutoConfiguration matched:
      - @ConditionalOnClass found required class 'org.springframework.data.redis.core.RedisOperations' (OnClassCondition)

   DataRedisAutoConfiguration#redisConnectionDetails matched:
      - @ConditionalOnMissingBean (types: org.springframework.boot.data.redis.autoconfigure.DataRedisConnectionDetails; SearchStrategy: all) did not find any beans (OnBeanCondition)

   DataRedisHealthContributorAutoConfiguration matched:
      - @ConditionalOnClass found required classes 'org.springframework.data.redis.connection.RedisConnectionFactory', 'org.springframework.boot.health.contributor.HealthIndicator', 'org.springframework.boot.health.autoconfigure.contributor.ConditionalOnEnabledHealthIndicator' (OnClassCondition)
      - @ConditionalOnEnabledHealthIndicator management.health.defaults.enabled is considered true (OnEnabledHealthIndicatorCondition)
      - @ConditionalOnBean (types: org.springframework.data.redis.connection.RedisConnectionFactory; SearchStrategy: all) found bean 'redissonConnectionFactory' (OnBeanCondition)

   DataRedisReactiveAutoConfiguration matched:
      - @ConditionalOnClass found required classes 'org.springframework.data.redis.connection.ReactiveRedisConnectionFactory', 'org.springframework.data.redis.core.ReactiveRedisTemplate', 'reactor.core.publisher.Flux' (OnClassCondition)

   DataRedisReactiveAutoConfiguration#reactiveRedisTemplate matched:
      - @ConditionalOnBean (types: org.springframework.data.redis.connection.ReactiveRedisConnectionFactory; SearchStrategy: all) found bean 'redissonConnectionFactory'; @ConditionalOnMissingBean (names: reactiveRedisTemplate; SearchStrategy: all) did not find any beans (OnBeanCondition)

   DataRedisReactiveAutoConfiguration#reactiveStringRedisTemplate matched:
      - @ConditionalOnBean (types: org.springframework.data.redis.connection.ReactiveRedisConnectionFactory; SearchStrategy: all) found bean 'redissonConnectionFactory'; @ConditionalOnMissingBean (names: reactiveStringRedisTemplate; SearchStrategy: all) did not find any beans (OnBeanCondition)

   DataRedisReactiveHealthContributorAutoConfiguration matched:
      - @ConditionalOnClass found required classes 'org.springframework.data.redis.connection.ReactiveRedisConnectionFactory', 'reactor.core.publisher.Flux', 'org.springframework.boot.health.contributor.ReactiveHealthIndicator', 'org.springframework.boot.health.autoconfigure.contributor.ConditionalOnEnabledHealthIndicator' (OnClassCondition)
      - @ConditionalOnEnabledHealthIndicator management.health.defaults.enabled is considered true (OnEnabledHealthIndicatorCondition)
      - @ConditionalOnBean (types: org.springframework.data.redis.connection.ReactiveRedisConnectionFactory; SearchStrategy: all) found bean 'redissonConnectionFactory' (OnBeanCondition)

   DataRedisReactiveHealthContributorAutoConfiguration#redisHealthContributor matched:
      - @ConditionalOnMissingBean (names: redisHealthIndicator,redisHealthContributor; SearchStrategy: all) did not find any beans (OnBeanCondition)

   DataRedisRepositoriesAutoConfiguration matched:
      - @ConditionalOnClass found required class 'org.springframework.data.redis.repository.configuration.EnableRedisRepositories' (OnClassCondition)
      - @ConditionalOnBooleanProperty (spring.data.redis.repositories.enabled=true) matched (OnPropertyCondition)
      - @ConditionalOnBean (types: org.springframework.data.redis.connection.RedisConnectionFactory; SearchStrategy: all) found bean 'redissonConnectionFactory'; @ConditionalOnMissingBean (types: org.springframework.data.redis.repository.support.RedisRepositoryFactoryBean; SearchStrategy: all) did not find any beans (OnBeanCondition)

   DataRepositoryMetricsAutoConfiguration matched:
      - @ConditionalOnClass found required class 'org.springframework.data.repository.Repository' (OnClassCondition)
      - @ConditionalOnBean (types: io.micrometer.core.instrument.MeterRegistry; SearchStrategy: all) found bean 'simpleMeterRegistry' (OnBeanCondition)

   DataRepositoryMetricsAutoConfiguration#metricsRepositoryMethodInvocationListener matched:
      - @ConditionalOnMissingBean (types: org.springframework.boot.data.metrics.MetricsRepositoryMethodInvocationListener; SearchStrategy: all) did not find any beans (OnBeanCondition)

   DataRepositoryMetricsAutoConfiguration#repositoryTagsProvider matched:
      - @ConditionalOnMissingBean (types: org.springframework.boot.data.metrics.RepositoryTagsProvider; SearchStrategy: all) did not find any beans (OnBeanCondition)

   DataSourceAutoConfiguration matched:
      - @ConditionalOnClass found required classes 'javax.sql.DataSource', 'org.springframework.jdbc.datasource.embedded.EmbeddedDatabaseType' (OnClassCondition)
      - @ConditionalOnMissingBean (types: io.r2dbc.spi.ConnectionFactory; SearchStrategy: all) did not find any beans (OnBeanCondition)

   DataSourceConfiguration.Generic matched:
      - @ConditionalOnProperty (spring.datasource.type) matched (OnPropertyCondition)

   DataSourceConfiguration.Hikari matched:
      - @ConditionalOnClass found required class 'com.zaxxer.hikari.HikariDataSource' (OnClassCondition)
      - @ConditionalOnProperty (spring.datasource.type=com.zaxxer.hikari.HikariDataSource) matched (OnPropertyCondition)

   DataSourceHealthContributorAutoConfiguration matched:
      - @ConditionalOnClass found required classes 'org.springframework.jdbc.core.JdbcTemplate', 'org.springframework.jdbc.datasource.lookup.AbstractRoutingDataSource', 'org.springframework.boot.health.autoconfigure.contributor.ConditionalOnEnabledHealthIndicator' (OnClassCondition)
      - @ConditionalOnEnabledHealthIndicator management.health.defaults.enabled is considered true (OnEnabledHealthIndicatorCondition)
      - @ConditionalOnBean (types: javax.sql.DataSource; SearchStrategy: all) found bean 'dataSource' (OnBeanCondition)

   DataSourceHealthContributorAutoConfiguration#dbHealthContributor matched:
      - @ConditionalOnMissingBean (names: dbHealthIndicator,dbHealthContributor; SearchStrategy: all) did not find any beans (OnBeanCondition)

   DataSourceInitializationAutoConfiguration matched:
      - @ConditionalOnClass found required class 'org.springframework.jdbc.datasource.init.DatabasePopulator' (OnClassCondition)
      - SQL InitializationDatabase Initialization default value is EMBEDDED (OnSqlInitializationCondition)
      - @ConditionalOnSingleCandidate (types: javax.sql.DataSource; SearchStrategy: all) found a single bean 'dataSource'; @ConditionalOnMissingBean (types: org.springframework.boot.sql.autoconfigure.init.ApplicationScriptDatabaseInitializer; SearchStrategy: all) did not find any beans (OnBeanCondition)

   DataSourcePoolMetadataProvidersConfiguration.HikariPoolDataSourceMetadataProviderConfiguration matched:
      - @ConditionalOnClass found required class 'com.zaxxer.hikari.HikariDataSource' (OnClassCondition)

   DataSourcePoolMetadataProvidersConfiguration.OracleUcpPoolDataSourceMetadataProviderConfiguration matched:
      - @ConditionalOnClass found required classes 'oracle.ucp.jdbc.PoolDataSource', 'oracle.jdbc.OracleConnection' (OnClassCondition)

   DataSourcePoolMetricsAutoConfiguration matched:
      - @ConditionalOnClass found required classes 'javax.sql.DataSource', 'io.micrometer.core.instrument.MeterRegistry' (OnClassCondition)
      - @ConditionalOnBean (types: javax.sql.DataSource,io.micrometer.core.instrument.MeterRegistry; SearchStrategy: all) found beans 'simpleMeterRegistry', 'dataSource' (OnBeanCondition)

   DataSourcePoolMetricsAutoConfiguration.DataSourcePoolMetadataMetricsConfiguration matched:
      - @ConditionalOnBean (types: org.springframework.boot.jdbc.metadata.DataSourcePoolMetadataProvider; SearchStrategy: all) found beans 'oracleUcpPoolDataSourceMetadataProvider', 'hikariPoolDataSourceMetadataProvider' (OnBeanCondition)

   DataSourcePoolMetricsAutoConfiguration.HikariDataSourceMetricsConfiguration matched:
      - @ConditionalOnClass found required class 'com.zaxxer.hikari.HikariDataSource' (OnClassCondition)

   DataSourceTransactionManagerAutoConfiguration matched:
      - @ConditionalOnClass found required classes 'javax.sql.DataSource', 'org.springframework.jdbc.core.JdbcTemplate', 'org.springframework.transaction.TransactionManager' (OnClassCondition)

   DataSourceTransactionManagerAutoConfiguration.JdbcTransactionManagerConfiguration matched:
      - @ConditionalOnSingleCandidate (types: javax.sql.DataSource; SearchStrategy: all) found a single bean 'dataSource' (OnBeanCondition)

   DataSourceTransactionManagerAutoConfiguration.JdbcTransactionManagerConfiguration#transactionManager matched:
      - @ConditionalOnMissingBean (types: org.springframework.transaction.TransactionManager; SearchStrategy: all) did not find any beans (OnBeanCondition)

   DdlAutoConfiguration matched:
      - @ConditionalOnClass found required class 'com.baomidou.mybatisplus.extension.ddl.IDdl' (OnClassCondition)

   DiskSpaceHealthContributorAutoConfiguration matched:
      - @ConditionalOnClass found required class 'org.springframework.boot.health.contributor.Health' (OnClassCondition)
      - @ConditionalOnEnabledHealthIndicator management.health.defaults.enabled is considered true (OnEnabledHealthIndicatorCondition)

   DiskSpaceHealthContributorAutoConfiguration#diskSpaceHealthIndicator matched:
      - @ConditionalOnMissingBean (names: diskSpaceHealthIndicator; SearchStrategy: all) did not find any beans (OnBeanCondition)

   DynamicDataSourceAopConfiguration#dsProcessor matched:
      - @ConditionalOnMissingBean (types: com.baomidou.dynamic.datasource.processor.DsProcessor; SearchStrategy: all) did not find any beans (OnBeanCondition)

   DynamicDataSourceAopConfiguration#dynamicDatasourceAnnotationAdvisor matched:
      - @ConditionalOnProperty (spring.datasource.dynamic.aop.enabled=true) matched (OnPropertyCondition)

   DynamicDataSourceAopConfiguration#dynamicTransactionAdvisor matched:
      - @ConditionalOnProperty (spring.datasource.dynamic.seata=false) matched (OnPropertyCondition)

   DynamicDataSourceAssistConfiguration#dataSourceCreator matched:
      - @ConditionalOnMissingBean (types: com.baomidou.dynamic.datasource.creator.DefaultDataSourceCreator; SearchStrategy: all) did not find any beans (OnBeanCondition)

   DynamicDataSourceAssistConfiguration#dataSourceInitEvent matched:
      - @ConditionalOnMissingBean (types: com.baomidou.dynamic.datasource.event.DataSourceInitEvent; SearchStrategy: all) did not find any beans (OnBeanCondition)

   DynamicDataSourceAssistConfiguration.DsTxEventListenerFactoryConfiguration#dsTxEventListenerFactory matched:
      - @ConditionalOnMissingBean (types: com.baomidou.dynamic.datasource.tx.DsTxEventListenerFactory; SearchStrategy: all) did not find any beans (OnBeanCondition)

   DynamicDataSourceAutoConfiguration matched:
      - @ConditionalOnProperty (spring.datasource.dynamic.enabled=true) matched (OnPropertyCondition)

   DynamicDataSourceAutoConfiguration#dataSource matched:
      - @ConditionalOnMissingBean (types: javax.sql.DataSource; SearchStrategy: all) did not find any beans (OnBeanCondition)

   DynamicDataSourceCreatorAutoConfiguration.HikariDataSourceCreatorConfiguration matched:
      - @ConditionalOnClass found required class 'com.zaxxer.hikari.HikariDataSource' (OnClassCondition)

   DynamicDataSourceCreatorAutoConfiguration.OracleUcp0DataSourceCreatorConfiguration matched:
      - @ConditionalOnClass found required class 'oracle.ucp.jdbc.PoolDataSourceImpl' (OnClassCondition)

   DynamicDataSourcePoolMetricsAutoConfiguration matched:
      - @ConditionalOnClass found required classes 'javax.sql.DataSource', 'io.micrometer.core.instrument.MeterRegistry' (OnClassCondition)
      - @ConditionalOnBean (types: javax.sql.DataSource,io.micrometer.core.instrument.MeterRegistry; SearchStrategy: all) found beans 'simpleMeterRegistry', 'dataSource' (OnBeanCondition)

   DynamicDataSourcePoolMetricsAutoConfiguration.HikariDataSourceMetricsConfiguration matched:
      - @ConditionalOnClass found required class 'com.zaxxer.hikari.HikariDataSource' (OnClassCondition)
      - @ConditionalOnProperty (spring.datasource.dynamic.hikari-metrics.enabled=true) matched (OnPropertyCondition)

   EndpointAutoConfiguration#endpointCachingOperationInvokerAdvisor matched:
      - @ConditionalOnMissingBean (types: org.springframework.boot.actuate.endpoint.invoker.cache.CachingOperationInvokerAdvisor; SearchStrategy: all) did not find any beans (OnBeanCondition)

   EndpointAutoConfiguration#endpointOperationParameterMapper matched:
      - @ConditionalOnMissingBean (types: org.springframework.boot.actuate.endpoint.invoke.ParameterValueMapper; SearchStrategy: all) did not find any beans (OnBeanCondition)

   EndpointAutoConfiguration#propertiesEndpointAccessResolver matched:
      - @ConditionalOnMissingBean (types: org.springframework.boot.actuate.endpoint.EndpointAccessResolver; SearchStrategy: all) did not find any beans (OnBeanCondition)

   EnvironmentEndpointAutoConfiguration matched:
      - @ConditionalOnAvailableEndpoint marked as exposed by a 'management.endpoints.web.exposure' property (OnAvailableEndpointCondition)

   EnvironmentEndpointAutoConfiguration#environmentEndpoint matched:
      - @ConditionalOnMissingBean (types: org.springframework.boot.actuate.env.EnvironmentEndpoint; SearchStrategy: all) did not find any beans (OnBeanCondition)

   EnvironmentEndpointAutoConfiguration#environmentEndpointWebExtension matched:
      - @ConditionalOnBean (types: org.springframework.boot.actuate.env.EnvironmentEndpoint; SearchStrategy: all) found bean 'environmentEndpoint'; @ConditionalOnMissingBean (types: org.springframework.boot.actuate.env.EnvironmentEndpointWebExtension; SearchStrategy: all) did not find any beans (OnBeanCondition)
      - @ConditionalOnAvailableEndpoint marked as exposed by a 'management.endpoints.web.exposure' property (OnAvailableEndpointCondition)

   EsAutoConfiguration matched:
      - @ConditionalOnClass found required class 'co.elastic.clients.elasticsearch.ElasticsearchClient' (OnClassCondition)

   FilterConfig#xssFilter matched:
      - @ConditionalOnProperty (xss.enabled=true) matched (OnPropertyCondition)

   FlowAutoConfig matched:
      - @ConditionalOnProperty (warm-flow.enabled=true) matched (OnPropertyCondition)

   FlowProcessEventHandler matched:
      - @ConditionalOnProperty (warm-flow.enabled=true) matched (OnPropertyCondition)

   FlwCategoryController matched:
      - @ConditionalOnProperty (warm-flow.enabled=true) matched (OnPropertyCondition)

   FlwCategoryServiceImpl matched:
      - @ConditionalOnProperty (warm-flow.enabled=true) matched (OnPropertyCondition)

   FlwChartExtServiceImpl matched:
      - @ConditionalOnProperty (warm-flow.enabled=true) matched (OnPropertyCondition)

   FlwCommonServiceImpl matched:
      - @ConditionalOnProperty (warm-flow.enabled=true) matched (OnPropertyCondition)

   FlwDefinitionController matched:
      - @ConditionalOnProperty (warm-flow.enabled=true) matched (OnPropertyCondition)

   FlwDefinitionServiceImpl matched:
      - @ConditionalOnProperty (warm-flow.enabled=true) matched (OnPropertyCondition)

   FlwInstanceController matched:
      - @ConditionalOnProperty (warm-flow.enabled=true) matched (OnPropertyCondition)

   FlwInstanceServiceImpl matched:
      - @ConditionalOnProperty (warm-flow.enabled=true) matched (OnPropertyCondition)

   FlwNodeExtServiceImpl matched:
      - @ConditionalOnProperty (warm-flow.enabled=true) matched (OnPropertyCondition)

   FlwSpelController matched:
      - @ConditionalOnProperty (warm-flow.enabled=true) matched (OnPropertyCondition)

   FlwSpelServiceImpl matched:
      - @ConditionalOnProperty (warm-flow.enabled=true) matched (OnPropertyCondition)

   FlwTaskAssigneeServiceImpl matched:
      - @ConditionalOnProperty (warm-flow.enabled=true) matched (OnPropertyCondition)

   FlwTaskController matched:
      - @ConditionalOnProperty (warm-flow.enabled=true) matched (OnPropertyCondition)

   FlwTaskServiceImpl matched:
      - @ConditionalOnProperty (warm-flow.enabled=true) matched (OnPropertyCondition)

   GsonHttpMessageConvertersConfiguration matched:
      - @ConditionalOnClass found required class 'com.google.gson.Gson' (OnClassCondition)

   HealthContributorAutoConfiguration#pingHealthContributor matched:
      - @ConditionalOnEnabledHealthIndicator management.health.defaults.enabled is considered true (OnEnabledHealthIndicatorCondition)

   HealthContributorRegistryAutoConfiguration#healthContributorRegistry matched:
      - @ConditionalOnMissingBean (types: org.springframework.boot.health.registry.HealthContributorRegistry; SearchStrategy: all) did not find any beans (OnBeanCondition)

   HealthContributorRegistryAutoConfiguration.ReactiveHealthContributorRegistryConfiguration matched:
      - @ConditionalOnClass found required class 'reactor.core.publisher.Flux' (OnClassCondition)

   HealthContributorRegistryAutoConfiguration.ReactiveHealthContributorRegistryConfiguration#reactiveHealthContributorRegistry matched:
      - @ConditionalOnMissingBean (types: org.springframework.boot.health.registry.ReactiveHealthContributorRegistry; SearchStrategy: all) did not find any beans (OnBeanCondition)

   HealthEndpointAutoConfiguration matched:
      - @ConditionalOnClass found required class 'org.springframework.boot.actuate.endpoint.annotation.Endpoint' (OnClassCondition)
      - @ConditionalOnAvailableEndpoint marked as exposed by a 'management.endpoints.web.exposure' property (OnAvailableEndpointCondition)
      - @ConditionalOnBean (types: org.springframework.boot.health.registry.HealthContributorRegistry; SearchStrategy: all) found bean 'healthContributorRegistry' (OnBeanCondition)

   HealthEndpointConfiguration#healthEndpoint matched:
      - @ConditionalOnMissingBean (types: org.springframework.boot.health.actuate.endpoint.HealthEndpoint; SearchStrategy: all) did not find any beans (OnBeanCondition)

   HealthEndpointConfiguration#healthEndpointGroupMembershipValidator matched:
      - @ConditionalOnBooleanProperty (management.endpoint.health.validate-group-membership=true) matched (OnPropertyCondition)

   HealthEndpointConfiguration#healthEndpointGroups matched:
      - @ConditionalOnMissingBean (types: org.springframework.boot.health.actuate.endpoint.HealthEndpointGroups; SearchStrategy: all) did not find any beans (OnBeanCondition)

   HealthEndpointConfiguration#healthHttpCodeStatusMapper matched:
      - @ConditionalOnMissingBean (types: org.springframework.boot.health.actuate.endpoint.HttpCodeStatusMapper; SearchStrategy: all) did not find any beans (OnBeanCondition)

   HealthEndpointConfiguration#healthStatusAggregator matched:
      - @ConditionalOnMissingBean (types: org.springframework.boot.health.actuate.endpoint.StatusAggregator; SearchStrategy: all) did not find any beans (OnBeanCondition)

   HttpClientAutoConfiguration#httpClientSettings matched:
      - @ConditionalOnMissingBean (types: org.springframework.boot.http.client.HttpClientSettings; SearchStrategy: all) did not find any beans (OnBeanCondition)

   HttpClientMetricsAutoConfiguration matched:
      - @ConditionalOnClass found required classes 'org.springframework.boot.micrometer.observation.autoconfigure.ObservationProperties', 'io.micrometer.core.instrument.MeterRegistry', 'org.springframework.boot.micrometer.metrics.autoconfigure.MetricsProperties' (OnClassCondition)
      - @ConditionalOnBean (types: io.micrometer.core.instrument.MeterRegistry; SearchStrategy: all) found bean 'simpleMeterRegistry' (OnBeanCondition)

   HttpExchangesEndpointAutoConfiguration matched:
      - @ConditionalOnAvailableEndpoint marked as exposed by a 'management.endpoints.web.exposure' property (OnAvailableEndpointCondition)

   HttpMessageConvertersAutoConfiguration matched:
      - @ConditionalOnClass found required class 'org.springframework.http.converter.HttpMessageConverter' (OnClassCondition)
      - NoneNestedConditions 0 matched 1 did not; NestedCondition on HttpMessageConvertersAutoConfiguration.NotReactiveWebApplicationCondition.ReactiveWebApplication did not find reactive web application classes (HttpMessageConvertersAutoConfiguration.NotReactiveWebApplicationCondition)

   HttpMessageConvertersAutoConfiguration.StringHttpMessageConverterConfiguration#stringHttpMessageConvertersCustomizer matched:
      - @ConditionalOnMissingBean (types: org.springframework.http.converter.StringHttpMessageConverter; SearchStrategy: all) did not find any beans (OnBeanCondition)

   ImperativeHttpClientAutoConfiguration matched:
      - @ConditionalOnClass found required class 'org.springframework.http.client.ClientHttpRequestFactory' (OnClassCondition)
      - NoneNestedConditions 0 matched 1 did not; NestedCondition on NotReactiveWebApplicationCondition.ReactiveWebApplication did not find reactive web application classes (NotReactiveWebApplicationCondition)

   ImperativeHttpClientAutoConfiguration#clientHttpRequestFactory matched:
      - @ConditionalOnMissingBean (types: org.springframework.http.client.ClientHttpRequestFactory; SearchStrategy: all) did not find any beans (OnBeanCondition)

   ImperativeHttpClientAutoConfiguration#clientHttpRequestFactoryBuilder matched:
      - @ConditionalOnMissingBean (types: org.springframework.boot.http.client.ClientHttpRequestFactoryBuilder<?>; SearchStrategy: all) did not find any beans (OnBeanCondition)

   InfoEndpointAutoConfiguration matched:
      - @ConditionalOnAvailableEndpoint marked as exposed by a 'management.endpoints.web.exposure' property (OnAvailableEndpointCondition)

   InfoEndpointAutoConfiguration#infoEndpoint matched:
      - @ConditionalOnMissingBean (types: org.springframework.boot.actuate.info.InfoEndpoint; SearchStrategy: all) did not find any beans (OnBeanCondition)

   InstanceDeleteEventComponent matched:
      - @ConditionalOnProperty (warm-flow.enabled=true) matched (OnPropertyCondition)

   InstanceDeleteExecuteComponent matched:
      - @ConditionalOnProperty (warm-flow.enabled=true) matched (OnPropertyCondition)

   InstanceDeleteExistsComponent matched:
      - @ConditionalOnProperty (warm-flow.enabled=true) matched (OnPropertyCondition)

   InstanceDeleteLoadComponent matched:
      - @ConditionalOnProperty (warm-flow.enabled=true) matched (OnPropertyCondition)

   Jackson2EndpointAutoConfiguration matched:
      - @ConditionalOnClass found required classes 'com.fasterxml.jackson.databind.ObjectMapper', 'org.springframework.http.converter.json.Jackson2ObjectMapperBuilder' (OnClassCondition)

   Jackson2EndpointAutoConfiguration#jackson2EndpointJsonMapper matched:
      - @ConditionalOnBooleanProperty (management.endpoints.jackson2.isolated-object-mapper=true) matched (OnPropertyCondition)

   JacksonAutoConfiguration matched:
      - @ConditionalOnClass found required class 'tools.jackson.databind.json.JsonMapper' (OnClassCondition)

   JacksonAutoConfiguration#jacksonJsonMapper matched:
      - @ConditionalOnMissingBean (types: tools.jackson.databind.json.JsonMapper; SearchStrategy: all) did not find any beans (OnBeanCondition)

   JacksonAutoConfiguration#jsonFactory matched:
      - @ConditionalOnMissingBean (types: tools.jackson.core.json.JsonFactory; SearchStrategy: all) did not find any beans (OnBeanCondition)

   JacksonAutoConfiguration#jsonMapperBuilder matched:
      - @ConditionalOnMissingBean (types: tools.jackson.databind.json.JsonMapper$Builder; SearchStrategy: all) did not find any beans (OnBeanCondition)

   JacksonAutoConfiguration.JsonProblemDetailsConfiguration matched:
      - @ConditionalOnClass found required class 'org.springframework.http.ProblemDetail' (OnClassCondition)

   JacksonEndpointAutoConfiguration matched:
      - @ConditionalOnClass found required class 'tools.jackson.databind.json.JsonMapper' (OnClassCondition)

   JacksonEndpointAutoConfiguration#endpointJsonMapper matched:
      - @ConditionalOnBooleanProperty (management.endpoints.jackson.isolated-json-mapper=true) matched (OnPropertyCondition)

   JacksonHttpMessageConvertersConfiguration.JacksonJsonHttpMessageConverterConfiguration matched:
      - @ConditionalOnClass found required class 'tools.jackson.databind.json.JsonMapper' (OnClassCondition)
      - @ConditionalOnProperty (spring.http.converters.preferred-json-mapper=jackson) matched (OnPropertyCondition)
      - @ConditionalOnBean (types: tools.jackson.databind.json.JsonMapper; SearchStrategy: all) found bean 'jacksonJsonMapper' (OnBeanCondition)

   JacksonHttpMessageConvertersConfiguration.JacksonJsonHttpMessageConverterConfiguration#jacksonJsonHttpMessageConvertersCustomizer matched:
      - @ConditionalOnMissingBean (types: org.springframework.http.converter.json.JacksonJsonHttpMessageConverter ignored: org.springframework.hateoas.server.mvc.TypeConstrainedJacksonJsonHttpMessageConverter,org.springframework.data.rest.webmvc.alps.AlpsJacksonJsonHttpMessageConverter; SearchStrategy: all) did not find any beans (OnBeanCondition)

   JdbcClientAutoConfiguration matched:
      - @ConditionalOnSingleCandidate (types: org.springframework.jdbc.core.namedparam.NamedParameterJdbcTemplate; SearchStrategy: all) found a single bean 'namedParameterJdbcTemplate'; @ConditionalOnMissingBean (types: org.springframework.jdbc.core.simple.JdbcClient; SearchStrategy: all) did not find any beans (OnBeanCondition)

   JdbcTemplateAutoConfiguration matched:
      - @ConditionalOnClass found required classes 'javax.sql.DataSource', 'org.springframework.jdbc.core.JdbcTemplate' (OnClassCondition)
      - @ConditionalOnSingleCandidate (types: javax.sql.DataSource; SearchStrategy: all) found a single bean 'dataSource' (OnBeanCondition)

   JdbcTemplateConfiguration matched:
      - @ConditionalOnMissingBean (types: org.springframework.jdbc.core.JdbcOperations; SearchStrategy: all) did not find any beans (OnBeanCondition)

   JtaAutoConfiguration matched:
      - @ConditionalOnClass found required class 'jakarta.transaction.Transaction' (OnClassCondition)
      - @ConditionalOnBooleanProperty (spring.jta.enabled=true) matched (OnPropertyCondition)

   JvmMetricsAutoConfiguration matched:
      - @ConditionalOnClass found required class 'io.micrometer.core.instrument.MeterRegistry' (OnClassCondition)
      - @ConditionalOnBean (types: io.micrometer.core.instrument.MeterRegistry; SearchStrategy: all) found bean 'simpleMeterRegistry' (OnBeanCondition)

   JvmMetricsAutoConfiguration#classLoaderMetrics matched:
      - @ConditionalOnMissingBean (types: io.micrometer.core.instrument.binder.jvm.ClassLoaderMetrics; SearchStrategy: all) did not find any beans (OnBeanCondition)

   JvmMetricsAutoConfiguration#jvmCompilationMetrics matched:
      - @ConditionalOnMissingBean (types: io.micrometer.core.instrument.binder.jvm.JvmCompilationMetrics; SearchStrategy: all) did not find any beans (OnBeanCondition)

   JvmMetricsAutoConfiguration#jvmGcMetrics matched:
      - @ConditionalOnMissingBean (types: io.micrometer.core.instrument.binder.jvm.JvmGcMetrics; SearchStrategy: all) did not find any beans (OnBeanCondition)

   JvmMetricsAutoConfiguration#jvmHeapPressureMetrics matched:
      - @ConditionalOnMissingBean (types: io.micrometer.core.instrument.binder.jvm.JvmHeapPressureMetrics; SearchStrategy: all) did not find any beans (OnBeanCondition)

   JvmMetricsAutoConfiguration#jvmInfoMetrics matched:
      - @ConditionalOnMissingBean (types: io.micrometer.core.instrument.binder.jvm.JvmInfoMetrics; SearchStrategy: all) did not find any beans (OnBeanCondition)

   JvmMetricsAutoConfiguration#jvmMemoryMetrics matched:
      - @ConditionalOnMissingBean (types: io.micrometer.core.instrument.binder.jvm.JvmMemoryMetrics; SearchStrategy: all) did not find any beans (OnBeanCondition)

   JvmMetricsAutoConfiguration#jvmThreadMetrics matched:
      - @ConditionalOnMissingBean (types: io.micrometer.core.instrument.binder.jvm.JvmThreadMetrics; SearchStrategy: all) did not find any beans (OnBeanCondition)

   LifecycleAutoConfiguration#defaultLifecycleProcessor matched:
      - @ConditionalOnMissingBean (names: lifecycleProcessor; SearchStrategy: current) did not find any beans (OnBeanCondition)

   LiteFlowAutoConfiguration matched:
      - @ConditionalOnProperty (liteflow.enable=true) matched (OnPropertyCondition)

   LiteflowMainAutoConfiguration matched:
      - @ConditionalOnProperty (liteflow.enable=true) matched (OnPropertyCondition)
      - @ConditionalOnBean (types: com.yomahub.liteflow.property.LiteflowConfig; SearchStrategy: all) found bean 'liteflowConfig' (OnBeanCondition)

   LiteflowMainAutoConfiguration#flowExecutor matched:
      - @ConditionalOnMissingBean (types: com.yomahub.liteflow.core.FlowExecutor; SearchStrategy: all) did not find any beans (OnBeanCondition)

   LiteflowMainAutoConfiguration#liteflowExecutorInit1 matched:
      - @ConditionalOnProperty (liteflow.parse-mode=PARSE_ALL_ON_START) matched (OnPropertyCondition)

   LiteflowMetricsAutoConfiguration matched:
      - @ConditionalOnClass found required class 'io.micrometer.core.instrument.MeterRegistry' (OnClassCondition)
      - @ConditionalOnProperty (liteflow.metrics.enabled=true) matched (OnPropertyCondition)

   LiteflowMetricsAutoConfiguration#chainMetricsLifeCycle matched:
      - @ConditionalOnBean (types: io.micrometer.core.instrument.MeterRegistry; SearchStrategy: all) found bean 'simpleMeterRegistry'; @ConditionalOnMissingBean (types: com.yomahub.liteflow.metrics.ChainMetricsLifeCycle; SearchStrategy: all) did not find any beans (OnBeanCondition)

   LiteflowMetricsAutoConfiguration#liteflowMetaView matched:
      - @ConditionalOnMissingBean (types: com.yomahub.liteflow.metrics.LiteflowMetaView; SearchStrategy: all) did not find any beans (OnBeanCondition)

   LiteflowMetricsAutoConfiguration#liteflowMeterBinder matched:
      - @ConditionalOnBean (types: io.micrometer.core.instrument.MeterRegistry,com.yomahub.liteflow.property.LiteflowConfig; SearchStrategy: all) found beans 'liteflowConfig', 'simpleMeterRegistry'; @ConditionalOnMissingBean (types: com.yomahub.liteflow.metrics.LiteflowMeterBinder; SearchStrategy: all) did not find any beans (OnBeanCondition)

   LiteflowMetricsAutoConfiguration#nodeMetricsLifeCycle matched:
      - @ConditionalOnBean (types: io.micrometer.core.instrument.MeterRegistry; SearchStrategy: all) found bean 'simpleMeterRegistry'; @ConditionalOnMissingBean (types: com.yomahub.liteflow.metrics.NodeMetricsLifeCycle; SearchStrategy: all) did not find any beans (OnBeanCondition)

   LiteflowMetricsAutoConfiguration.LiteflowEndpointConfiguration matched:
      - @ConditionalOnClass found required class 'org.springframework.boot.actuate.endpoint.annotation.Endpoint' (OnClassCondition)

   LiteflowMetricsAutoConfiguration.LiteflowEndpointConfiguration#liteflowEndpoint matched:
      - @ConditionalOnMissingBean (types: com.yomahub.liteflow.springboot.metrics.LiteflowEndpoint; SearchStrategy: all) did not find any beans (OnBeanCondition)

   LockAutoConfiguration#lockAnnotationAdvisor matched:
      - @ConditionalOnMissingBean (types: com.baomidou.lock.aop.LockAnnotationAdvisor; SearchStrategy: all) did not find any beans (OnBeanCondition)

   LockAutoConfiguration#lockInterceptor matched:
      - @ConditionalOnMissingBean (types: com.baomidou.lock.aop.LockInterceptor; SearchStrategy: all) did not find any beans (OnBeanCondition)

   LockAutoConfiguration#lockKeyBuilder matched:
      - @ConditionalOnMissingBean (types: com.baomidou.lock.LockKeyBuilder; SearchStrategy: all) did not find any beans (OnBeanCondition)

   LockAutoConfiguration#lockTemplate matched:
      - @ConditionalOnMissingBean (types: com.baomidou.lock.LockTemplate; SearchStrategy: all) did not find any beans (OnBeanCondition)

   LogFileWebEndpointAutoConfiguration matched:
      - @ConditionalOnAvailableEndpoint marked as exposed by a 'management.endpoints.web.exposure' property (OnAvailableEndpointCondition)

   LogFileWebEndpointAutoConfiguration#logFileWebEndpoint matched:
      - Log File found logging.file.path /tmp/wta-t42/runs/8f6c6e89433059e7/logs (LogFileWebEndpointAutoConfiguration.LogFileCondition)
      - @ConditionalOnMissingBean (types: org.springframework.boot.actuate.logging.LogFileWebEndpoint; SearchStrategy: all) did not find any beans (OnBeanCondition)

   LogbackMetricsAutoConfiguration matched:
      - @ConditionalOnClass found required classes 'io.micrometer.core.instrument.MeterRegistry', 'ch.qos.logback.classic.LoggerContext', 'org.slf4j.LoggerFactory' (OnClassCondition)
      - LogbackLoggingCondition ILoggerFactory is a Logback LoggerContext (LogbackMetricsAutoConfiguration.LogbackLoggingCondition)
      - @ConditionalOnBean (types: io.micrometer.core.instrument.MeterRegistry; SearchStrategy: all) found bean 'simpleMeterRegistry' (OnBeanCondition)

   LogbackMetricsAutoConfiguration#logbackMetrics matched:
      - @ConditionalOnMissingBean (types: io.micrometer.core.instrument.binder.logging.LogbackMetrics; SearchStrategy: all) did not find any beans (OnBeanCondition)

   LoggersEndpointAutoConfiguration matched:
      - @ConditionalOnAvailableEndpoint marked as exposed by a 'management.endpoints.web.exposure' property (OnAvailableEndpointCondition)

   LoggersEndpointAutoConfiguration#loggersEndpoint matched:
      - Logging System enabled (LoggersEndpointAutoConfiguration.OnEnabledLoggingSystemCondition)
      - @ConditionalOnBean (types: org.springframework.boot.logging.LoggingSystem; SearchStrategy: all) found bean 'springBootLoggingSystem'; @ConditionalOnMissingBean (types: org.springframework.boot.actuate.logging.LoggersEndpoint; SearchStrategy: all) did not find any beans (OnBeanCondition)

   MailConfig#mailNotifyChannelAdapter matched:
      - @ConditionalOnMissingBean (types: org.namewta.common.mail.notify.MailNotifyChannelAdapter; SearchStrategy: all) did not find any beans (OnBeanCondition)

   MappingsEndpointAutoConfiguration matched:
      - @ConditionalOnAvailableEndpoint marked as exposed by a 'management.endpoints.web.exposure' property (OnAvailableEndpointCondition)

   MapstructAutoConfiguration#converter matched:
      - @ConditionalOnMissingBean (types: io.github.linpeilie.Converter; SearchStrategy: all) did not find any beans (OnBeanCondition)

   MapstructAutoConfiguration#converterFactory matched:
      - @ConditionalOnMissingBean (types: io.github.linpeilie.ConverterFactory; SearchStrategy: all) did not find any beans (OnBeanCondition)

   McpClientAnnotationScannerAutoConfiguration matched:
      - @ConditionalOnClass found required class 'org.springframework.ai.mcp.annotation.McpLogging' (OnClassCondition)
      - @ConditionalOnProperty (spring.ai.mcp.client.annotation-scanner.enabled=true) matched (OnPropertyCondition)

   McpClientAnnotationScannerAutoConfiguration#clientMcpSyncHandlersRegistry matched:
      - @ConditionalOnProperty (spring.ai.mcp.client.type=SYNC) matched (OnPropertyCondition)
      - @ConditionalOnMissingBean (types: org.springframework.ai.mcp.annotation.spring.ClientMcpSyncHandlersRegistry; SearchStrategy: all) did not find any beans (OnBeanCondition)

   McpServerAnnotationScannerAutoConfiguration matched:
      - @ConditionalOnClass found required class 'org.springframework.ai.mcp.annotation.McpTool' (OnClassCondition)
      - @ConditionalOnProperty (spring.ai.mcp.server.annotation-scanner.enabled=true) matched (OnPropertyCondition)

   McpServerAnnotationScannerAutoConfiguration#serverAnnotatedBeanRegistry matched:
      - @ConditionalOnMissingBean (types: org.springframework.ai.mcp.server.common.autoconfigure.annotations.McpServerAnnotationScannerAutoConfiguration$ServerMcpAnnotatedBeans; SearchStrategy: all) did not find any beans (OnBeanCondition)

   McpServerAnnotationScannerAutoConfiguration#serverAnnotatedMethodBeanPostProcessor matched:
      - @ConditionalOnMissingBean (types: org.springframework.ai.mcp.server.common.autoconfigure.annotations.McpServerAnnotationScannerAutoConfiguration$ServerAnnotatedMethodBeanPostProcessor; SearchStrategy: all) did not find any beans (OnBeanCondition)

   McpServerAutoConfiguration matched:
      - @ConditionalOnClass found required class 'io.modelcontextprotocol.spec.McpSchema' (OnClassCondition)
      - @ConditionalOnProperty (spring.ai.mcp.server.enabled=true) matched (OnPropertyCondition)
      - AnyNestedCondition 1 matched 1 did not; NestedCondition on McpServerAutoConfiguration.NonStatelessServerCondition.StreamableEnabledCondition @ConditionalOnProperty (spring.ai.mcp.server.protocol=STREAMABLE) matched; NestedCondition on McpServerAutoConfiguration.NonStatelessServerCondition.SseEnabledCondition @ConditionalOnProperty (spring.ai.mcp.server.protocol=SSE) found different value in property 'protocol' (McpServerAutoConfiguration.NonStatelessServerCondition)

   McpServerAutoConfiguration#capabilitiesBuilder matched:
      - @ConditionalOnMissingBean (types: io.modelcontextprotocol.spec.McpSchema$ServerCapabilities$Builder; SearchStrategy: all) did not find any beans (OnBeanCondition)

   McpServerAutoConfiguration#mcpSyncServer matched:
      - @ConditionalOnProperty (spring.ai.mcp.server.type=SYNC) matched (OnPropertyCondition)

   McpServerJsonMapperAutoConfiguration matched:
      - @ConditionalOnClass found required class 'io.modelcontextprotocol.spec.McpSchema' (OnClassCondition)
      - @ConditionalOnProperty (spring.ai.mcp.server.enabled=true) matched (OnPropertyCondition)
      - @ConditionalOnMissingBean (names: mcpServerJsonMapper; SearchStrategy: all) did not find any beans (OnBeanCondition)

   McpServerSpecificationFactoryAutoConfiguration matched:
      - @ConditionalOnClass found required class 'org.springframework.ai.mcp.annotation.McpTool' (OnClassCondition)
      - @ConditionalOnProperty (spring.ai.mcp.server.annotation-scanner.enabled=true) matched (OnPropertyCondition)
      - AnyNestedCondition 1 matched 1 did not; NestedCondition on McpServerAutoConfiguration.NonStatelessServerCondition.StreamableEnabledCondition @ConditionalOnProperty (spring.ai.mcp.server.protocol=STREAMABLE) matched; NestedCondition on McpServerAutoConfiguration.NonStatelessServerCondition.SseEnabledCondition @ConditionalOnProperty (spring.ai.mcp.server.protocol=SSE) found different value in property 'protocol' (McpServerAutoConfiguration.NonStatelessServerCondition)

   McpServerSpecificationFactoryAutoConfiguration.SyncServerSpecificationConfiguration matched:
      - @ConditionalOnProperty (spring.ai.mcp.server.type=SYNC) matched (OnPropertyCondition)

   McpServerStreamableHttpWebMvcAutoConfiguration matched:
      - @ConditionalOnClass found required class 'io.modelcontextprotocol.spec.McpSchema' (OnClassCondition)
      - AllNestedConditions 2 matched 0 did not; NestedCondition on McpServerStdioDisabledCondition.StdioDisabledCondition @ConditionalOnProperty (spring.ai.mcp.server.stdio=false) matched; NestedCondition on McpServerStdioDisabledCondition.McpServerEnabledCondition @ConditionalOnProperty (spring.ai.mcp.server.enabled=true) matched (McpServerStdioDisabledCondition)
      - AllNestedConditions 2 matched 0 did not; NestedCondition on McpServerAutoConfiguration.EnabledStreamableServerCondition.StreamableEnabledCondition @ConditionalOnProperty (spring.ai.mcp.server.protocol=STREAMABLE) matched; NestedCondition on McpServerAutoConfiguration.EnabledStreamableServerCondition.McpServerEnabledCondition @ConditionalOnProperty (spring.ai.mcp.server.enabled=true) matched (McpServerAutoConfiguration.EnabledStreamableServerCondition)

   McpServerStreamableHttpWebMvcAutoConfiguration#webMvcStreamableServerRouterFunction matched:
      - @ConditionalOnMissingBean (names: webMvcStreamableServerRouterFunction; SearchStrategy: all) did not find any beans (OnBeanCondition)

   McpServerStreamableHttpWebMvcAutoConfiguration#webMvcStreamableServerTransportProvider matched:
      - @ConditionalOnMissingBean (types: org.springframework.ai.mcp.server.webmvc.transport.WebMvcStreamableServerTransportProvider; SearchStrategy: all) did not find any beans (OnBeanCondition)

   MessageSourceAutoConfiguration matched:
      - ResourceBundle found bundle file [/srv/WTA-plus/backend/wta-admin/target/classes/i18n/messages.properties] (MessageSourceAutoConfiguration.ResourceBundleCondition)
      - @ConditionalOnMissingBean (names: messageSource; SearchStrategy: current) did not find any beans (OnBeanCondition)

   MetricsAutoConfiguration matched:
      - @ConditionalOnClass found required class 'io.micrometer.core.annotation.Timed' (OnClassCondition)

   MetricsAutoConfiguration#micrometerClock matched:
      - @ConditionalOnMissingBean (types: io.micrometer.core.instrument.Clock; SearchStrategy: all) did not find any beans (OnBeanCondition)

   MetricsEndpointAutoConfiguration matched:
      - @ConditionalOnClass found required classes 'org.springframework.boot.actuate.autoconfigure.endpoint.condition.ConditionalOnAvailableEndpoint', 'io.micrometer.core.annotation.Timed' (OnClassCondition)
      - @ConditionalOnAvailableEndpoint marked as exposed by a 'management.endpoints.web.exposure' property (OnAvailableEndpointCondition)

   MetricsEndpointAutoConfiguration#metricsEndpoint matched:
      - @ConditionalOnBean (types: io.micrometer.core.instrument.MeterRegistry; SearchStrategy: all) found bean 'simpleMeterRegistry'; @ConditionalOnMissingBean (types: org.springframework.boot.micrometer.metrics.actuate.endpoint.MetricsEndpoint; SearchStrategy: all) did not find any beans (OnBeanCondition)

   MybatisPlusAutoConfiguration matched:
      - @ConditionalOnClass found required classes 'org.apache.ibatis.session.SqlSessionFactory', 'org.mybatis.spring.SqlSessionFactoryBean' (OnClassCondition)
      - @ConditionalOnSingleCandidate (types: javax.sql.DataSource; SearchStrategy: all) found a single bean 'dataSource' (OnBeanCondition)

   MybatisPlusAutoConfiguration#mybatisPlusSpringApplicationContextAware matched:
      - @ConditionalOnMissingBean (types: com.baomidou.mybatisplus.spring.MybatisPlusApplicationContextAware; SearchStrategy: all) did not find any beans (OnBeanCondition)

   MybatisPlusAutoConfiguration#sqlSessionFactory matched:
      - @ConditionalOnMissingBean (types: org.apache.ibatis.session.SqlSessionFactory; SearchStrategy: all) did not find any beans (OnBeanCondition)

   MybatisPlusAutoConfiguration#sqlSessionTemplate matched:
      - @ConditionalOnMissingBean (types: org.mybatis.spring.SqlSessionTemplate; SearchStrategy: all) did not find any beans (OnBeanCondition)

   MybatisPlusAutoConfiguration.MapperScannerRegistrarNotFoundConfiguration matched:
      - @ConditionalOnMissingBean (types: org.mybatis.spring.mapper.MapperFactoryBean,org.mybatis.spring.mapper.MapperScannerConfigurer; SearchStrategy: all) did not find any beans (OnBeanCondition)

   MybatisPlusConfig#sqlLogInterceptor matched:
      - @ConditionalOnProperty (mybatis-plus.sql-log.enabled=true) matched (OnPropertyCondition)

   MybatisPlusJoinAutoConfiguration matched:
      - @ConditionalOnClass found required classes 'org.apache.ibatis.session.SqlSessionFactory', 'org.mybatis.spring.SqlSessionFactoryBean' (OnClassCondition)
      - @ConditionalOnSingleCandidate (types: javax.sql.DataSource; SearchStrategy: all) found a single bean 'dataSource' (OnBeanCondition)

   MybatisPlusJoinAutoConfiguration#mpjInterceptor matched:
      - @ConditionalOnClass found required classes 'org.apache.ibatis.session.SqlSessionFactory', 'org.mybatis.spring.SqlSessionFactoryBean' (OnClassCondition)

   MybatisPlusJoinAutoConfiguration#mpjInterceptorConfig matched:
      - @ConditionalOnClass found required classes 'org.apache.ibatis.session.SqlSessionFactory', 'org.mybatis.spring.SqlSessionFactoryBean' (OnClassCondition)

   MybatisPlusJoinAutoConfiguration#mpjSqlInjectorOnMiss matched:
      - @ConditionalOnClass found required classes 'org.apache.ibatis.session.SqlSessionFactory', 'org.mybatis.spring.SqlSessionFactoryBean' (OnClassCondition)
      - @ConditionalOnMissingBean (types: com.baomidou.mybatisplus.core.injector.ISqlInjector; SearchStrategy: all) did not find any beans (OnBeanCondition)

   MybatisPlusJoinAutoConfiguration.MPJMappingConfig matched:
      - @ConditionalOnClass found required classes 'org.apache.ibatis.session.SqlSessionFactory', 'org.mybatis.spring.SqlSessionFactoryBean' (OnClassCondition)

   MybatisPlusJoinAutoConfiguration.MPJSpringContext matched:
      - @ConditionalOnClass found required classes 'org.apache.ibatis.session.SqlSessionFactory', 'org.mybatis.spring.SqlSessionFactoryBean' (OnClassCondition)

   MybatisPlusLanguageDriverAutoConfiguration matched:
      - @ConditionalOnClass found required class 'org.apache.ibatis.scripting.LanguageDriver' (OnClassCondition)

   NamedParameterJdbcTemplateConfiguration matched:
      - @ConditionalOnSingleCandidate (types: org.springframework.jdbc.core.JdbcTemplate; SearchStrategy: all) found a single bean 'jdbcTemplate'; @ConditionalOnMissingBean (types: org.springframework.jdbc.core.namedparam.NamedParameterJdbcOperations; SearchStrategy: all) did not find any beans (OnBeanCondition)

   NettyAutoConfiguration matched:
      - @ConditionalOnClass found required class 'io.netty.util.NettyRuntime' (OnClassCondition)

   NotifyAutoConfiguration#notifyChannelRegistry matched:
      - @ConditionalOnMissingBean (types: org.namewta.common.notify.registry.NotifyChannelRegistry; SearchStrategy: all) did not find any beans (OnBeanCondition)

   NotifyAutoConfiguration#notifyClient matched:
      - @ConditionalOnMissingBean (types: org.namewta.common.notify.core.NotifyClient; SearchStrategy: all) did not find any beans (OnBeanCondition)

   NotifyAutoConfiguration#notifyEventPublisher matched:
      - @ConditionalOnMissingBean (types: org.namewta.common.notify.event.NotifyEventPublisher; SearchStrategy: all) did not find any beans (OnBeanCondition)

   NotifyAutoConfiguration#notifyIdempotencyCoordinator matched:
      - @ConditionalOnMissingBean (types: org.namewta.common.notify.idempotency.NotifyIdempotencyCoordinator; SearchStrategy: all) did not find any beans (OnBeanCondition)

   NotifyContextConfiguration#requestNotifyContextResolver matched:
      - @ConditionalOnMissingBean (types: org.namewta.common.notify.spi.NotifyContextResolver; SearchStrategy: all) did not find any beans (OnBeanCondition)

   ObservationAutoConfiguration matched:
      - @ConditionalOnClass found required class 'io.micrometer.observation.ObservationRegistry' (OnClassCondition)

   ObservationAutoConfiguration#observationRegistry matched:
      - @ConditionalOnMissingBean (types: io.micrometer.observation.ObservationRegistry; SearchStrategy: all) did not find any beans (OnBeanCondition)

   ObservationAutoConfiguration#spelValueExpressionResolver matched:
      - @ConditionalOnMissingBean (types: io.micrometer.common.annotation.ValueExpressionResolver; SearchStrategy: all) did not find any beans (OnBeanCondition)

   PersistenceExceptionTranslationAutoConfiguration matched:
      - @ConditionalOnClass found required class 'org.springframework.dao.annotation.PersistenceExceptionTranslationPostProcessor' (OnClassCondition)

   PersistenceExceptionTranslationAutoConfiguration#persistenceExceptionTranslationPostProcessor matched:
      - @ConditionalOnBooleanProperty (spring.persistence.exceptiontranslation.enabled=true) matched (OnPropertyCondition)
      - @ConditionalOnMissingBean (types: org.springframework.dao.annotation.PersistenceExceptionTranslationPostProcessor; SearchStrategy: all) did not find any beans (OnBeanCondition)

   ProfileApiConfiguration#profileService matched:
      - @ConditionalOnMissingBean (types: org.namewta.profile.api.ProfileService; SearchStrategy: all) did not find any beans (OnBeanCondition)

   PropertyPlaceholderAutoConfiguration#propertySourcesPlaceholderConfigurer matched:
      - @ConditionalOnMissingBean (types: org.springframework.context.support.PropertySourcesPlaceholderConfigurer; SearchStrategy: current) did not find any beans (OnBeanCondition)

   ReactiveHttpClientAutoConfiguration matched:
      - @ConditionalOnClass found required classes 'org.springframework.http.client.reactive.ClientHttpConnector', 'reactor.core.publisher.Mono' (OnClassCondition)
      - Detected ClientHttpConnectorBuilder (ConditionalOnClientHttpConnectorBuilderDetection)

   ReactiveHttpClientAutoConfiguration#clientHttpConnector matched:
      - @ConditionalOnMissingBean (types: org.springframework.http.client.reactive.ClientHttpConnector; SearchStrategy: all) did not find any beans (OnBeanCondition)

   ReactiveHttpClientAutoConfiguration#clientHttpConnectorBuilder matched:
      - @ConditionalOnMissingBean (types: org.springframework.boot.http.client.reactive.ClientHttpConnectorBuilder<?>; SearchStrategy: all) did not find any beans (OnBeanCondition)

   RedissonAutoConfigurationV4 matched:
      - @ConditionalOnClass found required classes 'org.redisson.Redisson', 'org.springframework.data.redis.core.RedisOperations', 'org.springframework.boot.data.redis.autoconfigure.DataRedisAutoConfiguration' (OnClassCondition)

   RedissonAutoConfigurationV4#redisTemplate matched:
      - @ConditionalOnMissingBean (names: redisTemplate; SearchStrategy: all) did not find any beans (OnBeanCondition)

   RedissonAutoConfigurationV4#redisson matched:
      - @ConditionalOnMissingBean (types: org.redisson.api.RedissonClient; SearchStrategy: all) did not find any beans (OnBeanCondition)

   RedissonAutoConfigurationV4#redissonConnectionFactory matched:
      - @ConditionalOnMissingBean (types: org.springframework.data.redis.connection.RedisConnectionFactory; SearchStrategy: all) did not find any beans (OnBeanCondition)

   RedissonAutoConfigurationV4#redissonReactive matched:
      - @ConditionalOnMissingBean (types: org.redisson.api.RedissonReactiveClient; SearchStrategy: all) did not find any beans (OnBeanCondition)

   RedissonAutoConfigurationV4#redissonRxJava matched:
      - @ConditionalOnMissingBean (types: org.redisson.api.RedissonRxClient; SearchStrategy: all) did not find any beans (OnBeanCondition)

   RedissonAutoConfigurationV4#stringRedisTemplate matched:
      - @ConditionalOnMissingBean (types: org.springframework.data.redis.core.StringRedisTemplate; SearchStrategy: all) did not find any beans (OnBeanCondition)

   RedissonLockAutoConfiguration matched:
      - @ConditionalOnClass found required class 'org.redisson.Redisson' (OnClassCondition)

   RestClientAutoConfiguration matched:
      - @ConditionalOnClass found required class 'org.springframework.web.client.RestClient' (OnClassCondition)

   RestClientAutoConfiguration#restClientBuilder matched:
      - @ConditionalOnMissingBean (types: org.springframework.web.client.RestClient$Builder; SearchStrategy: all) did not find any beans (OnBeanCondition)

   RestClientAutoConfiguration#restClientBuilderConfigurer matched:
      - @ConditionalOnMissingBean (types: org.springframework.boot.restclient.autoconfigure.RestClientBuilderConfigurer; SearchStrategy: all) did not find any beans (OnBeanCondition)

   RestClientAutoConfiguration#restClientSsl matched:
      - @ConditionalOnBean (types: org.springframework.boot.ssl.SslBundles; SearchStrategy: all) found bean 'sslBundleRegistry'; @ConditionalOnMissingBean (types: org.springframework.boot.restclient.autoconfigure.RestClientSsl; SearchStrategy: all) did not find any beans (OnBeanCondition)

   RestClientAutoConfiguration.HttpMessageConvertersConfiguration matched:
      - @ConditionalOnClass found required class 'org.springframework.http.converter.HttpMessageConverters' (OnClassCondition)

   RestClientAutoConfiguration.HttpMessageConvertersConfiguration#httpMessageConvertersRestClientCustomizer matched:
      - @ConditionalOnBean (types: org.springframework.boot.http.converter.autoconfigure.ClientHttpMessageConvertersCustomizer; SearchStrategy: all) found beans 'clientConvertersCustomizer', 'jacksonJsonHttpMessageConvertersCustomizer', 'stringHttpMessageConvertersCustomizer' (OnBeanCondition)

   RestClientObservationAutoConfiguration matched:
      - @ConditionalOnClass found required classes 'org.springframework.web.client.RestClient', 'org.springframework.boot.restclient.observation.ObservationRestClientCustomizer', 'io.micrometer.observation.ObservationRegistry', 'org.springframework.boot.micrometer.observation.autoconfigure.ObservationProperties' (OnClassCondition)
      - @ConditionalOnBean (types: org.springframework.web.client.RestClient$Builder,io.micrometer.observation.ObservationRegistry; SearchStrategy: all) found beans 'observationRegistry', 'restClientBuilder' (OnBeanCondition)

   RestTemplateAutoConfiguration matched:
      - @ConditionalOnClass found required classes 'org.springframework.web.client.RestTemplate', 'org.springframework.http.converter.HttpMessageConverters' (OnClassCondition)
      - NoneNestedConditions 0 matched 1 did not; NestedCondition on NotReactiveWebApplicationCondition.ReactiveWebApplication did not find reactive web application classes (NotReactiveWebApplicationCondition)

   RestTemplateAutoConfiguration#restTemplateBuilder matched:
      - @ConditionalOnMissingBean (types: org.springframework.boot.restclient.RestTemplateBuilder; SearchStrategy: all) did not find any beans (OnBeanCondition)

   RestTemplateObservationAutoConfiguration matched:
      - @ConditionalOnClass found required classes 'org.springframework.web.client.RestTemplate', 'org.springframework.boot.restclient.observation.ObservationRestTemplateCustomizer', 'io.micrometer.observation.ObservationRegistry', 'org.springframework.boot.micrometer.observation.autoconfigure.ObservationProperties' (OnClassCondition)
      - @ConditionalOnBean (types: io.micrometer.observation.ObservationRegistry,org.springframework.boot.restclient.RestTemplateBuilder; SearchStrategy: all) found beans 'observationRegistry', 'restTemplateBuilder' (OnBeanCondition)

   SbomEndpointAutoConfiguration matched:
      - @ConditionalOnAvailableEndpoint marked as exposed by a 'management.endpoints.web.exposure' property (OnAvailableEndpointCondition)

   SbomEndpointAutoConfiguration#sbomEndpoint matched:
      - @ConditionalOnMissingBean (types: org.springframework.boot.actuate.sbom.SbomEndpoint; SearchStrategy: all) did not find any beans (OnBeanCondition)

   SbomEndpointAutoConfiguration#sbomEndpointWebExtension matched:
      - @ConditionalOnBean (types: org.springframework.boot.actuate.sbom.SbomEndpoint; SearchStrategy: all) found bean 'sbomEndpoint'; @ConditionalOnMissingBean (types: org.springframework.boot.actuate.sbom.SbomEndpointWebExtension; SearchStrategy: all) did not find any beans (OnBeanCondition)
      - @ConditionalOnAvailableEndpoint marked as exposed by a 'management.endpoints.web.exposure' property (OnAvailableEndpointCondition)

   ScheduledTasksEndpointAutoConfiguration matched:
      - @ConditionalOnAvailableEndpoint marked as exposed by a 'management.endpoints.web.exposure' property (OnAvailableEndpointCondition)

   ScheduledTasksEndpointAutoConfiguration#scheduledTasksEndpoint matched:
      - @ConditionalOnMissingBean (types: org.springframework.boot.actuate.scheduling.ScheduledTasksEndpoint; SearchStrategy: all) did not find any beans (OnBeanCondition)

   ScheduledTasksObservationAutoConfiguration matched:
      - @ConditionalOnClass found required class 'org.springframework.scheduling.concurrent.ThreadPoolTaskScheduler' (OnClassCondition)
      - @ConditionalOnBean (types: io.micrometer.observation.ObservationRegistry; SearchStrategy: all) found bean 'observationRegistry' (OnBeanCondition)

   SimpleMetricsExportAutoConfiguration matched:
      - @ConditionalOnEnabledMetricsExport management.defaults.metrics.export.enabled is considered true (OnMetricsExportEnabledCondition)
      - @ConditionalOnBean (types: io.micrometer.core.instrument.Clock; SearchStrategy: all) found bean 'micrometerClock'; @ConditionalOnMissingBean (types: io.micrometer.core.instrument.MeterRegistry; SearchStrategy: all) did not find any beans (OnBeanCondition)

   SimpleMetricsExportAutoConfiguration#simpleConfig matched:
      - @ConditionalOnMissingBean (types: io.micrometer.core.instrument.simple.SimpleConfig; SearchStrategy: all) did not find any beans (OnBeanCondition)

   SmsAutoConfiguration#smsNotificationProviderResolver matched:
      - @ConditionalOnMissingBean (types: org.namewta.common.sms.notify.SmsNotificationProviderResolver; SearchStrategy: all) did not find any beans (OnBeanCondition)

   SmsAutoConfiguration#smsNotifyChannelAdapter matched:
      - @ConditionalOnMissingBean (types: org.namewta.common.sms.notify.SmsNotifyChannelAdapter; SearchStrategy: all) did not find any beans (OnBeanCondition)

   SpelRuleComponent matched:
      - @ConditionalOnProperty (warm-flow.enabled=true) matched (OnPropertyCondition)

   SpringDocWebServerConfiguration.EmbeddedWebServerConfiguration matched:
      - @ConditionalOnClass found required classes 'org.springframework.boot.web.server.context.WebServerInitializedEvent', 'org.springframework.boot.web.server.autoconfigure.ServerProperties' (OnClassCondition)

   SslAutoConfiguration#sslBundleRegistry matched:
      - @ConditionalOnMissingBean (types: org.springframework.boot.ssl.SslBundleRegistry,org.springframework.boot.ssl.SslBundles; SearchStrategy: all) did not find any beans (OnBeanCondition)

   SslHealthContributorAutoConfiguration matched:
      - @ConditionalOnClass found required class 'org.springframework.boot.health.contributor.Health' (OnClassCondition)
      - @ConditionalOnEnabledHealthIndicator management.health.defaults.enabled is considered true (OnEnabledHealthIndicatorCondition)

   SslHealthContributorAutoConfiguration#sslHealthIndicator matched:
      - @ConditionalOnMissingBean (names: sslHealthIndicator; SearchStrategy: all) did not find any beans (OnBeanCondition)

   SslHealthContributorAutoConfiguration#sslInfo matched:
      - @ConditionalOnMissingBean (types: org.springframework.boot.info.SslInfo; SearchStrategy: all) did not find any beans (OnBeanCondition)

   SslMetricsAutoConfiguration matched:
      - @ConditionalOnClass found required class 'io.micrometer.core.instrument.MeterRegistry' (OnClassCondition)
      - @ConditionalOnBean (types: io.micrometer.core.instrument.MeterRegistry,org.springframework.boot.ssl.SslBundles; SearchStrategy: all) found beans 'sslBundleRegistry', 'simpleMeterRegistry' (OnBeanCondition)

   SsoOAuthController matched:
      - @ConditionalOnProperty (namewta.sso.enabled=true) matched (OnPropertyCondition)

   SsoOAuthUseCaseImpl matched:
      - @ConditionalOnProperty (namewta.sso.enabled=true) matched (OnPropertyCondition)

   SsoSessionController matched:
      - @ConditionalOnProperty (namewta.sso.enabled=true) matched (OnPropertyCondition)

   SsoSessionUseCaseImpl matched:
      - @ConditionalOnProperty (namewta.sso.enabled=true) matched (OnPropertyCondition)

   StartExecuteComponent matched:
      - @ConditionalOnProperty (warm-flow.enabled=true) matched (OnPropertyCondition)

   StartExistsComponent matched:
      - @ConditionalOnProperty (warm-flow.enabled=true) matched (OnPropertyCondition)

   StartPrepareInstanceComponent matched:
      - @ConditionalOnProperty (warm-flow.enabled=true) matched (OnPropertyCondition)

   StartPrepareRequestComponent matched:
      - @ConditionalOnProperty (warm-flow.enabled=true) matched (OnPropertyCondition)

   StartResumeComponent matched:
      - @ConditionalOnProperty (warm-flow.enabled=true) matched (OnPropertyCondition)

   StartupTimeMetricsListenerAutoConfiguration matched:
      - @ConditionalOnClass found required class 'io.micrometer.core.instrument.MeterRegistry' (OnClassCondition)
      - @ConditionalOnBean (types: io.micrometer.core.instrument.MeterRegistry; SearchStrategy: all) found bean 'simpleMeterRegistry' (OnBeanCondition)

   StartupTimeMetricsListenerAutoConfiguration#startupTimeMetrics matched:
      - @ConditionalOnMissingBean (types: org.springframework.boot.micrometer.metrics.startup.StartupTimeMetricsListener; SearchStrategy: all) did not find any beans (OnBeanCondition)

   SupplierConfig#factoryList matched:
      - @ConditionalOnBean (types: org.dromara.sms4j.provider.config.SmsConfig; SearchStrategy: all) found bean 'smsConfig' (OnBeanCondition)

   SysLogConfig#sysLogFilter matched:
      - @ConditionalOnProperty (sys.log.enabled=true) matched (OnPropertyCondition)

   SystemMetricsAutoConfiguration matched:
      - @ConditionalOnClass found required class 'io.micrometer.core.instrument.MeterRegistry' (OnClassCondition)
      - @ConditionalOnBean (types: io.micrometer.core.instrument.MeterRegistry; SearchStrategy: all) found bean 'simpleMeterRegistry' (OnBeanCondition)

   SystemMetricsAutoConfiguration#diskSpaceMetrics matched:
      - @ConditionalOnMissingBean (types: org.springframework.boot.micrometer.metrics.system.DiskSpaceMetricsBinder; SearchStrategy: all) did not find any beans (OnBeanCondition)

   SystemMetricsAutoConfiguration#fileDescriptorMetrics matched:
      - @ConditionalOnMissingBean (types: io.micrometer.core.instrument.binder.system.FileDescriptorMetrics; SearchStrategy: all) did not find any beans (OnBeanCondition)

   SystemMetricsAutoConfiguration#processorMetrics matched:
      - @ConditionalOnMissingBean (types: io.micrometer.core.instrument.binder.system.ProcessorMetrics; SearchStrategy: all) did not find any beans (OnBeanCondition)

   SystemMetricsAutoConfiguration#uptimeMetrics matched:
      - @ConditionalOnMissingBean (types: io.micrometer.core.instrument.binder.system.UptimeMetrics; SearchStrategy: all) did not find any beans (OnBeanCondition)

   TaskExecutionAutoConfiguration matched:
      - @ConditionalOnClass found required class 'org.springframework.scheduling.concurrent.ThreadPoolTaskExecutor' (OnClassCondition)

   TaskExecutorConfigurations.AsyncConfigurerConfiguration matched:
      - @ConditionalOnMissingBean (types: org.springframework.scheduling.annotation.AsyncConfigurer; SearchStrategy: all) did not find any beans (OnBeanCondition)

   TaskExecutorConfigurations.SimpleAsyncTaskExecutorBuilderConfiguration#simpleAsyncTaskExecutorBuilder matched:
      - @ConditionalOnMissingBean (types: org.springframework.boot.task.SimpleAsyncTaskExecutorBuilder; SearchStrategy: all) did not find any beans (OnBeanCondition)
      - @ConditionalOnThreading found PLATFORM (OnThreadingCondition)

   TaskExecutorConfigurations.TaskExecutorConfiguration matched:
      - AnyNestedCondition 2 matched 0 did not; NestedCondition on TaskExecutorConfigurations.OnExecutorCondition.ModelCondition @ConditionalOnProperty (spring.task.execution.mode=force) matched; NestedCondition on TaskExecutorConfigurations.OnExecutorCondition.ExecutorBeanCondition @ConditionalOnMissingBean (types: java.util.concurrent.Executor; SearchStrategy: all) did not find any beans (TaskExecutorConfigurations.OnExecutorCondition)

   TaskExecutorConfigurations.TaskExecutorConfiguration#applicationTaskExecutor matched:
      - @ConditionalOnThreading found PLATFORM (OnThreadingCondition)

   TaskExecutorConfigurations.TaskExecutorContextPropagationConfiguration matched:
      - @ConditionalOnClass found required class 'io.micrometer.context.ContextSnapshot' (OnClassCondition)

   TaskExecutorConfigurations.ThreadPoolTaskExecutorBuilderConfiguration#threadPoolTaskExecutorBuilder matched:
      - @ConditionalOnMissingBean (types: org.springframework.boot.task.ThreadPoolTaskExecutorBuilder; SearchStrategy: all) did not find any beans (OnBeanCondition)

   TaskExecutorMetricsAutoConfiguration matched:
      - @ConditionalOnClass found required class 'io.micrometer.core.instrument.binder.jvm.ExecutorServiceMetrics' (OnClassCondition)
      - @ConditionalOnBean (types: java.util.concurrent.Executor,io.micrometer.core.instrument.MeterRegistry; SearchStrategy: all) found beans 'applicationTaskExecutor', 'simpleMeterRegistry', 'scheduledExecutorService' (OnBeanCondition)

   TaskOpExecuteComponent matched:
      - @ConditionalOnProperty (warm-flow.enabled=true) matched (OnPropertyCondition)

   TaskOpLoadComponent matched:
      - @ConditionalOnProperty (warm-flow.enabled=true) matched (OnPropertyCondition)

   TaskOpNeedNotifyComponent matched:
      - @ConditionalOnProperty (warm-flow.enabled=true) matched (OnPropertyCondition)

   TaskOpNotifyComponent matched:
      - @ConditionalOnProperty (warm-flow.enabled=true) matched (OnPropertyCondition)

   TaskOpPrepareComponent matched:
      - @ConditionalOnProperty (warm-flow.enabled=true) matched (OnPropertyCondition)

   TaskSchedulingAutoConfiguration matched:
      - @ConditionalOnClass found required class 'org.springframework.scheduling.concurrent.ThreadPoolTaskScheduler' (OnClassCondition)

   TaskSchedulingAutoConfiguration#scheduledBeanLazyInitializationExcludeFilter matched:
      - @ConditionalOnBean (names: org.springframework.scheduling.config.internalScheduledAnnotationProcessor; SearchStrategy: all) found bean 'org.springframework.scheduling.config.internalScheduledAnnotationProcessor' (OnBeanCondition)

   TaskSchedulingConfigurations.SimpleAsyncTaskSchedulerBuilderConfiguration#simpleAsyncTaskSchedulerBuilder matched:
      - @ConditionalOnMissingBean (types: org.springframework.boot.task.SimpleAsyncTaskSchedulerBuilder; SearchStrategy: all) did not find any beans (OnBeanCondition)
      - @ConditionalOnThreading found PLATFORM (OnThreadingCondition)

   TaskSchedulingConfigurations.ThreadPoolTaskSchedulerBuilderConfiguration#threadPoolTaskSchedulerBuilder matched:
      - @ConditionalOnMissingBean (types: org.springframework.boot.task.ThreadPoolTaskSchedulerBuilder; SearchStrategy: all) did not find any beans (OnBeanCondition)

   TestLeaveController matched:
      - @ConditionalOnProperty (warm-flow.enabled=true) matched (OnPropertyCondition)

   TestLeaveServiceImpl matched:
      - @ConditionalOnProperty (warm-flow.enabled=true) matched (OnPropertyCondition)

   ThreadDumpEndpointAutoConfiguration matched:
      - @ConditionalOnAvailableEndpoint marked as exposed by a 'management.endpoints.web.exposure' property (OnAvailableEndpointCondition)

   ThreadDumpEndpointAutoConfiguration#dumpEndpoint matched:
      - @ConditionalOnMissingBean (types: org.springframework.boot.actuate.management.ThreadDumpEndpoint; SearchStrategy: all) did not find any beans (OnBeanCondition)

   ToolCallbackConverterAutoConfiguration matched:
      - AnyNestedCondition 1 matched 1 did not; NestedCondition on McpServerAutoConfiguration.NonStatelessServerCondition.StreamableEnabledCondition @ConditionalOnProperty (spring.ai.mcp.server.protocol=STREAMABLE) matched; NestedCondition on McpServerAutoConfiguration.NonStatelessServerCondition.SseEnabledCondition @ConditionalOnProperty (spring.ai.mcp.server.protocol=SSE) found different value in property 'protocol' (McpServerAutoConfiguration.NonStatelessServerCondition)
      - AllNestedConditions 2 matched 0 did not; NestedCondition on ToolCallbackConverterAutoConfiguration.ToolCallbackConverterCondition.ToolCallbackConvertCondition @ConditionalOnProperty (spring.ai.mcp.server.tool-callback-converter=true) matched; NestedCondition on ToolCallbackConverterAutoConfiguration.ToolCallbackConverterCondition.McpServerEnabledCondition @ConditionalOnProperty (spring.ai.mcp.server.enabled=true) matched (ToolCallbackConverterAutoConfiguration.ToolCallbackConverterCondition)

   ToolCallbackConverterAutoConfiguration#syncTools matched:
      - @ConditionalOnProperty (spring.ai.mcp.server.type=SYNC) matched (OnPropertyCondition)

   TransactionAutoConfiguration matched:
      - @ConditionalOnClass found required class 'org.springframework.transaction.PlatformTransactionManager' (OnClassCondition)

   TransactionAutoConfiguration.TransactionTemplateConfiguration matched:
      - @ConditionalOnSingleCandidate (types: org.springframework.transaction.PlatformTransactionManager; SearchStrategy: all) found a single bean 'transactionManager' (OnBeanCondition)

   TransactionAutoConfiguration.TransactionTemplateConfiguration#transactionTemplate matched:
      - @ConditionalOnMissingBean (types: org.springframework.transaction.support.TransactionOperations; SearchStrategy: all) did not find any beans (OnBeanCondition)

   TransactionManagerCustomizationAutoConfiguration matched:
      - @ConditionalOnClass found required class 'org.springframework.transaction.PlatformTransactionManager' (OnClassCondition)

   TransactionManagerCustomizationAutoConfiguration#platformTransactionManagerCustomizers matched:
      - @ConditionalOnMissingBean (types: org.springframework.boot.transaction.autoconfigure.TransactionManagerCustomizers; SearchStrategy: all) did not find any beans (OnBeanCondition)

   ValidationAutoConfiguration matched:
      - @ConditionalOnClass found required class 'jakarta.validation.executable.ExecutableValidator' (OnClassCondition)
      - @ConditionalOnResource found location classpath:META-INF/services/jakarta.validation.spi.ValidationProvider (OnResourceCondition)

   ValidationAutoConfiguration#methodValidationPostProcessor matched:
      - @ConditionalOnMissingBean (types: org.springframework.validation.beanvalidation.MethodValidationPostProcessor; SearchStrategy: current) did not find any beans (OnBeanCondition)

   WarmFlowConfig matched:
      - @ConditionalOnProperty (warm-flow.enabled=true) matched (OnPropertyCondition)

   WarmFlowDefinitionResponseAdvice matched:
      - @ConditionalOnProperty (warm-flow.enabled=true) matched (OnPropertyCondition)

   WarmFlowUiConfig matched:
      - @ConditionalOnProperty (warm-flow.ui=true) matched (OnPropertyCondition)

   WorkflowGlobalListener matched:
      - @ConditionalOnProperty (warm-flow.enabled=true) matched (OnPropertyCondition)

   WorkflowHistoryOssOwner matched:
      - @ConditionalOnProperty (warm-flow.enabled=true) matched (OnPropertyCondition)

   WorkflowPermissionHandler matched:
      - @ConditionalOnProperty (warm-flow.enabled=true) matched (OnPropertyCondition)

   WorkflowServiceImpl matched:
      - @ConditionalOnProperty (warm-flow.enabled=true) matched (OnPropertyCondition)

   WorkflowSideEffectListener matched:
      - @ConditionalOnProperty (warm-flow.enabled=true) matched (OnPropertyCondition)


Negative matches:
-----------------

   AopAutoConfiguration.AspectJAutoProxyingConfiguration.JdkDynamicAutoProxyConfiguration:
      Did not match:
         - @ConditionalOnBooleanProperty (spring.aop.proxy-target-class=false) did not find property 'spring.aop.proxy-target-class' (OnPropertyCondition)

   AopAutoConfiguration.ClassProxyingConfiguration:
      Did not match:
         - @ConditionalOnMissingClass found unwanted class 'org.aspectj.weaver.Advice' (OnClassCondition)

   AppOpticsMetricsExportAutoConfiguration:
      Did not match:
         - @ConditionalOnClass did not find required class 'io.micrometer.appoptics.AppOpticsMeterRegistry' (OnClassCondition)

   AtlasMetricsExportAutoConfiguration:
      Did not match:
         - @ConditionalOnClass did not find required class 'io.micrometer.atlas.AtlasMeterRegistry' (OnClassCondition)

   AuditAutoConfiguration:
      Did not match:
         - @ConditionalOnBean (types: org.springframework.boot.actuate.audit.AuditEventRepository; SearchStrategy: all) did not find any beans of type org.springframework.boot.actuate.audit.AuditEventRepository (OnBeanCondition)
      Matched:
         - @ConditionalOnBooleanProperty (management.auditevents.enabled=true) matched (OnPropertyCondition)

   AuditEventsEndpointAutoConfiguration#auditEventsEndpoint:
      Did not match:
         - @ConditionalOnBean (types: org.springframework.boot.actuate.audit.AuditEventRepository; SearchStrategy: all) did not find any beans of type org.springframework.boot.actuate.audit.AuditEventRepository (OnBeanCondition)

   AvailabilityHealthContributorAutoConfiguration#livenessStateHealthIndicator:
      Did not match:
         - @ConditionalOnBooleanProperty (management.health.livenessstate.enabled=true) did not find property 'management.health.livenessstate.enabled' (OnPropertyCondition)

   AvailabilityHealthContributorAutoConfiguration#readinessStateHealthIndicator:
      Did not match:
         - @ConditionalOnBooleanProperty (management.health.readinessstate.enabled=true) did not find property 'management.health.readinessstate.enabled' (OnPropertyCondition)

   CompositeMeterRegistryConfiguration:
      Did not match:
         - NoneNestedConditions 1 matched 1 did not; NestedCondition on CompositeMeterRegistryConfiguration.MultipleNonPrimaryMeterRegistriesCondition.SingleInjectableMeterRegistry @ConditionalOnSingleCandidate (types: io.micrometer.core.instrument.MeterRegistry; SearchStrategy: all) found a single bean 'simpleMeterRegistry'; NestedCondition on CompositeMeterRegistryConfiguration.MultipleNonPrimaryMeterRegistriesCondition.NoMeterRegistryCondition @ConditionalOnMissingBean (types: io.micrometer.core.instrument.MeterRegistry; SearchStrategy: all) found beans of type 'io.micrometer.core.instrument.MeterRegistry' simpleMeterRegistry (CompositeMeterRegistryConfiguration.MultipleNonPrimaryMeterRegistriesCondition)

   DataRedisAutoConfiguration#redisTemplate:
      Did not match:
         - @ConditionalOnMissingBean (names: redisTemplate; SearchStrategy: all) found beans named redisTemplate (OnBeanCondition)

   DataRedisAutoConfiguration#stringRedisTemplate:
      Did not match:
         - @ConditionalOnMissingBean (types: org.springframework.data.redis.core.StringRedisTemplate; SearchStrategy: all) found beans of type 'org.springframework.data.redis.core.StringRedisTemplate' stringRedisTemplate (OnBeanCondition)

   DataRedisHealthContributorAutoConfiguration#redisHealthContributor:
      Did not match:
         - @ConditionalOnMissingBean (names: redisHealthIndicator,redisHealthContributor; SearchStrategy: all) found beans named redisHealthContributor (OnBeanCondition)

   DataSourceAutoConfiguration.EmbeddedDatabaseConfiguration:
      Did not match:
         - EmbeddedDataSource found supported pooled data source (DataSourceAutoConfiguration.EmbeddedDatabaseCondition)

   DataSourceAutoConfiguration.PooledDataSourceConfiguration:
      Did not match:
         - @ConditionalOnMissingBean (types: javax.sql.DataSource,javax.sql.XADataSource; SearchStrategy: all) found beans of type 'javax.sql.DataSource' dataSource (OnBeanCondition)
      Matched:
         - AnyNestedCondition 2 matched 0 did not; NestedCondition on DataSourceAutoConfiguration.PooledDataSourceCondition.PooledDataSourceAvailable PooledDataSource found supported DataSource; NestedCondition on DataSourceAutoConfiguration.PooledDataSourceCondition.ExplicitType @ConditionalOnProperty (spring.datasource.type) matched (DataSourceAutoConfiguration.PooledDataSourceCondition)

   DataSourceCheckpointRestoreConfiguration:
      Did not match:
         - @ConditionalOnClass did not find required class 'org.crac.Resource' (OnClassCondition)

   DataSourceConfiguration.Dbcp2:
      Did not match:
         - @ConditionalOnClass did not find required class 'org.apache.commons.dbcp2.BasicDataSource' (OnClassCondition)

   DataSourceConfiguration.OracleUcp:
      Did not match:
         - @ConditionalOnProperty (spring.datasource.type=oracle.ucp.jdbc.PoolDataSource) found different value in property 'spring.datasource.type' (OnPropertyCondition)
      Matched:
         - @ConditionalOnClass found required classes 'oracle.ucp.jdbc.PoolDataSourceImpl', 'oracle.jdbc.OracleConnection' (OnClassCondition)

   DataSourceConfiguration.Tomcat:
      Did not match:
         - @ConditionalOnClass did not find required class 'org.apache.tomcat.jdbc.pool.DataSource' (OnClassCondition)

   DataSourceJmxConfiguration:
      Did not match:
         - @ConditionalOnBooleanProperty (spring.jmx.enabled=true) found different value in property 'spring.jmx.enabled' (OnPropertyCondition)

   DataSourcePoolMetadataProvidersConfiguration.CommonsDbcp2PoolDataSourceMetadataProviderConfiguration:
      Did not match:
         - @ConditionalOnClass did not find required class 'org.apache.commons.dbcp2.BasicDataSource' (OnClassCondition)

   DataSourcePoolMetadataProvidersConfiguration.TomcatDataSourcePoolMetadataProviderConfiguration:
      Did not match:
         - @ConditionalOnClass did not find required class 'org.apache.tomcat.jdbc.pool.DataSource' (OnClassCondition)

   DataWebAutoConfiguration:
      Did not match:
         - not a servlet web application (OnWebApplicationCondition)
      Matched:
         - @ConditionalOnClass found required classes 'org.springframework.data.web.PageableHandlerMethodArgumentResolver', 'org.springframework.web.servlet.config.annotation.WebMvcConfigurer' (OnClassCondition)

   DatadogMetricsExportAutoConfiguration:
      Did not match:
         - @ConditionalOnClass did not find required class 'io.micrometer.datadog.DatadogMeterRegistry' (OnClassCondition)

   DdlAutoConfiguration#ddlApplicationRunner:
      Did not match:
         - @ConditionalOnBean (types: com.baomidou.mybatisplus.extension.ddl.IDdl; SearchStrategy: all) did not find any beans of type com.baomidou.mybatisplus.extension.ddl.IDdl (OnBeanCondition)

   DispatcherServletAutoConfiguration:
      Did not match:
         - not a servlet web application (OnWebApplicationCondition)
      Matched:
         - @ConditionalOnClass found required class 'org.springframework.web.servlet.DispatcherServlet' (OnClassCondition)

   DynamicDataSourceCreatorAutoConfiguration.AtomikosDataSourceCreatorConfiguration:
      Did not match:
         - @ConditionalOnClass did not find required class 'com.atomikos.jdbc.AtomikosDataSourceBean' (OnClassCondition)

   DynamicDataSourceCreatorAutoConfiguration.BeeCpDataSourceCreatorConfiguration:
      Did not match:
         - @ConditionalOnClass did not find required class 'cn.beecp.BeeDataSource' (OnClassCondition)

   DynamicDataSourceCreatorAutoConfiguration.C3p0DataSourceCreatorConfiguration:
      Did not match:
         - @ConditionalOnClass did not find required class 'com.mchange.v2.c3p0.ComboPooledDataSource' (OnClassCondition)

   DynamicDataSourceCreatorAutoConfiguration.Dbcp2DataSourceCreatorConfiguration:
      Did not match:
         - @ConditionalOnClass did not find required class 'org.apache.commons.dbcp2.BasicDataSource' (OnClassCondition)

   DynamicDataSourceCreatorAutoConfiguration.DruidDataSourceCreatorConfiguration:
      Did not match:
         - @ConditionalOnClass did not find required class 'com.alibaba.druid.pool.DruidDataSource' (OnClassCondition)

   DynatraceMetricsExportAutoConfiguration:
      Did not match:
         - @ConditionalOnClass did not find required class 'io.micrometer.dynatrace.DynatraceMeterRegistry' (OnClassCondition)

   EasyEsConfiguration:
      Did not match:
         - @ConditionalOnProperty (easy-es.enable=true) found different value in property 'easy-es.enable' (OnPropertyCondition)

   ElasticMetricsExportAutoConfiguration:
      Did not match:
         - @ConditionalOnClass did not find required class 'io.micrometer.elastic.ElasticMeterRegistry' (OnClassCondition)

   EncryptorAutoConfiguration:
      Did not match:
         - @ConditionalOnProperty (mybatis-encryptor.enable=true) found different value in property 'mybatis-encryptor.enable' (OnPropertyCondition)

   ErrorMvcAutoConfiguration:
      Did not match:
         - not a servlet web application (OnWebApplicationCondition)
      Matched:
         - @ConditionalOnClass found required classes 'jakarta.servlet.Servlet', 'org.springframework.web.servlet.DispatcherServlet' (OnClassCondition)

   EsCrudController:
      Did not match:
         - @ConditionalOnProperty (easy-es.enable=true) found different value in property 'easy-es.enable' (OnPropertyCondition)

   GangliaMetricsExportAutoConfiguration:
      Did not match:
         - @ConditionalOnClass did not find required class 'io.micrometer.ganglia.GangliaMeterRegistry' (OnClassCondition)

   GraphiteMetricsExportAutoConfiguration:
      Did not match:
         - @ConditionalOnClass did not find required class 'io.micrometer.graphite.GraphiteMeterRegistry' (OnClassCondition)

   GsonHttpMessageConvertersConfiguration.GsonHttpMessageConverterConfiguration:
      Did not match:
         - AnyNestedCondition 0 matched 2 did not; NestedCondition on GsonHttpMessageConvertersConfiguration.PreferGsonOrJacksonAndJsonbUnavailableCondition.JacksonJsonbUnavailable NoneNestedConditions 1 matched 2 did not; NestedCondition on GsonHttpMessageConvertersConfiguration.JacksonAndJsonbUnavailableCondition.JsonbPreferred @ConditionalOnProperty (spring.http.converters.preferred-json-mapper=jsonb) did not find property 'spring.http.converters.preferred-json-mapper'; NestedCondition on GsonHttpMessageConvertersConfiguration.JacksonAndJsonbUnavailableCondition.Jackson2Available @ConditionalOnBean (types: org.springframework.boot.http.converter.autoconfigure.Jackson2HttpMessageConvertersConfiguration$Jackson2JsonMessageConvertersCustomizer; SearchStrategy: all) did not find any beans of type org.springframework.boot.http.converter.autoconfigure.Jackson2HttpMessageConvertersConfiguration$Jackson2JsonMessageConvertersCustomizer; NestedCondition on GsonHttpMessageConvertersConfiguration.JacksonAndJsonbUnavailableCondition.JacksonAvailable @ConditionalOnBean (types: org.springframework.boot.http.converter.autoconfigure.JacksonHttpMessageConvertersConfiguration$JacksonJsonHttpMessageConvertersCustomizer; SearchStrategy: all) found bean 'jacksonJsonHttpMessageConvertersCustomizer'; NestedCondition on GsonHttpMessageConvertersConfiguration.PreferGsonOrJacksonAndJsonbUnavailableCondition.GsonPreferred @ConditionalOnProperty (spring.http.converters.preferred-json-mapper=gson) did not find property 'spring.http.converters.preferred-json-mapper' (GsonHttpMessageConvertersConfiguration.PreferGsonOrJacksonAndJsonbUnavailableCondition)

   HealthEndpointReactiveWebExtensionConfiguration:
      Did not match:
         - did not find reactive web application classes (OnWebApplicationCondition)

   HealthEndpointWebExtensionConfiguration:
      Did not match:
         - not a servlet web application (OnWebApplicationCondition)

   HeapDumpWebEndpointAutoConfiguration:
      Did not match:
         - @ConditionalOnAvailableEndpoint the configured access for endpoint 'heapdump' is NONE (OnAvailableEndpointCondition)

   HttpEncodingAutoConfiguration:
      Did not match:
         - not a servlet web application (OnWebApplicationCondition)
      Matched:
         - @ConditionalOnClass found required class 'org.springframework.web.filter.CharacterEncodingFilter' (OnClassCondition)

   HttpExchangesEndpointAutoConfiguration#httpExchangesEndpoint:
      Did not match:
         - @ConditionalOnBean (types: org.springframework.boot.actuate.web.exchanges.HttpExchangeRepository; SearchStrategy: all) did not find any beans of type org.springframework.boot.actuate.web.exchanges.HttpExchangeRepository (OnBeanCondition)

   HttpServiceClientAutoConfiguration:
      Did not match:
         - @ConditionalOnBean (types: org.springframework.web.service.registry.HttpServiceProxyRegistry; SearchStrategy: all) did not find any beans of type org.springframework.web.service.registry.HttpServiceProxyRegistry (OnBeanCondition)
      Matched:
         - @ConditionalOnClass found required class 'org.springframework.web.client.support.RestClientAdapter' (OnClassCondition)

   HumioMetricsExportAutoConfiguration:
      Did not match:
         - @ConditionalOnClass did not find required class 'io.micrometer.humio.HumioMeterRegistry' (OnClassCondition)

   IdentifierGeneratorAutoConfiguration:
      Did not match:
         - @ConditionalOnClass did not find required class 'org.springframework.cloud.commons.util.InetUtils' (OnClassCondition)

   InfluxMetricsExportAutoConfiguration:
      Did not match:
         - @ConditionalOnClass did not find required class 'io.micrometer.influx.InfluxMeterRegistry' (OnClassCondition)

   InfoContributorAutoConfiguration#buildInfoContributor:
      Did not match:
         - @ConditionalOnSingleCandidate (types: org.springframework.boot.info.BuildProperties; SearchStrategy: all) did not find any beans (OnBeanCondition)
      Matched:
         - @ConditionalOnEnabledInfoContributor management.info.defaults.enabled is considered true (OnEnabledInfoContributorCondition)

   InfoContributorAutoConfiguration#envInfoContributor:
      Did not match:
         - @ConditionalOnEnabledInfoContributor management.info.env.enabled is not true (OnEnabledInfoContributorCondition)

   InfoContributorAutoConfiguration#gitInfoContributor:
      Did not match:
         - @ConditionalOnSingleCandidate (types: org.springframework.boot.info.GitProperties; SearchStrategy: all) did not find any beans (OnBeanCondition)
      Matched:
         - @ConditionalOnEnabledInfoContributor management.info.defaults.enabled is considered true (OnEnabledInfoContributorCondition)

   InfoContributorAutoConfiguration#javaInfoContributor:
      Did not match:
         - @ConditionalOnEnabledInfoContributor management.info.java.enabled is not true (OnEnabledInfoContributorCondition)

   InfoContributorAutoConfiguration#osInfoContributor:
      Did not match:
         - @ConditionalOnEnabledInfoContributor management.info.os.enabled is not true (OnEnabledInfoContributorCondition)

   InfoContributorAutoConfiguration#processInfoContributor:
      Did not match:
         - @ConditionalOnEnabledInfoContributor management.info.process.enabled is not true (OnEnabledInfoContributorCondition)

   InfoContributorAutoConfiguration#sslInfo:
      Did not match:
         - @ConditionalOnEnabledInfoContributor management.info.ssl.enabled is not true (OnEnabledInfoContributorCondition)
      Matched:
         - @ConditionalOnMissingBean (types: org.springframework.boot.info.SslInfo; SearchStrategy: all) did not find any beans (OnBeanCondition)

   InfoContributorAutoConfiguration#sslInfoContributor:
      Did not match:
         - @ConditionalOnEnabledInfoContributor management.info.ssl.enabled is not true (OnEnabledInfoContributorCondition)

   Jackson2HttpMessageConvertersConfiguration.MappingJackson2HttpMessageConverterConfiguration:
      Did not match:
         - AnyNestedCondition 0 matched 2 did not; NestedCondition on Jackson2HttpMessageConvertersConfiguration.PreferJackson2OrJacksonUnavailableCondition.JacksonUnavailable @ConditionalOnMissingBean (types: org.springframework.boot.http.converter.autoconfigure.JacksonHttpMessageConvertersConfiguration$JacksonJsonHttpMessageConvertersCustomizer; SearchStrategy: all) found beans of type 'org.springframework.boot.http.converter.autoconfigure.JacksonHttpMessageConvertersConfiguration$JacksonJsonHttpMessageConvertersCustomizer' jacksonJsonHttpMessageConvertersCustomizer; NestedCondition on Jackson2HttpMessageConvertersConfiguration.PreferJackson2OrJacksonUnavailableCondition.Jackson2Preferred @ConditionalOnProperty (spring.http.converters.preferred-json-mapper=jackson2) did not find property 'spring.http.converters.preferred-json-mapper' (Jackson2HttpMessageConvertersConfiguration.PreferJackson2OrJacksonUnavailableCondition)
      Matched:
         - @ConditionalOnClass found required class 'com.fasterxml.jackson.databind.ObjectMapper' (OnClassCondition)

   Jackson2HttpMessageConvertersConfiguration.MappingJackson2XmlHttpMessageConverterConfiguration:
      Did not match:
         - @ConditionalOnClass did not find required class 'com.fasterxml.jackson.dataformat.xml.XmlMapper' (OnClassCondition)

   JacksonAutoConfiguration.CborConfiguration:
      Did not match:
         - @ConditionalOnClass did not find required class 'tools.jackson.dataformat.cbor.CBORMapper' (OnClassCondition)

   JacksonAutoConfiguration.XmlConfiguration:
      Did not match:
         - @ConditionalOnClass did not find required class 'tools.jackson.dataformat.xml.XmlMapper' (OnClassCondition)

   JacksonHttpMessageConvertersConfiguration.JacksonXmlHttpMessageConverterConfiguration:
      Did not match:
         - @ConditionalOnClass did not find required class 'tools.jackson.dataformat.xml.XmlMapper' (OnClassCondition)

   JedisConnectionConfiguration:
      Did not match:
         - @ConditionalOnClass did not find required classes 'org.apache.commons.pool2.impl.GenericObjectPool', 'redis.clients.jedis.Jedis' (OnClassCondition)

   JettyMetricsAutoConfiguration:
      Did not match:
         - @ConditionalOnWebApplication (required) not a servlet web application and did not find reactive web application classes (OnWebApplicationCondition)
      Matched:
         - @ConditionalOnClass found required classes 'io.micrometer.core.instrument.binder.jetty.JettyServerThreadPoolMetrics', 'org.eclipse.jetty.server.Server', 'io.micrometer.core.instrument.MeterRegistry' (OnClassCondition)

   JettyReactiveManagementContextAutoConfiguration:
      Did not match:
         - @ConditionalOnWebApplication did not find reactive web application classes (OnWebApplicationCondition)

   JettyReactiveWebServerAutoConfiguration:
      Did not match:
         - @ConditionalOnWebApplication did not find reactive web application classes (OnWebApplicationCondition)

   JettyServletManagementContextAutoConfiguration:
      Did not match:
         - not a servlet web application (OnWebApplicationCondition)
      Matched:
         - @ConditionalOnClass found required classes 'org.eclipse.jetty.server.Server', 'org.springframework.boot.actuate.autoconfigure.web.server.ManagementContextFactory' (OnClassCondition)

   JettyServletWebServerAutoConfiguration:
      Did not match:
         - not a servlet web application (OnWebApplicationCondition)
      Matched:
         - @ConditionalOnClass found required classes 'jakarta.servlet.ServletRequest', 'org.eclipse.jetty.server.Server', 'org.eclipse.jetty.util.Loader', 'org.eclipse.jetty.ee11.webapp.WebAppContext' (OnClassCondition)

   JmxAutoConfiguration:
      Did not match:
         - @ConditionalOnBooleanProperty (spring.jmx.enabled=true) found different value in property 'spring.jmx.enabled' (OnPropertyCondition)
      Matched:
         - @ConditionalOnClass found required class 'org.springframework.jmx.export.MBeanExporter' (OnClassCondition)

   JmxEndpointAutoConfiguration:
      Did not match:
         - @ConditionalOnBooleanProperty (spring.jmx.enabled=true) found different value in property 'spring.jmx.enabled' (OnPropertyCondition)

   JmxMetricsExportAutoConfiguration:
      Did not match:
         - @ConditionalOnClass did not find required class 'io.micrometer.jmx.JmxMeterRegistry' (OnClassCondition)

   JndiDataSourceAutoConfiguration:
      Did not match:
         - @ConditionalOnProperty (spring.datasource.jndi-name) did not find property 'spring.datasource.jndi-name' (OnPropertyCondition)
      Matched:
         - @ConditionalOnClass found required classes 'javax.sql.DataSource', 'org.springframework.jdbc.datasource.embedded.EmbeddedDatabaseType' (OnClassCondition)

   JndiJtaConfiguration:
      Did not match:
         - @ConditionalOnJndi JNDI environment is not available (OnJndiCondition)
      Matched:
         - @ConditionalOnClass found required class 'org.springframework.transaction.jta.JtaTransactionManager' (OnClassCondition)

   JsonbHttpMessageConvertersConfiguration:
      Did not match:
         - @ConditionalOnClass did not find required class 'jakarta.json.bind.Jsonb' (OnClassCondition)

   JvmMetricsAutoConfiguration.VirtualThreadMetricsConfiguration:
      Did not match:
         - @ConditionalOnClass did not find required class 'io.micrometer.java21.instrument.binder.jdk.VirtualThreadMetrics' (OnClassCondition)

   KairosMetricsExportAutoConfiguration:
      Did not match:
         - @ConditionalOnClass did not find required class 'io.micrometer.kairos.KairosMeterRegistry' (OnClassCondition)

   KotlinSerializationHttpMessageConvertersConfiguration:
      Did not match:
         - @ConditionalOnClass did not find required classes 'kotlinx.serialization.Serializable', 'kotlinx.serialization.json.Json' (OnClassCondition)

   LazyConnectionDataSourceConfiguration:
      Did not match:
         - @ConditionalOnProperty (spring.datasource.connection-fetch=lazy) did not find property 'spring.datasource.connection-fetch' (OnPropertyCondition)

   LettuceConnectionConfiguration:
      Did not match:
         - @ConditionalOnClass did not find required class 'io.lettuce.core.RedisClient' (OnClassCondition)

   LettuceObservationAutoConfiguration:
      Did not match:
         - @ConditionalOnClass did not find required class 'io.lettuce.core.RedisClient' (OnClassCondition)

   LiteflowMainAutoConfiguration#liteflowExecutorInit2:
      Did not match:
         - @ConditionalOnProperty (liteflow.parse-mode=PARSE_ONE_ON_FIRST_EXEC) found different value in property 'parse-mode' (OnPropertyCondition)

   LiteflowMainAutoConfiguration#monitorBus:
      Did not match:
         - @ConditionalOnProperty (liteflow.monitor.enable-log=true) found different value in property 'monitor.enable-log' (OnPropertyCondition)

   LockAutoConfiguration#lockFailureStrategy:
      Did not match:
         - @ConditionalOnMissingBean (types: com.baomidou.lock.LockFailureStrategy; SearchStrategy: all) found beans of type 'com.baomidou.lock.LockFailureStrategy' defaultLockFailureStrategy (OnBeanCondition)

   Log4J2MetricsAutoConfiguration:
      Did not match:
         - @ConditionalOnClass did not find required class 'org.apache.logging.log4j.core.LoggerContext' (OnClassCondition)

   MailConfig#mailNotificationSender:
      Did not match:
         - @ConditionalOnMissingBean (types: org.namewta.common.mail.notify.MailNotificationSender; SearchStrategy: all) found beans of type 'org.namewta.common.mail.notify.MailNotificationSender' captureSender (OnBeanCondition)

   ManagementContextAutoConfiguration.DifferentManagementContextConfiguration:
      Did not match:
         - Management Port non web application context (OnManagementPortCondition)

   ManagementContextAutoConfiguration.SameManagementContextConfiguration:
      Did not match:
         - Management Port non web application context (OnManagementPortCondition)

   McpAutoConfiguration#mcpClientTemplate:
      Did not match:
         - @ConditionalOnBean (types: io.modelcontextprotocol.client.McpSyncClient; SearchStrategy: all) did not find any beans of type io.modelcontextprotocol.client.McpSyncClient (OnBeanCondition)

   McpClientAnnotationScannerAutoConfiguration#clientMcpAsyncHandlersRegistry:
      Did not match:
         - @ConditionalOnProperty (spring.ai.mcp.client.type=ASYNC) found different value in property 'type' (OnPropertyCondition)

   McpClientAutoConfiguration:
      Did not match:
         - @ConditionalOnProperty (spring.ai.mcp.client.enabled=true) found different value in property 'enabled' (OnPropertyCondition)

   McpServerAutoConfiguration#mcpAsyncServer:
      Did not match:
         - @ConditionalOnProperty (spring.ai.mcp.server.type=ASYNC) found different value in property 'type' (OnPropertyCondition)

   McpServerAutoConfiguration#servletMcpSyncServerCustomizer:
      Did not match:
         - not a servlet web application (OnWebApplicationCondition)

   McpServerAutoConfiguration#stdioServerTransport:
      Did not match:
         - @ConditionalOnMissingBean (types: io.modelcontextprotocol.spec.McpServerTransportProviderBase; SearchStrategy: all) found beans of type 'io.modelcontextprotocol.spec.McpServerTransportProviderBase' webMvcStreamableServerTransportProvider (OnBeanCondition)

   McpServerSpecificationFactoryAutoConfiguration.AsyncServerSpecificationConfiguration:
      Did not match:
         - @ConditionalOnProperty (spring.ai.mcp.server.type=ASYNC) found different value in property 'type' (OnPropertyCondition)

   McpServerSseWebMvcAutoConfiguration:
      Did not match:
         - AllNestedConditions 1 matched 1 did not; NestedCondition on McpServerAutoConfiguration.EnabledSseServerCondition.SseEnabledCondition @ConditionalOnProperty (spring.ai.mcp.server.protocol=SSE) found different value in property 'protocol'; NestedCondition on McpServerAutoConfiguration.EnabledSseServerCondition.McpServerEnabledCondition @ConditionalOnProperty (spring.ai.mcp.server.enabled=true) matched (McpServerAutoConfiguration.EnabledSseServerCondition)
      Matched:
         - @ConditionalOnClass found required class 'org.springframework.ai.mcp.server.webmvc.transport.WebMvcSseServerTransportProvider' (OnClassCondition)
         - AllNestedConditions 2 matched 0 did not; NestedCondition on McpServerStdioDisabledCondition.StdioDisabledCondition @ConditionalOnProperty (spring.ai.mcp.server.stdio=false) matched; NestedCondition on McpServerStdioDisabledCondition.McpServerEnabledCondition @ConditionalOnProperty (spring.ai.mcp.server.enabled=true) matched (McpServerStdioDisabledCondition)

   McpServerStatelessAutoConfiguration:
      Did not match:
         - AllNestedConditions 1 matched 1 did not; NestedCondition on McpServerStatelessAutoConfiguration.EnabledStatelessServerCondition.StatelessEnabledCondition @ConditionalOnProperty (spring.ai.mcp.server.protocol=STATELESS) found different value in property 'protocol'; NestedCondition on McpServerStatelessAutoConfiguration.EnabledStatelessServerCondition.McpServerEnabledCondition @ConditionalOnProperty (spring.ai.mcp.server.enabled=true) matched (McpServerStatelessAutoConfiguration.EnabledStatelessServerCondition)
      Matched:
         - @ConditionalOnClass found required class 'io.modelcontextprotocol.spec.McpSchema' (OnClassCondition)
         - AllNestedConditions 2 matched 0 did not; NestedCondition on McpServerStdioDisabledCondition.StdioDisabledCondition @ConditionalOnProperty (spring.ai.mcp.server.stdio=false) matched; NestedCondition on McpServerStdioDisabledCondition.McpServerEnabledCondition @ConditionalOnProperty (spring.ai.mcp.server.enabled=true) matched (McpServerStdioDisabledCondition)

   McpServerStatelessWebMvcAutoConfiguration:
      Did not match:
         - AllNestedConditions 1 matched 1 did not; NestedCondition on McpServerStatelessAutoConfiguration.EnabledStatelessServerCondition.StatelessEnabledCondition @ConditionalOnProperty (spring.ai.mcp.server.protocol=STATELESS) found different value in property 'protocol'; NestedCondition on McpServerStatelessAutoConfiguration.EnabledStatelessServerCondition.McpServerEnabledCondition @ConditionalOnProperty (spring.ai.mcp.server.enabled=true) matched (McpServerStatelessAutoConfiguration.EnabledStatelessServerCondition)
      Matched:
         - @ConditionalOnClass found required class 'io.modelcontextprotocol.spec.McpSchema' (OnClassCondition)
         - AllNestedConditions 2 matched 0 did not; NestedCondition on McpServerStdioDisabledCondition.StdioDisabledCondition @ConditionalOnProperty (spring.ai.mcp.server.stdio=false) matched; NestedCondition on McpServerStdioDisabledCondition.McpServerEnabledCondition @ConditionalOnProperty (spring.ai.mcp.server.enabled=true) matched (McpServerStdioDisabledCondition)

   McpToolCallbackAutoConfiguration:
      Did not match:
         - AllNestedConditions 0 matched 2 did not; NestedCondition on McpToolCallbackAutoConfiguration.McpToolCallbackAutoConfigurationCondition.ToolCallbackProviderEnabled @ConditionalOnProperty (spring.ai.mcp.client.toolcallback.enabled=true) found different value in property 'enabled'; NestedCondition on McpToolCallbackAutoConfiguration.McpToolCallbackAutoConfigurationCondition.McpAutoConfigEnabled @ConditionalOnProperty (spring.ai.mcp.client.enabled=true) found different value in property 'enabled' (McpToolCallbackAutoConfiguration.McpToolCallbackAutoConfigurationCondition)

   MessageAutoConfiguration:
      Did not match:
         - @ConditionalOnProperty (message.enabled=true) found different value in property 'enabled' (OnPropertyCondition)

   MetricsAspectsAutoConfiguration:
      Did not match:
         - @ConditionalOnBooleanProperty (management.observations.annotations.enabled=true) did not find property 'management.observations.annotations.enabled' (OnPropertyCondition)
      Matched:
         - @ConditionalOnClass found required classes 'io.micrometer.core.instrument.MeterRegistry', 'org.aspectj.weaver.Advice' (OnClassCondition)

   MqttAutoConfiguration:
      Did not match:
         - @ConditionalOnProperty (mqtt.client.enabled=true) found different value in property 'mqtt.client.enabled' (OnPropertyCondition)

   MqttClientConfiguration:
      Did not match:
         - @ConditionalOnProperty (mqtt.client.enabled=true) found different value in property 'enabled' (OnPropertyCondition)

   MultipartAutoConfiguration:
      Did not match:
         - not a servlet web application (OnWebApplicationCondition)
      Matched:
         - @ConditionalOnClass found required classes 'jakarta.servlet.Servlet', 'org.springframework.web.multipart.support.StandardServletMultipartResolver', 'jakarta.servlet.MultipartConfigElement' (OnClassCondition)

   MultipleOpenApiSupportConfiguration:
      Did not match:
         - not a servlet web application (OnWebApplicationCondition)

   MyBatisPlusNativeImageConfiguration:
      Did not match:
         - @ConditionalOnProperty (spring.aot.processing=true) did not find property 'spring.aot.processing' (OnPropertyCondition)
      Matched:
         - @ConditionalOnClass found required class 'org.mybatis.spring.mapper.MapperFactoryBean' (OnClassCondition)

   MybatisPlusInnerInterceptorAutoConfiguration:
      Did not match:
         - @ConditionalOnBean (types: com.baomidou.mybatisplus.extension.plugins.inner.InnerInterceptor; SearchStrategy: all) did not find any beans of type com.baomidou.mybatisplus.extension.plugins.inner.InnerInterceptor (OnBeanCondition)

   MybatisPlusJoinAutoConfiguration#mpjSqlInjector:
      Did not match:
         - @ConditionalOnBean (types: com.baomidou.mybatisplus.core.injector.ISqlInjector; SearchStrategy: all) did not find any beans of type com.baomidou.mybatisplus.core.injector.ISqlInjector (OnBeanCondition)
      Matched:
         - @ConditionalOnClass found required classes 'org.apache.ibatis.session.SqlSessionFactory', 'org.mybatis.spring.SqlSessionFactoryBean' (OnClassCondition)

   MybatisPlusLanguageDriverAutoConfiguration.FreeMarkerConfiguration:
      Did not match:
         - @ConditionalOnClass did not find required classes 'org.mybatis.scripting.freemarker.FreeMarkerLanguageDriver', 'org.mybatis.scripting.freemarker.FreeMarkerLanguageDriverConfig' (OnClassCondition)

   MybatisPlusLanguageDriverAutoConfiguration.LegacyFreeMarkerConfiguration:
      Did not match:
         - @ConditionalOnClass did not find required class 'org.mybatis.scripting.freemarker.FreeMarkerLanguageDriver' (OnClassCondition)

   MybatisPlusLanguageDriverAutoConfiguration.LegacyVelocityConfiguration:
      Did not match:
         - @ConditionalOnClass did not find required class 'org.mybatis.scripting.velocity.Driver' (OnClassCondition)

   MybatisPlusLanguageDriverAutoConfiguration.ThymeleafConfiguration:
      Did not match:
         - @ConditionalOnClass did not find required class 'org.mybatis.scripting.thymeleaf.ThymeleafLanguageDriver' (OnClassCondition)

   MybatisPlusLanguageDriverAutoConfiguration.VelocityConfiguration:
      Did not match:
         - @ConditionalOnClass did not find required classes 'org.mybatis.scripting.velocity.VelocityLanguageDriver', 'org.mybatis.scripting.velocity.VelocityLanguageDriverConfig' (OnClassCondition)

   NacosConfigAutoConfiguration:
      Did not match:
         - @ConditionalOnProperty (nacos.config.enabled=true) found different value in property 'enabled' (OnPropertyCondition)

   NewRelicMetricsExportAutoConfiguration:
      Did not match:
         - @ConditionalOnClass did not find required class 'io.micrometer.newrelic.NewRelicMeterRegistry' (OnClassCondition)

   NoOpMeterRegistryConfiguration:
      Did not match:
         - @ConditionalOnMissingBean (types: io.micrometer.core.instrument.MeterRegistry; SearchStrategy: all) found beans of type 'io.micrometer.core.instrument.MeterRegistry' simpleMeterRegistry (OnBeanCondition)

   NotifyAutoConfiguration#notifyContextResolver:
      Did not match:
         - @ConditionalOnMissingBean (types: org.namewta.common.notify.spi.NotifyContextResolver; SearchStrategy: all) found beans of type 'org.namewta.common.notify.spi.NotifyContextResolver' requestNotifyContextResolver (OnBeanCondition)

   NotifyAutoConfiguration#notifyIdempotencyStore:
      Did not match:
         - @ConditionalOnBean (types: org.redisson.api.RedissonClient; SearchStrategy: all) did not find any beans of type org.redisson.api.RedissonClient (OnBeanCondition)

   ObservationAutoConfiguration.ObservedAspectConfiguration:
      Did not match:
         - @ConditionalOnBooleanProperty (management.observations.annotations.enabled=true) did not find property 'management.observations.annotations.enabled' (OnPropertyCondition)
      Matched:
         - @ConditionalOnClass found required class 'org.aspectj.weaver.Advice' (OnClassCondition)

   OpenApiAutoConfiguration:
      Did not match:
         - @ConditionalOnProperty (openapi.enabled=true) found different value in property 'enabled' (OnPropertyCondition)

   OpenApiCredentialCrypto:
      Did not match:
         - @ConditionalOnProperty (openapi.enabled=true) found different value in property 'enabled' (OnPropertyCondition)

   OtlpMetricsExportAutoConfiguration:
      Did not match:
         - @ConditionalOnClass did not find required class 'io.micrometer.registry.otlp.OtlpMeterRegistry' (OnClassCondition)

   ProjectInfoAutoConfiguration#buildProperties:
      Did not match:
         - @ConditionalOnResource did not find resource '${spring.info.build.location:classpath:META-INF/build-info.properties}' (OnResourceCondition)

   ProjectInfoAutoConfiguration#gitProperties:
      Did not match:
         - GitResource did not find git info at classpath:git.properties (ProjectInfoAutoConfiguration.GitResourceAvailableCondition)

   PrometheusMetricsExportAutoConfiguration:
      Did not match:
         - @ConditionalOnClass did not find required class 'io.micrometer.prometheusmetrics.PrometheusMeterRegistry' (OnClassCondition)

   PropertyOpenApiKekProvider:
      Did not match:
         - @ConditionalOnProperty (openapi.enabled=true) found different value in property 'enabled' (OnPropertyCondition)

   ReactiveHttpClientAutoConfiguration.ReactorNetty:
      Did not match:
         - @ConditionalOnClass did not find required classes 'reactor.netty.http.client.HttpClient', 'org.springframework.boot.reactor.netty.autoconfigure.ReactorNettyConfigurations' (OnClassCondition)

   RedissonAutoConfigurationV2:
      Did not match:
         - @ConditionalOnClass did not find required class 'org.springframework.boot.autoconfigure.data.redis.RedisAutoConfiguration' (OnClassCondition)

   SaApiKeyBeanInject:
      Did not match:
         - @ConditionalOnClass did not find required class 'cn.dev33.satoken.apikey.SaApiKeyManager' (OnClassCondition)

   SaApiKeyBeanRegister:
      Did not match:
         - @ConditionalOnClass did not find required class 'cn.dev33.satoken.apikey.SaApiKeyManager' (OnClassCondition)

   SaOAuth2BeanInject:
      Did not match:
         - @ConditionalOnClass did not find required class 'cn.dev33.satoken.oauth2.SaOAuth2Manager' (OnClassCondition)

   SaOAuth2BeanRegister:
      Did not match:
         - @ConditionalOnClass did not find required class 'cn.dev33.satoken.oauth2.SaOAuth2Manager' (OnClassCondition)

   SaSignBeanInject:
      Did not match:
         - @ConditionalOnClass did not find required class 'cn.dev33.satoken.sign.SaSignManager' (OnClassCondition)

   SaSignBeanRegister:
      Did not match:
         - @ConditionalOnClass did not find required class 'cn.dev33.satoken.sign.SaSignManager' (OnClassCondition)

   SaSsoBeanInject:
      Did not match:
         - @ConditionalOnClass did not find required class 'cn.dev33.satoken.sso.SaSsoManager' (OnClassCondition)

   SaSsoBeanRegister:
      Did not match:
         - @ConditionalOnClass did not find required class 'cn.dev33.satoken.sso.SaSsoManager' (OnClassCondition)

   ServletHttpExchangesAutoConfiguration:
      Did not match:
         - not a servlet web application (OnWebApplicationCondition)

   ServletManagementContextAutoConfiguration:
      Did not match:
         - not a servlet web application (OnWebApplicationCondition)
      Matched:
         - @ConditionalOnClass found required classes 'jakarta.servlet.Servlet', 'org.springframework.boot.actuate.autoconfigure.endpoint.web.WebEndpointProperties' (OnClassCondition)

   ServletMappingsAutoConfiguration:
      Did not match:
         - not a servlet web application (OnWebApplicationCondition)
      Matched:
         - @ConditionalOnClass found required classes 'org.springframework.boot.actuate.autoconfigure.endpoint.condition.ConditionalOnAvailableEndpoint', 'org.springframework.boot.actuate.web.mappings.MappingsEndpoint' (OnClassCondition)

   ShutdownEndpointAutoConfiguration:
      Did not match:
         - @ConditionalOnAvailableEndpoint the configured access for endpoint 'shutdown' is NONE (OnAvailableEndpointCondition)

   SnailJobClientJobCoreAutoConfiguration:
      Did not match:
         - @ConditionalOnProperty (snail-job.enabled=true) found different value in property 'enabled' (OnPropertyCondition)
      Matched:
         - @ConditionalOnClass found required class 'com.aizuda.snailjob.client.job.core.annotation.JobExecutor' (OnClassCondition)

   SnailJobClientRetryCoreAutoConfiguration:
      Did not match:
         - @ConditionalOnClass did not find required class 'com.aizuda.snailjob.client.core.annotation.Retryable' (OnClassCondition)

   SnailJobConfig:
      Did not match:
         - @ConditionalOnProperty (snail-job.enabled=true) found different value in property 'enabled' (OnPropertyCondition)

   SpringApplicationAdminJmxAutoConfiguration:
      Did not match:
         - @ConditionalOnBooleanProperty (spring.application.admin.enabled=true) did not find property 'spring.application.admin.enabled' (OnPropertyCondition)

   SpringBootAdminClientAutoConfiguration:
      Did not match:
         - @ConditionalOnWebApplication (required) not a servlet web application and did not find reactive web application classes (OnWebApplicationCondition)

   SpringBootAdminClientCloudFoundryAutoConfiguration:
      Did not match:
         - @ConditionalOnWebApplication (required) not a servlet web application and did not find reactive web application classes (OnWebApplicationCondition)

   SpringDocConfig:
      Did not match:
         - @ConditionalOnProperty (springdoc.api-docs.enabled=true) found different value in property 'springdoc.api-docs.enabled' (OnPropertyCondition)

   SpringDocConfigProperties:
      Did not match:
         - @ConditionalOnProperty (springdoc.api-docs.enabled) found different value in property 'springdoc.api-docs.enabled' (OnPropertyCondition)

   SpringDocConfiguration:
      Did not match:
         - @ConditionalOnWebApplication (required) not a servlet web application and did not find reactive web application classes (OnWebApplicationCondition)

   SpringDocDataRestConfiguration:
      Did not match:
         - @ConditionalOnClass did not find required class 'org.springframework.data.rest.core.config.RepositoryRestConfiguration' (OnClassCondition)

   SpringDocFunctionCatalogConfiguration:
      Did not match:
         - @ConditionalOnClass did not find required class 'org.springframework.cloud.function.web.function.FunctionEndpointInitializer' (OnClassCondition)

   SpringDocGroovyConfiguration:
      Did not match:
         - @ConditionalOnClass did not find required class 'groovy.lang.MetaClass' (OnClassCondition)

   SpringDocHateoasConfiguration:
      Did not match:
         - @ConditionalOnClass did not find required classes 'org.springframework.hateoas.server.LinkRelationProvider', 'org.springframework.boot.hateoas.autoconfigure.HateoasProperties' (OnClassCondition)

   SpringDocJacksonKotlinModuleConfiguration:
      Did not match:
         - @ConditionalOnWebApplication (required) not a servlet web application and did not find reactive web application classes (OnWebApplicationCondition)
      Matched:
         - @ConditionalOnClass found required class 'com.fasterxml.jackson.module.kotlin.KotlinModule' (OnClassCondition)

   SpringDocJavadocConfiguration:
      Did not match:
         - @ConditionalOnWebApplication (required) not a servlet web application and did not find reactive web application classes (OnWebApplicationCondition)
      Matched:
         - @ConditionalOnClass found required class 'com.github.therapi.runtimejavadoc.CommentFormatter' (OnClassCondition)

   SpringDocKotlinConfiguration:
      Did not match:
         - @ConditionalOnWebApplication (required) not a servlet web application and did not find reactive web application classes (OnWebApplicationCondition)
      Matched:
         - @ConditionalOnClass found required class 'kotlin.coroutines.Continuation' (OnClassCondition)

   SpringDocKotlinxConfiguration:
      Did not match:
         - @ConditionalOnClass did not find required class 'kotlinx.coroutines.flow.Flow' (OnClassCondition)

   SpringDocPageableConfiguration:
      Did not match:
         - @ConditionalOnWebApplication (required) not a servlet web application and did not find reactive web application classes (OnWebApplicationCondition)
      Matched:
         - @ConditionalOnClass found required class 'org.springframework.data.domain.Pageable' (OnClassCondition)

   SpringDocSecurityConfiguration:
      Did not match:
         - @ConditionalOnClass did not find required class 'org.springframework.security.web.SecurityFilterChain' (OnClassCondition)

   SpringDocSortConfiguration:
      Did not match:
         - @ConditionalOnWebApplication (required) not a servlet web application and did not find reactive web application classes (OnWebApplicationCondition)
      Matched:
         - @ConditionalOnClass found required class 'org.springframework.data.domain.Sort' (OnClassCondition)

   SpringDocWebMvcConfiguration:
      Did not match:
         - not a servlet web application (OnWebApplicationCondition)

   SpringDocWebServerConfiguration.DeployedWebServerConfiguration:
      Did not match:
         - @ConditionalOnMissingClass found unwanted classes 'org.springframework.boot.web.server.context.WebServerInitializedEvent', 'org.springframework.boot.web.server.autoconfigure.ServerProperties' (OnClassCondition)

   SpringNativeClientAutoConfiguration:
      Did not match:
         - @ConditionalOnWebApplication (required) not a servlet web application and did not find reactive web application classes (OnWebApplicationCondition)

   SseHttpClientTransportAutoConfiguration:
      Did not match:
         - @ConditionalOnProperty (spring.ai.mcp.client.enabled=true) found different value in property 'enabled' (OnPropertyCondition)

   StackdriverMetricsExportAutoConfiguration:
      Did not match:
         - @ConditionalOnClass did not find required class 'io.micrometer.stackdriver.StackdriverMeterRegistry' (OnClassCondition)

   StartupEndpointAutoConfiguration:
      Did not match:
         - ApplicationStartup configured applicationStartup is of type class org.springframework.core.metrics.DefaultApplicationStartup, expected BufferingApplicationStartup. (StartupEndpointAutoConfiguration.ApplicationStartupCondition)

   StatelessServerSpecificationFactoryAutoConfiguration:
      Did not match:
         - AllNestedConditions 1 matched 1 did not; NestedCondition on McpServerStatelessAutoConfiguration.EnabledStatelessServerCondition.StatelessEnabledCondition @ConditionalOnProperty (spring.ai.mcp.server.protocol=STATELESS) found different value in property 'protocol'; NestedCondition on McpServerStatelessAutoConfiguration.EnabledStatelessServerCondition.McpServerEnabledCondition @ConditionalOnProperty (spring.ai.mcp.server.enabled=true) matched (McpServerStatelessAutoConfiguration.EnabledStatelessServerCondition)
      Matched:
         - @ConditionalOnProperty (spring.ai.mcp.server.annotation-scanner.enabled=true) matched (OnPropertyCondition)
         - AllNestedConditions 2 matched 0 did not; NestedCondition on McpServerStdioDisabledCondition.StdioDisabledCondition @ConditionalOnProperty (spring.ai.mcp.server.stdio=false) matched; NestedCondition on McpServerStdioDisabledCondition.McpServerEnabledCondition @ConditionalOnProperty (spring.ai.mcp.server.enabled=true) matched (McpServerStdioDisabledCondition)

   StatelessToolCallbackConverterAutoConfiguration:
      Did not match:
         - AllNestedConditions 1 matched 1 did not; NestedCondition on McpServerStatelessAutoConfiguration.EnabledStatelessServerCondition.StatelessEnabledCondition @ConditionalOnProperty (spring.ai.mcp.server.protocol=STATELESS) found different value in property 'protocol'; NestedCondition on McpServerStatelessAutoConfiguration.EnabledStatelessServerCondition.McpServerEnabledCondition @ConditionalOnProperty (spring.ai.mcp.server.enabled=true) matched (McpServerStatelessAutoConfiguration.EnabledStatelessServerCondition)
      Matched:
         - AllNestedConditions 2 matched 0 did not; NestedCondition on McpServerStdioDisabledCondition.StdioDisabledCondition @ConditionalOnProperty (spring.ai.mcp.server.stdio=false) matched; NestedCondition on McpServerStdioDisabledCondition.McpServerEnabledCondition @ConditionalOnProperty (spring.ai.mcp.server.enabled=true) matched (McpServerStdioDisabledCondition)

   StatsdMetricsExportAutoConfiguration:
      Did not match:
         - @ConditionalOnClass did not find required class 'io.micrometer.statsd.StatsdMeterRegistry' (OnClassCondition)

   StdioTransportAutoConfiguration:
      Did not match:
         - @ConditionalOnProperty (spring.ai.mcp.client.enabled=true) found different value in property 'enabled' (OnPropertyCondition)

   StreamableHttpHttpClientTransportAutoConfiguration:
      Did not match:
         - @ConditionalOnProperty (spring.ai.mcp.client.enabled=true) found different value in property 'enabled' (OnPropertyCondition)

   SupplierConfig#blends:
      Did not match:
         - @ConditionalOnProperty (sms.config-type=yaml) found different value in property 'config-type' (OnPropertyCondition)

   SysOpenApiCatalogController:
      Did not match:
         - @ConditionalOnProperty (openapi.enabled=true) found different value in property 'enabled' (OnPropertyCondition)

   SysOpenApiCredentialController:
      Did not match:
         - @ConditionalOnProperty (openapi.enabled=true) found different value in property 'enabled' (OnPropertyCondition)

   SystemOpenApiCatalogService:
      Did not match:
         - @ConditionalOnProperty (openapi.enabled=true) found different value in property 'enabled' (OnPropertyCondition)

   SystemOpenApiCredentialResolver:
      Did not match:
         - @ConditionalOnProperty (openapi.enabled=true) found different value in property 'enabled' (OnPropertyCondition)

   SystemOpenApiCredentialService:
      Did not match:
         - @ConditionalOnProperty (openapi.enabled=true) found different value in property 'enabled' (OnPropertyCondition)

   TaskExecutorConfigurations.AsyncConfigurerWrapperConfiguration:
      Did not match:
         - @ConditionalOnBean (types: org.springframework.scheduling.annotation.AsyncConfigurer; SearchStrategy: all) did not find any beans of type org.springframework.scheduling.annotation.AsyncConfigurer (OnBeanCondition)

   TaskExecutorConfigurations.SimpleAsyncTaskExecutorBuilderConfiguration#simpleAsyncTaskExecutorBuilderVirtualThreads:
      Did not match:
         - @ConditionalOnMissingBean (types: org.springframework.boot.task.SimpleAsyncTaskExecutorBuilder; SearchStrategy: all) found beans of type 'org.springframework.boot.task.SimpleAsyncTaskExecutorBuilder' simpleAsyncTaskExecutorBuilder (OnBeanCondition)

   TaskExecutorConfigurations.TaskExecutorConfiguration#applicationTaskExecutorVirtualThreads:
      Did not match:
         - @ConditionalOnThreading did not find VIRTUAL (OnThreadingCondition)

   TaskExecutorConfigurations.TaskExecutorContextPropagationConfiguration#contextPropagatingTaskDecorator:
      Did not match:
         - @ConditionalOnProperty (spring.task.execution.propagate-context=true) did not find property 'spring.task.execution.propagate-context' (OnPropertyCondition)

   TaskSchedulingConfigurations.SimpleAsyncTaskSchedulerBuilderConfiguration#simpleAsyncTaskSchedulerBuilderVirtualThreads:
      Did not match:
         - @ConditionalOnMissingBean (types: org.springframework.boot.task.SimpleAsyncTaskSchedulerBuilder; SearchStrategy: all) found beans of type 'org.springframework.boot.task.SimpleAsyncTaskSchedulerBuilder' simpleAsyncTaskSchedulerBuilder (OnBeanCondition)

   TaskSchedulingConfigurations.TaskSchedulerConfiguration:
      Did not match:
         - @ConditionalOnMissingBean (types: org.springframework.scheduling.TaskScheduler,java.util.concurrent.ScheduledExecutorService; SearchStrategy: all) found beans of type 'java.util.concurrent.ScheduledExecutorService' scheduledExecutorService (OnBeanCondition)

   TomcatMetricsAutoConfiguration:
      Did not match:
         - @ConditionalOnWebApplication (required) not a servlet web application and did not find reactive web application classes (OnWebApplicationCondition)
      Matched:
         - @ConditionalOnClass found required classes 'io.micrometer.core.instrument.binder.tomcat.TomcatMetrics', 'org.apache.catalina.Manager', 'io.micrometer.core.instrument.MeterRegistry' (OnClassCondition)

   TomcatReactiveManagementContextAutoConfiguration:
      Did not match:
         - @ConditionalOnWebApplication did not find reactive web application classes (OnWebApplicationCondition)

   TomcatReactiveWebServerAutoConfiguration:
      Did not match:
         - @ConditionalOnWebApplication did not find reactive web application classes (OnWebApplicationCondition)

   TomcatServletManagementContextAutoConfiguration:
      Did not match:
         - not a servlet web application (OnWebApplicationCondition)
      Matched:
         - @ConditionalOnClass found required class 'org.springframework.boot.actuate.autoconfigure.web.server.ManagementContextFactory' (OnClassCondition)

   TomcatServletWebServerAutoConfiguration:
      Did not match:
         - not a servlet web application (OnWebApplicationCondition)
      Matched:
         - @ConditionalOnClass found required classes 'jakarta.servlet.ServletRequest', 'org.apache.catalina.startup.Tomcat', 'org.apache.coyote.UpgradeProtocol', 'org.springframework.boot.tomcat.servlet.TomcatServletWebServerFactory' (OnClassCondition)

   ToolCallbackConverterAutoConfiguration#asyncTools:
      Did not match:
         - @ConditionalOnProperty (spring.ai.mcp.server.type=ASYNC) found different value in property 'type' (OnPropertyCondition)

   TransactionAutoConfiguration#transactionalOperator:
      Did not match:
         - @ConditionalOnSingleCandidate (types: org.springframework.transaction.ReactiveTransactionManager; SearchStrategy: all) did not find any beans (OnBeanCondition)

   TransactionAutoConfiguration.AspectJTransactionManagementConfiguration:
      Did not match:
         - @ConditionalOnBean did not find required type 'org.springframework.transaction.aspectj.AbstractTransactionAspect' (OnBeanCondition)
         - @ConditionalOnBean (types: org.springframework.transaction.aspectj.AbstractTransactionAspect; SearchStrategy: all) did not find any beans of type org.springframework.transaction.aspectj.AbstractTransactionAspect (OnBeanCondition)

   TransactionAutoConfiguration.EnableTransactionManagementConfiguration:
      Did not match:
         - @ConditionalOnMissingBean (types: org.springframework.transaction.annotation.AbstractTransactionManagementConfiguration; SearchStrategy: all) found beans of type 'org.springframework.transaction.annotation.AbstractTransactionManagementConfiguration' org.springframework.transaction.annotation.ProxyTransactionManagementConfiguration (OnBeanCondition)

   TransactionAutoConfiguration.EnableTransactionManagementConfiguration.CglibAutoProxyConfiguration:
      Did not match:
         - Ancestor org.springframework.boot.transaction.autoconfigure.TransactionAutoConfiguration$EnableTransactionManagementConfiguration did not match (ConditionEvaluationReport.AncestorsMatchedCondition)
      Matched:
         - @ConditionalOnBooleanProperty (spring.aop.proxy-target-class=true) matched (OnPropertyCondition)

   TransactionAutoConfiguration.EnableTransactionManagementConfiguration.JdkDynamicAutoProxyConfiguration:
      Did not match:
         - @ConditionalOnBooleanProperty (spring.aop.proxy-target-class=false) did not find property 'spring.aop.proxy-target-class' (OnPropertyCondition)
         - Ancestor org.springframework.boot.transaction.autoconfigure.TransactionAutoConfiguration$EnableTransactionManagementConfiguration did not match (ConditionEvaluationReport.AncestorsMatchedCondition)

   ValidationAutoConfiguration#defaultValidator:
      Did not match:
         - @ConditionalOnMissingBean (types: jakarta.validation.Validator; SearchStrategy: all) found beans of type 'jakarta.validation.Validator' validator (OnBeanCondition)

   WebEndpointAutoConfiguration:
      Did not match:
         - @ConditionalOnWebApplication (required) not a servlet web application and did not find reactive web application classes (OnWebApplicationCondition)

   WebMvcAutoConfiguration:
      Did not match:
         - not a servlet web application (OnWebApplicationCondition)
      Matched:
         - @ConditionalOnClass found required classes 'jakarta.servlet.Servlet', 'org.springframework.web.servlet.DispatcherServlet', 'org.springframework.web.servlet.config.annotation.WebMvcConfigurer' (OnClassCondition)

   WebMvcHealthEndpointExtensionAutoConfiguration:
      Did not match:
         - not a servlet web application (OnWebApplicationCondition)
      Matched:
         - @ConditionalOnClass found required class 'org.springframework.boot.health.actuate.endpoint.HealthEndpoint' (OnClassCondition)

   WebMvcMappingsAutoConfiguration:
      Did not match:
         - not a servlet web application (OnWebApplicationCondition)
      Matched:
         - @ConditionalOnClass found required classes 'org.springframework.boot.actuate.autoconfigure.endpoint.condition.ConditionalOnAvailableEndpoint', 'org.springframework.web.servlet.DispatcherServlet', 'org.springframework.boot.actuate.web.mappings.MappingsEndpoint' (OnClassCondition)

   WebMvcObservationAutoConfiguration:
      Did not match:
         - not a servlet web application (OnWebApplicationCondition)
      Matched:
         - @ConditionalOnClass found required classes 'org.springframework.web.servlet.DispatcherServlet', 'io.micrometer.observation.Observation', 'org.springframework.boot.micrometer.observation.autoconfigure.ObservationProperties' (OnClassCondition)

   WebSocketMessagingAutoConfiguration:
      Did not match:
         - not a servlet web application (OnWebApplicationCondition)
      Matched:
         - @ConditionalOnClass found required classes 'org.springframework.web.socket.config.annotation.WebSocketMessageBrokerConfigurer', 'org.springframework.web.socket.config.annotation.DelegatingWebSocketMessageBrokerConfiguration' (OnClassCondition)

   XADataSourceAutoConfiguration:
      Did not match:
         - @ConditionalOnBean (types: org.springframework.boot.jdbc.XADataSourceWrapper; SearchStrategy: all) did not find any beans of type org.springframework.boot.jdbc.XADataSourceWrapper (OnBeanCondition)
      Matched:
         - @ConditionalOnClass found required classes 'javax.sql.DataSource', 'jakarta.transaction.TransactionManager', 'org.springframework.jdbc.datasource.embedded.EmbeddedDatabaseType' (OnClassCondition)


Exclusions:
-----------

    None


Unconditional classes:
----------------------

    org.namewta.common.web.config.ClientAddressConfig

    org.springframework.boot.actuate.autoconfigure.info.InfoContributorAutoConfiguration

    org.springframework.boot.autoconfigure.context.PropertyPlaceholderAutoConfiguration

    org.namewta.common.web.config.FilterConfig

    com.baomidou.lock.spring.boot.autoconfigure.LockAutoConfiguration

    org.dromara.easyes.spring.config.EasyEsConfiguration

    org.namewta.common.translation.core.impl.OssUrlTranslationImpl

    org.springframework.boot.health.autoconfigure.contributor.HealthContributorAutoConfiguration

    org.namewta.common.json.config.JacksonConfig

    org.namewta.common.web.config.SysLogConfig

    org.springframework.boot.http.client.autoconfigure.HttpClientAutoConfiguration

    org.namewta.common.security.config.SecurityConfig

    org.namewta.common.redis.config.IdempotentConfig

    org.namewta.common.sensitive.config.SensitiveConfig

    org.namewta.common.redis.config.Lock4jConfig

    org.namewta.common.redis.config.RateLimiterConfig

    org.namewta.common.push.config.MessageSseConfiguration

    org.namewta.common.sms.config.SmsAutoConfiguration

    org.namewta.common.translation.config.TranslationConfig

    org.namewta.common.mybatis.config.MybatisPlusConfig

    org.springframework.boot.actuate.autoconfigure.endpoint.EndpointAutoConfiguration

    org.namewta.common.translation.core.impl.DictTypeTranslationImpl

    org.namewta.common.translation.core.impl.UserNameTranslationImpl

    org.namewta.common.core.config.ApplicationConfig

    com.aizuda.snailjob.common.log.CommonLogConfigure

    org.namewta.common.core.utils.SpringUtils

    org.namewta.common.redis.config.CacheConfig

    org.namewta.common.core.config.ValidatorConfig

    cn.dev33.satoken.spring.SaBeanInject

    cn.dev33.satoken.spring.SaTokenContextRegister

    org.springframework.boot.autoconfigure.context.LifecycleAutoConfiguration

    org.dromara.sms4j.starter.config.SmsMainConfig

    org.namewta.common.redis.config.RedisConfig

    org.namewta.common.core.config.ThreadPoolConfig

    com.aizuda.snailjob.common.core.CommonCoreConfigure

    org.namewta.common.translation.core.impl.DeptNameTranslationImpl

    org.namewta.common.mail.config.MailConfig

    org.namewta.common.web.config.CaptchaConfig

    org.namewta.common.json.config.JsonEnhancementConfig

    org.namewta.common.web.config.I18nConfig

    org.springframework.boot.health.autoconfigure.registry.HealthContributorRegistryAutoConfiguration

    org.springframework.boot.autoconfigure.context.ConfigurationPropertiesAutoConfiguration

    cn.dev33.satoken.spring.SaBeanRegister

    org.springdoc.core.configuration.SpringDocWebServerConfiguration.EmbeddedWebServerConfiguration

    org.springframework.boot.http.client.autoconfigure.service.HttpServiceClientPropertiesAutoConfiguration

    org.springframework.boot.autoconfigure.ssl.SslAutoConfiguration

    org.namewta.common.web.config.ResourcesConfig

    org.namewta.common.security.handler.AllUrlHandler

    org.namewta.common.push.config.MessageWebSocketConfiguration

    io.github.linpeilie.mapstruct.MapstructAutoConfiguration

    org.dromara.easyes.starter.config.GeneratorConfiguration

    org.springdoc.core.configuration.SpringDocWebServerConfiguration.DeployedWebServerConfiguration

    org.springframework.boot.actuate.autoconfigure.web.server.ManagementContextAutoConfiguration

    org.dromara.sms4j.starter.config.SupplierConfig

    org.namewta.common.translation.core.impl.NicknameTranslationImpl

    org.namewta.common.notify.config.NotifyAutoConfiguration

    com.yomahub.liteflow.springboot.config.LiteflowPropertyAutoConfiguration

    org.namewta.common.social.config.SocialAutoConfiguration

    org.namewta.common.satoken.config.SaTokenConfig

    cn.hutool.extra.spring.SpringUtil

    org.springdoc.core.configuration.SpringDocSpecPropertiesConfiguration

    org.namewta.common.log.aspect.LogAspect

    org.springframework.boot.autoconfigure.availability.ApplicationAvailabilityAutoConfiguration

    org.namewta.common.mcp.config.McpAutoConfiguration

    org.springframework.boot.autoconfigure.info.ProjectInfoAutoConfiguration



2026-09-24 02:15:53 [main] ERROR o.s.b.d.LoggingFailureAnalysisReporter
 - 

***************************
APPLICATION FAILED TO START
***************************

Description:

A component required a bean named 'requestMappingHandlerMapping' that could not be found.


Action:

Consider defining a bean named 'requestMappingHandlerMapping' in your configuration.

2026-09-24 02:15:53 [main] WARN  o.s.test.context.TestContextManager
 - Caught exception while allowing TestExecutionListener [org.springframework.test.context.support.DependencyInjectionTestExecutionListener] to prepare test instance [org.namewta.test.notify.NotifyMailAttachmentIntegrationTest@50fc62e0]
java.lang.IllegalStateException: Failed to load ApplicationContext for [MergedContextConfiguration@12445241 testClass = org.namewta.test.notify.NotifyMailAttachmentIntegrationTest, locations = [], classes = [org.namewta.NamewtaApplication], contextInitializerClasses = [], activeProfiles = [], propertySourceDescriptors = [], propertySourceProperties = ["org.springframework.boot.test.context.SpringBootTestContextBootstrapper=true", "spring.main.web-application-type=none"], contextCustomizers = [org.springframework.boot.web.server.context.SpringBootTestRandomPortContextCustomizer@6d6cb754, [ImportsContextCustomizer@4bafe92f key = [org.namewta.test.notify.NotifyMailAttachmentIntegrationTest$CaptureMailConfiguration]], org.springframework.boot.test.context.PropertyMappingContextCustomizer@0, org.springframework.boot.test.context.filter.ExcludeFilterContextCustomizer@6ef7623, org.springframework.boot.test.json.DuplicateJsonObjectContextCustomizerFactory$DuplicateJsonObjectContextCustomizer@61e45f87, org.springframework.boot.test.autoconfigure.OnFailureConditionReportContextCustomizerFactory$OnFailureConditionReportContextCustomizer@17ca8b92, org.springframework.test.context.support.DynamicPropertiesContextCustomizer@0, org.springframework.boot.test.context.SpringBootTestAnnotation@b51a32f5], contextLoader = org.springframework.boot.test.context.SpringBootContextLoader, parent = null]
	at org.springframework.test.context.cache.DefaultCacheAwareContextLoaderDelegate.lambda$loadContext$0(DefaultCacheAwareContextLoaderDelegate.java:195)
	at org.springframework.test.context.cache.DefaultContextCache.put(DefaultContextCache.java:214)
	at org.springframework.test.context.cache.DefaultCacheAwareContextLoaderDelegate.loadContext(DefaultCacheAwareContextLoaderDelegate.java:160)
	at org.springframework.test.context.support.DefaultTestContext.getApplicationContext(DefaultTestContext.java:128)
	at org.springframework.test.context.support.DependencyInjectionTestExecutionListener.injectDependencies(DependencyInjectionTestExecutionListener.java:156)
	at org.springframework.test.context.support.DependencyInjectionTestExecutionListener.prepareTestInstance(DependencyInjectionTestExecutionListener.java:111)
	at org.springframework.test.context.TestContextManager.prepareTestInstance(TestContextManager.java:260)
	at org.springframework.test.context.junit.jupiter.SpringExtension.postProcessTestInstance(SpringExtension.java:242)
	at org.junit.jupiter.engine.descriptor.ClassBasedTestDescriptor.lambda$invokeTestInstancePostProcessors$1(ClassBasedTestDescriptor.java:423)
	at org.junit.jupiter.engine.descriptor.ClassBasedTestDescriptor.executeAndMaskThrowable(ClassBasedTestDescriptor.java:428)
	at org.junit.jupiter.engine.descriptor.ClassBasedTestDescriptor.lambda$invokeTestInstancePostProcessors$0(ClassBasedTestDescriptor.java:422)
	at java.base/java.util.stream.ForEachOps$ForEachOp$OfRef.accept(ForEachOps.java:184)
	at java.base/java.util.stream.ReferencePipeline$3$1.accept(ReferencePipeline.java:197)
	at java.base/java.util.stream.ReferencePipeline$2$1.accept(ReferencePipeline.java:179)
	at java.base/java.util.stream.ReferencePipeline$3$1.accept(ReferencePipeline.java:197)
	at java.base/java.util.ArrayList$ArrayListSpliterator.forEachRemaining(ArrayList.java:1708)
	at java.base/java.util.stream.AbstractPipeline.copyInto(AbstractPipeline.java:509)
	at java.base/java.util.stream.AbstractPipeline.wrapAndCopyInto(AbstractPipeline.java:499)
	at java.base/java.util.stream.ForEachOps$ForEachOp.evaluateSequential(ForEachOps.java:151)
	at java.base/java.util.stream.ForEachOps$ForEachOp$OfRef.evaluateSequential(ForEachOps.java:174)
	at java.base/java.util.stream.AbstractPipeline.evaluate(AbstractPipeline.java:234)
	at java.base/java.util.stream.ReferencePipeline.forEach(ReferencePipeline.java:596)
	at org.junit.jupiter.engine.descriptor.ClassBasedTestDescriptor.invokeTestInstancePostProcessors(ClassBasedTestDescriptor.java:422)
	at org.junit.jupiter.engine.descriptor.ClassBasedTestDescriptor.lambda$instantiateAndPostProcessTestInstance$0(ClassBasedTestDescriptor.java:334)
	at org.junit.platform.engine.support.hierarchical.ThrowableCollector.execute(ThrowableCollector.java:74)
	at org.junit.jupiter.engine.descriptor.ClassBasedTestDescriptor.instantiateAndPostProcessTestInstance(ClassBasedTestDescriptor.java:333)
	at org.junit.jupiter.engine.descriptor.ClassBasedTestDescriptor.lambda$testInstancesProvider$1(ClassBasedTestDescriptor.java:322)
	at java.base/java.util.Optional.orElseGet(Optional.java:364)
	at org.junit.jupiter.engine.descriptor.ClassBasedTestDescriptor.lambda$testInstancesProvider$0(ClassBasedTestDescriptor.java:321)
	at org.junit.jupiter.engine.execution.TestInstancesProvider.getTestInstances(TestInstancesProvider.java:27)
	at org.junit.jupiter.engine.descriptor.ClassBasedTestDescriptor.lambda$before$0(ClassBasedTestDescriptor.java:240)
	at org.junit.platform.engine.support.hierarchical.ThrowableCollector.execute(ThrowableCollector.java:74)
	at org.junit.jupiter.engine.descriptor.ClassBasedTestDescriptor.before(ClassBasedTestDescriptor.java:239)
	at org.junit.jupiter.engine.descriptor.ClassBasedTestDescriptor.before(ClassBasedTestDescriptor.java:88)
	at org.junit.platform.engine.support.hierarchical.NodeTestTask.lambda$executeRecursively$2(NodeTestTask.java:173)
	at org.junit.platform.engine.support.hierarchical.ThrowableCollector.execute(ThrowableCollector.java:74)
	at org.junit.platform.engine.support.hierarchical.NodeTestTask.lambda$executeRecursively$1(NodeTestTask.java:166)
	at org.junit.platform.engine.support.hierarchical.Node.around(Node.java:138)
	at org.junit.platform.engine.support.hierarchical.NodeTestTask.lambda$executeRecursively$0(NodeTestTask.java:164)
	at org.junit.platform.engine.support.hierarchical.ThrowableCollector.execute(ThrowableCollector.java:74)
	at org.junit.platform.engine.support.hierarchical.NodeTestTask.executeRecursively(NodeTestTask.java:163)
	at org.junit.platform.engine.support.hierarchical.NodeTestTask.execute(NodeTestTask.java:116)
	at java.base/java.util.ArrayList.forEach(ArrayList.java:1596)
	at org.junit.platform.engine.support.hierarchical.SameThreadHierarchicalTestExecutorService.invokeAll(SameThreadHierarchicalTestExecutorService.java:42)
	at org.junit.platform.engine.support.hierarchical.NodeTestTask.lambda$executeRecursively$2(NodeTestTask.java:180)
	at org.junit.platform.engine.support.hierarchical.ThrowableCollector.execute(ThrowableCollector.java:74)
	at org.junit.platform.engine.support.hierarchical.NodeTestTask.lambda$executeRecursively$1(NodeTestTask.java:166)
	at org.junit.platform.engine.support.hierarchical.Node.around(Node.java:138)
	at org.junit.platform.engine.support.hierarchical.NodeTestTask.lambda$executeRecursively$0(NodeTestTask.java:164)
	at org.junit.platform.engine.support.hierarchical.ThrowableCollector.execute(ThrowableCollector.java:74)
	at org.junit.platform.engine.support.hierarchical.NodeTestTask.executeRecursively(NodeTestTask.java:163)
	at org.junit.platform.engine.support.hierarchical.NodeTestTask.execute(NodeTestTask.java:116)
	at org.junit.platform.engine.support.hierarchical.SameThreadHierarchicalTestExecutorService.submit(SameThreadHierarchicalTestExecutorService.java:36)
	at org.junit.platform.engine.support.hierarchical.HierarchicalTestExecutor.execute(HierarchicalTestExecutor.java:52)
	at org.junit.platform.engine.support.hierarchical.HierarchicalTestEngine.execute(HierarchicalTestEngine.java:58)
	at org.junit.platform.launcher.core.EngineExecutionOrchestrator.executeEngine(EngineExecutionOrchestrator.java:246)
	at org.junit.platform.launcher.core.EngineExecutionOrchestrator.failOrExecuteEngine(EngineExecutionOrchestrator.java:218)
	at org.junit.platform.launcher.core.EngineExecutionOrchestrator.execute(EngineExecutionOrchestrator.java:179)
	at org.junit.platform.launcher.core.EngineExecutionOrchestrator.execute(EngineExecutionOrchestrator.java:108)
	at org.junit.platform.launcher.core.EngineExecutionOrchestrator.lambda$execute$0(EngineExecutionOrchestrator.java:66)
	at org.junit.platform.launcher.core.EngineExecutionOrchestrator.withInterceptedStreams(EngineExecutionOrchestrator.java:157)
	at org.junit.platform.launcher.core.EngineExecutionOrchestrator.execute(EngineExecutionOrchestrator.java:65)
	at org.junit.platform.launcher.core.DefaultLauncher.execute(DefaultLauncher.java:125)
	at org.junit.platform.launcher.core.DefaultLauncher.execute(DefaultLauncher.java:114)
	at org.junit.platform.launcher.core.DelegatingLauncher.execute(DelegatingLauncher.java:58)
	at org.junit.platform.launcher.core.InterceptingLauncher.lambda$execute$2(InterceptingLauncher.java:57)
	at org.junit.platform.launcher.core.ClasspathAlignmentCheckingLauncherInterceptor.intercept(ClasspathAlignmentCheckingLauncherInterceptor.java:25)
	at org.junit.platform.launcher.core.InterceptingLauncher.execute(InterceptingLauncher.java:56)
	at org.junit.platform.launcher.core.DelegatingLauncher.execute(DelegatingLauncher.java:58)
	at java.base/jdk.internal.reflect.DirectMethodHandleAccessor.invoke(DirectMethodHandleAccessor.java:103)
	at java.base/java.lang.reflect.Method.invoke(Method.java:580)
	at org.apache.maven.surefire.api.util.ReflectionUtils.invokeMethodWithArray(ReflectionUtils.java:125)
	at org.apache.maven.surefire.junitplatform.LauncherAdapter.executeWithCancellationToken(LauncherAdapter.java:68)
	at org.apache.maven.surefire.junitplatform.LauncherAdapter.execute(LauncherAdapter.java:54)
	at org.apache.maven.surefire.junitplatform.JUnitPlatformProvider.execute(JUnitPlatformProvider.java:203)
	at org.apache.maven.surefire.junitplatform.JUnitPlatformProvider.invokeAllTests(JUnitPlatformProvider.java:168)
	at org.apache.maven.surefire.junitplatform.JUnitPlatformProvider.invoke(JUnitPlatformProvider.java:134)
	at org.apache.maven.surefire.booter.ForkedBooter.runSuitesInProcess(ForkedBooter.java:385)
	at org.apache.maven.surefire.booter.ForkedBooter.execute(ForkedBooter.java:162)
	at org.apache.maven.surefire.booter.ForkedBooter.run(ForkedBooter.java:507)
	at org.apache.maven.surefire.booter.ForkedBooter.main(ForkedBooter.java:495)
Caused by: org.springframework.beans.factory.BeanCreationException: Error creating bean with name 'org.namewta.common.security.handler.AllUrlHandler': No bean named 'requestMappingHandlerMapping' available
	at org.springframework.beans.factory.support.AbstractAutowireCapableBeanFactory.initializeBean(AbstractAutowireCapableBeanFactory.java:1815)
	at org.springframework.beans.factory.support.AbstractAutowireCapableBeanFactory.doCreateBean(AbstractAutowireCapableBeanFactory.java:603)
	at org.springframework.beans.factory.support.AbstractAutowireCapableBeanFactory.createBean(AbstractAutowireCapableBeanFactory.java:525)
	at org.springframework.beans.factory.support.AbstractBeanFactory.lambda$doGetBean$0(AbstractBeanFactory.java:333)
	at org.springframework.beans.factory.support.DefaultSingletonBeanRegistry.getSingleton(DefaultSingletonBeanRegistry.java:371)
	at org.springframework.beans.factory.support.AbstractBeanFactory.doGetBean(AbstractBeanFactory.java:331)
	at org.springframework.beans.factory.support.AbstractBeanFactory.getBean(AbstractBeanFactory.java:196)
	at org.springframework.beans.factory.support.DefaultListableBeanFactory.instantiateSingleton(DefaultListableBeanFactory.java:1225)
	at org.springframework.beans.factory.support.DefaultListableBeanFactory.preInstantiateSingleton(DefaultListableBeanFactory.java:1191)
	at org.springframework.beans.factory.support.DefaultListableBeanFactory.preInstantiateSingletons(DefaultListableBeanFactory.java:1121)
	at org.springframework.context.support.AbstractApplicationContext.finishBeanFactoryInitialization(AbstractApplicationContext.java:994)
	at org.springframework.context.support.AbstractApplicationContext.refresh(AbstractApplicationContext.java:621)
	at org.springframework.boot.SpringApplication.refresh(SpringApplication.java:756)
	at org.springframework.boot.SpringApplication.refreshContext(SpringApplication.java:445)
	at org.springframework.boot.SpringApplication.run(SpringApplication.java:321)
	at org.springframework.boot.test.context.SpringBootContextLoader.lambda$loadContext$2(SpringBootContextLoader.java:155)
	at org.springframework.util.function.ThrowingSupplier.get(ThrowingSupplier.java:58)
	at org.springframework.util.function.ThrowingSupplier.get(ThrowingSupplier.java:46)
	at org.springframework.boot.SpringApplication.withHook(SpringApplication.java:1465)
	at org.springframework.boot.test.context.SpringBootContextLoader$ContextLoaderHook.run(SpringBootContextLoader.java:600)
	at org.springframework.boot.test.context.SpringBootContextLoader.loadContext(SpringBootContextLoader.java:155)
	at org.springframework.boot.test.context.SpringBootContextLoader.loadContext(SpringBootContextLoader.java:114)
	at org.springframework.test.context.cache.DefaultCacheAwareContextLoaderDelegate.loadContextInternal(DefaultCacheAwareContextLoaderDelegate.java:247)
	at org.springframework.test.context.cache.DefaultCacheAwareContextLoaderDelegate.lambda$loadContext$0(DefaultCacheAwareContextLoaderDelegate.java:167)
	... 80 common frames omitted
Caused by: org.springframework.beans.factory.NoSuchBeanDefinitionException: No bean named 'requestMappingHandlerMapping' available
	at org.springframework.beans.factory.support.DefaultListableBeanFactory.getBeanDefinition(DefaultListableBeanFactory.java:971)
	at org.springframework.beans.factory.support.AbstractBeanFactory.getMergedLocalBeanDefinition(AbstractBeanFactory.java:1369)
	at org.springframework.beans.factory.support.AbstractBeanFactory.doGetBean(AbstractBeanFactory.java:296)
	at org.springframework.beans.factory.support.AbstractBeanFactory.getBean(AbstractBeanFactory.java:201)
	at cn.hutool.extra.spring.SpringUtil.getBean(SpringUtil.java:147)
	at org.namewta.common.security.handler.AllUrlHandler.afterPropertiesSet(AllUrlHandler.java:30)
	at org.springframework.beans.factory.support.AbstractAutowireCapableBeanFactory.invokeInitMethods(AbstractAutowireCapableBeanFactory.java:1862)
	at org.springframework.beans.factory.support.AbstractAutowireCapableBeanFactory.initializeBean(AbstractAutowireCapableBeanFactory.java:1811)
	... 103 common frames omitted
[ERROR] Tests run: 1, Failures: 0, Errors: 1, Skipped: 0, Time elapsed: 10.60 s <<< FAILURE! -- in org.namewta.test.notify.NotifyMailAttachmentIntegrationTest
[ERROR] org.namewta.test.notify.NotifyMailAttachmentIntegrationTest -- Time elapsed: 10.60 s <<< ERROR!
java.lang.IllegalStateException: Failed to load ApplicationContext for [MergedContextConfiguration@12445241 testClass = org.namewta.test.notify.NotifyMailAttachmentIntegrationTest, locations = [], classes = [org.namewta.NamewtaApplication], contextInitializerClasses = [], activeProfiles = [], propertySourceDescriptors = [], propertySourceProperties = ["org.springframework.boot.test.context.SpringBootTestContextBootstrapper=true", "spring.main.web-application-type=none"], contextCustomizers = [org.springframework.boot.web.server.context.SpringBootTestRandomPortContextCustomizer@6d6cb754, [ImportsContextCustomizer@4bafe92f key = [org.namewta.test.notify.NotifyMailAttachmentIntegrationTest$CaptureMailConfiguration]], org.springframework.boot.test.context.PropertyMappingContextCustomizer@0, org.springframework.boot.test.context.filter.ExcludeFilterContextCustomizer@6ef7623, org.springframework.boot.test.json.DuplicateJsonObjectContextCustomizerFactory$DuplicateJsonObjectContextCustomizer@61e45f87, org.springframework.boot.test.autoconfigure.OnFailureConditionReportContextCustomizerFactory$OnFailureConditionReportContextCustomizer@17ca8b92, org.springframework.test.context.support.DynamicPropertiesContextCustomizer@0, org.springframework.boot.test.context.SpringBootTestAnnotation@b51a32f5], contextLoader = org.springframework.boot.test.context.SpringBootContextLoader, parent = null]
	at org.springframework.test.context.cache.DefaultCacheAwareContextLoaderDelegate.lambda$loadContext$0(DefaultCacheAwareContextLoaderDelegate.java:195)
	at org.springframework.test.context.cache.DefaultContextCache.put(DefaultContextCache.java:214)
	at org.springframework.test.context.cache.DefaultCacheAwareContextLoaderDelegate.loadContext(DefaultCacheAwareContextLoaderDelegate.java:160)
	at org.springframework.test.context.support.DefaultTestContext.getApplicationContext(DefaultTestContext.java:128)
	at org.springframework.test.context.support.DependencyInjectionTestExecutionListener.injectDependencies(DependencyInjectionTestExecutionListener.java:156)
	at org.springframework.test.context.support.DependencyInjectionTestExecutionListener.prepareTestInstance(DependencyInjectionTestExecutionListener.java:111)
	at org.springframework.test.context.TestContextManager.prepareTestInstance(TestContextManager.java:260)
	at org.springframework.test.context.junit.jupiter.SpringExtension.postProcessTestInstance(SpringExtension.java:242)
	at java.base/java.util.stream.ForEachOps$ForEachOp$OfRef.accept(ForEachOps.java:184)
	at java.base/java.util.stream.ReferencePipeline$3$1.accept(ReferencePipeline.java:197)
	at java.base/java.util.stream.ReferencePipeline$2$1.accept(ReferencePipeline.java:179)
	at java.base/java.util.stream.ReferencePipeline$3$1.accept(ReferencePipeline.java:197)
	at java.base/java.util.ArrayList$ArrayListSpliterator.forEachRemaining(ArrayList.java:1708)
	at java.base/java.util.stream.AbstractPipeline.copyInto(AbstractPipeline.java:509)
	at java.base/java.util.stream.AbstractPipeline.wrapAndCopyInto(AbstractPipeline.java:499)
	at java.base/java.util.stream.ForEachOps$ForEachOp.evaluateSequential(ForEachOps.java:151)
	at java.base/java.util.stream.ForEachOps$ForEachOp$OfRef.evaluateSequential(ForEachOps.java:174)
	at java.base/java.util.stream.AbstractPipeline.evaluate(AbstractPipeline.java:234)
	at java.base/java.util.stream.ReferencePipeline.forEach(ReferencePipeline.java:596)
	at java.base/java.util.Optional.orElseGet(Optional.java:364)
	at java.base/java.util.ArrayList.forEach(ArrayList.java:1596)
Caused by: org.springframework.beans.factory.BeanCreationException: Error creating bean with name 'org.namewta.common.security.handler.AllUrlHandler': No bean named 'requestMappingHandlerMapping' available
	at org.springframework.beans.factory.support.AbstractAutowireCapableBeanFactory.initializeBean(AbstractAutowireCapableBeanFactory.java:1815)
	at org.springframework.beans.factory.support.AbstractAutowireCapableBeanFactory.doCreateBean(AbstractAutowireCapableBeanFactory.java:603)
	at org.springframework.beans.factory.support.AbstractAutowireCapableBeanFactory.createBean(AbstractAutowireCapableBeanFactory.java:525)
	at org.springframework.beans.factory.support.AbstractBeanFactory.lambda$doGetBean$0(AbstractBeanFactory.java:333)
	at org.springframework.beans.factory.support.DefaultSingletonBeanRegistry.getSingleton(DefaultSingletonBeanRegistry.java:371)
	at org.springframework.beans.factory.support.AbstractBeanFactory.doGetBean(AbstractBeanFactory.java:331)
	at org.springframework.beans.factory.support.AbstractBeanFactory.getBean(AbstractBeanFactory.java:196)
	at org.springframework.beans.factory.support.DefaultListableBeanFactory.instantiateSingleton(DefaultListableBeanFactory.java:1225)
	at org.springframework.beans.factory.support.DefaultListableBeanFactory.preInstantiateSingleton(DefaultListableBeanFactory.java:1191)
	at org.springframework.beans.factory.support.DefaultListableBeanFactory.preInstantiateSingletons(DefaultListableBeanFactory.java:1121)
	at org.springframework.context.support.AbstractApplicationContext.finishBeanFactoryInitialization(AbstractApplicationContext.java:994)
	at org.springframework.context.support.AbstractApplicationContext.refresh(AbstractApplicationContext.java:621)
	at org.springframework.boot.SpringApplication.refresh(SpringApplication.java:756)
	at org.springframework.boot.SpringApplication.refreshContext(SpringApplication.java:445)
	at org.springframework.boot.SpringApplication.run(SpringApplication.java:321)
	at org.springframework.boot.test.context.SpringBootContextLoader.lambda$loadContext$2(SpringBootContextLoader.java:155)
	at org.springframework.util.function.ThrowingSupplier.get(ThrowingSupplier.java:58)
	at org.springframework.util.function.ThrowingSupplier.get(ThrowingSupplier.java:46)
	at org.springframework.boot.SpringApplication.withHook(SpringApplication.java:1465)
	at org.springframework.boot.test.context.SpringBootContextLoader$ContextLoaderHook.run(SpringBootContextLoader.java:600)
	at org.springframework.boot.test.context.SpringBootContextLoader.loadContext(SpringBootContextLoader.java:155)
	at org.springframework.boot.test.context.SpringBootContextLoader.loadContext(SpringBootContextLoader.java:114)
	at org.springframework.test.context.cache.DefaultCacheAwareContextLoaderDelegate.loadContextInternal(DefaultCacheAwareContextLoaderDelegate.java:247)
	at org.springframework.test.context.cache.DefaultCacheAwareContextLoaderDelegate.lambda$loadContext$0(DefaultCacheAwareContextLoaderDelegate.java:167)
	... 20 more
Caused by: org.springframework.beans.factory.NoSuchBeanDefinitionException: No bean named 'requestMappingHandlerMapping' available
	at org.springframework.beans.factory.support.DefaultListableBeanFactory.getBeanDefinition(DefaultListableBeanFactory.java:971)
	at org.springframework.beans.factory.support.AbstractBeanFactory.getMergedLocalBeanDefinition(AbstractBeanFactory.java:1369)
	at org.springframework.beans.factory.support.AbstractBeanFactory.doGetBean(AbstractBeanFactory.java:296)
	at org.springframework.beans.factory.support.AbstractBeanFactory.getBean(AbstractBeanFactory.java:201)
	at cn.hutool.extra.spring.SpringUtil.getBean(SpringUtil.java:147)
	at org.namewta.common.security.handler.AllUrlHandler.afterPropertiesSet(AllUrlHandler.java:30)
	at org.springframework.beans.factory.support.AbstractAutowireCapableBeanFactory.invokeInitMethods(AbstractAutowireCapableBeanFactory.java:1862)
	at org.springframework.beans.factory.support.AbstractAutowireCapableBeanFactory.initializeBean(AbstractAutowireCapableBeanFactory.java:1811)
	... 43 more

[INFO] 
[INFO] Results:
[INFO] 
[ERROR] Errors: 
[ERROR]   NotifyMailAttachmentIntegrationTest » IllegalState Failed to load ApplicationContext for [MergedContextConfiguration@12445241 testClass = org.namewta.test.notify.NotifyMailAttachmentIntegrationTest, locations = [], classes = [org.namewta.NamewtaApplication], contextInitializerClasses = [], activeProfiles = [], propertySourceDescriptors = [], propertySourceProperties = ["org.springframework.boot.test.context.SpringBootTestContextBootstrapper=true", "spring.main.web-application-type=none"], contextCustomizers = [org.springframework.boot.web.server.context.SpringBootTestRandomPortContextCustomizer@6d6cb754, [ImportsContextCustomizer@4bafe92f key = [org.namewta.test.notify.NotifyMailAttachmentIntegrationTest$CaptureMailConfiguration]], org.springframework.boot.test.context.PropertyMappingContextCustomizer@0, org.springframework.boot.test.context.filter.ExcludeFilterContextCustomizer@6ef7623, org.springframework.boot.test.json.DuplicateJsonObjectContextCustomizerFactory$DuplicateJsonObjectContextCustomizer@61e45f87, org.springframework.boot.test.autoconfigure.OnFailureConditionReportContextCustomizerFactory$OnFailureConditionReportContextCustomizer@17ca8b92, org.springframework.test.context.support.DynamicPropertiesContextCustomizer@0, org.springframework.boot.test.context.SpringBootTestAnnotation@b51a32f5], contextLoader = org.springframework.boot.test.context.SpringBootContextLoader, parent = null]
[INFO] 
[ERROR] Tests run: 1, Failures: 0, Errors: 1, Skipped: 0
[INFO] 
[INFO] ------------------------------------------------------------------------
[INFO] Reactor Summary for WTA-Plus 6.0.0:
[INFO] 
[INFO] WTA-Plus ........................................... SUCCESS [  0.232 s]
[INFO] wta-common ......................................... SUCCESS [  0.070 s]
[INFO] wta-common-core .................................... SUCCESS [  0.640 s]
[INFO] wta-common-doc ..................................... SUCCESS [  0.188 s]
[INFO] wta-common-json .................................... SUCCESS [  0.087 s]
[INFO] wta-common-redis ................................... SUCCESS [  0.203 s]
[INFO] wta-common-social .................................. SUCCESS [  0.080 s]
[INFO] wta-common-nacos ................................... SUCCESS [  0.094 s]
[INFO] wta-common-notify .................................. SUCCESS [  0.078 s]
[INFO] wta-common-mail .................................... SUCCESS [  0.094 s]
[INFO] wta-common-mcp ..................................... SUCCESS [  0.090 s]
[INFO] wta-api ............................................ SUCCESS [  0.055 s]
[INFO] wta-common-satoken ................................. SUCCESS [  0.067 s]
[INFO] wta-common-openapi ................................. SUCCESS [  0.074 s]
[INFO] wta-common-mybatis ................................. SUCCESS [  0.159 s]
[INFO] wta-common-translation ............................. SUCCESS [  0.058 s]
[INFO] wta-common-oss ..................................... SUCCESS [  0.120 s]
[INFO] wta-common-log ..................................... SUCCESS [  0.070 s]
[INFO] wta-common-excel ................................... SUCCESS [  0.083 s]
[INFO] wta-common-sms ..................................... SUCCESS [  0.081 s]
[INFO] wta-common-security ................................ SUCCESS [  0.055 s]
[INFO] wta-common-web ..................................... SUCCESS [  0.111 s]
[INFO] wta-common-sensitive ............................... SUCCESS [  0.047 s]
[INFO] wta-common-encrypt ................................. SUCCESS [  0.047 s]
[INFO] wta-common-push .................................... SUCCESS [  0.062 s]
[INFO] wta-modules ........................................ SUCCESS [  0.028 s]
[INFO] wta-system ......................................... SUCCESS [  0.141 s]
[INFO] wta-third .......................................... SUCCESS [  0.077 s]
[INFO] wta-notify ......................................... SUCCESS [  2.436 s]
[INFO] wta-sso ............................................ SUCCESS [  0.088 s]
[INFO] wta-common-job ..................................... SUCCESS [  0.084 s]
[INFO] wta-job ............................................ SUCCESS [  0.056 s]
[INFO] wta-common-ai ...................................... SUCCESS [  0.032 s]
[INFO] wta-ai ............................................. SUCCESS [  0.036 s]
[INFO] wta-common-richtext ................................ SUCCESS [  0.039 s]
[INFO] wta-common-elasticsearch ........................... SUCCESS [  0.063 s]
[INFO] wta-common-mqtt .................................... SUCCESS [  0.046 s]
[INFO] wta-demo ........................................... SUCCESS [  0.110 s]
[INFO] wta-common-liteflow ................................ SUCCESS [  0.058 s]
[INFO] wta-workflow ....................................... SUCCESS [  0.120 s]
[INFO] wta-profile ........................................ SUCCESS [  0.029 s]
[INFO] wta-profile-person ................................. SUCCESS [  1.626 s]
[INFO] wta-profile-enterprise ............................. SUCCESS [  1.042 s]
[INFO] wta-admin .......................................... FAILURE [ 17.619 s]
[INFO] ------------------------------------------------------------------------
[INFO] BUILD FAILURE
[INFO] ------------------------------------------------------------------------
[INFO] Total time:  27.182 s
[INFO] Finished at: 2026-09-24T02:15:53-04:00
[INFO] ------------------------------------------------------------------------
[ERROR] Failed to execute goal org.apache.maven.plugins:maven-surefire-plugin:3.5.5:test (default-test) on project wta-admin: 
[ERROR] 
[ERROR] See /srv/WTA-plus/backend/wta-admin/target/surefire-reports for the individual test results.
[ERROR] See dump files (if any exist) [date].dump, [date]-jvmRun[N].dump and [date].dumpstream.
[ERROR] -> [Help 1]
[ERROR] 
[ERROR] To see the full stack trace of the errors, re-run Maven with the -e switch.
[ERROR] Re-run Maven using the -X switch to enable full debug logging.
[ERROR] 
[ERROR] For more information about the errors and possible solutions, please read the following articles:
[ERROR] [Help 1] http://cwiki.apache.org/confluence/display/MAVEN/MojoFailureException
[ERROR] 
[ERROR] After correcting the problems, you can resume the build with the command
[ERROR]   mvn <args> -rf :wta-admin
